# I didn't look into licenses for this
# mainly because the license
# is CC by 0
# bzfourtank
# texturing should be fine
o body
v -0.350999 1.374793 -0.607048
v -0.514031 1.299786 0.939970
v -0.510731 1.299786 -0.046296
v -0.234471 1.374793 -0.607048
v -0.459984 1.783507 0.920624
v -0.393030 1.703786 -0.108635
v -0.403118 1.646414 -0.142558
v -0.350999 1.501971 -0.580276
v -0.514031 1.582584 0.939970
v -0.170452 1.931224 0.594016
v -0.166761 1.876178 0.163212
v -0.408646 1.299786 -0.337797
v -0.365627 1.728023 -0.143884
v -0.374041 1.639069 -0.211431
v -0.195072 1.512623 -0.546363
v -0.399481 1.326995 -0.496523
v -0.399481 1.536929 -0.468979
v -0.564559 1.299786 0.367085
v -0.487808 1.781108 0.315833
v -0.539558 1.582584 0.345901
v -0.230807 1.900185 0.296719
v -0.560045 1.299786 0.661217
v -0.493163 1.788297 0.631032
v -0.547880 1.582584 0.650909
v -0.228403 1.899091 0.469620
v -0.300065 1.877863 0.806676
v -0.191274 1.955776 1.026633
v -0.112144 1.931690 1.134638
v -0.403918 1.582584 1.350274
v -0.514031 1.582584 1.225930
v -0.349871 1.783507 1.330928
v -0.459984 1.783507 1.206584
v -0.300319 1.877682 1.090293
v -0.190317 1.877603 1.214723
v -0.206063 1.630450 -0.431032
v -0.206474 1.749195 -0.282055
v -0.199728 1.537990 -0.466928
v -0.326366 1.639069 -0.267085
v -0.326366 1.728023 -0.195896
v -0.228085 1.536929 -0.468979
v -0.221575 1.501971 -0.580276
v -0.188143 1.512418 -0.497436
v -0.198168 1.596317 -0.348780
v -0.198544 1.728198 -0.256358
v -0.192391 1.535555 -0.424983
v -0.159662 1.576184 1.089673
v -0.166922 1.293386 1.089673
v -0.311639 1.582584 0.986784
v -0.331584 1.299786 0.986784
v -0.328637 1.582584 1.225930
v -0.363926 1.900215 0.531801
v -0.217607 1.956236 0.747922
v -0.253029 1.851940 -0.000042
v -0.363926 1.891201 0.251662
v 0.350999 1.374793 -0.607048
v 0.514031 1.299786 0.939970
v 0.510731 1.299786 -0.046296
v 0.234471 1.374793 -0.607048
v 0.459985 1.783507 0.920624
v 0.450326 1.760952 0.057104
v 0.501284 1.582584 0.005686
v 0.350999 1.501971 -0.580276
v 0.514031 1.582584 0.939970
v 0.000000 1.930821 1.165632
v 0.170452 1.931224 0.594016
v 0.166761 1.876178 0.163212
v 0.000000 1.955803 0.652319
v -0.000000 1.883594 0.068713
v 0.408646 1.299786 -0.337797
v 0.377848 1.757246 -0.107896
v 0.385575 1.592108 -0.231208
v 0.195072 1.512623 -0.546363
v -0.000000 1.374793 -0.607048
v -0.000000 1.501971 -0.580276
v -0.000000 1.783180 -0.258185
v 0.399481 1.326995 -0.496523
v 0.399481 1.536929 -0.468980
v 0.564559 1.299786 0.367085
v 0.487808 1.781108 0.315833
v 0.539558 1.582584 0.345901
v 0.230807 1.900185 0.296719
v 0.560045 1.299786 0.661217
v 0.493163 1.788297 0.631032
v 0.547880 1.582584 0.650909
v 0.228403 1.899091 0.469620
v 0.300065 1.877863 0.806676
v 0.000000 1.582584 1.375282
v 0.000000 1.783507 1.355936
v 0.000000 1.877603 1.239730
v 0.191274 1.955776 1.026633
v 0.112144 1.931690 1.134638
v 0.403918 1.582584 1.350274
v 0.514031 1.582584 1.225930
v 0.349871 1.783507 1.330928
v 0.459985 1.783507 1.206584
v 0.300319 1.877682 1.090293
v 0.190317 1.877603 1.214723
v 0.000000 1.967821 1.026633
v 0.206062 1.630450 -0.431032
v 0.206474 1.749195 -0.282055
v 0.199728 1.537990 -0.466928
v 0.234498 1.629996 -0.431738
v 0.230638 1.783180 -0.258185
v 0.228085 1.536929 -0.468979
v 0.221575 1.501971 -0.580276
v -0.000000 1.512623 -0.546363
v -0.000000 1.749159 -0.282111
v 0.188143 1.512418 -0.497436
v 0.198168 1.596317 -0.348780
v 0.198544 1.728198 -0.256358
v 0.192391 1.535555 -0.424983
v -0.000000 1.512418 -0.497436
v -0.000000 1.728165 -0.256409
v 0.159662 1.576184 1.089673
v 0.000000 1.582584 1.225930
v 0.166922 1.293386 1.089673
v 0.000000 1.299786 0.661217
v 0.311639 1.582584 0.986784
v 0.331584 1.299786 0.986784
v 0.328637 1.582584 1.225930
v 0.000000 1.576184 1.089673
v 0.000000 1.293386 1.089673
v -0.000000 1.299786 -0.046296
v 0.000000 1.299786 0.367085
v -0.000000 1.299786 -0.337797
v -0.000000 1.326995 -0.496523
v 0.363926 1.900215 0.531801
v 0.217607 1.956236 0.747922
v 0.253029 1.851940 -0.000043
v 0.363926 1.891201 0.251662
v 0.062636 1.931395 1.086208
v 0.112430 1.931395 1.069033
v 0.148881 1.931395 1.022112
v 0.162224 1.931395 0.958015
v 0.148881 1.931395 0.893918
v 0.112430 1.931395 0.846996
v 0.062636 1.931395 0.829822
v 0.012842 1.931395 0.846996
v -0.023610 1.931395 0.893918
v -0.036952 1.931395 0.958015
v -0.023610 1.931395 1.022111
v 0.012842 1.931395 1.069033
v 0.112430 1.975545 1.069033
v 0.062636 1.975545 1.086208
v 0.148881 1.975545 1.022112
v 0.162224 1.975545 0.958015
v 0.148881 1.975545 0.893918
v 0.112430 1.975545 0.846996
v 0.062636 1.975545 0.829822
v 0.012842 1.975545 0.846996
v -0.023610 1.975545 0.893918
v -0.036952 1.975545 0.958015
v -0.023610 1.975545 1.022111
v 0.012842 1.975545 1.069033
v 0.090177 1.975545 1.019421
v 0.110339 1.975545 0.993468
v 0.117719 1.975545 0.958015
v 0.110339 1.975545 0.922562
v 0.090177 1.975545 0.896609
v 0.062636 1.975545 0.887110
v 0.035094 1.975545 0.896609
v 0.014932 1.975545 0.922562
v 0.007553 1.975545 0.958015
v 0.014932 1.975545 0.993467
v 0.035094 1.975545 1.019421
v 0.062636 1.975545 1.028920
v 0.148881 1.982218 1.022112
v 0.112430 1.982218 1.069033
v 0.112430 1.982218 0.846996
v 0.148881 1.982218 0.893918
v -0.023610 1.982218 0.893918
v 0.012842 1.982218 0.846996
v 0.012842 1.982218 1.069033
v -0.023610 1.982218 1.022111
v 0.110339 2.005948 0.993468
v 0.090177 2.005948 1.019421
v 0.110339 2.005948 0.922562
v 0.090177 2.005948 0.896609
v 0.035094 2.005948 0.896609
v 0.014932 2.005948 0.922562
v 0.014932 2.005948 0.993467
v 0.035094 2.005948 1.019421
v 0.252731 1.781822 -0.037854
v 0.252731 1.781822 0.058953
v 0.232788 1.781822 -0.037854
v 0.232788 1.781822 0.058953
v 0.252731 1.932630 -0.037854
v 0.252731 1.932630 0.007127
v 0.232788 1.932630 -0.037854
v 0.232788 1.932630 0.007127
v -0.608864 1.493426 1.239873
v -0.722390 1.659891 1.244784
v -0.614814 1.489523 1.271077
v -0.726137 1.657433 1.264430
v -0.632006 1.479303 1.290946
v -0.736961 1.650999 1.276940
v -0.653872 1.466672 1.291892
v -0.750728 1.643046 1.277535
v -0.672061 1.456452 1.273553
v -0.762181 1.636611 1.265989
v -0.679625 1.452549 1.242934
v -0.766943 1.634154 1.246711
v -0.673675 1.456452 1.211731
v -0.763197 1.636611 1.227065
v -0.656483 1.466672 1.191861
v -0.752372 1.643046 1.214555
v -0.634617 1.479303 1.190915
v -0.738605 1.650999 1.213960
v -0.616428 1.489523 1.209254
v -0.727153 1.657433 1.225506
v -0.715236 1.663558 1.275421
v -0.709285 1.667461 1.244217
v -0.732428 1.653338 1.295290
v -0.754294 1.640707 1.296236
v -0.772483 1.630487 1.277897
v -0.780047 1.626584 1.247278
v -0.774097 1.630487 1.216074
v -0.756905 1.640707 1.196205
v -0.735039 1.653338 1.195259
v -0.716850 1.663558 1.213598
v -0.567961 1.565216 1.142194
v -0.628028 1.731680 1.018092
v -0.591929 1.561313 1.151163
v -0.643119 1.729223 1.023739
v -0.613893 1.551093 1.141932
v -0.656947 1.722788 1.017927
v -0.625463 1.538461 1.118029
v -0.664232 1.714835 1.002877
v -0.622219 1.528242 1.088583
v -0.662190 1.708401 0.984337
v -0.605402 1.524338 1.064841
v -0.651601 1.705944 0.969389
v -0.581433 1.528242 1.055872
v -0.636511 1.708401 0.963743
v -0.559470 1.538461 1.065103
v -0.622682 1.714835 0.969554
v -0.547900 1.551093 1.089006
v -0.615398 1.722788 0.984604
v -0.551144 1.561313 1.118453
v -0.617440 1.729223 1.003144
v -0.645063 1.735347 1.041386
v -0.621095 1.739251 1.032417
v -0.667027 1.725128 1.032155
v -0.678596 1.712496 1.008252
v -0.675353 1.702277 0.978805
v -0.658535 1.698373 0.955064
v -0.634567 1.702277 0.946095
v -0.612603 1.712496 0.955326
v -0.601034 1.725128 0.979229
v -0.604277 1.735347 1.008676
v 0.608864 1.493426 1.239873
v 0.722390 1.659891 1.244784
v 0.614814 1.489523 1.271077
v 0.726137 1.657433 1.264430
v 0.632006 1.479303 1.290946
v 0.736961 1.650999 1.276940
v 0.653872 1.466672 1.291892
v 0.750729 1.643046 1.277535
v 0.672061 1.456452 1.273553
v 0.762181 1.636611 1.265989
v 0.679625 1.452549 1.242934
v 0.766943 1.634154 1.246711
v 0.673675 1.456452 1.211731
v 0.763197 1.636611 1.227065
v 0.656483 1.466672 1.191861
v 0.752373 1.643046 1.214555
v 0.634617 1.479303 1.190915
v 0.738605 1.650999 1.213960
v 0.616428 1.489523 1.209254
v 0.727153 1.657433 1.225506
v 0.715236 1.663558 1.275420
v 0.709286 1.667461 1.244217
v 0.732428 1.653338 1.295290
v 0.754294 1.640707 1.296236
v 0.772484 1.630487 1.277897
v 0.780048 1.626584 1.247278
v 0.774097 1.630487 1.216074
v 0.756905 1.640707 1.196205
v 0.735039 1.653338 1.195259
v 0.716850 1.663558 1.213598
v 0.567962 1.565216 1.142194
v 0.628028 1.731680 1.018092
v 0.591930 1.561313 1.151163
v 0.643119 1.729223 1.023739
v 0.613893 1.551093 1.141932
v 0.656948 1.722788 1.017927
v 0.625463 1.538461 1.118029
v 0.664232 1.714835 1.002877
v 0.622219 1.528242 1.088582
v 0.662190 1.708401 0.984337
v 0.605402 1.524338 1.064840
v 0.651601 1.705944 0.969389
v 0.581434 1.528242 1.055872
v 0.636511 1.708401 0.963742
v 0.559470 1.538461 1.065103
v 0.622682 1.714835 0.969554
v 0.547900 1.551093 1.089006
v 0.615398 1.722788 0.984604
v 0.551144 1.561313 1.118452
v 0.617440 1.729223 1.003144
v 0.645063 1.735347 1.041386
v 0.621095 1.739251 1.032417
v 0.667027 1.725128 1.032155
v 0.678596 1.712496 1.008252
v 0.675353 1.702277 0.978805
v 0.658535 1.698373 0.955064
v 0.634567 1.702277 0.946095
v 0.612603 1.712496 0.955326
v 0.601034 1.725128 0.979229
v 0.604277 1.735347 1.008676
v -0.377848 1.757246 -0.107896
v -0.450326 1.760952 0.057104
v -0.501284 1.582584 0.005686
v -0.385575 1.592108 -0.231208
v -0.234498 1.629996 -0.431738
v -0.230638 1.783180 -0.258185
v -0.326366 1.728023 -0.059509
v -0.326366 1.639069 -0.059509
v -0.374041 1.639069 -0.059509
v -0.403118 1.646414 -0.059509
v -0.393030 1.703786 -0.059509
v -0.365627 1.728023 -0.059509
v -0.912745 0.780648 1.804787
v -0.912745 0.918955 1.804787
v -0.956747 1.007551 0.423477
v -0.815760 1.047769 0.116507
v -1.341603 0.477410 -0.736434
v -1.341603 0.477410 -1.135659
v -1.341603 0.891615 -1.117928
v -0.912745 0.591554 2.752996
v -0.912745 0.819168 2.788110
v -0.846094 1.007551 -0.494282
v -0.846237 0.790193 -0.603320
v -0.815760 1.047769 0.539002
v -0.783930 1.047126 1.352947
v -0.846120 0.462305 -0.603320
v -0.782444 1.089768 0.116507
v -0.736050 1.114080 -0.655237
v -0.782444 1.089768 0.539002
v -0.746061 1.083286 1.352591
v -0.646419 0.914537 -2.024246
v -0.640243 0.910794 -1.864136
v -0.754897 0.979205 -1.347137
v -0.770189 0.947218 -1.322026
v -0.917359 0.850077 -2.353859
v -0.917359 0.586360 -2.254381
v -0.917359 0.602685 -2.953509
v -0.917359 0.410796 -2.965727
v -1.390467 0.591553 2.752996
v -1.390467 0.819168 2.788111
v -1.344700 0.586360 -2.254382
v -1.344700 0.850076 -2.353859
v -1.344700 0.410796 -2.965727
v -1.344700 0.602684 -2.953509
v -1.041442 0.671214 -2.589331
v -1.041442 0.640530 -2.767760
v -1.283078 0.671214 -2.589331
v -1.283078 0.640530 -2.767760
v -1.041442 0.781363 -2.767760
v -1.041442 0.812048 -2.589331
v -1.283078 0.781363 -2.767760
v -1.283078 0.812048 -2.589331
v -1.041442 0.812048 -2.400830
v -1.283078 0.812048 -2.400830
v -0.847666 0.177666 0.050425
v -0.847666 0.401327 0.423477
v -0.847187 0.177666 -0.494282
v -0.998159 0.913566 -2.040731
v -0.758898 0.506049 -1.389961
v -0.847666 0.672518 0.423477
v -1.252877 1.026854 -2.111146
v -1.252877 0.947628 -2.146201
v -0.956747 0.790193 1.418663
v -0.956747 1.007551 1.418663
v -0.673233 0.971817 1.819295
v -0.561242 1.121854 1.819295
v -0.708083 0.833510 1.819295
v -1.252877 1.014513 -1.369489
v -1.252877 0.947628 -1.369489
v -1.252877 0.947628 -1.637810
v -1.252877 1.026854 -1.637810
v -0.494807 1.081352 -1.815226
v -0.792937 0.966548 -1.168052
v -0.792937 0.775852 -1.168052
v -0.789323 0.577056 -1.200253
v -0.693560 1.080852 -1.184579
v -0.887597 0.966548 -1.168052
v -0.887597 0.966548 -1.322026
v -0.887597 0.894931 -1.168052
v -0.887597 0.894931 -1.322026
v -0.887597 1.014297 -1.389961
v -0.887597 1.062045 -1.389961
v -0.887597 0.548826 -1.389961
v -0.887597 0.548826 -1.200253
v -0.887597 1.062045 -1.184579
v -0.956747 1.007551 0.876830
v -0.809512 1.046270 0.948174
v -0.779132 1.090275 0.948528
v -0.956747 0.790193 0.876830
v -0.632927 1.189066 0.605084
v -0.574977 1.169794 1.418663
v -0.428212 1.169794 1.855955
v -0.599431 1.114080 -0.666153
v -0.545124 1.129487 -1.231394
v -0.632927 1.189066 -0.133860
v -0.632927 1.189066 0.882475
v -0.424113 1.206153 1.418663
v -0.256419 1.149585 -1.620708
v -0.256419 1.188204 -0.727038
v -0.536840 1.206153 0.882475
v -0.536840 1.206153 0.434767
v -0.277163 1.183973 1.819295
v -0.256419 1.144923 -1.393889
v -0.818964 0.765332 -2.624235
v -0.818964 0.739538 -2.624235
v -0.727473 0.842490 -2.508611
v -0.727473 0.809752 -2.508611
v -0.727473 0.894029 -2.350598
v -0.727473 0.856652 -2.333840
v -0.727473 0.883689 -1.982650
v -0.727473 0.847243 -1.982650
v -0.945000 0.765332 -2.624235
v -0.945000 0.739538 -2.624235
v -0.945000 0.842490 -2.508611
v -0.945000 0.809752 -2.508611
v -0.945000 0.883689 -1.982650
v -0.945000 0.847243 -1.982650
v -0.945000 0.894029 -2.350598
v -0.945000 0.856652 -2.333840
v -0.968356 1.026854 -2.111146
v -0.968356 0.947628 -2.146201
v -0.968356 1.014513 -1.369489
v -0.968356 0.947628 -1.369489
v -0.968356 0.947628 -1.637810
v -0.968356 1.026854 -1.637810
v -1.252877 0.787219 -1.753814
v -1.252877 0.787219 -2.262205
v -1.252877 0.787219 -1.438717
v -0.968356 0.787219 -1.753814
v -0.968356 0.787219 -2.262205
v -0.968356 0.787219 -1.438717
v -1.341603 0.698796 -0.781585
v -1.341603 0.698796 -1.475912
v -1.390468 0.477410 -1.135659
v -1.390468 0.477410 -0.736434
v -1.390468 0.698796 -0.781585
v -1.390468 0.891615 -1.117928
v -1.390468 0.698796 -1.117928
v -1.390468 0.698796 -1.475912
v -0.323754 1.241823 -0.662556
v -0.321429 1.154610 -0.955058
v -0.171972 1.248030 -0.662556
v -0.564557 1.087710 -1.052619
v -0.603948 1.087710 -0.662556
v -0.337027 1.297862 -0.573749
v -0.185511 1.297862 -0.573749
v -0.750447 1.088289 -0.135527
v -0.298542 1.297862 1.056104
v -0.208540 1.297862 1.151969
v -0.541581 1.088289 1.353685
v -0.186667 1.297862 0.957217
v -0.338202 1.297862 0.957217
v -0.634340 1.088289 0.742702
v -0.208540 1.168878 1.355585
v -0.956747 0.890061 2.257047
v -0.956747 0.947395 2.180652
v -0.917724 0.980571 2.174958
v -0.917724 1.013570 1.781533
v -0.956747 0.866103 2.257047
v -0.956747 0.875675 2.180652
v -0.956747 0.982402 1.781533
v -0.956747 0.915053 1.781533
v -0.365704 1.213630 -0.662556
v -0.377769 1.262491 -0.573749
v -0.379031 1.262491 0.957217
v -0.340216 1.262744 1.056104
v -0.208540 1.262989 1.151969
v -0.634597 1.265836 0.740220
v -0.542023 1.266333 1.351203
v -0.208981 1.266333 1.353103
v -1.344916 0.568507 2.064767
v -1.344916 0.400692 2.261140
v -1.384265 0.400692 2.261140
v -1.384265 0.568507 2.064767
v -1.344916 0.592594 2.532875
v -1.344916 0.750266 2.322140
v -1.384265 0.592594 2.532875
v -1.384265 0.750266 2.322140
v -1.344916 0.289306 2.378842
v -1.384265 0.289306 2.378843
v -1.344916 0.571472 2.665318
v -1.384265 0.571472 2.665319
v -1.344916 0.321239 2.613523
v -1.384265 0.321239 2.613524
v -1.384265 0.629520 2.077672
v -1.344916 0.629520 2.077672
v -1.384265 0.746086 2.242731
v -1.344916 0.746086 2.242731
v -1.019773 0.894010 -1.855718
v -0.979660 0.959631 -1.815147
v -0.979660 0.184419 -1.815147
v -0.979660 0.991713 -1.329462
v -0.979660 0.184419 -1.329462
v -0.558062 0.966548 -1.968731
v -0.463440 1.107458 -1.824387
v -0.661773 1.080852 -1.389961
v -0.720390 1.016640 -1.389961
v -0.703812 1.019951 -1.425821
v -0.663148 1.064972 -1.424641
v -0.526522 1.034739 -1.861512
v -0.656997 1.058902 -1.420758
v -0.488656 1.075282 -1.811342
v -0.520371 1.028669 -1.857628
v -0.697661 1.013881 -1.421937
v -0.847664 1.007551 0.050425
v -0.847664 1.007551 0.605084
v -0.847664 1.007551 0.882475
v -0.812434 1.007551 1.418663
v -0.750539 1.129987 -0.133860
v -0.750539 1.129987 0.605084
v -0.750539 1.129987 0.882475
v -0.708007 1.121854 1.418663
v -0.807535 1.041245 0.539002
v -0.774219 1.083243 0.539002
v -0.774219 1.083243 0.116507
v -0.807535 1.041245 0.116507
v -0.775961 1.040341 1.351904
v -0.738091 1.076501 1.351548
v -0.771162 1.083490 0.947485
v -0.801542 1.039485 0.947131
v -0.758898 0.107578 -1.389961
v -0.789323 0.391486 -1.200253
v -0.770189 0.931134 -1.668262
v -0.758898 0.489965 -1.736197
v -0.758898 0.107578 -1.736197
v -0.847666 0.790193 1.418663
v -0.847666 0.401327 1.418663
v -0.766380 0.890061 2.257047
v -0.766380 0.947395 2.180652
v -0.766380 0.980571 2.174958
v -0.766380 1.013570 1.781533
v -0.766380 0.915053 1.781533
v -0.766380 0.982402 1.781533
v -0.766380 0.866103 2.257047
v -0.766380 0.875675 2.180652
v -0.643782 0.177666 0.050425
v -0.643782 0.401327 0.423477
v -0.643782 0.177666 -0.494282
v -0.643782 0.107578 -1.389961
v -0.643782 0.391486 -1.200253
v -0.643782 0.107578 -1.736197
v -0.643781 0.401327 1.418663
v -1.390468 0.586360 -2.254381
v -1.390468 0.850076 -2.353859
v -1.390468 0.410796 -2.965726
v -1.390468 0.602684 -2.953508
v -1.341603 0.725796 0.419541
v -1.341603 0.477410 0.546112
v -1.341603 0.891615 0.735210
v -1.341603 0.477410 0.568732
v -1.341603 0.647625 0.454286
v -1.341603 0.698796 0.546112
v -1.341603 0.698796 0.904096
v -1.390468 0.477410 0.546112
v -1.390468 0.647625 0.454286
v -1.390468 0.725796 0.419541
v -1.390468 0.891615 0.735210
v -1.390468 0.698796 0.546112
v -1.390468 0.698796 0.904096
v -1.390468 0.477410 0.568732
v -1.341603 0.891615 1.755128
v -1.341603 0.698796 1.755128
v -1.390468 0.891615 1.755128
v -1.390468 0.698796 1.755128
v -0.920627 0.477410 -0.736434
v -0.920627 0.477410 -1.135659
v -0.920627 0.891615 -1.117928
v -0.920627 0.698796 -0.781585
v -0.920627 0.698796 -1.475912
v -0.893599 0.647625 0.454286
v -0.893599 0.725796 0.419541
v -0.893599 0.891615 0.735210
v -0.893599 0.698796 0.546112
v -0.893599 0.698796 0.904096
v -0.893599 0.891615 1.755128
v -0.893599 0.698796 1.755128
v -1.344700 0.300253 -2.483519
v -1.390468 0.300253 -2.483519
v -1.390468 0.294943 -2.620562
v -1.344700 0.294943 -2.620562
v -1.341603 0.819168 2.788110
v -1.341603 0.591553 2.752996
v -0.950637 0.252278 2.450509
v -0.950637 0.252278 1.557885
v -0.950637 0.542819 1.751424
v -0.950637 0.452370 2.599374
v -0.950637 0.542819 2.554772
v -0.912745 0.274209 1.804787
v -0.708083 0.274209 1.819295
v -0.631675 0.274209 1.976651
v -0.578247 0.252278 2.450509
v -0.578247 0.252278 1.557884
v -0.578247 0.452370 2.599374
v 0.912745 0.780648 1.804786
v 0.912745 0.918955 1.804786
v 0.956747 1.007551 0.423477
v 0.815760 1.047769 0.116507
v 1.341603 0.477410 -0.736435
v 1.341603 0.477410 -1.135660
v 1.341603 0.891615 -1.117928
v 0.912745 0.591554 2.752996
v 0.912745 0.819168 2.788110
v 0.846094 1.007551 -0.494282
v 0.846237 0.790193 -0.603320
v 0.815760 1.047769 0.539002
v 0.783931 1.047126 1.352947
v 0.846120 0.462305 -0.603320
v 0.782444 1.089768 0.116507
v 0.736050 1.114080 -0.655237
v 0.782444 1.089768 0.539002
v 0.746061 1.083286 1.352591
v 0.646418 0.914537 -2.024246
v 0.640243 0.926877 -1.864136
v 0.754896 0.979205 -1.347137
v 0.770189 0.947218 -1.322026
v 0.917359 0.850077 -2.353859
v 0.917359 0.586360 -2.254381
v 0.917359 0.602685 -2.953509
v 0.917359 0.410796 -2.965727
v 1.390468 0.591553 2.752996
v 1.390468 0.819168 2.788110
v 1.344700 0.586360 -2.254382
v 1.344700 0.850076 -2.353859
v 1.344700 0.410796 -2.965727
v 1.344700 0.602684 -2.953509
v 1.041442 0.671214 -2.589331
v 1.041442 0.640530 -2.767760
v 1.283078 0.671214 -2.589331
v 1.283078 0.640530 -2.767760
v 1.041442 0.781363 -2.767760
v 1.041442 0.812048 -2.589331
v 1.283078 0.781363 -2.767760
v 1.283078 0.812048 -2.589331
v 1.041442 0.812048 -2.400830
v 1.283078 0.812048 -2.400830
v 0.847666 0.177666 0.050425
v 0.847666 0.401327 0.423477
v 0.847187 0.177666 -0.494282
v 0.998159 0.913566 -2.040731
v 0.758898 0.506049 -1.389962
v 0.847666 0.672518 0.423477
v 1.252877 1.026854 -2.111146
v 1.252877 0.947628 -2.146201
v 0.956747 0.790193 1.418663
v 0.956747 1.007551 1.418663
v 0.673233 0.971817 1.819295
v 0.561243 1.121854 1.819295
v 0.708083 0.833510 1.819295
v 1.252877 1.014513 -1.369489
v 1.252877 0.947628 -1.369489
v 1.252877 0.947628 -1.637810
v 1.252877 1.026854 -1.637810
v 0.494807 1.081352 -1.815226
v 0.792937 0.966548 -1.168052
v 0.792937 0.775852 -1.168052
v 0.789323 0.577056 -1.200253
v 0.693560 1.080852 -1.184579
v 0.887596 0.966548 -1.168052
v 0.887596 0.966548 -1.322026
v 0.887596 0.894931 -1.168052
v 0.887596 0.894931 -1.322026
v 0.887596 1.014297 -1.389962
v 0.887596 1.062045 -1.389962
v 0.887596 0.548826 -1.389962
v 0.887596 0.548826 -1.200253
v 0.887596 1.062045 -1.184579
v 0.956747 1.007551 0.876830
v 0.809512 1.046270 0.948174
v 0.779132 1.090275 0.948528
v 0.956747 0.790193 0.876830
v 0.632927 1.189066 0.605084
v 0.574977 1.169794 1.418663
v 0.428212 1.169794 1.855955
v 0.599431 1.114080 -0.666153
v 0.545123 1.129487 -1.231394
v 0.632927 1.189066 -0.133861
v 0.632927 1.189066 0.882475
v 0.424113 1.206153 1.418663
v 0.256419 1.149585 -1.620708
v 0.256419 1.188204 -0.727038
v 0.536840 1.206153 0.882475
v 0.536840 1.206153 0.434767
v 0.277163 1.183973 1.819295
v 0.256419 1.144923 -1.393889
v 0.818964 0.765332 -2.624235
v 0.818964 0.739538 -2.624235
v 0.727472 0.842490 -2.508611
v 0.727472 0.809752 -2.508611
v 0.727472 0.894029 -2.350598
v 0.727472 0.856652 -2.333840
v 0.727472 0.883689 -1.982650
v 0.727472 0.847243 -1.982650
v 0.944999 0.765332 -2.624235
v 0.944999 0.739538 -2.624235
v 0.944999 0.842490 -2.508611
v 0.944999 0.809752 -2.508611
v 0.944999 0.883689 -1.982650
v 0.944999 0.847243 -1.982650
v 0.944999 0.894029 -2.350598
v 0.944999 0.856652 -2.333840
v 0.968356 1.026854 -2.111146
v 0.968356 0.947628 -2.146201
v 0.968356 1.014513 -1.369489
v 0.968356 0.947628 -1.369489
v 0.968356 0.947628 -1.637810
v 0.968356 1.026854 -1.637810
v 1.252877 0.787219 -1.753814
v 1.252877 0.787219 -2.262205
v 1.252877 0.787219 -1.438717
v 0.968356 0.787219 -1.753814
v 0.968356 0.787219 -2.262205
v 0.968356 0.787219 -1.438717
v 1.341603 0.698796 -0.781586
v 1.341603 0.698796 -1.475912
v 1.390468 0.477410 -1.135660
v 1.390468 0.477410 -0.736435
v 1.390468 0.698796 -0.781586
v 1.390468 0.891615 -1.117928
v 1.390468 0.698796 -1.117928
v 1.390468 0.698796 -1.475912
v 0.323754 1.241823 -0.662556
v 0.321429 1.154610 -0.955058
v 0.171972 1.248030 -0.662556
v 0.564556 1.087710 -1.052619
v 0.603948 1.087710 -0.662556
v 0.337027 1.297862 -0.573749
v 0.185511 1.297862 -0.573749
v 0.750447 1.088289 -0.135527
v 0.298542 1.297862 1.056104
v 0.208540 1.297862 1.151969
v 0.541582 1.088289 1.353685
v 0.186667 1.297862 0.957217
v 0.338202 1.297862 0.957217
v 0.634341 1.088289 0.742702
v 0.208540 1.168878 1.355585
v 0.956748 0.890061 2.257047
v 0.956748 0.947395 2.180651
v 0.917724 0.980571 2.174958
v 0.917724 1.013570 1.781533
v 0.956748 0.866103 2.257047
v 0.956748 0.875675 2.180651
v 0.956747 0.982402 1.781533
v 0.956747 0.915053 1.781533
v 0.365704 1.213630 -0.662556
v 0.377768 1.262491 -0.573749
v 0.379031 1.262491 0.957217
v 0.340216 1.262744 1.056104
v 0.208540 1.262989 1.151969
v 0.634597 1.265836 0.740220
v 0.542023 1.266333 1.351203
v 0.208981 1.266333 1.353103
v 1.344916 0.568507 2.064767
v 1.344916 0.400692 2.261140
v 1.384265 0.400692 2.261140
v 1.384265 0.568507 2.064767
v 1.344916 0.592594 2.532875
v 1.344916 0.750266 2.322140
v 1.384266 0.592594 2.532875
v 1.384265 0.750266 2.322140
v 1.344916 0.289306 2.378842
v 1.384265 0.289306 2.378842
v 1.344916 0.571472 2.665318
v 1.384266 0.571472 2.665318
v 1.344916 0.321239 2.613523
v 1.384266 0.321239 2.613523
v 1.384265 0.629520 2.077672
v 1.344916 0.629520 2.077672
v 1.384265 0.746086 2.242731
v 1.344916 0.746086 2.242731
v 1.019773 0.910094 -1.855718
v 0.976357 0.959631 -1.815147
v -0.263394 0.959631 -1.815147
v 0.976357 0.184419 -1.815147
v -0.263394 0.184419 -1.815147
v -0.263394 0.991713 -1.329462
v 0.976357 0.991713 -1.329462
v -0.263394 0.184419 -1.329462
v 0.976357 0.184419 -1.329462
v 0.558061 0.966548 -1.968731
v 0.463440 1.107458 -1.824387
v 0.661773 1.080852 -1.389961
v 0.720389 1.016640 -1.389962
v 0.703812 1.019951 -1.425821
v 0.663148 1.064972 -1.424641
v 0.526522 1.034739 -1.861512
v 0.656997 1.058902 -1.420758
v 0.488656 1.075282 -1.811342
v 0.520371 1.028669 -1.857628
v 0.697661 1.013881 -1.421938
v 0.847664 1.007551 0.050425
v 0.847664 1.007551 0.605084
v 0.847664 1.007551 0.882475
v 0.812434 1.007551 1.418663
v 0.750539 1.129987 -0.133861
v 0.750539 1.129987 0.605084
v 0.750539 1.129987 0.882475
v 0.708008 1.121854 1.418663
v 0.807535 1.041245 0.539002
v 0.774219 1.083243 0.539002
v 0.774219 1.083243 0.116507
v 0.807535 1.041245 0.116507
v 0.775961 1.040341 1.351904
v 0.738091 1.076501 1.351548
v 0.771162 1.083490 0.947485
v 0.801542 1.039485 0.947131
v 0.758898 0.391486 -1.389962
v 0.789323 0.391486 -1.200253
v 0.770189 0.947218 -1.668262
v 0.758898 0.506049 -1.736197
v 0.758898 0.391486 -1.736197
v 0.847666 0.790193 1.418663
v 0.847666 0.401327 1.418663
v 0.766381 0.890061 2.257047
v 0.766381 0.947395 2.180651
v 0.766381 0.980571 2.174958
v 0.766381 1.013570 1.781533
v 0.766381 0.915053 1.781533
v 0.766381 0.982402 1.781533
v 0.766381 0.866103 2.257047
v 0.766381 0.875675 2.180651
v 0.643782 0.177666 0.050425
v 0.643782 0.401327 0.423477
v 0.643782 0.177666 -0.494282
v 0.643781 0.391486 -1.389961
v 0.643781 0.391486 -1.200253
v 0.643781 0.391486 -1.736197
v 0.643782 0.401327 1.418663
v 1.390467 0.586360 -2.254382
v 1.390467 0.850076 -2.353859
v 1.390467 0.410796 -2.965727
v 1.390467 0.602684 -2.953509
v 1.341603 0.725796 0.419541
v 1.341603 0.477410 0.546112
v 1.341603 0.891615 0.735210
v 1.341603 0.477410 0.568732
v 1.341603 0.647625 0.454285
v 1.341603 0.698796 0.546112
v 1.341603 0.698796 0.904096
v 1.390468 0.477410 0.546112
v 1.390468 0.647625 0.454285
v 1.390468 0.725796 0.419541
v 1.390468 0.891615 0.735210
v 1.390468 0.698796 0.546112
v 1.390468 0.698796 0.904096
v 1.390468 0.477410 0.568732
v 1.341603 0.891615 1.755128
v 1.341603 0.698796 1.755128
v 1.390468 0.891615 1.755128
v 1.390468 0.698796 1.755128
v 0.920627 0.477410 -0.736435
v 0.920627 0.477410 -1.135660
v 0.920627 0.891615 -1.117928
v 0.920627 0.698796 -0.781586
v 0.920627 0.698796 -1.475912
v 0.893599 0.647625 0.454285
v 0.893599 0.725796 0.419541
v 0.893599 0.891615 0.735210
v 0.893599 0.698796 0.546112
v 0.893599 0.698796 0.904096
v 0.893599 0.891615 1.755128
v 0.893599 0.698796 1.755128
v 1.344700 0.300253 -2.483519
v 1.390467 0.300253 -2.483520
v 1.390467 0.294943 -2.620562
v 1.344700 0.294943 -2.620562
v 1.341603 0.819168 2.788110
v 1.341603 0.591553 2.752996
v 0.950637 0.252278 2.450509
v 0.950637 0.252278 1.557884
v 0.950637 0.542819 1.751423
v 0.000000 0.252278 2.450509
v 0.000000 0.252278 1.557884
v 0.950637 0.452370 2.599374
v 0.950637 0.542819 2.554772
v 0.000000 0.452370 2.599374
v 0.912745 0.274209 1.804786
v 0.708083 0.274209 1.819295
v 0.631675 0.274209 1.976651
v 0.000000 0.274209 1.971491
v 0.578248 0.252278 2.450509
v 0.578248 0.252278 1.557884
v 0.578248 0.452370 2.599374
v 0.976357 0.669127 -2.115087
v 0.976357 0.302103 -2.115087
v 0.512613 0.959631 -1.815147
v 0.724555 0.184419 -1.815147
v 0.724555 0.991713 -1.329462
v 0.724555 0.184419 -1.329462
v 0.617487 0.669127 -2.115087
v 0.606431 0.302103 -2.115087
v -0.098794 1.024200 -1.815147
v -0.085543 0.124189 -1.815147
v -0.085543 1.056282 -1.329462
v -0.085543 0.124189 -1.329462
v -0.203667 0.669127 -2.115087
v -0.082840 0.241872 -2.115087
v -0.098794 1.007208 -2.115087
v 0.512613 1.007208 -2.115087
v -0.646419 0.656634 -2.103388
v -0.998159 0.655663 -2.119873
v 0.646418 0.656634 -2.103388
v 0.998159 0.655663 -2.119873
v 0.131096 0.431485 -2.108442
v 0.000360 0.431485 -2.108442
v -0.095398 0.528375 -2.108442
v -0.139621 0.664479 -2.108442
v -0.124662 0.806803 -2.108442
v -0.053108 0.930739 -2.108442
v 0.062669 1.009345 -2.108442
v 0.206044 1.046765 -2.108442
v 0.280992 0.431485 -2.108442
v 0.411729 0.431485 -2.108442
v 0.507487 0.528375 -2.108442
v 0.551710 0.664479 -2.108442
v 0.536751 0.806803 -2.108442
v 0.465197 0.930739 -2.108442
v 0.349419 1.009345 -2.108442
v 0.131096 0.408346 -2.108442
v 0.280992 0.408346 -2.108442
v 0.138589 0.459401 -2.171121
v 0.020922 0.459401 -2.171121
v -0.059573 0.547226 -2.171121
v -0.105065 0.669103 -2.171121
v -0.091602 0.797199 -2.171121
v -0.027201 0.908745 -2.171121
v 0.077002 0.984453 -2.171121
v 0.206044 1.011232 -2.171121
v 0.273500 0.459401 -2.171121
v 0.391166 0.459401 -2.171121
v 0.469909 0.539074 -2.171121
v 0.517154 0.669103 -2.171121
v 0.503690 0.797199 -2.171121
v 0.439289 0.908745 -2.171121
v 0.335086 0.984453 -2.171121
v 0.138589 0.459401 -2.123174
v 0.020922 0.459401 -2.123174
v -0.065263 0.546605 -2.123174
v -0.105065 0.669103 -2.123174
v -0.091602 0.797199 -2.123174
v -0.027201 0.908745 -2.123174
v 0.077002 0.984453 -2.123174
v 0.206044 1.011232 -2.123174
v 0.273500 0.459401 -2.123174
v 0.391166 0.459401 -2.123174
v 0.477352 0.546605 -2.123174
v 0.517154 0.669103 -2.123174
v 0.503690 0.797199 -2.123174
v 0.439289 0.908745 -2.123174
v 0.335086 0.984453 -2.123174
v 0.131096 0.408346 -2.141881
v 0.280992 0.408346 -2.141881
v 0.209498 1.080394 -1.815147
v 0.319506 0.124189 -1.815147
v 0.319506 1.056282 -1.329462
v 0.319506 0.124189 -1.329462
v 0.322209 0.241872 -2.115087
v 0.209498 1.063402 -2.115087
v -0.000000 0.177666 0.050425
v 0.000000 0.401327 0.423477
v -0.000000 0.177666 -0.494282
v -0.000000 0.107578 -1.389961
v -0.000000 0.391486 -1.200253
v -0.000000 0.107578 -1.736197
v 0.000000 0.401327 1.418663
v 0.000000 0.274209 1.819295
v -0.000000 0.391486 -1.389961
v -0.000000 0.391486 -1.736197
v -0.374124 1.052151 1.843567
v -0.541750 0.940903 1.819295
v -0.391085 0.961193 1.952378
v -0.569794 0.819647 1.819295
v -0.569794 0.329303 1.819295
v -0.508309 0.329303 1.976651
v -0.508309 0.819647 1.976651
v -0.439711 0.885670 1.787201
v -0.439711 0.885670 1.976651
v -0.456987 0.385217 1.976651
v 0.000000 0.385217 1.976651
v -0.456987 0.812576 1.976651
v -0.456987 0.812576 1.787201
v 0.000000 0.329303 1.971491
v -0.456987 0.385217 1.787201
v 0.000000 0.385217 1.787201
v 0.000000 0.888776 1.787201
v 0.374124 1.052151 1.843567
v 0.541751 0.940903 1.819295
v 0.391085 0.961193 1.952378
v 0.569794 0.819647 1.819295
v 0.569794 0.329303 1.819295
v 0.508309 0.329303 1.976651
v 0.508309 0.819647 1.976651
v 0.439711 0.885670 1.787201
v 0.439711 0.885670 1.976651
v 0.456987 0.385217 1.976651
v 0.456987 0.812576 1.976651
v 0.456987 0.812576 1.787201
v 0.456987 0.385217 1.787201
v -0.263394 0.669127 -2.115087
v -0.979660 0.669127 -2.115087
v -0.263394 0.302103 -2.115087
v -0.979660 0.302103 -2.115087
v -0.933551 0.848968 -2.001595
v -1.377185 0.644500 -1.916766
v -1.377185 0.848968 -2.001595
v -0.896421 0.874968 -2.006487
v -1.404001 0.655705 -1.921128
v -1.404001 0.874968 -2.006486
v -0.933551 0.848968 -1.953037
v -1.377185 0.644500 -1.868208
v -1.377185 0.848968 -1.953037
v -0.896421 0.874968 -1.957928
v -1.404001 0.655705 -1.872570
v -1.404001 0.874968 -1.957928
v -0.933551 0.861226 -1.679597
v -1.377185 0.656758 -1.594768
v -1.377185 0.861226 -1.679597
v -0.896421 0.887226 -1.684488
v -1.404001 0.667963 -1.599130
v -1.404001 0.887226 -1.684488
v -0.933551 0.861226 -1.631038
v -1.377185 0.656758 -1.546209
v -1.377185 0.861226 -1.631038
v -0.896421 0.887226 -1.635929
v -1.404001 0.667963 -1.550571
v -1.404001 0.887226 -1.635929
v -0.933551 0.885266 0.890778
v -1.377185 0.680797 0.975608
v -1.377185 0.885265 0.890779
v -0.896421 0.911265 0.885888
v -1.404001 0.692002 0.971246
v -1.404001 0.911265 0.885888
v -0.933551 0.885266 0.939337
v -1.377185 0.680797 1.024166
v -1.377185 0.885265 0.939337
v -0.896421 0.911265 0.934446
v -1.404001 0.692002 1.019804
v -1.404001 0.911265 0.934446
v -0.933551 0.885266 1.247689
v -1.377185 0.680797 1.332518
v -1.377185 0.885265 1.247689
v -0.896421 0.911265 1.242798
v -1.404000 0.692002 1.328156
v -1.404000 0.911265 1.242798
v -0.933551 0.885266 1.296247
v -1.377185 0.680797 1.381076
v -1.377185 0.885265 1.296247
v -0.896421 0.911265 1.291356
v -1.404000 0.692002 1.376714
v -1.404000 0.911265 1.291356
v -0.933551 0.885266 1.604599
v -1.377185 0.680797 1.689428
v -1.377185 0.885265 1.604599
v -0.896421 0.911265 1.599708
v -1.404000 0.692002 1.685066
v -1.404000 0.911265 1.599708
v -0.933551 0.885266 1.653158
v -1.377185 0.680797 1.737987
v -1.377185 0.885265 1.653158
v -0.896421 0.911265 1.648267
v -1.404000 0.692002 1.733625
v -1.404000 0.911265 1.648267
v 0.933551 0.848968 -2.001595
v 1.377185 0.644500 -1.916767
v 1.377185 0.848968 -2.001596
v 0.896421 0.874968 -2.006487
v 1.404000 0.655705 -1.921129
v 1.404000 0.874968 -2.006487
v 0.933551 0.848968 -1.953037
v 1.377185 0.644500 -1.868208
v 1.377185 0.848968 -1.953038
v 0.896421 0.874968 -1.957928
v 1.404000 0.655705 -1.872570
v 1.404000 0.874968 -1.957928
v 0.933551 0.861226 -1.679597
v 1.377185 0.656758 -1.594768
v 1.377185 0.861226 -1.679597
v 0.896421 0.887226 -1.684488
v 1.404000 0.667963 -1.599130
v 1.404000 0.887226 -1.684488
v 0.933551 0.861226 -1.631039
v 1.377185 0.656758 -1.546210
v 1.377185 0.861226 -1.631039
v 0.896421 0.887226 -1.635930
v 1.404000 0.667963 -1.550572
v 1.404000 0.887226 -1.635930
v 0.933551 0.885266 0.890778
v 1.377185 0.680797 0.975607
v 1.377185 0.885265 0.890778
v 0.896421 0.911265 0.885887
v 1.404001 0.692002 0.971245
v 1.404001 0.911265 0.885887
v 0.933551 0.885266 0.939337
v 1.377185 0.680797 1.024166
v 1.377185 0.885265 0.939337
v 0.896421 0.911265 0.934446
v 1.404001 0.692002 1.019804
v 1.404001 0.911265 0.934446
v 0.933551 0.885266 1.247689
v 1.377185 0.680797 1.332518
v 1.377185 0.885265 1.247689
v 0.896421 0.911265 1.242798
v 1.404001 0.692002 1.328156
v 1.404001 0.911265 1.242798
v 0.933551 0.885266 1.296247
v 1.377185 0.680797 1.381076
v 1.377185 0.885265 1.296247
v 0.896421 0.911265 1.291356
v 1.404001 0.692002 1.376714
v 1.404001 0.911265 1.291356
v 0.933551 0.885266 1.604599
v 1.377185 0.680797 1.689428
v 1.377185 0.885265 1.604599
v 0.896421 0.911265 1.599708
v 1.404001 0.692002 1.685066
v 1.404001 0.911265 1.599708
v 0.933551 0.885266 1.653157
v 1.377185 0.680797 1.737986
v 1.377185 0.885265 1.653157
v 0.896421 0.911265 1.648266
v 1.404001 0.692002 1.733624
v 1.404001 0.911265 1.648266
v -0.323754 1.166770 -0.662556
v -0.171972 1.166770 -0.662556
v -0.365704 1.166770 -0.662556
v 0.323754 1.166770 -0.662556
v 0.171972 1.166770 -0.662556
v 0.365704 1.166770 -0.662556
v -0.347166 1.159228 -1.752181
v -0.375059 1.146813 -1.423338
v -0.447799 1.206153 -0.494282
v 0.347166 1.159228 -1.752181
v 0.447799 1.206153 -0.494282
v 0.375059 1.146813 -1.423338
v -0.256419 1.154479 -1.394005
v 0.256419 1.154479 -1.394005
v -0.256419 1.159140 -1.620823
v -0.256419 1.197759 -0.727153
v 0.256419 1.159140 -1.620823
v 0.256419 1.197759 -0.727153
v -0.227612 1.155751 -1.383352
v 0.227611 1.155751 -1.383352
v -0.227612 1.159888 -1.584688
v -0.227612 1.194169 -0.791417
v 0.227611 1.159888 -1.584688
v 0.227611 1.194169 -0.791417
v -0.164076 1.159627 1.629532
v -0.194467 1.159627 1.458133
v -0.270261 1.159627 1.458133
v -0.300652 1.159627 1.629532
v -0.163221 1.159627 1.508569
v -0.152925 1.159627 1.566640
v -0.311804 1.159627 1.566640
v -0.301507 1.159627 1.508569
v -0.166558 1.222281 1.626984
v -0.268884 1.222281 1.461815
v -0.195844 1.222281 1.461815
v -0.298171 1.222281 1.626984
v -0.308709 1.222281 1.567549
v -0.298413 1.222281 1.509478
v -0.166316 1.222281 1.509478
v -0.156019 1.222281 1.567549
v -0.202430 1.159627 1.653307
v -0.262298 1.159627 1.653307
v -0.262298 1.222281 1.649221
v -0.202430 1.222281 1.649222
v -0.578247 0.542819 1.751423
v -0.578247 0.542819 2.554772
v 0.000000 0.542819 1.751423
v 0.000000 0.542819 2.554772
v 0.578248 0.542819 1.751423
v 0.578248 0.542819 2.554772
v -0.517613 0.541428 2.519328
v -0.517613 0.541428 1.853600
v 0.000000 0.541428 2.519328
v 0.000000 0.541428 1.853600
v -0.812736 0.541428 1.853600
v -0.812735 0.541428 2.519328
v 0.517613 0.541428 2.519328
v 0.517613 0.541428 1.853600
v 0.812736 0.541428 1.853600
v 0.812736 0.541428 2.519328
v -0.503032 0.541428 1.872369
v -0.503032 0.541428 2.500559
v -0.014581 0.541428 2.500559
v -0.014581 0.541428 1.872369
v -0.798155 0.541428 1.872369
v -0.798155 0.541428 2.500559
v -0.532193 0.541428 2.500559
v -0.532193 0.541428 1.872369
v 0.503032 0.541428 1.872369
v 0.014581 0.541428 1.872369
v 0.014581 0.541428 2.500559
v 0.503032 0.541428 2.500559
v 0.798155 0.541428 1.872369
v 0.532194 0.541428 1.872369
v 0.532194 0.541428 2.500559
v 0.798155 0.541428 2.500559
v -0.503032 0.533240 2.500559
v -0.503032 0.533240 1.872369
v -0.014581 0.533240 1.872369
v -0.014581 0.533240 2.500559
v -0.798155 0.533240 1.872369
v -0.798155 0.533240 2.500559
v -0.532193 0.533240 1.872369
v -0.532193 0.533240 2.500559
v 0.014581 0.533240 1.872369
v 0.503032 0.533240 1.872369
v 0.503032 0.533240 2.500559
v 0.014581 0.533240 2.500559
v 0.532194 0.533240 1.872369
v 0.798155 0.533240 1.872369
v 0.798155 0.533240 2.500559
v 0.532194 0.533240 2.500559
v -1.344248 0.473141 -2.571287
v -1.344248 0.465344 -2.621746
v -1.344248 0.443139 -2.664524
v -1.344248 0.409907 -2.693107
v -1.344248 0.298275 -2.664524
v -1.344248 0.276070 -2.621746
v -1.344248 0.268273 -2.571287
v -1.344248 0.276070 -2.520827
v -1.344248 0.298275 -2.478050
v -1.344248 0.331507 -2.449467
v -1.344248 0.370707 -2.439430
v -1.344248 0.409907 -2.449467
v -1.344248 0.443139 -2.478050
v -1.344248 0.465344 -2.520827
v -1.344248 0.370707 -2.703144
v -1.344248 0.331507 -2.693107
v -1.398637 0.473141 -2.571287
v -1.398637 0.465344 -2.621746
v -1.398637 0.443139 -2.664524
v -1.398637 0.409907 -2.693107
v -1.398637 0.298275 -2.664524
v -1.398637 0.276070 -2.621746
v -1.398637 0.268273 -2.571287
v -1.398637 0.276070 -2.520827
v -1.398637 0.298275 -2.478050
v -1.398637 0.331507 -2.449466
v -1.398637 0.370707 -2.439430
v -1.398637 0.409907 -2.449466
v -1.398637 0.443139 -2.478050
v -1.398637 0.465344 -2.520827
v -1.398637 0.370707 -2.703144
v -1.398637 0.331507 -2.693107
v -1.344247 0.473141 2.418074
v -1.344247 0.465344 2.367615
v -1.344247 0.443139 2.324836
v -1.344247 0.409907 2.296254
v -1.344247 0.298275 2.324836
v -1.344247 0.276070 2.367615
v -1.344247 0.268273 2.418074
v -1.344247 0.276070 2.468534
v -1.344247 0.298275 2.511311
v -1.344247 0.331507 2.539894
v -1.344247 0.370707 2.549931
v -1.344247 0.409907 2.539894
v -1.344247 0.443139 2.511311
v -1.344247 0.465344 2.468534
v -1.344247 0.370707 2.286216
v -1.344247 0.331507 2.296254
v -1.398637 0.473141 2.418074
v -1.398637 0.465344 2.367615
v -1.398637 0.443139 2.324836
v -1.398637 0.409907 2.296254
v -1.398637 0.298275 2.324836
v -1.398637 0.276070 2.367615
v -1.398637 0.268273 2.418074
v -1.398637 0.276070 2.468534
v -1.398637 0.298275 2.511311
v -1.398637 0.331507 2.539894
v -1.398637 0.370707 2.549932
v -1.398637 0.409907 2.539894
v -1.398637 0.443139 2.511311
v -1.398637 0.465344 2.468534
v -1.398637 0.370707 2.286216
v -1.398637 0.331507 2.296254
v 1.344247 0.473141 -2.571287
v 1.344247 0.465344 -2.621746
v 1.344247 0.443139 -2.664524
v 1.344247 0.409907 -2.693107
v 1.344247 0.298275 -2.664524
v 1.344247 0.276070 -2.621746
v 1.344247 0.268273 -2.571287
v 1.344247 0.276070 -2.520827
v 1.344247 0.298275 -2.478050
v 1.344247 0.331507 -2.449467
v 1.344247 0.370707 -2.439430
v 1.344247 0.409907 -2.449467
v 1.344247 0.443139 -2.478050
v 1.344247 0.465344 -2.520827
v 1.344247 0.370707 -2.703144
v 1.344247 0.331507 -2.693107
v 1.398637 0.473141 -2.571287
v 1.398637 0.465344 -2.621746
v 1.398637 0.443139 -2.664525
v 1.398637 0.409907 -2.693107
v 1.398637 0.298275 -2.664525
v 1.398637 0.276070 -2.621746
v 1.398637 0.268273 -2.571287
v 1.398637 0.276070 -2.520827
v 1.398637 0.298275 -2.478050
v 1.398637 0.331507 -2.449467
v 1.398637 0.370707 -2.439430
v 1.398637 0.409907 -2.449467
v 1.398637 0.443139 -2.478050
v 1.398637 0.465344 -2.520827
v 1.398637 0.370707 -2.703145
v 1.398637 0.331507 -2.693107
v 1.344248 0.473141 2.418074
v 1.344248 0.465344 2.367615
v 1.344248 0.443139 2.324836
v 1.344248 0.409907 2.296253
v 1.344248 0.298275 2.324836
v 1.344248 0.276070 2.367615
v 1.344248 0.268273 2.418074
v 1.344248 0.276070 2.468534
v 1.344248 0.298275 2.511311
v 1.344248 0.331507 2.539894
v 1.344248 0.370707 2.549931
v 1.344248 0.409907 2.539894
v 1.344248 0.443139 2.511311
v 1.344248 0.465344 2.468534
v 1.344248 0.370707 2.286216
v 1.344248 0.331507 2.296253
v 1.398637 0.473141 2.418074
v 1.398637 0.465344 2.367615
v 1.398637 0.443139 2.324836
v 1.398637 0.409907 2.296253
v 1.398637 0.298275 2.324836
v 1.398637 0.276070 2.367615
v 1.398637 0.268273 2.418074
v 1.398637 0.276070 2.468534
v 1.398637 0.298275 2.511311
v 1.398637 0.331507 2.539894
v 1.398637 0.370707 2.549931
v 1.398637 0.409907 2.539894
v 1.398637 0.443139 2.511311
v 1.398637 0.465344 2.468534
v 1.398637 0.370707 2.286216
v 1.398637 0.331507 2.296253
v -0.028846 0.370646 2.592006
v -0.028847 0.264894 2.558377
v 0.032075 0.370646 2.592006
v 0.032075 0.264894 2.558377
v -0.028847 0.338092 2.307240
v -0.028847 0.238737 2.307240
v 0.032075 0.338092 2.307240
v 0.032075 0.238737 2.307240
v -0.028847 0.238737 2.445902
v 0.032075 0.238737 2.445902
v 0.899276 0.860957 -0.204025
v 0.899276 0.860957 -0.157433
v 0.899276 0.963871 -0.204025
v 0.899276 0.963871 -0.157433
v 0.809054 0.860957 -0.297210
v 0.809054 0.860957 -0.157433
v 0.809054 0.963871 -0.297210
v 0.809054 0.963871 -0.157433
v 0.809054 0.860957 -0.297210
v 0.899276 0.963435 -0.093520
v 0.899276 0.963435 -0.140113
v 0.899276 0.860520 -0.093520
v 0.899276 0.860520 -0.140113
v 0.809054 0.963435 -0.000336
v 0.809054 0.963435 -0.140113
v 0.809054 0.860520 -0.000336
v 0.809054 0.860520 -0.140113
v 0.809054 0.963435 -0.000336
v -0.645733 0.816394 1.926852
v -0.719206 0.816394 1.926240
v -0.645748 0.857709 1.926871
v -0.719221 0.857709 1.926682
v -0.749441 0.858193 1.889076
v -0.749441 0.816879 1.888616
v -0.615259 0.816878 1.889237
v -0.615259 0.858194 1.889238
v -0.749352 0.858847 1.838391
v -0.749352 0.817532 1.837956
v -0.615170 0.817532 1.838549
v -0.615170 0.858847 1.838575
v -0.733672 0.857575 1.951652
v -0.631407 0.857575 1.951916
v -0.733672 0.816260 1.951064
v -0.631407 0.816260 1.951915
v -0.586253 0.816822 1.896181
v -0.778459 0.816822 1.895330
v -0.586253 0.858137 1.896182
v -0.778459 0.858137 1.895918
v -0.778312 0.858980 1.796209
v -0.586107 0.858980 1.796473
v -0.778312 0.817665 1.795620
v -0.586107 0.817665 1.796471
v -0.645733 0.602498 1.926852
v -0.719206 0.602498 1.926240
v -0.645748 0.643813 1.926871
v -0.719221 0.643813 1.926682
v -0.749441 0.644298 1.889076
v -0.749441 0.602983 1.888616
v -0.615259 0.602983 1.889237
v -0.615259 0.644298 1.889238
v -0.749352 0.644951 1.838391
v -0.749352 0.603636 1.837956
v -0.615170 0.603636 1.838549
v -0.615170 0.644951 1.838575
v -0.733672 0.643679 1.951652
v -0.631407 0.643679 1.951916
v -0.733672 0.602364 1.951064
v -0.631407 0.602364 1.951915
v -0.586253 0.602926 1.896181
v -0.778459 0.602926 1.895330
v -0.586253 0.644241 1.896182
v -0.778459 0.644241 1.895918
v -0.778312 0.645085 1.796209
v -0.586107 0.645085 1.796473
v -0.778312 0.603770 1.795620
v -0.586107 0.603770 1.796471
v -0.456139 1.124436 -1.163861
v -0.456139 1.135745 -1.019209
v -0.510785 1.124436 -1.163861
v -0.510785 1.135745 -1.019209
v -0.469879 1.157300 -1.131378
v -0.469879 1.162922 -1.059471
v -0.497044 1.157300 -1.131378
v -0.497044 1.162922 -1.059471
v -0.456139 1.137369 -1.025664
v -0.456139 1.148679 -0.881012
v -0.510785 1.137369 -1.025664
v -0.510785 1.148679 -0.881012
v -0.469879 1.170233 -0.993181
v -0.469879 1.175855 -0.921273
v -0.497044 1.170233 -0.993181
v -0.497044 1.175855 -0.921273
v -0.479687 0.940903 1.976651
v -0.451631 1.072442 1.819295
v 0.451632 1.072442 1.819295
v 0.479687 0.940903 1.976651
v -0.391085 0.968936 1.963103
v -0.374124 1.059894 1.854292
v 0.374124 1.059894 1.854292
v 0.391085 0.968936 1.963103
v -0.847664 0.462305 0.050425
v -0.847664 0.790193 0.050425
v -0.956747 0.790193 0.423477
v -0.956747 0.672518 0.423477
v 0.847664 0.462305 0.050425
v 0.847664 0.790193 0.050425
v 0.956747 0.790193 0.423477
v 0.956747 0.672518 0.423477
v -0.833700 0.997990 -0.651383
v -0.833809 0.786849 -0.734997
v -0.832877 0.489062 -0.742506
v -0.599431 1.175174 -0.666153
v -0.430838 1.192317 -0.710908
v -0.833695 0.268815 -0.658891
v -0.643782 0.268815 -0.658892
v 0.833700 0.997990 -0.651383
v 0.833809 0.786849 -0.734998
v 0.832876 0.489062 -0.742506
v 0.599431 1.175174 -0.666153
v 0.430838 1.192317 -0.710908
v 0.833695 0.268815 -0.658892
v 0.643782 0.268815 -0.658892
v -0.000000 0.268815 -0.658892
v -0.256419 1.178112 -0.882526
v 0.256419 1.178112 -0.882526
v -0.256419 1.187667 -0.882642
v 0.256419 1.187667 -0.882642
v -0.227612 1.185211 -0.929438
v 0.227611 1.185211 -0.929438
v -0.632927 1.145034 -0.133860
v 0.632927 1.145034 -0.133861
v -0.750695 1.265836 -0.138009
v -0.603133 1.216974 -0.665038
v 0.750695 1.265836 -0.138009
v 0.603133 1.216974 -0.665038
v 1.275624 0.473141 -2.571287
v 1.275624 0.465344 -2.621746
v 1.275624 0.443139 -2.664524
v 1.275624 0.409907 -2.693107
v 1.275624 0.298275 -2.664524
v 1.275624 0.276070 -2.621746
v 1.275624 0.268273 -2.571287
v 1.275624 0.276070 -2.520827
v 1.275624 0.298275 -2.478050
v 1.275624 0.331507 -2.449467
v 1.275624 0.370707 -2.439430
v 1.275624 0.409907 -2.449467
v 1.275624 0.443139 -2.478050
v 1.275624 0.465344 -2.520827
v 1.275624 0.370707 -2.703144
v 1.275624 0.331507 -2.693107
v 0.960218 0.473141 -2.571287
v 0.960218 0.465344 -2.621746
v 0.960218 0.443139 -2.664524
v 0.960218 0.409907 -2.693107
v 0.960218 0.298275 -2.664524
v 0.960218 0.276070 -2.621746
v 0.960218 0.268273 -2.571287
v 0.960218 0.276070 -2.520827
v 0.960218 0.298275 -2.478050
v 0.960218 0.331507 -2.449467
v 0.960218 0.370707 -2.439430
v 0.960218 0.409907 -2.449467
v 0.960218 0.443139 -2.478050
v 0.960218 0.465344 -2.520827
v 0.960218 0.370707 -2.703144
v 0.960218 0.331507 -2.693107
v 0.908946 0.710510 -0.374967
v 0.908946 0.710510 -0.046518
v 0.908946 0.646007 -0.374967
v 0.908946 0.646007 -0.046518
v 0.909043 0.728395 -0.592012
v 0.909043 0.806704 -0.494619
v 0.909043 0.806704 -0.112241
v 0.909044 0.728395 -0.014848
v 0.909044 0.438979 -0.494619
v 0.909044 0.517287 -0.592012
v 0.909044 0.517287 -0.014849
v 0.909044 0.438978 -0.112241
v 0.873851 0.728405 -0.014817
v 0.873851 0.806714 -0.112210
v 0.873851 0.806714 -0.494588
v 0.873851 0.728406 -0.591981
v 0.873753 0.646017 -0.046487
v 0.873753 0.646017 -0.374936
v 0.873753 0.710521 -0.046486
v 0.873753 0.710521 -0.374936
v 0.873851 0.438989 -0.112210
v 0.873851 0.517297 -0.014817
v 0.873851 0.517297 -0.591981
v 0.873851 0.438989 -0.494588
v -0.171179 0.870590 1.818374
v -0.207301 0.549083 1.818374
v -0.173383 0.870590 1.791275
v -0.171179 0.829581 1.818374
v -0.173383 0.829581 1.791275
v -0.210434 0.537673 1.791275
v -0.013885 0.549083 1.818374
v -0.013885 0.537673 1.791275
v -0.050472 0.870590 1.818374
v -0.050472 0.870590 1.791275
v -0.050472 0.829581 1.791275
v -0.050472 0.829581 1.818374
v -0.210434 0.888075 1.791275
v -0.210434 0.825791 1.791275
v -0.207301 0.881260 1.818374
v -0.207301 0.820953 1.818374
v -0.013885 0.888075 1.791275
v -0.013885 0.825791 1.791275
v -0.013885 0.881260 1.818374
v -0.013885 0.820953 1.818374
v -0.002339 0.549083 1.807787
v -0.002339 0.537673 1.789915
v -0.002339 0.881260 1.807787
v -0.002339 0.888075 1.789915
v -0.002339 0.825791 1.789915
v -0.002339 0.820953 1.807787
v -0.346812 0.870590 1.789380
v -0.260928 0.870590 1.789380
v -0.346812 0.829581 1.789380
v -0.260928 0.829581 1.789380
v -0.346812 0.870590 1.816479
v -0.260928 0.870590 1.816479
v -0.346812 0.829581 1.816479
v -0.260928 0.829581 1.816479
v -0.429761 0.879201 1.816479
v -0.443346 0.549083 1.816479
v -0.216785 0.881260 1.816479
v -0.443346 0.814170 1.816479
v -0.216785 0.549083 1.816479
v -0.455126 0.818636 1.789380
v -0.440796 0.885902 1.789380
v -0.455126 0.537673 1.789380
v -0.213652 0.888075 1.789380
v -0.216785 0.820953 1.816479
v -0.213652 0.825791 1.789380
v -0.213652 0.537673 1.789380
v 0.346812 0.870590 1.789380
v 0.260928 0.870590 1.789380
v 0.346812 0.829581 1.789380
v 0.260928 0.829581 1.789380
v 0.346812 0.870590 1.816479
v 0.260928 0.870590 1.816479
v 0.346812 0.829581 1.816479
v 0.260928 0.829581 1.816479
v 0.429762 0.879201 1.816479
v 0.443346 0.549083 1.816479
v 0.216785 0.881260 1.816479
v 0.443346 0.814170 1.816479
v 0.216785 0.549083 1.816479
v 0.455127 0.818636 1.789380
v 0.440797 0.885902 1.789380
v 0.455127 0.537673 1.789380
v 0.213653 0.888075 1.789380
v 0.216785 0.820953 1.816479
v 0.213653 0.825791 1.789380
v 0.213653 0.537673 1.789380
v -0.339511 0.623896 -2.595838
v -0.421529 0.623896 -2.595838
v -0.358112 0.605328 -2.595838
v -0.402929 0.605328 -2.595838
v -0.318338 0.623896 -2.595838
v -0.442702 0.623896 -2.595838
v -0.318338 0.584022 -2.595838
v -0.442702 0.584022 -2.595838
v -0.358112 0.504204 -2.595838
v -0.402929 0.504204 -2.595838
v -0.318338 0.504204 -2.595838
v -0.442702 0.504204 -2.595838
v -0.339511 0.705633 -2.241218
v -0.421529 0.705633 -2.241218
v -0.339511 0.626921 -2.241218
v -0.421529 0.626921 -2.241218
v -0.442702 0.682299 -2.241218
v -0.442702 0.705633 -2.241218
v -0.318338 0.705633 -2.241218
v -0.318338 0.682299 -2.241218
v -0.318338 0.504204 -2.241218
v -0.339511 0.504204 -2.241218
v -0.421529 0.504204 -2.241218
v -0.442702 0.504204 -2.241218
v -0.442702 0.504204 -2.450002
v -0.402929 0.504204 -2.450002
v -0.402929 0.663881 -2.450002
v -0.358112 0.663881 -2.450002
v -0.421529 0.698288 -2.450002
v -0.442702 0.698288 -2.450002
v -0.318338 0.504204 -2.450002
v -0.318338 0.676724 -2.450002
v -0.318338 0.698288 -2.450002
v -0.442702 0.676724 -2.450002
v -0.358112 0.504204 -2.450002
v -0.339511 0.698288 -2.450002
v -0.300369 0.658186 -2.450002
v -0.460672 0.658186 -2.450002
v -0.300369 0.526892 -2.450002
v -0.460672 0.526892 -2.450002
v -0.300369 0.526892 -2.241218
v -0.300369 0.663760 -2.241218
v -0.460672 0.663760 -2.241218
v -0.460672 0.526892 -2.241218
v -0.908946 0.710510 -0.374967
v -0.908946 0.710510 -0.046518
v -0.908946 0.646007 -0.374967
v -0.908946 0.646007 -0.046518
v -0.909044 0.728395 -0.592012
v -0.909044 0.806704 -0.494619
v -0.909044 0.806704 -0.112241
v -0.909044 0.728395 -0.014848
v -0.909043 0.438979 -0.494619
v -0.909044 0.517287 -0.592012
v -0.909043 0.517287 -0.014848
v -0.909043 0.438978 -0.112241
v -0.873851 0.728406 -0.014817
v -0.873851 0.806714 -0.112210
v -0.873851 0.806714 -0.494588
v -0.873851 0.728406 -0.591981
v -0.873753 0.646017 -0.046486
v -0.873753 0.646017 -0.374936
v -0.873753 0.710521 -0.046486
v -0.873753 0.710521 -0.374936
v -0.873851 0.438989 -0.112210
v -0.873851 0.517297 -0.014817
v -0.873851 0.517297 -0.591981
v -0.873851 0.438989 -0.494588
v 0.171179 0.870590 1.818374
v 0.207302 0.549083 1.818374
v 0.173383 0.870590 1.791275
v 0.171179 0.829581 1.818374
v 0.173383 0.829581 1.791275
v 0.210435 0.537673 1.791275
v 0.013885 0.549083 1.818374
v 0.013885 0.537673 1.791275
v 0.050472 0.870590 1.818374
v 0.050472 0.870590 1.791275
v 0.050472 0.829581 1.791275
v 0.050472 0.829581 1.818374
v 0.210435 0.888075 1.791275
v 0.210435 0.825791 1.791275
v 0.207302 0.881260 1.818374
v 0.207302 0.820953 1.818374
v 0.013885 0.888075 1.791275
v 0.013885 0.825791 1.791275
v 0.013885 0.881260 1.818374
v 0.013885 0.820953 1.818374
v 0.002339 0.549083 1.807787
v 0.002339 0.537673 1.789915
v 0.002339 0.881260 1.807787
v 0.002339 0.888075 1.789915
v 0.002339 0.825791 1.789915
v 0.002339 0.820953 1.807787
v -0.227612 1.147829 -1.383141
v 0.227611 1.147829 -1.383141
v -0.227612 1.151966 -1.584477
v 0.227611 1.151966 -1.584477
v -0.213097 1.170475 -1.583847
v -0.213097 1.166496 -1.387674
v 0.213097 1.166496 -1.387674
v 0.213097 1.170475 -1.583847
v -0.227612 1.148095 -1.379043
v 0.227611 1.148095 -1.379043
v -0.227612 1.186247 -0.791206
v 0.227611 1.186247 -0.791206
v 0.213097 1.166546 -1.383559
v -0.213097 1.166546 -1.383559
v -0.213097 1.204698 -0.793191
v 0.213097 1.204698 -0.793191
v -0.099190 1.172486 -1.291639
v -0.141442 1.172486 -1.291639
v -0.141442 1.180681 -1.164838
v -0.099190 1.180681 -1.164838
v -0.141442 1.176324 -1.292050
v -0.099190 1.176324 -1.292050
v -0.099190 1.184518 -1.165249
v -0.141442 1.184518 -1.165249
v -0.000000 1.681643 -0.697513
v -0.047957 1.668793 -0.697513
v -0.083063 1.633687 -0.697513
v -0.095913 1.585730 -0.697513
v -0.083063 1.537773 -0.697513
v -0.047957 1.502667 -0.697513
v -0.000000 1.489817 -0.697513
v 0.047957 1.502667 -0.697513
v 0.083063 1.537773 -0.697513
v 0.095913 1.585730 -0.697513
v 0.083063 1.633687 -0.697513
v 0.047957 1.668793 -0.697513
v -0.055038 1.681058 -0.697513
v -0.000000 1.695805 -0.697513
v -0.095328 1.640768 -0.697513
v -0.110075 1.585730 -0.697513
v -0.095328 1.530692 -0.697513
v -0.055038 1.490402 -0.697513
v -0.000000 1.475655 -0.697513
v 0.055038 1.490402 -0.697513
v 0.095328 1.530692 -0.697513
v 0.110075 1.585730 -0.697513
v 0.095328 1.640768 -0.697513
v 0.055038 1.681058 -0.697513
v -0.031891 1.640966 -0.938623
v -0.000000 1.649511 -0.938623
v -0.055236 1.617621 -0.938623
v -0.063781 1.585731 -0.938623
v -0.055236 1.553840 -0.938623
v -0.031891 1.530495 -0.938623
v -0.000000 1.521950 -0.938623
v 0.031890 1.530495 -0.938623
v 0.055236 1.553840 -0.938623
v 0.063781 1.585730 -0.938623
v 0.055236 1.617621 -0.938623
v 0.031890 1.640966 -0.938623
v -0.030978 1.639387 -1.384721
v -0.000000 1.647687 -1.384721
v -0.053656 1.616709 -1.384721
v -0.061956 1.585731 -1.384722
v -0.053656 1.554753 -1.384722
v -0.030978 1.532076 -1.384722
v -0.000000 1.523775 -1.384722
v 0.030978 1.532076 -1.384722
v 0.053655 1.554753 -1.384722
v 0.061956 1.585731 -1.384722
v 0.053655 1.616709 -1.384721
v 0.030978 1.639387 -1.384721
v -0.030712 1.638927 -1.456110
v -0.000000 1.647156 -1.456110
v -0.053195 1.616444 -1.456110
v -0.061425 1.585732 -1.456110
v -0.053195 1.555019 -1.456110
v -0.030712 1.532536 -1.456111
v -0.000000 1.524307 -1.456110
v 0.030712 1.532536 -1.456111
v 0.053195 1.555019 -1.456110
v 0.061424 1.585732 -1.456110
v 0.053195 1.616444 -1.456110
v 0.030712 1.638927 -1.456110
v -0.029027 1.636008 -1.927519
v -0.000000 1.643785 -1.927519
v -0.050276 1.614759 -1.927519
v -0.058053 1.585732 -1.927519
v -0.050276 1.556705 -1.927519
v -0.029027 1.535457 -1.927519
v -0.000000 1.527679 -1.927519
v 0.029026 1.535457 -1.927519
v 0.050275 1.556705 -1.927519
v 0.058053 1.585732 -1.927519
v 0.050275 1.614759 -1.927519
v 0.029026 1.636008 -1.927519
v -0.028623 1.635309 -1.999034
v -0.000000 1.642978 -1.999034
v -0.049577 1.614355 -1.999034
v -0.057246 1.585732 -1.999034
v -0.049577 1.557109 -1.999034
v -0.028623 1.536155 -1.999034
v -0.000000 1.528486 -1.999035
v 0.028623 1.536155 -1.999034
v 0.049576 1.557109 -1.999034
v 0.057246 1.585732 -1.999034
v 0.049576 1.614355 -1.999034
v 0.028623 1.635309 -1.999034
v -0.028477 1.635055 -2.093542
v -0.000000 1.642685 -2.093542
v -0.049323 1.614209 -2.093542
v -0.056953 1.585732 -2.093542
v -0.049323 1.557256 -2.093542
v -0.028477 1.536409 -2.093542
v -0.000000 1.528779 -2.093542
v 0.028476 1.536409 -2.093542
v 0.049323 1.557256 -2.093542
v 0.056953 1.585732 -2.093542
v 0.049323 1.614209 -2.093542
v 0.028476 1.635055 -2.093542
v -0.042574 1.659471 -1.428322
v -0.000000 1.670879 -1.428322
v -0.073740 1.628305 -1.428322
v -0.085148 1.585731 -1.428322
v -0.073740 1.543157 -1.428322
v -0.042574 1.511991 -1.428322
v -0.000000 1.500584 -1.428322
v 0.042574 1.511991 -1.428322
v 0.073740 1.543157 -1.428322
v 0.085148 1.585731 -1.428322
v 0.073740 1.628305 -1.428322
v 0.042574 1.659471 -1.428322
v -0.039765 1.654607 -1.971119
v -0.000000 1.665262 -1.971119
v -0.068875 1.625497 -1.971120
v -0.079530 1.585732 -1.971120
v -0.068875 1.545967 -1.971120
v -0.039765 1.516858 -1.971120
v -0.000000 1.506203 -1.971120
v 0.039764 1.516858 -1.971120
v 0.068874 1.545967 -1.971120
v 0.079529 1.585732 -1.971120
v 0.068874 1.625497 -1.971120
v 0.039765 1.654607 -1.971120
v -0.083819 1.663630 -0.591978
v -0.130115 1.585236 -0.599349
v -0.270554 1.523827 -0.599349
v -0.220936 1.767851 -0.476501
v -0.270554 1.745275 -0.515493
v -0.270554 1.658746 -0.596219
v -0.270554 1.585236 -0.599349
v -0.130115 1.523827 -0.599349
v -0.083819 1.673749 -0.626934
v -0.197147 1.586872 -0.634305
v -0.197147 1.507013 -0.634305
v -0.270554 1.755394 -0.550449
v -0.220936 1.777970 -0.511457
v -0.270554 1.668866 -0.631175
v -0.255828 1.586872 -0.634305
v -0.255828 1.507013 -0.634305
v -0.130115 1.595356 -0.634305
v -0.130115 1.498529 -0.634305
v -0.270554 1.498529 -0.634305
v -0.270554 1.595356 -0.634305
v -0.211044 1.586872 -0.673398
v -0.211044 1.507013 -0.673398
v -0.241931 1.507013 -0.673398
v -0.241931 1.586872 -0.673398
v -0.000000 1.689530 -0.569488
v 0.083819 1.663630 -0.591978
v 0.130115 1.585236 -0.599349
v 0.270554 1.523827 -0.599349
v 0.220936 1.767851 -0.476501
v 0.270554 1.745275 -0.515493
v 0.270554 1.658746 -0.596219
v 0.270554 1.585236 -0.599349
v 0.130115 1.523827 -0.599349
v -0.000000 1.699649 -0.604444
v 0.083819 1.673749 -0.626934
v 0.197147 1.586872 -0.634305
v 0.197147 1.507013 -0.634305
v 0.270554 1.755394 -0.550449
v 0.220936 1.777970 -0.511457
v 0.270554 1.668866 -0.631175
v 0.255827 1.586872 -0.634305
v 0.255827 1.507013 -0.634305
v 0.130115 1.595356 -0.634305
v 0.130115 1.498529 -0.634305
v 0.270554 1.498529 -0.634305
v 0.270554 1.595356 -0.634305
v 0.211043 1.586872 -0.673398
v 0.211043 1.507013 -0.673398
v 0.241931 1.507013 -0.673398
v 0.241931 1.586872 -0.673398
v 0.758059 0.558554 2.611204
v 0.693948 0.558554 2.611205
v 0.758059 0.721863 2.527983
v 0.693948 0.721863 2.527983
v 0.693948 0.534006 2.612951
v 0.758059 0.534006 2.612951
v 0.693948 0.548482 2.653788
v 0.758059 0.548482 2.653788
v 0.693948 0.496876 2.634759
v 0.758059 0.496876 2.634759
v 0.693948 0.511351 2.675596
v 0.758059 0.511351 2.675596
v 0.693948 0.486326 2.648320
v 0.758059 0.486327 2.648320
v 0.693948 0.490443 2.671508
v 0.758059 0.490443 2.671508
v 0.693948 0.565594 2.631065
v 0.758059 0.565594 2.631065
v 0.693948 0.735878 2.540277
v 0.758059 0.735878 2.540276
v -0.333736 0.546911 2.611204
v -0.397848 0.546910 2.611205
v -0.397848 0.534006 2.612951
v -0.333737 0.534006 2.612951
v -0.397848 0.548482 2.653788
v -0.333737 0.548482 2.653788
v -0.397848 0.496876 2.634759
v -0.333737 0.496876 2.634759
v -0.397848 0.511351 2.675596
v -0.333737 0.511351 2.675596
v -0.397848 0.488493 2.652564
v -0.333737 0.488493 2.652564
v -0.397848 0.496069 2.673107
v -0.333737 0.496069 2.673107
v -0.397848 0.553951 2.631065
v -0.333737 0.553951 2.631065
v -0.697668 0.558554 2.611204
v -0.761780 0.558554 2.611205
v -0.713654 0.663525 2.455395
v -0.777765 0.663525 2.455396
v -0.761780 0.534006 2.612951
v -0.697669 0.534006 2.612951
v -0.761780 0.548482 2.653788
v -0.697669 0.548482 2.653788
v -0.761780 0.496876 2.634759
v -0.697669 0.496876 2.634759
v -0.761780 0.511351 2.675596
v -0.697669 0.511351 2.675596
v -0.761780 0.490875 2.646507
v -0.697669 0.490875 2.646507
v -0.761780 0.493348 2.673317
v -0.697669 0.493348 2.673317
v -0.761780 0.565594 2.631065
v -0.697669 0.565594 2.631065
v -0.777765 0.679550 2.462542
v -0.713654 0.679550 2.462541
v -0.777767 0.773994 2.044912
v -0.713655 0.773994 2.044912
v -0.777767 0.790019 2.052058
v -0.713656 0.790019 2.052058
v -0.776310 0.769293 1.928763
v -0.712300 0.768109 1.933136
v -0.775523 0.782902 1.915777
v -0.711513 0.781719 1.920150
v -0.775663 0.697773 1.875633
v -0.712052 0.692625 1.883511
v -0.773547 0.708697 1.859158
v -0.709937 0.703549 1.867036
v 0.659636 0.860886 2.213692
v 0.722961 0.861817 2.201069
v 0.660464 0.876342 2.222583
v 0.723789 0.877274 2.209960
v 0.624405 0.867667 1.876626
v 0.686259 0.861431 1.856458
v 0.621647 0.876311 1.858182
v 0.683501 0.870075 1.838015
v 0.604605 0.849243 1.846813
v 0.667946 0.841003 1.839732
v 0.604178 0.856266 1.826950
v 0.667519 0.848026 1.819869
v 0.612854 0.530483 1.838988
v 0.663626 0.520009 1.790433
v 0.603509 0.534279 1.821439
v 0.654280 0.523805 1.772884
v 0.717911 0.884942 2.174843
v 0.654708 0.884460 2.188354
v 0.654093 0.869413 2.181388
v 0.717296 0.869896 2.167877
v 0.613075 0.869411 1.838304
v 0.614689 0.861563 1.857444
v 0.677273 0.854344 1.843698
v 0.675659 0.862192 1.824559
v -0.333736 0.548842 2.603840
v -0.397848 0.548842 2.603841
v -0.333737 0.563631 2.613711
v -0.397848 0.563631 2.613712
v -0.365249 0.539593 2.480116
v -0.428124 0.539593 2.496242
v -0.366639 0.554648 2.471134
v -0.429515 0.554648 2.487260
v -0.523394 0.541706 2.212604
v -0.469628 0.531559 2.172384
v -0.520609 0.558101 2.211174
v -0.466843 0.547953 2.170953
v -0.777889 0.781546 2.010530
v -0.777406 0.781282 1.964995
v -0.713382 0.779120 1.968213
v -0.713822 0.779772 2.014177
v -0.777405 0.799077 2.005607
v -0.776688 0.797686 1.960376
v -0.712667 0.795482 1.963607
v -0.713369 0.797215 2.009228
v -0.554081 0.545897 1.973402
v -0.512727 0.557782 2.060386
v -0.566507 0.559527 2.102289
v -0.605266 0.550102 2.016616
v -0.567776 0.542772 2.100456
v -0.606381 0.533313 2.014656
v -0.555183 0.529117 1.971440
v -0.514000 0.541030 2.058560
v -0.692173 0.540221 1.867337
v -0.654145 0.541780 1.801937
v -0.690890 0.556925 1.869413
v -0.652863 0.558484 1.804011
v -0.620016 0.532331 1.968009
v -0.659592 0.535381 1.898536
v -0.621564 0.536941 1.833136
v -0.580359 0.531563 1.899842
v -0.618789 0.549078 1.970117
v -0.658309 0.552086 1.900611
v -0.620282 0.553645 1.835210
v -0.579120 0.548293 1.901941
v -0.419213 0.544946 2.324889
v -0.476926 0.545146 2.355762
v -0.476115 0.529451 2.361093
v -0.418402 0.529253 2.330220
v -0.350396 0.543322 2.548918
v -0.413908 0.543322 2.556742
v -0.351070 0.558240 2.549643
v -0.414582 0.558240 2.557466
v -0.674771 0.764388 1.963198
v -0.652204 0.723115 1.942056
v -0.652285 0.682866 1.935672
v -0.640342 0.669129 1.925779
v -0.741514 0.793807 2.010911
v -0.673122 0.763163 2.003565
v -0.649722 0.721273 2.002799
v -0.649595 0.680869 2.001487
v -0.637254 0.666837 2.001346
v -0.694376 0.766303 2.043491
v -0.681705 0.725997 2.062877
v -0.685131 0.684160 2.066858
v -0.677007 0.671192 2.075818
v -0.730417 0.772607 2.067723
v -0.735937 0.735484 2.099341
v -0.744738 0.688854 2.106019
v -0.745366 0.677281 2.120842
v -0.772441 0.772006 2.072868
v -0.795507 0.730931 2.099098
v -0.805846 0.695849 2.104571
v -0.815526 0.685312 2.119178
v -0.798749 0.773632 2.044567
v -0.832317 0.733601 2.059797
v -0.845113 0.702473 2.063065
v -0.860611 0.692917 2.071524
v -0.800403 0.778945 2.000968
v -0.834487 0.740604 1.998867
v -0.847541 0.706196 1.997357
v -0.863399 0.697191 1.996081
v -0.771796 0.782875 1.961323
v -0.798202 0.750934 1.939235
v -0.812203 0.705595 1.932544
v -0.822825 0.696502 1.921666
v -0.735755 0.776571 1.937091
v -0.743970 0.741448 1.902771
v -0.752596 0.700901 1.893383
v -0.754467 0.690413 1.876643
v -0.698695 0.769509 1.937807
v -0.688204 0.730822 1.903848
v -0.691290 0.691216 1.894274
v -0.685127 0.678716 1.878249
v -0.659906 0.684805 1.940893
v -0.657437 0.682972 2.001318
v -0.690480 0.684173 2.061312
v -0.745204 0.688482 2.097265
v -0.801307 0.694904 2.095935
v -0.837357 0.700985 2.057830
v -0.839587 0.704403 1.997503
v -0.807143 0.703852 1.937999
v -0.752419 0.699542 1.902046
v -0.695717 0.692471 1.902886
v -0.711610 0.745986 1.983994
v -0.710873 0.745439 2.002025
v -0.720367 0.746842 2.019859
v -0.736465 0.749658 2.030683
v -0.753019 0.752812 2.030363
v -0.763705 0.755099 2.019021
v -0.764442 0.755647 2.000990
v -0.754948 0.754244 1.983157
v -0.738850 0.751428 1.972333
v -0.722296 0.748274 1.972653
v -0.812971 0.733479 1.999077
v -0.811202 0.731115 2.045793
v -0.740021 0.720417 2.076257
v -0.697797 0.716168 2.048369
v -0.674349 0.716035 1.955194
v -0.702070 0.721969 1.925772
v -0.787968 0.732314 1.952969
v -0.783338 0.726126 2.075273
v -0.672437 0.714616 2.001968
v -0.745744 0.728066 1.925081
v -0.733424 0.669463 2.082253
v -0.729644 0.691873 2.083099
v -0.708839 0.665693 2.065704
v -0.705059 0.688103 2.066550
v -0.730370 0.668771 2.090030
v -0.726590 0.691180 2.090877
v -0.705786 0.665001 2.073481
v -0.702006 0.687410 2.074327
v -0.733993 0.666497 2.080217
v -0.712775 0.664566 2.064873
v -0.733054 0.675711 2.080447
v -0.711836 0.673781 2.065104
v -0.697837 0.662520 2.099530
v -0.719055 0.664450 2.114873
v -0.696898 0.671734 2.099761
v -0.718116 0.673665 2.115104
v -0.690620 0.661740 2.102467
v -0.720912 0.664496 2.124371
v -0.689681 0.670955 2.102697
v -0.719973 0.673710 2.124602
v -0.687006 0.661245 2.110853
v -0.717297 0.664000 2.132758
v -0.686066 0.670459 2.111084
v -0.716358 0.673215 2.132988
v -0.688770 0.664414 2.112423
v -0.714925 0.666794 2.131337
v -0.688438 0.667666 2.112505
v -0.714594 0.670045 2.131418
v -0.686169 0.661142 2.120630
v -0.712769 0.663611 2.138214
v -0.685730 0.664233 2.121190
v -0.712330 0.666702 2.138774
v -0.796363 0.685081 1.920414
v -0.792583 0.707490 1.921260
v -0.771778 0.681311 1.903864
v -0.767998 0.703721 1.904711
v -0.793309 0.684389 1.928191
v -0.789529 0.706798 1.929038
v -0.768725 0.680619 1.911642
v -0.764945 0.703028 1.912488
v -0.670321 0.527390 1.887776
v -0.604117 0.988844 1.920150
v -0.688665 0.529688 1.897142
v -0.621242 0.990965 1.929406
v -0.706366 0.532918 1.884133
v -0.637374 0.993896 1.917846
v -0.710095 0.534649 1.858546
v -0.640365 0.995429 1.894174
v -0.697044 0.533577 1.839648
v -0.627963 0.994410 1.876216
v -0.677041 0.530509 1.841669
v -0.609507 0.991606 1.877495
v -0.665148 0.527755 1.863088
v -0.598895 0.989129 1.897047
v -0.658983 0.993538 1.877903
v -0.598613 0.981331 1.948133
v -0.573392 0.976232 1.977473
v -0.684204 0.998638 1.848563
v -0.586416 0.959796 1.991289
v -0.697227 0.982202 1.862380
v -0.589563 0.935930 1.988899
v -0.700374 0.958336 1.859989
v -0.580990 0.918614 1.971701
v -0.691801 0.941020 1.842791
v -0.565720 0.917991 1.949771
v -0.676531 0.940397 1.820861
v -0.552696 0.934427 1.935955
v -0.663507 0.956832 1.807045
v -0.549549 0.958293 1.938346
v -0.660360 0.980698 1.809436
v -0.558122 0.975609 1.955543
v -0.668933 0.998015 1.826633
v -0.672006 0.977103 1.891719
v -0.611636 0.964896 1.961950
v -0.675153 0.953237 1.889329
v -0.614784 0.941030 1.959559
v -0.666581 0.935920 1.872131
v -0.606211 0.923714 1.942361
v -0.651310 0.935297 1.850201
v -0.590940 0.923091 1.920431
v -0.638287 0.951733 1.836385
v -0.577917 0.939526 1.906615
v -0.635140 0.975599 1.838776
v -0.574770 0.963392 1.909006
v -0.643712 0.992915 1.855973
v -0.583342 0.980708 1.926203
v -0.666463 0.932331 1.903105
v -0.630414 0.925042 1.945042
v -0.619510 0.991587 1.853292
v -0.583460 0.984297 1.895229
v -0.622391 0.985886 1.951137
v -0.627533 0.930743 1.847197
v -0.591483 0.923454 1.889134
v -0.658440 0.993175 1.909200
v -0.670630 0.544814 1.885784
v -0.687254 0.546873 1.894770
v -0.702915 0.549718 1.883548
v -0.705818 0.551206 1.860568
v -0.693779 0.550217 1.843135
v -0.675862 0.547496 1.844376
v -0.665560 0.545091 1.863357
v -0.716434 0.583458 1.876251
v -0.726473 1.040504 1.885837
v -0.730257 0.583274 1.868669
v -0.738990 1.040337 1.878971
v -0.734275 0.583475 1.850033
v -0.743000 1.057579 1.862532
v -0.725463 0.583908 1.834375
v -0.735092 1.061251 1.848439
v -0.710456 0.584249 1.833488
v -0.721540 1.063251 1.847678
v -0.700555 0.584240 1.848038
v -0.712537 1.061552 1.860810
v -0.703216 0.583888 1.867069
v -0.714875 1.057954 1.877959
v -0.716238 0.582561 1.881186
v -0.733138 0.582336 1.871916
v -0.738051 0.582581 1.849131
v -0.727276 0.583111 1.829987
v -0.708929 0.583528 1.828902
v -0.696823 0.583517 1.846691
v -0.700076 0.583087 1.869960
v -0.715045 0.536053 1.884999
v -0.735051 0.535787 1.874026
v -0.740866 0.536077 1.847053
v -0.728112 0.536705 1.824393
v -0.706393 0.537198 1.823107
v -0.692064 0.537185 1.844166
v -0.695914 0.536676 1.871710
v -0.741131 1.040253 1.881386
v -0.726341 1.040450 1.889498
v -0.745802 1.057528 1.861882
v -0.736444 1.061272 1.845213
v -0.720425 1.063328 1.844306
v -0.709794 1.061627 1.859831
v -0.712569 1.057971 1.880111
v -0.739311 1.135827 1.879432
v -0.728661 1.135969 1.885274
v -0.742407 1.135982 1.865073
v -0.735618 1.136316 1.853009
v -0.724055 1.136579 1.852325
v -0.716427 1.136572 1.863536
v -0.718477 1.136301 1.878199
v -0.730805 1.206217 1.869913
v -0.667388 1.096907 1.873183
v -0.674858 1.216484 1.876535
v -0.667216 1.096837 1.877957
v -0.674686 1.216414 1.881308
v -0.788704 1.094151 1.880361
v -0.786452 1.213950 1.883137
v -0.788532 1.094081 1.885134
v -0.786280 1.213880 1.887910
v -0.728254 1.095614 1.871013
v -0.732248 1.278842 1.875703
v -0.728537 1.095729 1.863153
v -0.732531 1.278958 1.867844
v -0.759623 1.254182 1.876739
v -0.758866 1.095040 1.864948
v -0.758583 1.094925 1.872807
v -0.759906 1.254298 1.868879
v -0.697925 1.096303 1.869218
v -0.704109 1.255565 1.865578
v -0.703826 1.255450 1.873438
v -0.698208 1.096418 1.861359
v 0.721092 0.539731 2.213894
v 0.760630 0.546067 2.550491
v 0.536408 0.537769 2.249902
v 0.575946 0.544105 2.586498
v 0.720227 0.601636 2.212132
v 0.759765 0.607972 2.548728
v 0.575081 0.606010 2.584735
v 0.535543 0.599674 2.248139
v 0.546340 0.548063 2.247647
v 0.545760 0.589594 2.246465
v 0.710294 0.591342 2.214386
v 0.710875 0.549811 2.215569
v 0.574280 0.554048 2.573241
v 0.573700 0.595579 2.572059
v 0.537208 0.589731 2.261395
v 0.537789 0.548200 2.262578
v 0.750413 0.556147 2.552165
v 0.749832 0.597678 2.550982
v 0.585298 0.595930 2.583061
v 0.585878 0.554399 2.584243
v 0.722472 0.550162 2.226570
v 0.721892 0.591693 2.225388
v 0.758384 0.597541 2.536052
v 0.758964 0.556010 2.537234
v 0.547702 0.548342 2.254149
v 0.547126 0.589577 2.252975
v 0.710488 0.591312 2.221125
v 0.711064 0.550077 2.222299
v 0.579293 0.554230 2.571127
v 0.578716 0.595465 2.569953
v 0.542485 0.589659 2.261503
v 0.543061 0.548424 2.262677
v 0.749046 0.556164 2.545654
v 0.748470 0.597399 2.544480
v 0.585109 0.595664 2.576330
v 0.585685 0.554429 2.577504
v 0.717456 0.550276 2.228676
v 0.716880 0.591511 2.227502
v 0.753112 0.597318 2.535952
v 0.753688 0.556082 2.537126
v 0.720071 0.601622 2.211454
v 0.719726 0.626339 2.210750
v 0.760399 0.632694 2.547524
v 0.574891 0.630741 2.584709
v 0.534218 0.624386 2.247935
v 0.760745 0.607977 2.548228
v 0.575236 0.606024 2.585413
v 0.534563 0.599669 2.248639
v 0.574891 0.630741 2.584709
v 0.760399 0.632694 2.547524
v 0.719726 0.626339 2.210750
v 0.534218 0.624386 2.247935
v 0.585149 0.630689 2.573343
v 0.747906 0.632402 2.540687
v 0.709468 0.626391 2.222116
v 0.546711 0.624678 2.254773
v 0.747244 0.628433 2.539780
v 0.585647 0.626732 2.572204
v 0.547483 0.620764 2.255904
v 0.709080 0.622465 2.223480
v 0.576595 0.618425 2.302292
v 0.537231 0.618008 2.310035
v 0.534238 0.617565 2.286651
v 0.573603 0.617982 2.278908
v 0.576393 0.632892 2.301880
v 0.537029 0.632475 2.309623
v 0.534036 0.632031 2.286239
v 0.573400 0.632448 2.278496
v 0.605070 0.622989 2.544708
v 0.565706 0.622572 2.552451
v 0.562713 0.622128 2.529067
v 0.602078 0.622545 2.521324
v 0.604868 0.637455 2.544297
v 0.565504 0.637038 2.552039
v 0.562511 0.636595 2.528655
v 0.601876 0.637012 2.520912
v 0.621061 0.626335 2.530216
v 0.620852 0.673155 2.530639
v 0.619777 0.628049 2.215071
v 0.619569 0.674869 2.215494
v 0.795936 0.627120 2.529043
v 0.795728 0.673940 2.529466
v 0.794653 0.628834 2.213898
v 0.794444 0.675654 2.214321
v 0.631535 0.674210 2.508333
v 0.630432 0.675682 2.237671
v 0.783754 0.676370 2.236643
v 0.784856 0.674898 2.507305
v 0.631712 0.634530 2.507975
v 0.630609 0.636001 2.237313
v 0.783930 0.636690 2.236284
v 0.785033 0.635218 2.506946
v 0.620723 0.702111 2.530901
v 0.619440 0.703825 2.215756
v 0.795599 0.702897 2.529728
v 0.794315 0.704610 2.214583
v 0.631410 0.702281 2.508587
v 0.630307 0.703752 2.237925
v 0.783629 0.704441 2.236897
v 0.784731 0.702969 2.507559
v 0.620624 0.724312 2.531102
v 0.619341 0.726026 2.215957
v 0.794217 0.726811 2.214783
v 0.795500 0.725097 2.529929
v 0.631315 0.723556 2.508780
v 0.630213 0.725027 2.238117
v 0.783534 0.725716 2.237089
v 0.784636 0.724244 2.507751
v 0.630358 0.628379 2.488199
v 0.629902 0.730743 2.489125
v 0.630187 0.628606 2.446316
v 0.629731 0.730971 2.447241
v 0.617986 0.620524 2.440249
v 0.618143 0.620315 2.478682
v 0.620107 0.727394 2.479633
v 0.619951 0.727603 2.441201
v 0.800220 0.621132 2.477460
v 0.797302 0.728190 2.478444
v 0.800064 0.621341 2.439028
v 0.797146 0.728399 2.440012
v 0.787352 0.629312 2.445261
v 0.787523 0.629084 2.487145
v 0.787067 0.731449 2.488071
v 0.786897 0.731676 2.446187
v 0.629587 0.629408 2.298876
v 0.629131 0.731772 2.299802
v 0.629416 0.629636 2.256992
v 0.628960 0.732000 2.257918
v 0.617279 0.621468 2.266529
v 0.617435 0.621259 2.304961
v 0.619399 0.728339 2.305912
v 0.619243 0.728548 2.267480
v 0.799513 0.622077 2.303739
v 0.796595 0.729134 2.304724
v 0.799356 0.622286 2.265307
v 0.796438 0.729343 2.266291
v 0.786581 0.630342 2.255938
v 0.786752 0.630114 2.297822
v 0.786296 0.732478 2.298747
v 0.786125 0.732706 2.256863
v 0.758522 0.634443 2.440207
v 0.758158 0.716016 2.440944
v 0.775772 0.634476 2.448158
v 0.775409 0.716050 2.448896
v 0.785016 0.634406 2.468522
v 0.784653 0.715980 2.469260
v 0.781929 0.634266 2.491770
v 0.781566 0.715839 2.492508
v 0.767955 0.634120 2.507025
v 0.767592 0.715694 2.507762
v 0.749633 0.634038 2.507147
v 0.749269 0.715611 2.507885
v 0.735535 0.634057 2.492081
v 0.735172 0.715631 2.492819
v 0.732259 0.634169 2.468876
v 0.731896 0.715743 2.469613
v 0.741337 0.634321 2.448389
v 0.740974 0.715895 2.449127
v 0.655491 0.686560 2.405992
v 0.655919 0.685989 2.510996
v 0.672707 0.680289 2.405819
v 0.673134 0.679718 2.510823
v 0.681863 0.664418 2.405614
v 0.682291 0.663848 2.510618
v 0.678676 0.646375 2.405473
v 0.679103 0.645804 2.510477
v 0.664636 0.634602 2.405462
v 0.665064 0.634031 2.510466
v 0.646313 0.634607 2.405585
v 0.646741 0.634036 2.510590
v 0.632281 0.646388 2.405786
v 0.632709 0.645817 2.510790
v 0.629105 0.664433 2.405970
v 0.629533 0.663862 2.510974
v 0.638271 0.680298 2.406051
v 0.638699 0.679727 2.511055
v 0.720424 0.633156 2.441103
v 0.720207 0.681915 2.441544
v 0.730904 0.633111 2.457863
v 0.730686 0.681870 2.458304
v 0.730562 0.632993 2.479373
v 0.730345 0.681751 2.479814
v 0.719560 0.632855 2.495568
v 0.719342 0.681614 2.496008
v 0.703044 0.632764 2.498869
v 0.702827 0.681522 2.499310
v 0.688743 0.632761 2.487733
v 0.688526 0.681519 2.488174
v 0.683348 0.632848 2.467370
v 0.683131 0.681606 2.467811
v 0.689385 0.632984 2.447308
v 0.689167 0.681742 2.447749
v 0.704027 0.633106 2.436934
v 0.703810 0.681864 2.437375
v 0.626475 0.692901 2.378876
v 0.630066 0.695770 2.383013
v 0.632407 0.695536 2.389567
v 0.632402 0.692308 2.395472
v 0.630054 0.687597 2.397964
v 0.626461 0.683607 2.395878
v 0.623305 0.682204 2.390189
v 0.622062 0.684046 2.383560
v 0.623314 0.688271 2.379092
v 0.615100 0.706255 2.392489
v 0.611509 0.703385 2.388352
v 0.617441 0.706021 2.399044
v 0.617436 0.702793 2.404948
v 0.615088 0.698082 2.407440
v 0.611495 0.694091 2.405354
v 0.608339 0.692689 2.399665
v 0.607096 0.694531 2.393036
v 0.608348 0.698755 2.388568
v 0.639540 0.688965 2.369592
v 0.632556 0.685816 2.357090
v 0.646684 0.688491 2.389156
v 0.649420 0.684695 2.403275
v 0.647156 0.679309 2.407225
v 0.641585 0.674810 2.400894
v 0.633741 0.673408 2.382939
v 0.628159 0.675702 2.364125
v 0.628311 0.680561 2.355616
v 0.681221 0.659765 2.343200
v 0.674236 0.656615 2.330698
v 0.688364 0.659290 2.362765
v 0.691100 0.655495 2.376884
v 0.688836 0.650108 2.380834
v 0.683265 0.645610 2.374502
v 0.675422 0.644208 2.356548
v 0.669839 0.646502 2.337733
v 0.669992 0.651360 2.329224
v 0.749340 0.674740 2.425257
v 0.753019 0.674700 2.435576
v 0.767249 0.674751 2.437747
v 0.772700 0.674824 2.428821
v 0.779994 0.675289 2.349584
v 0.776315 0.675329 2.339265
v 0.762085 0.675277 2.337094
v 0.756634 0.675204 2.346020
v 0.755989 0.634360 2.335795
v 0.761504 0.634397 2.333533
v 0.761322 0.675291 2.333903
v 0.755807 0.675254 2.336164
v 0.777818 0.634456 2.336022
v 0.782770 0.634457 2.339881
v 0.782588 0.675351 2.340250
v 0.777636 0.675350 2.336392
v 0.751880 0.633784 2.438080
v 0.746929 0.633783 2.434221
v 0.746746 0.674677 2.434591
v 0.751698 0.674678 2.438449
v 0.773709 0.633880 2.438307
v 0.768194 0.633843 2.440569
v 0.768012 0.674737 2.440938
v 0.773527 0.674774 2.438677
v 0.753030 0.672344 2.435555
v 0.767260 0.672396 2.437726
v 0.749351 0.672384 2.425236
v 0.756645 0.672849 2.345999
v 0.762095 0.672922 2.337073
v 0.776325 0.672974 2.339244
v 0.780004 0.672934 2.349563
v 0.772710 0.672469 2.428800
v 0.772061 0.670968 2.357728
v 0.762899 0.670935 2.356330
v 0.764155 0.672746 2.335231
v 0.774659 0.672784 2.336833
v 0.762843 0.674317 2.356806
v 0.764099 0.676129 2.335706
v 0.774603 0.676167 2.337309
v 0.772005 0.674351 2.358203
v 0.720295 0.674583 2.430245
v 0.725383 0.674555 2.439519
v 0.739681 0.674625 2.438292
v 0.743766 0.674699 2.428230
v 0.739639 0.675115 2.348615
v 0.734552 0.675142 2.339341
v 0.720254 0.675072 2.340568
v 0.716169 0.674999 2.350630
v 0.714133 0.634147 2.340767
v 0.719231 0.634189 2.337241
v 0.719049 0.675083 2.337611
v 0.713951 0.675041 2.341137
v 0.735623 0.634270 2.335834
v 0.741041 0.634279 2.338458
v 0.740859 0.675173 2.338827
v 0.735441 0.675164 2.336204
v 0.724676 0.633640 2.442286
v 0.719258 0.633630 2.439663
v 0.719076 0.674524 2.440033
v 0.724494 0.674534 2.442656
v 0.746166 0.633763 2.437353
v 0.741068 0.633721 2.440879
v 0.740885 0.674615 2.441249
v 0.745984 0.674657 2.437723
v 0.725393 0.672200 2.439498
v 0.739691 0.672270 2.438271
v 0.720306 0.672228 2.430223
v 0.716179 0.672644 2.350609
v 0.720265 0.672717 2.340547
v 0.734562 0.672787 2.339319
v 0.739650 0.672759 2.348594
v 0.743776 0.672343 2.428209
v 0.733009 0.670790 2.358499
v 0.723803 0.670745 2.359289
v 0.722027 0.672542 2.338249
v 0.732581 0.672594 2.337343
v 0.723811 0.674127 2.359766
v 0.722035 0.675925 2.338727
v 0.732589 0.675977 2.337821
v 0.733017 0.674173 2.358976
v 0.643812 0.683583 2.349785
v 0.661940 0.671096 2.252336
v 0.763388 0.672595 2.248986
v 0.782571 0.681756 2.363341
v 0.642749 0.675824 2.302357
v 0.707167 0.661967 2.239880
v 0.782302 0.679886 2.294792
v 0.713801 0.675581 2.351147
v 0.719957 0.667168 2.280302
v 0.651256 0.673039 2.268730
v 0.740599 0.674620 2.240329
v 0.782417 0.679733 2.322934
v 0.682518 0.664413 2.363154
v 0.644940 0.674897 2.318928
v 0.673755 0.667788 2.253567
v 0.774186 0.674634 2.265237
v 0.745096 0.677147 2.363552
v 0.708937 0.676781 2.333516
v 0.707237 0.670044 2.266033
v 0.746228 0.667286 2.280126
v 0.662737 0.675834 2.300146
v 0.673833 0.667684 2.272659
v 0.740701 0.674484 2.265461
v 0.744857 0.676930 2.329949
v 0.662297 0.673716 2.323756
v 0.632666 0.653426 2.351853
v 0.640704 0.650296 2.245054
v 0.763484 0.650822 2.248789
v 0.782662 0.650174 2.350811
v 0.632454 0.649807 2.295532
v 0.707214 0.650449 2.238744
v 0.782433 0.650480 2.294526
v 0.636568 0.648085 2.265735
v 0.740714 0.648689 2.240094
v 0.782548 0.650327 2.322669
v 0.632569 0.649654 2.323675
v 0.673745 0.648388 2.240544
v 0.774301 0.648702 2.265002
v -0.635938 0.546644 1.933882
v -0.635938 0.640615 1.933882
v -0.647709 0.546644 2.461609
v -0.647709 0.640615 2.461609
v -0.795850 0.546644 1.927971
v -0.795850 0.640615 1.927971
v -0.807621 0.546644 2.455699
v -0.807621 0.640615 2.455699
v -0.631592 0.641057 1.936322
v -0.652191 0.641057 2.463601
v -0.791368 0.641057 1.925980
v -0.811967 0.641057 2.453258
v -0.631592 0.659668 1.936322
v -0.652191 0.659668 2.463601
v -0.811967 0.659668 2.453258
v -0.791368 0.659668 1.925980
v -0.640454 0.545068 2.389636
v -0.640454 0.666493 2.389636
v -0.811879 0.610655 2.393242
v -0.811879 0.655424 2.393242
v -0.641182 0.666493 2.422268
v -0.641182 0.545068 2.422268
v -0.812163 0.610655 2.406007
v -0.812163 0.655424 2.406007
v -0.631794 0.545068 2.001406
v -0.631794 0.666493 2.001406
v -0.803219 0.610655 2.005012
v -0.803219 0.655424 2.005012
v -0.632522 0.666493 2.034039
v -0.632522 0.545068 2.034039
v -0.803504 0.610655 2.017777
v -0.803504 0.655424 2.017777
v -0.811657 0.666493 2.383308
v -0.811657 0.545068 2.383308
v -0.812385 0.666493 2.415941
v -0.812385 0.545068 2.415941
v -0.802997 0.666493 1.995078
v -0.802997 0.545068 1.995078
v -0.803725 0.666493 2.027711
v -0.803725 0.545068 2.027711
v -0.818659 0.655424 2.392991
v -0.818659 0.610655 2.392991
v -0.818944 0.655424 2.405756
v -0.818944 0.610655 2.405756
v -0.810000 0.655424 2.004762
v -0.810000 0.610655 2.004762
v -0.810284 0.655424 2.017527
v -0.810284 0.610655 2.017527
v -0.639217 0.551885 2.059977
v -0.639887 0.551885 2.089997
v -0.798197 0.551885 2.054101
v -0.798867 0.551885 2.084121
v -0.639821 0.537538 2.087041
v -0.639283 0.537538 2.062932
v -0.798801 0.537538 2.081165
v -0.798263 0.537538 2.057056
v -0.645376 0.551885 2.336107
v -0.646046 0.551885 2.366127
v -0.804356 0.551885 2.330232
v -0.805026 0.551885 2.360251
v -0.645980 0.537538 2.363172
v -0.645442 0.537538 2.339063
v -0.804960 0.537538 2.357296
v -0.804422 0.537538 2.333187
v -0.683550 1.025326 1.806804
v -0.585518 1.028942 1.880629
v -0.706157 1.045754 1.854889
v -0.681054 1.162839 1.793119
v -0.608126 1.049370 1.928714
v -0.585029 1.166381 1.865433
v -0.669006 1.086991 1.765847
v -0.568301 1.090706 1.841686
v -0.593724 1.113677 1.895760
v -0.694429 1.109963 1.819920
v -0.656377 1.134094 1.734237
v -0.555671 1.137808 1.810076
v -0.601464 1.119314 1.905414
v -0.697489 1.115773 1.833100
v -0.672843 1.159305 1.768420
v -0.665614 1.151997 1.753107
v -0.564908 1.155711 1.828946
v -0.572137 1.163019 1.844260
v -0.553478 1.155591 1.831366
v -0.558785 1.161290 1.845420
v -0.564842 1.154434 1.820653
v -0.571319 1.160286 1.834429
v -0.558849 1.154331 1.850724
v -0.553542 1.148632 1.836670
v -0.569907 1.153131 1.840565
v -0.563430 1.147279 1.826789
v -0.690646 1.163682 1.691934
v -0.692386 1.150739 1.691300
v -0.666876 1.158800 1.764596
v -0.660399 1.152948 1.750820
v -0.696742 1.151046 1.700299
v -0.695001 1.163989 1.700934
v -0.664847 1.145577 1.752543
v -0.671324 1.151430 1.766319
v -0.538069 1.030508 1.906341
v -0.430535 1.036267 1.953033
v -0.553008 1.050887 1.959186
v -0.540272 1.167943 1.891347
v -0.445475 1.056646 2.005878
v -0.434939 1.173585 1.937084
v -0.531392 1.092121 1.862018
v -0.420924 1.098038 1.909984
v -0.437724 1.120955 1.969410
v -0.548192 1.115038 1.921443
v -0.524854 1.139208 1.827447
v -0.414387 1.145124 1.875413
v -0.443886 1.126529 1.980845
v -0.549219 1.120887 1.935108
v -0.536054 1.164376 1.865043
v -0.531253 1.157084 1.848212
v -0.420786 1.163001 1.896179
v -0.425587 1.170292 1.913010
v -0.424690 1.152107 1.879555
v -0.425527 1.162192 1.891652
v -0.422244 1.156837 1.899425
v -0.421407 1.146752 1.887327
v -0.543928 1.162424 1.854363
v -0.539725 1.156690 1.839495
v -0.530405 1.164041 1.859871
v -0.526125 1.158203 1.844732
v -0.542850 1.149633 1.842540
v -0.547053 1.155367 1.857409
v -0.530807 1.151087 1.847085
v -0.535087 1.156925 1.862225
v -0.166994 1.206540 1.622814
v -0.165195 1.192848 1.622938
v -0.160591 1.207423 1.630333
v -0.158791 1.193730 1.630457
v -0.358783 1.184879 1.850291
v -0.356568 1.172656 1.843890
v -0.351526 1.170677 1.852231
v -0.353741 1.182899 1.858633
v -0.158237 1.211647 1.557573
v -0.156915 1.197954 1.555997
v -0.149586 1.212529 1.556891
v -0.148264 1.198837 1.555315
v -0.164313 1.211995 1.511627
v -0.163864 1.198302 1.509381
v -0.157323 1.212878 1.505029
v -0.156874 1.199185 1.502782
v -0.194791 1.216446 1.463958
v -0.195456 1.202753 1.461802
v -0.192164 1.217328 1.453326
v -0.192829 1.203636 1.451170
v -0.269929 1.215584 1.464610
v -0.271286 1.201892 1.463085
v -0.271371 1.216467 1.453609
v -0.272728 1.202774 1.452083
v -0.409516 1.211870 1.439803
v -0.406825 1.198402 1.437938
v -0.411050 1.212484 1.428792
v -0.408359 1.199016 1.426926
v -0.669315 1.197670 1.406731
v -0.671616 1.184055 1.407034
v -0.670977 1.197804 1.395724
v -0.673278 1.184188 1.396026
v -0.315265 1.195700 1.806970
v -0.309925 1.194348 1.815131
v -0.313141 1.183156 1.801997
v -0.307801 1.181804 1.810159
v -0.739863 1.171089 1.541671
v -0.737524 1.182597 1.540311
v -0.745393 1.172610 1.547759
v -0.743054 1.184118 1.546399
v -0.760898 1.185334 1.467915
v -0.756883 1.195792 1.463185
v -0.767862 1.187422 1.465920
v -0.763847 1.197881 1.461190
v -0.752819 1.025078 1.806653
v -0.862113 1.025078 1.530539
v -0.677116 1.304657 1.409204
v -0.695235 0.977083 1.768885
v -0.804529 0.977083 1.492771
v -0.619532 1.256661 1.371436
v -0.837827 1.027936 1.602801
v -0.573043 1.228580 1.562970
v -0.773387 0.974226 1.560536
v -0.557164 1.246691 1.564951
v -0.814647 1.027936 1.661363
v -0.573957 1.260687 1.575966
v -0.589836 1.242576 1.573984
v -0.750207 0.974226 1.619098
v -0.658171 1.264412 1.558733
v -0.652831 1.307514 1.481465
v -0.588391 1.253804 1.439201
v -0.593731 1.210702 1.516468
v -0.624776 1.271699 1.596901
v -0.608897 1.289809 1.598882
v -0.592104 1.275813 1.587868
v -0.607984 1.257702 1.585887
v -0.629566 1.233042 1.666200
v -0.613687 1.251152 1.668181
v -0.596894 1.237156 1.657167
v -0.612773 1.219045 1.655186
v -0.781309 1.027936 1.745585
v -0.560393 1.210702 1.600691
v -0.624833 1.264412 1.642956
v -0.716869 0.974226 1.703320
v -0.607676 1.244427 1.711457
v -0.614674 1.263393 1.664732
v -0.552679 1.211721 1.624070
v -0.550092 1.196432 1.673689
v -0.581773 1.236303 1.640697
v -0.567806 1.250151 1.646825
v -0.568724 1.223090 1.640890
v -0.554757 1.236937 1.647018
v -0.561768 1.211648 1.657455
v -0.547800 1.225496 1.663584
v -0.564979 1.208682 1.680689
v -0.551011 1.222530 1.686818
v -0.576476 1.215928 1.696982
v -0.562509 1.229775 1.703110
v -0.589525 1.229141 1.696789
v -0.575558 1.242989 1.702917
v -0.596482 1.240582 1.680224
v -0.582514 1.254430 1.686352
v -0.593271 1.243549 1.656990
v -0.579303 1.257396 1.663118
v -0.656575 1.290160 1.477693
v -0.639783 1.276163 1.466679
v -0.652230 1.257352 1.474843
v -0.669023 1.271348 1.485857
v -0.594625 1.203919 1.643283
v -0.578746 1.222030 1.645264
v -0.561953 1.208033 1.634250
v -0.577833 1.189923 1.632269
v -0.621635 1.261037 1.454776
v -0.604842 1.247041 1.443762
v -0.617289 1.228230 1.451926
v -0.634082 1.242226 1.462940
v -0.560045 1.299786 0.661217
v -0.514031 1.299786 0.939970
v -0.514031 1.299786 0.939970
v -0.408646 1.299786 -0.337797
v -0.510731 1.299786 -0.046296
v -0.493163 1.788297 0.631032
v -0.459984 1.783507 0.920624
v -0.377848 1.757246 -0.107896
v -0.450326 1.760952 0.057104
v -0.514031 1.582584 0.939970
v -0.514031 1.582584 0.939970
v -0.350999 1.374793 -0.607048
v -0.350999 1.374793 -0.607048
v -0.350999 1.501971 -0.580276
v -0.350999 1.501971 -0.580276
v -0.363926 1.900215 0.531801
v -0.217607 1.956236 0.747922
v -0.399481 1.326995 -0.496523
v -0.399481 1.536929 -0.468979
v -0.374041 1.639069 -0.059509
v -0.326366 1.639069 -0.059509
v -0.326366 1.639069 -0.059509
v -0.234498 1.629996 -0.431738
v -0.230638 1.783180 -0.258185
v -0.230638 1.783180 -0.258185
v -0.228085 1.536929 -0.468979
v -0.000000 1.501971 -0.580276
v -0.221575 1.501971 -0.580276
v -0.234471 1.374793 -0.607048
v -0.000000 1.374793 -0.607048
v -0.000000 1.783180 -0.258185
v -0.564559 1.299786 0.367085
v -0.487808 1.781108 0.315833
v -0.363926 1.891201 0.251662
v -0.349871 1.783507 1.330928
v -0.349871 1.783507 1.330928
v -0.459984 1.783507 1.206584
v -0.459984 1.783507 1.206584
v -0.514031 1.582584 1.225930
v -0.514031 1.582584 1.225930
v -0.403918 1.582584 1.350274
v -0.403918 1.582584 1.350274
v 0.000000 1.783507 1.355936
v 0.000000 1.582584 1.375282
v -0.206063 1.630450 -0.431032
v -0.206474 1.749195 -0.282055
v -0.206474 1.749195 -0.282055
v -0.199728 1.537990 -0.466928
v -0.199728 1.537990 -0.466928
v -0.000000 1.749159 -0.282111
v -0.195072 1.512623 -0.546363
v -0.198168 1.596317 -0.348780
v -0.198544 1.728198 -0.256358
v -0.198544 1.728198 -0.256358
v -0.192391 1.535555 -0.424983
v -0.000000 1.512418 -0.497436
v -0.188143 1.512418 -0.497436
v -0.188143 1.512418 -0.497436
v -0.000000 1.728165 -0.256409
v -0.311639 1.582584 0.986784
v -0.159662 1.576184 1.089673
v -0.331584 1.299786 0.986784
v -0.166922 1.293386 1.089673
v 0.000000 1.576184 1.089673
v 0.000000 1.293386 1.089673
v 0.560045 1.299786 0.661217
v 0.514031 1.299786 0.939970
v 0.514031 1.299786 0.939970
v 0.408646 1.299786 -0.337797
v 0.510731 1.299786 -0.046296
v 0.493163 1.788297 0.631032
v 0.459985 1.783507 0.920624
v 0.377848 1.757246 -0.107896
v 0.450326 1.760952 0.057104
v 0.514031 1.582584 0.939970
v 0.514031 1.582584 0.939970
v 0.350999 1.374793 -0.607048
v 0.350999 1.374793 -0.607048
v 0.350999 1.501971 -0.580276
v 0.350999 1.501971 -0.580276
v 0.363926 1.900215 0.531801
v 0.217607 1.956236 0.747922
v 0.399481 1.326995 -0.496523
v 0.399481 1.536929 -0.468980
v 0.234498 1.629996 -0.431738
v 0.230638 1.783180 -0.258185
v 0.230638 1.783180 -0.258185
v 0.228085 1.536929 -0.468979
v 0.221575 1.501971 -0.580276
v 0.234471 1.374793 -0.607048
v 0.564559 1.299786 0.367085
v 0.487808 1.781108 0.315833
v 0.363926 1.891201 0.251662
v 0.349871 1.783507 1.330928
v 0.349871 1.783507 1.330928
v 0.459985 1.783507 1.206584
v 0.459985 1.783507 1.206584
v 0.514031 1.582584 1.225930
v 0.514031 1.582584 1.225930
v 0.403918 1.582584 1.350274
v 0.403918 1.582584 1.350274
v 0.206062 1.630450 -0.431032
v 0.206474 1.749195 -0.282055
v 0.206474 1.749195 -0.282055
v 0.199728 1.537990 -0.466928
v 0.199728 1.537990 -0.466928
v 0.195072 1.512623 -0.546363
v 0.198168 1.596317 -0.348780
v 0.198544 1.728198 -0.256358
v 0.198544 1.728198 -0.256358
v 0.192391 1.535555 -0.424983
v 0.188143 1.512418 -0.497436
v 0.188143 1.512418 -0.497436
v 0.311639 1.582584 0.986784
v 0.159662 1.576184 1.089673
v 0.331584 1.299786 0.986784
v 0.166922 1.293386 1.089673
v 0.112430 1.975545 1.069033
v 0.112430 1.975545 1.069033
v 0.062636 1.975545 1.086208
v 0.062636 1.975545 1.086208
v 0.162224 1.975545 0.958015
v 0.148881 1.975545 1.022112
v 0.148881 1.975545 1.022112
v 0.148881 1.975545 1.022112
v 0.148881 1.975545 0.893918
v 0.148881 1.975545 0.893918
v 0.148881 1.975545 0.893918
v 0.062636 1.975545 0.829822
v 0.112430 1.975545 0.846996
v 0.112430 1.975545 0.846996
v 0.012842 1.975545 0.846996
v 0.012842 1.975545 0.846996
v 0.012842 1.975545 0.846996
v -0.036952 1.975545 0.958015
v -0.023610 1.975545 0.893918
v -0.023610 1.975545 0.893918
v -0.023610 1.975545 1.022111
v -0.023610 1.975545 1.022111
v 0.012842 1.975545 1.069033
v 0.012842 1.975545 1.069033
v 0.012842 1.975545 1.069033
v 0.148881 1.931395 1.022112
v 0.012842 1.931395 0.846996
v 0.148881 1.931395 0.893918
v 0.012842 1.931395 1.069033
v 0.062636 1.931395 1.086208
v 0.148881 1.982218 1.022112
v 0.148881 1.982218 1.022112
v 0.090177 1.975545 1.019421
v 0.110339 1.975545 0.993468
v 0.110339 1.975545 0.922562
v 0.090177 1.975545 0.896609
v 0.035094 1.975545 0.896609
v 0.014932 1.975545 0.922562
v 0.014932 1.975545 0.993467
v 0.035094 1.975545 1.019421
v 0.112430 1.982218 1.069033
v 0.112430 1.982218 1.069033
v 0.112430 1.982218 0.846996
v 0.112430 1.982218 0.846996
v 0.148881 1.982218 0.893918
v 0.148881 1.982218 0.893918
v -0.023610 1.982218 0.893918
v -0.023610 1.982218 0.893918
v 0.012842 1.982218 0.846996
v 0.012842 1.982218 0.846996
v 0.012842 1.982218 1.069033
v 0.012842 1.982218 1.069033
v -0.023610 1.982218 1.022111
v -0.023610 1.982218 1.022111
v 0.090177 2.005948 1.019421
v 0.110339 2.005948 0.993468
v 0.110339 2.005948 0.922562
v 0.090177 2.005948 0.896609
v 0.035094 2.005948 0.896609
v 0.014932 2.005948 0.922562
v 0.014932 2.005948 0.993467
v 0.035094 2.005948 1.019421
v 0.252731 1.932630 -0.037854
v 0.252731 1.932630 -0.037854
v 0.252731 1.932630 0.007127
v 0.252731 1.932630 0.007127
v 0.232788 1.932630 -0.037854
v 0.232788 1.932630 -0.037854
v 0.232788 1.932630 0.007127
v 0.232788 1.932630 0.007127
v 0.232788 1.781822 -0.037854
v 0.252731 1.781822 -0.037854
v 0.232788 1.781822 0.058953
v 0.252731 1.781822 0.058953
v -0.608864 1.493426 1.239873
v -0.608864 1.493426 1.239873
v -0.614814 1.489523 1.271077
v -0.614814 1.489523 1.271077
v -0.715236 1.663558 1.275421
v -0.715236 1.663558 1.275421
v -0.709285 1.667461 1.244217
v -0.709285 1.667461 1.244217
v -0.632006 1.479303 1.290946
v -0.632006 1.479303 1.290946
v -0.732428 1.653338 1.295290
v -0.732428 1.653338 1.295290
v -0.653872 1.466672 1.291892
v -0.653872 1.466672 1.291892
v -0.754294 1.640707 1.296236
v -0.754294 1.640707 1.296236
v -0.672061 1.456452 1.273553
v -0.672061 1.456452 1.273553
v -0.772483 1.630487 1.277897
v -0.772483 1.630487 1.277897
v -0.679625 1.452549 1.242934
v -0.679625 1.452549 1.242934
v -0.780047 1.626584 1.247278
v -0.780047 1.626584 1.247278
v -0.673675 1.456452 1.211731
v -0.673675 1.456452 1.211731
v -0.774097 1.630487 1.216074
v -0.774097 1.630487 1.216074
v -0.656483 1.466672 1.191861
v -0.656483 1.466672 1.191861
v -0.756905 1.640707 1.196205
v -0.756905 1.640707 1.196205
v -0.634617 1.479303 1.190915
v -0.634617 1.479303 1.190915
v -0.735039 1.653338 1.195259
v -0.735039 1.653338 1.195259
v -0.616428 1.489523 1.209254
v -0.616428 1.489523 1.209254
v -0.716850 1.663558 1.213598
v -0.716850 1.663558 1.213598
v -0.567961 1.565216 1.142194
v -0.567961 1.565216 1.142194
v -0.591929 1.561313 1.151163
v -0.591929 1.561313 1.151163
v -0.645063 1.735347 1.041386
v -0.645063 1.735347 1.041386
v -0.621095 1.739251 1.032417
v -0.621095 1.739251 1.032417
v -0.613893 1.551093 1.141932
v -0.613893 1.551093 1.141932
v -0.667027 1.725128 1.032155
v -0.667027 1.725128 1.032155
v -0.625463 1.538461 1.118029
v -0.625463 1.538461 1.118029
v -0.678596 1.712496 1.008252
v -0.678596 1.712496 1.008252
v -0.622219 1.528242 1.088583
v -0.622219 1.528242 1.088583
v -0.675353 1.702277 0.978805
v -0.675353 1.702277 0.978805
v -0.605402 1.524338 1.064841
v -0.605402 1.524338 1.064841
v -0.658535 1.698373 0.955064
v -0.658535 1.698373 0.955064
v -0.581433 1.528242 1.055872
v -0.581433 1.528242 1.055872
v -0.634567 1.702277 0.946095
v -0.634567 1.702277 0.946095
v -0.559470 1.538461 1.065103
v -0.559470 1.538461 1.065103
v -0.612603 1.712496 0.955326
v -0.612603 1.712496 0.955326
v -0.547900 1.551093 1.089006
v -0.547900 1.551093 1.089006
v -0.601034 1.725128 0.979229
v -0.601034 1.725128 0.979229
v -0.551144 1.561313 1.118453
v -0.551144 1.561313 1.118453
v -0.604277 1.735347 1.008676
v -0.604277 1.735347 1.008676
v 0.608864 1.493426 1.239873
v 0.608864 1.493426 1.239873
v 0.614814 1.489523 1.271077
v 0.614814 1.489523 1.271077
v 0.715236 1.663558 1.275420
v 0.715236 1.663558 1.275420
v 0.709286 1.667461 1.244217
v 0.709286 1.667461 1.244217
v 0.632006 1.479303 1.290946
v 0.632006 1.479303 1.290946
v 0.732428 1.653338 1.295290
v 0.732428 1.653338 1.295290
v 0.653872 1.466672 1.291892
v 0.653872 1.466672 1.291892
v 0.754294 1.640707 1.296236
v 0.754294 1.640707 1.296236
v 0.672061 1.456452 1.273553
v 0.672061 1.456452 1.273553
v 0.772484 1.630487 1.277897
v 0.772484 1.630487 1.277897
v 0.679625 1.452549 1.242934
v 0.679625 1.452549 1.242934
v 0.780048 1.626584 1.247278
v 0.780048 1.626584 1.247278
v 0.673675 1.456452 1.211731
v 0.673675 1.456452 1.211731
v 0.774097 1.630487 1.216074
v 0.774097 1.630487 1.216074
v 0.656483 1.466672 1.191861
v 0.656483 1.466672 1.191861
v 0.756905 1.640707 1.196205
v 0.756905 1.640707 1.196205
v 0.634617 1.479303 1.190915
v 0.634617 1.479303 1.190915
v 0.735039 1.653338 1.195259
v 0.735039 1.653338 1.195259
v 0.616428 1.489523 1.209254
v 0.616428 1.489523 1.209254
v 0.716850 1.663558 1.213598
v 0.716850 1.663558 1.213598
v 0.567962 1.565216 1.142194
v 0.567962 1.565216 1.142194
v 0.591930 1.561313 1.151163
v 0.591930 1.561313 1.151163
v 0.645063 1.735347 1.041386
v 0.645063 1.735347 1.041386
v 0.621095 1.739251 1.032417
v 0.621095 1.739251 1.032417
v 0.613893 1.551093 1.141932
v 0.613893 1.551093 1.141932
v 0.667027 1.725128 1.032155
v 0.667027 1.725128 1.032155
v 0.625463 1.538461 1.118029
v 0.625463 1.538461 1.118029
v 0.678596 1.712496 1.008252
v 0.678596 1.712496 1.008252
v 0.622219 1.528242 1.088582
v 0.622219 1.528242 1.088582
v 0.675353 1.702277 0.978805
v 0.675353 1.702277 0.978805
v 0.605402 1.524338 1.064840
v 0.605402 1.524338 1.064840
v 0.658535 1.698373 0.955064
v 0.658535 1.698373 0.955064
v 0.581434 1.528242 1.055872
v 0.581434 1.528242 1.055872
v 0.634567 1.702277 0.946095
v 0.634567 1.702277 0.946095
v 0.559470 1.538461 1.065103
v 0.559470 1.538461 1.065103
v 0.612603 1.712496 0.955326
v 0.612603 1.712496 0.955326
v 0.547900 1.551093 1.089006
v 0.547900 1.551093 1.089006
v 0.601034 1.725128 0.979229
v 0.601034 1.725128 0.979229
v 0.551144 1.561313 1.118452
v 0.551144 1.561313 1.118452
v 0.604277 1.735347 1.008676
v 0.604277 1.735347 1.008676
v -0.365627 1.728023 -0.143884
v -0.365627 1.728023 -0.143884
v -0.393030 1.703786 -0.108635
v -0.393030 1.703786 -0.108635
v -0.403118 1.646414 -0.142558
v -0.403118 1.646414 -0.142558
v -0.374041 1.639069 -0.211431
v -0.326366 1.639069 -0.267085
v -0.326366 1.639069 -0.267085
v -0.326366 1.728023 -0.195896
v -0.326366 1.728023 -0.195896
v -0.326366 1.728023 -0.059509
v -0.326366 1.728023 -0.059509
v -0.365627 1.728023 -0.059509
v -0.365627 1.728023 -0.059509
v -0.403118 1.646414 -0.059509
v -0.403118 1.646414 -0.059509
v -0.393030 1.703786 -0.059509
v -0.393030 1.703786 -0.059509
v -0.956747 0.790193 1.418663
v -0.912745 0.780648 1.804787
v -0.912745 0.780648 1.804787
v -0.912745 0.780648 1.804787
v -0.912745 0.780648 1.804787
v -0.912745 0.780648 1.804787
v -0.912745 0.918955 1.804787
v -0.912745 0.918955 1.804787
v -0.912745 0.918955 1.804787
v -0.912745 0.918955 1.804787
v -0.956747 1.007551 0.876830
v -0.956747 1.007551 0.423477
v -0.956747 0.672518 0.423477
v -0.847664 0.462305 0.050425
v -0.847664 1.007551 0.050425
v -0.847664 1.007551 0.050425
v -0.912745 0.819168 2.788110
v -0.912745 0.819168 2.788110
v -0.912745 0.591554 2.752996
v -0.912745 0.591554 2.752996
v -0.846094 1.007551 -0.494282
v -0.847664 1.007551 0.605084
v -0.847664 1.007551 0.882475
v -0.812434 1.007551 1.418663
v -0.736050 1.114080 -0.655237
v -0.736050 1.114080 -0.655237
v -0.750539 1.129987 -0.133860
v -0.750539 1.129987 -0.133860
v -0.558062 0.966548 -1.968731
v -0.558062 0.966548 -1.968731
v -0.646419 0.914537 -2.024246
v -0.646419 0.914537 -2.024246
v -0.640243 0.910794 -1.864136
v -0.640243 0.910794 -1.864136
v -0.640243 0.910794 -1.864136
v -0.640243 0.910794 -1.864136
v -0.463440 1.107458 -1.824387
v -0.720390 1.016640 -1.389961
v -0.720390 1.016640 -1.389961
v -0.661773 1.080852 -1.389961
v -0.770189 0.947218 -1.322026
v -0.770189 0.947218 -1.322026
v -0.754897 0.979205 -1.347137
v -0.754897 0.979205 -1.347137
v -0.754897 0.979205 -1.347137
v -0.917359 0.410796 -2.965727
v -0.917359 0.410796 -2.965727
v -0.917359 0.602685 -2.953509
v -0.917359 0.602685 -2.953509
v -0.917359 0.850077 -2.353859
v -0.917359 0.586360 -2.254381
v -1.390467 0.819168 2.788111
v -1.390467 0.819168 2.788111
v -1.390467 0.591553 2.752996
v -1.390467 0.591553 2.752996
v -1.344700 0.586360 -2.254382
v -1.344700 0.586360 -2.254382
v -1.344700 0.410796 -2.965727
v -1.344700 0.410796 -2.965727
v -1.344700 0.410796 -2.965727
v -1.341603 0.819168 2.788110
v -1.341603 0.591553 2.752996
v -1.344700 0.602684 -2.953509
v -1.041442 0.781363 -2.767760
v -1.041442 0.781363 -2.767760
v -1.041442 0.812048 -2.589331
v -1.283078 0.781363 -2.767760
v -1.283078 0.781363 -2.767760
v -1.283078 0.812048 -2.589331
v -1.283078 0.812048 -2.400830
v -1.041442 0.812048 -2.400830
v -1.041442 0.640530 -2.767760
v -1.283078 0.640530 -2.767760
v -0.847666 0.401327 0.423477
v -0.847666 0.401327 0.423477
v -0.847666 0.177666 0.050425
v -0.847666 0.177666 0.050425
v -0.847187 0.177666 -0.494282
v -0.847187 0.177666 -0.494282
v -0.758898 0.506049 -1.389961
v -1.019773 0.894010 -1.855718
v -0.887597 0.548826 -1.200253
v -0.789323 0.391486 -1.200253
v -0.789323 0.391486 -1.200253
v -0.789323 0.391486 -1.200253
v -0.789323 0.391486 -1.200253
v -0.847666 0.672518 0.423477
v -1.252877 1.026854 -2.111146
v -1.252877 1.026854 -2.111146
v -1.252877 0.947628 -2.146201
v -0.956747 1.007551 1.418663
v -0.561242 1.121854 1.819295
v -0.561242 1.121854 1.819295
v -0.561242 1.121854 1.819295
v -0.673233 0.971817 1.819295
v -0.673233 0.971817 1.819295
v -1.252877 1.014513 -1.369489
v -1.252877 1.014513 -1.369489
v -1.252877 0.947628 -1.369489
v -1.252877 1.026854 -1.637810
v -0.833700 0.997990 -0.651383
v -0.792937 0.966548 -1.168052
v -0.792937 0.966548 -1.168052
v -0.792937 0.775852 -1.168052
v -0.789323 0.577056 -1.200253
v -0.693560 1.080852 -1.184579
v -0.887597 1.014297 -1.389961
v -0.887597 1.014297 -1.389961
v -0.887597 1.062045 -1.389961
v -0.887597 1.062045 -1.389961
v -0.887597 0.894931 -1.322026
v -0.887597 0.966548 -1.322026
v -0.887597 0.966548 -1.322026
v -0.887597 0.548826 -1.389961
v -0.887597 0.894931 -1.168052
v -0.887597 0.966548 -1.168052
v -0.887597 1.062045 -1.184579
v -0.887597 1.062045 -1.184579
v -0.428212 1.169794 1.855955
v -0.599431 1.114080 -0.666153
v -0.632927 1.189066 -0.133860
v -0.818964 0.765332 -2.624235
v -0.818964 0.765332 -2.624235
v -0.818964 0.739538 -2.624235
v -0.818964 0.739538 -2.624235
v -0.727473 0.842490 -2.508611
v -0.727473 0.842490 -2.508611
v -0.727473 0.809752 -2.508611
v -0.727473 0.809752 -2.508611
v -0.727473 0.883689 -1.982650
v -0.727473 0.883689 -1.982650
v -0.727473 0.847243 -1.982650
v -0.727473 0.847243 -1.982650
v -0.727473 0.856652 -2.333840
v -0.727473 0.894029 -2.350598
v -0.945000 0.765332 -2.624235
v -0.945000 0.765332 -2.624235
v -0.945000 0.739538 -2.624235
v -0.945000 0.739538 -2.624235
v -0.945000 0.883689 -1.982650
v -0.945000 0.883689 -1.982650
v -0.945000 0.847243 -1.982650
v -0.945000 0.847243 -1.982650
v -0.945000 0.809752 -2.508611
v -0.945000 0.842490 -2.508611
v -0.945000 0.856652 -2.333840
v -0.945000 0.894029 -2.350598
v -0.968356 1.026854 -2.111146
v -0.968356 1.026854 -2.111146
v -0.968356 0.947628 -2.146201
v -0.968356 1.014513 -1.369489
v -0.968356 1.014513 -1.369489
v -0.968356 0.947628 -1.369489
v -0.968356 1.026854 -1.637810
v -1.252877 0.787219 -1.753814
v -1.252877 0.787219 -2.262205
v -1.252877 0.787219 -2.262205
v -1.252877 0.787219 -1.438717
v -1.252877 0.787219 -1.438717
v -0.968356 0.787219 -1.753814
v -0.968356 0.787219 -2.262205
v -0.968356 0.787219 -2.262205
v -0.968356 0.787219 -1.438717
v -0.968356 0.787219 -1.438717
v -1.390468 0.477410 -1.135659
v -1.390468 0.477410 -1.135659
v -1.390468 0.477410 -0.736434
v -1.390468 0.477410 -0.736434
v -1.390468 0.698796 -0.781585
v -1.390468 0.698796 -0.781585
v -1.390468 0.891615 -1.117928
v -1.390468 0.891615 -1.117928
v -1.390468 0.698796 -1.475912
v -1.390468 0.698796 -1.475912
v -1.341603 0.698796 -0.781585
v -1.341603 0.477410 -0.736434
v -1.341603 0.891615 -1.117928
v -1.341603 0.698796 -1.475912
v -1.341603 0.477410 -1.135659
v -0.323754 1.241823 -0.662556
v -0.365704 1.213630 -0.662556
v -0.365704 1.213630 -0.662556
v -0.365704 1.213630 -0.662556
v -0.321429 1.154610 -0.955058
v -0.171972 1.248030 -0.662556
v -0.337027 1.297862 -0.573749
v -0.337027 1.297862 -0.573749
v -0.377769 1.262491 -0.573749
v -0.377769 1.262491 -0.573749
v -0.185511 1.297862 -0.573749
v -0.298542 1.297862 1.056104
v -0.298542 1.297862 1.056104
v -0.340216 1.262744 1.056104
v -0.340216 1.262744 1.056104
v -0.208540 1.297862 1.151969
v -0.208540 1.297862 1.151969
v -0.379031 1.262491 0.957217
v -0.338202 1.297862 0.957217
v -0.208540 1.262989 1.151969
v -0.208540 1.262989 1.151969
v -0.347166 1.159228 -1.752181
v -0.766380 0.890061 2.257047
v -0.766380 0.890061 2.257047
v -0.956747 0.890061 2.257047
v -0.956747 0.890061 2.257047
v -0.766380 0.947395 2.180652
v -0.766380 0.947395 2.180652
v -0.956747 0.947395 2.180652
v -0.956747 0.947395 2.180652
v -0.956747 0.947395 2.180652
v -0.766380 0.980571 2.174958
v -0.766380 0.980571 2.174958
v -0.917724 0.980571 2.174958
v -0.917724 0.980571 2.174958
v -0.766380 1.013570 1.781533
v -0.766380 1.013570 1.781533
v -0.917724 1.013570 1.781533
v -0.917724 1.013570 1.781533
v -0.956747 0.875675 2.180652
v -0.956747 0.866103 2.257047
v -0.956747 0.866103 2.257047
v -0.956747 0.982402 1.781533
v -0.956747 0.982402 1.781533
v -0.956747 0.915053 1.781533
v -0.956747 0.915053 1.781533
v -0.766380 0.915053 1.781533
v -0.766380 0.915053 1.781533
v -0.541581 1.088289 1.353685
v -0.542023 1.266333 1.351203
v -0.542023 1.266333 1.351203
v -0.750695 1.265836 -0.138009
v -0.603133 1.216974 -0.665038
v -0.634597 1.265836 0.740220
v -0.208981 1.266333 1.353103
v -0.564557 1.087710 -1.052619
v -1.344916 0.400692 2.261140
v -1.344916 0.568507 2.064767
v -1.344916 0.568507 2.064767
v -1.384265 0.400692 2.261140
v -1.384265 0.568507 2.064767
v -1.384265 0.568507 2.064767
v -1.344916 0.592594 2.532875
v -1.344916 0.592594 2.532875
v -1.344916 0.750266 2.322140
v -1.344916 0.750266 2.322140
v -1.384265 0.592594 2.532875
v -1.384265 0.592594 2.532875
v -1.384265 0.750266 2.322140
v -1.384265 0.750266 2.322140
v -1.344916 0.289306 2.378842
v -1.344916 0.289306 2.378842
v -1.384265 0.289306 2.378843
v -1.384265 0.289306 2.378843
v -1.344916 0.571472 2.665318
v -1.344916 0.571472 2.665318
v -1.384265 0.571472 2.665319
v -1.384265 0.571472 2.665319
v -1.344916 0.321239 2.613523
v -1.344916 0.321239 2.613523
v -1.384265 0.321239 2.613524
v -1.384265 0.321239 2.613524
v -1.384265 0.629520 2.077672
v -1.384265 0.629520 2.077672
v -1.344916 0.629520 2.077672
v -1.344916 0.629520 2.077672
v -1.384265 0.746086 2.242731
v -1.384265 0.746086 2.242731
v -1.344916 0.746086 2.242731
v -1.344916 0.746086 2.242731
v -0.998159 0.913566 -2.040731
v -0.263394 0.959631 -1.815147
v -0.979660 0.959631 -1.815147
v -0.979660 0.959631 -1.815147
v -0.979660 0.184419 -1.815147
v -0.979660 0.302103 -2.115087
v -0.979660 0.302103 -2.115087
v -0.263394 0.991713 -1.329462
v -0.979660 0.991713 -1.329462
v -0.979660 0.991713 -1.329462
v -0.263394 0.184419 -1.329462
v -0.979660 0.184419 -1.329462
v -0.979660 0.184419 -1.329462
v -0.663148 1.064972 -1.424641
v -0.663148 1.064972 -1.424641
v -0.494807 1.081352 -1.815226
v -0.494807 1.081352 -1.815226
v -0.526522 1.034739 -1.861512
v -0.526522 1.034739 -1.861512
v -0.703812 1.019951 -1.425821
v -0.703812 1.019951 -1.425821
v -0.656997 1.058902 -1.420758
v -0.697661 1.013881 -1.421937
v -0.488656 1.075282 -1.811342
v -0.520371 1.028669 -1.857628
v -0.815760 1.047769 0.116507
v -0.815760 1.047769 0.116507
v -0.815760 1.047769 0.539002
v -0.815760 1.047769 0.539002
v -0.809512 1.046270 0.948174
v -0.809512 1.046270 0.948174
v -0.783930 1.047126 1.352947
v -0.783930 1.047126 1.352947
v -0.782444 1.089768 0.116507
v -0.782444 1.089768 0.116507
v -0.782444 1.089768 0.539002
v -0.782444 1.089768 0.539002
v -0.779132 1.090275 0.948528
v -0.779132 1.090275 0.948528
v -0.746061 1.083286 1.352591
v -0.746061 1.083286 1.352591
v -0.774219 1.083243 0.539002
v -0.807535 1.041245 0.539002
v -0.774219 1.083243 0.116507
v -0.807535 1.041245 0.116507
v -0.738091 1.076501 1.351548
v -0.775961 1.040341 1.351904
v -0.771162 1.083490 0.947485
v -0.801542 1.039485 0.947131
v -0.758898 0.107578 -1.389961
v -0.758898 0.107578 -1.389961
v -0.758898 0.107578 -1.389961
v -0.758898 0.107578 -1.389961
v -0.833695 0.268815 -0.658891
v -0.758898 0.489965 -1.736197
v -0.770189 0.931134 -1.668262
v -0.770189 0.931134 -1.668262
v -0.758898 0.107578 -1.736197
v -0.758898 0.107578 -1.736197
v -0.847666 0.790193 1.418663
v -0.766380 0.866103 2.257047
v -0.766380 0.866103 2.257047
v -0.847666 0.401327 1.418663
v -0.766380 0.875675 2.180652
v -0.766380 0.982402 1.781533
v -0.912745 0.274209 1.804787
v -0.912745 0.274209 1.804787
v -0.643782 0.177666 0.050425
v -0.643782 0.177666 -0.494282
v -0.643782 0.391486 -1.200253
v -0.643782 0.107578 -1.389961
v -0.643782 0.401327 0.423477
v -0.643782 0.107578 -1.736197
v -0.000000 0.391486 -1.200253
v -0.000000 0.391486 -1.200253
v -0.000000 0.391486 -1.389961
v -1.390468 0.410796 -2.965726
v -1.390468 0.410796 -2.965726
v -1.390468 0.602684 -2.953508
v -1.390468 0.602684 -2.953508
v -1.390468 0.850076 -2.353859
v -1.390468 0.586360 -2.254381
v -1.390468 0.586360 -2.254381
v -1.341603 0.477410 0.568732
v -1.341603 0.477410 0.546112
v -1.341603 0.477410 0.546112
v -1.341603 0.647625 0.454286
v -1.341603 0.647625 0.454286
v -0.893599 0.647625 0.454286
v -1.341603 0.725796 0.419541
v -0.893599 0.725796 0.419541
v -1.341603 0.698796 0.546112
v -1.341603 0.698796 0.546112
v -1.341603 0.698796 0.904096
v -1.390468 0.647625 0.454286
v -1.390468 0.725796 0.419541
v -1.390468 0.725796 0.419541
v -1.390468 0.891615 0.735210
v -1.390468 0.891615 0.735210
v -1.390468 0.477410 0.568732
v -1.390468 0.477410 0.546112
v -1.390468 0.477410 0.546112
v -1.341603 0.891615 0.735210
v -1.390468 0.698796 0.904096
v -1.390468 0.698796 1.755128
v -1.390468 0.891615 1.755128
v -0.920627 0.477410 -1.135659
v -0.920627 0.477410 -1.135659
v -0.920627 0.477410 -0.736434
v -0.920627 0.477410 -0.736434
v -0.920627 0.698796 -0.781585
v -0.920627 0.698796 -0.781585
v -0.920627 0.891615 -1.117928
v -0.920627 0.891615 -1.117928
v -0.920627 0.698796 -1.475912
v -0.920627 0.698796 -1.475912
v -0.893599 0.698796 0.546112
v -0.893599 0.891615 0.735210
v -1.344700 0.300253 -2.483519
v -1.344700 0.300253 -2.483519
v -1.390468 0.300253 -2.483519
v -1.390468 0.300253 -2.483519
v -1.344700 0.294943 -2.620562
v -1.390468 0.294943 -2.620562
v -0.578247 0.252278 2.450509
v 0.000000 0.252278 2.450509
v -0.578247 0.542819 1.751423
v -0.950637 0.542819 1.751424
v -0.578247 0.252278 1.557884
v -0.950637 0.252278 1.557885
v -0.578247 0.542819 2.554772
v -0.950637 0.542819 2.554772
v -0.578247 0.452370 2.599374
v 0.000000 0.452370 2.599374
v -0.708083 0.274209 1.819295
v -0.708083 0.274209 1.819295
v -0.950637 0.252278 2.450509
v 0.000000 0.542819 1.751423
v 0.000000 0.252278 1.557884
v 0.000000 0.542819 2.554772
v -0.950637 0.452370 2.599374
v 0.956747 0.790193 1.418663
v 0.912745 0.780648 1.804786
v 0.912745 0.780648 1.804786
v 0.912745 0.780648 1.804786
v 0.912745 0.780648 1.804786
v 0.912745 0.780648 1.804786
v 0.912745 0.918955 1.804786
v 0.912745 0.918955 1.804786
v 0.912745 0.918955 1.804786
v 0.912745 0.918955 1.804786
v 0.956747 1.007551 0.876830
v 0.956747 1.007551 0.423477
v 0.956747 0.672518 0.423477
v 0.847664 0.462305 0.050425
v 0.847664 1.007551 0.050425
v 0.847664 1.007551 0.050425
v 0.912745 0.819168 2.788110
v 0.912745 0.819168 2.788110
v 0.912745 0.591554 2.752996
v 0.912745 0.591554 2.752996
v 0.846094 1.007551 -0.494282
v 0.847664 1.007551 0.605084
v 0.847664 1.007551 0.882475
v 0.812434 1.007551 1.418663
v 0.736050 1.114080 -0.655237
v 0.736050 1.114080 -0.655237
v 0.750539 1.129987 -0.133861
v 0.750539 1.129987 -0.133861
v 0.558061 0.966548 -1.968731
v 0.646418 0.914537 -2.024246
v 0.463440 1.107458 -1.824387
v 0.720389 1.016640 -1.389962
v 0.720389 1.016640 -1.389962
v 0.661773 1.080852 -1.389961
v 0.770189 0.947218 -1.322026
v 0.770189 0.947218 -1.322026
v 0.754896 0.979205 -1.347137
v 0.754896 0.979205 -1.347137
v 0.754896 0.979205 -1.347137
v 0.917359 0.410796 -2.965727
v 0.917359 0.410796 -2.965727
v 0.917359 0.602685 -2.953509
v 0.917359 0.602685 -2.953509
v 0.917359 0.850077 -2.353859
v 0.917359 0.586360 -2.254381
v 1.390468 0.819168 2.788110
v 1.390468 0.819168 2.788110
v 1.390468 0.591553 2.752996
v 1.390468 0.591553 2.752996
v 1.344700 0.586360 -2.254382
v 1.344700 0.586360 -2.254382
v 1.344700 0.410796 -2.965727
v 1.344700 0.410796 -2.965727
v 1.344700 0.410796 -2.965727
v 1.341603 0.819168 2.788110
v 1.341603 0.591553 2.752996
v 1.344700 0.602684 -2.953509
v 1.041442 0.781363 -2.767760
v 1.041442 0.781363 -2.767760
v 1.041442 0.812048 -2.589331
v 1.283078 0.781363 -2.767760
v 1.283078 0.781363 -2.767760
v 1.283078 0.812048 -2.589331
v 1.283078 0.812048 -2.400830
v 1.041442 0.812048 -2.400830
v 1.041442 0.640530 -2.767760
v 1.283078 0.640530 -2.767760
v 0.847666 0.401327 0.423477
v 0.847666 0.401327 0.423477
v 0.847666 0.177666 0.050425
v 0.847666 0.177666 0.050425
v 0.847187 0.177666 -0.494282
v 0.847187 0.177666 -0.494282
v 0.758898 0.506049 -1.389962
v 1.019773 0.910094 -1.855718
v 0.640243 0.926877 -1.864136
v 0.640243 0.926877 -1.864136
v 0.887596 0.548826 -1.200253
v 0.887596 0.548826 -1.200253
v 0.789323 0.391486 -1.200253
v 0.789323 0.391486 -1.200253
v 0.789323 0.391486 -1.200253
v 0.847666 0.672518 0.423477
v 1.252877 1.026854 -2.111146
v 1.252877 1.026854 -2.111146
v 1.252877 0.947628 -2.146201
v 0.956747 1.007551 1.418663
v 0.561243 1.121854 1.819295
v 0.561243 1.121854 1.819295
v 0.561243 1.121854 1.819295
v 0.673233 0.971817 1.819295
v 0.673233 0.971817 1.819295
v 1.252877 1.014513 -1.369489
v 1.252877 1.014513 -1.369489
v 1.252877 0.947628 -1.369489
v 1.252877 1.026854 -1.637810
v 0.833700 0.997990 -0.651383
v 0.792937 0.966548 -1.168052
v 0.792937 0.966548 -1.168052
v 0.792937 0.775852 -1.168052
v 0.789323 0.577056 -1.200253
v 0.693560 1.080852 -1.184579
v 0.887596 1.014297 -1.389962
v 0.887596 1.014297 -1.389962
v 0.887596 1.062045 -1.389962
v 0.887596 1.062045 -1.389962
v 0.887596 0.894931 -1.322026
v 0.887596 0.966548 -1.322026
v 0.887596 0.966548 -1.322026
v 0.887596 0.548826 -1.389962
v 0.887596 0.548826 -1.389962
v 0.887596 0.894931 -1.168052
v 0.887596 0.966548 -1.168052
v 0.887596 1.062045 -1.184579
v 0.887596 1.062045 -1.184579
v 0.347166 1.159228 -1.752181
v 0.428212 1.169794 1.855955
v 0.599431 1.114080 -0.666153
v 0.632927 1.189066 -0.133861
v 0.818964 0.765332 -2.624235
v 0.818964 0.765332 -2.624235
v 0.818964 0.739538 -2.624235
v 0.818964 0.739538 -2.624235
v 0.727472 0.842490 -2.508611
v 0.727472 0.842490 -2.508611
v 0.727472 0.809752 -2.508611
v 0.727472 0.809752 -2.508611
v 0.727472 0.883689 -1.982650
v 0.727472 0.883689 -1.982650
v 0.727472 0.847243 -1.982650
v 0.727472 0.847243 -1.982650
v 0.727472 0.856652 -2.333840
v 0.727472 0.894029 -2.350598
v 0.944999 0.765332 -2.624235
v 0.944999 0.765332 -2.624235
v 0.944999 0.739538 -2.624235
v 0.944999 0.739538 -2.624235
v 0.944999 0.883689 -1.982650
v 0.944999 0.883689 -1.982650
v 0.944999 0.847243 -1.982650
v 0.944999 0.847243 -1.982650
v 0.944999 0.809752 -2.508611
v 0.944999 0.842490 -2.508611
v 0.944999 0.856652 -2.333840
v 0.944999 0.894029 -2.350598
v 0.968356 1.026854 -2.111146
v 0.968356 1.026854 -2.111146
v 0.968356 0.947628 -2.146201
v 0.968356 1.014513 -1.369489
v 0.968356 1.014513 -1.369489
v 0.968356 0.947628 -1.369489
v 0.968356 1.026854 -1.637810
v 1.252877 0.787219 -1.753814
v 1.252877 0.787219 -2.262205
v 1.252877 0.787219 -2.262205
v 1.252877 0.787219 -1.438717
v 1.252877 0.787219 -1.438717
v 0.968356 0.787219 -1.753814
v 0.968356 0.787219 -2.262205
v 0.968356 0.787219 -2.262205
v 0.968356 0.787219 -1.438717
v 0.968356 0.787219 -1.438717
v 1.390468 0.477410 -1.135660
v 1.390468 0.477410 -1.135660
v 1.390468 0.477410 -0.736435
v 1.390468 0.477410 -0.736435
v 1.390468 0.698796 -0.781586
v 1.390468 0.698796 -0.781586
v 1.390468 0.891615 -1.117928
v 1.390468 0.891615 -1.117928
v 1.390468 0.698796 -1.475912
v 1.390468 0.698796 -1.475912
v 1.341603 0.698796 -0.781586
v 1.341603 0.477410 -0.736435
v 1.341603 0.891615 -1.117928
v 1.341603 0.698796 -1.475912
v 1.341603 0.477410 -1.135660
v 0.323754 1.241823 -0.662556
v 0.365704 1.213630 -0.662556
v 0.365704 1.213630 -0.662556
v 0.365704 1.213630 -0.662556
v 0.321429 1.154610 -0.955058
v 0.171972 1.248030 -0.662556
v 0.337027 1.297862 -0.573749
v 0.337027 1.297862 -0.573749
v 0.377768 1.262491 -0.573749
v 0.377768 1.262491 -0.573749
v 0.185511 1.297862 -0.573749
v 0.298542 1.297862 1.056104
v 0.298542 1.297862 1.056104
v 0.340216 1.262744 1.056104
v 0.340216 1.262744 1.056104
v 0.208540 1.297862 1.151969
v 0.208540 1.297862 1.151969
v 0.379031 1.262491 0.957217
v 0.338202 1.297862 0.957217
v 0.208540 1.262989 1.151969
v 0.208540 1.262989 1.151969
v 0.766381 0.890061 2.257047
v 0.766381 0.890061 2.257047
v 0.956748 0.890061 2.257047
v 0.956748 0.890061 2.257047
v 0.766381 0.947395 2.180651
v 0.766381 0.947395 2.180651
v 0.956748 0.947395 2.180651
v 0.956748 0.947395 2.180651
v 0.956748 0.947395 2.180651
v 0.766381 0.980571 2.174958
v 0.766381 0.980571 2.174958
v 0.917724 0.980571 2.174958
v 0.917724 0.980571 2.174958
v 0.766381 1.013570 1.781533
v 0.766381 1.013570 1.781533
v 0.917724 1.013570 1.781533
v 0.917724 1.013570 1.781533
v 0.956748 0.875675 2.180651
v 0.956748 0.866103 2.257047
v 0.956748 0.866103 2.257047
v 0.956747 0.982402 1.781533
v 0.956747 0.982402 1.781533
v 0.956747 0.915053 1.781533
v 0.956747 0.915053 1.781533
v 0.766381 0.915053 1.781533
v 0.766381 0.915053 1.781533
v 0.541582 1.088289 1.353685
v 0.542023 1.266333 1.351203
v 0.542023 1.266333 1.351203
v 0.750695 1.265836 -0.138009
v 0.603133 1.216974 -0.665038
v 0.634597 1.265836 0.740220
v 0.208981 1.266333 1.353103
v 0.564556 1.087710 -1.052619
v 1.344916 0.400692 2.261140
v 1.344916 0.568507 2.064767
v 1.344916 0.568507 2.064767
v 1.384265 0.400692 2.261140
v 1.384265 0.568507 2.064767
v 1.384265 0.568507 2.064767
v 1.344916 0.592594 2.532875
v 1.344916 0.592594 2.532875
v 1.344916 0.750266 2.322140
v 1.344916 0.750266 2.322140
v 1.384266 0.592594 2.532875
v 1.384266 0.592594 2.532875
v 1.384265 0.750266 2.322140
v 1.384265 0.750266 2.322140
v 1.344916 0.289306 2.378842
v 1.344916 0.289306 2.378842
v 1.384265 0.289306 2.378842
v 1.384265 0.289306 2.378842
v 1.344916 0.571472 2.665318
v 1.344916 0.571472 2.665318
v 1.384266 0.571472 2.665318
v 1.384266 0.571472 2.665318
v 1.344916 0.321239 2.613523
v 1.344916 0.321239 2.613523
v 1.384266 0.321239 2.613523
v 1.384266 0.321239 2.613523
v 1.384265 0.629520 2.077672
v 1.384265 0.629520 2.077672
v 1.344916 0.629520 2.077672
v 1.344916 0.629520 2.077672
v 1.384265 0.746086 2.242731
v 1.384265 0.746086 2.242731
v 1.344916 0.746086 2.242731
v 1.344916 0.746086 2.242731
v 0.998159 0.913566 -2.040731
v 0.512613 0.959631 -1.815147
v 0.512613 0.959631 -1.815147
v 0.976357 0.959631 -1.815147
v 0.976357 0.959631 -1.815147
v 0.724555 0.991713 -1.329462
v 0.976357 0.991713 -1.329462
v 0.976357 0.991713 -1.329462
v 0.724555 0.184419 -1.329462
v 0.976357 0.184419 -1.329462
v 0.976357 0.184419 -1.329462
v 0.976357 0.184419 -1.815147
v 0.663148 1.064972 -1.424641
v 0.663148 1.064972 -1.424641
v 0.494807 1.081352 -1.815226
v 0.494807 1.081352 -1.815226
v 0.526522 1.034739 -1.861512
v 0.526522 1.034739 -1.861512
v 0.703812 1.019951 -1.425821
v 0.703812 1.019951 -1.425821
v 0.656997 1.058902 -1.420758
v 0.697661 1.013881 -1.421938
v 0.488656 1.075282 -1.811342
v 0.520371 1.028669 -1.857628
v 0.815760 1.047769 0.116507
v 0.815760 1.047769 0.116507
v 0.815760 1.047769 0.539002
v 0.815760 1.047769 0.539002
v 0.809512 1.046270 0.948174
v 0.809512 1.046270 0.948174
v 0.783931 1.047126 1.352947
v 0.783931 1.047126 1.352947
v 0.782444 1.089768 0.116507
v 0.782444 1.089768 0.116507
v 0.782444 1.089768 0.539002
v 0.782444 1.089768 0.539002
v 0.779132 1.090275 0.948528
v 0.779132 1.090275 0.948528
v 0.746061 1.083286 1.352591
v 0.746061 1.083286 1.352591
v 0.774219 1.083243 0.539002
v 0.807535 1.041245 0.539002
v 0.774219 1.083243 0.116507
v 0.807535 1.041245 0.116507
v 0.738091 1.076501 1.351548
v 0.775961 1.040341 1.351904
v 0.771162 1.083490 0.947485
v 0.801542 1.039485 0.947131
v 0.758898 0.391486 -1.389962
v 0.758898 0.391486 -1.389962
v 0.758898 0.391486 -1.389962
v 0.833695 0.268815 -0.658892
v 0.758898 0.506049 -1.736197
v 0.770189 0.947218 -1.668262
v 0.770189 0.947218 -1.668262
v 0.758898 0.391486 -1.736197
v 0.758898 0.391486 -1.736197
v 0.847666 0.790193 1.418663
v 0.766381 0.866103 2.257047
v 0.766381 0.866103 2.257047
v 0.847666 0.401327 1.418663
v 0.766381 0.875675 2.180651
v 0.766381 0.982402 1.781533
v 0.912745 0.274209 1.804786
v 0.912745 0.274209 1.804786
v 0.643782 0.177666 0.050425
v 0.643782 0.177666 -0.494282
v 0.643782 0.401327 0.423477
v 0.643781 0.391486 -1.736197
v 1.390467 0.410796 -2.965727
v 1.390467 0.410796 -2.965727
v 1.390467 0.602684 -2.953509
v 1.390467 0.602684 -2.953509
v 1.390467 0.850076 -2.353859
v 1.390467 0.586360 -2.254382
v 1.390467 0.586360 -2.254382
v 1.341603 0.477410 0.568732
v 1.341603 0.477410 0.546112
v 1.341603 0.477410 0.546112
v 1.341603 0.647625 0.454285
v 1.341603 0.647625 0.454285
v 0.893599 0.647625 0.454285
v 1.341603 0.725796 0.419541
v 0.893599 0.725796 0.419541
v 1.341603 0.698796 0.546112
v 1.341603 0.698796 0.546112
v 1.341603 0.698796 0.904096
v 1.390468 0.647625 0.454285
v 1.390468 0.725796 0.419541
v 1.390468 0.725796 0.419541
v 1.390468 0.891615 0.735210
v 1.390468 0.891615 0.735210
v 1.390468 0.477410 0.568732
v 1.390468 0.477410 0.546112
v 1.390468 0.477410 0.546112
v 1.341603 0.891615 0.735210
v 1.390468 0.698796 0.904096
v 1.390468 0.698796 1.755128
v 1.390468 0.891615 1.755128
v 0.920627 0.477410 -1.135660
v 0.920627 0.477410 -1.135660
v 0.920627 0.477410 -0.736435
v 0.920627 0.477410 -0.736435
v 0.920627 0.698796 -0.781586
v 0.920627 0.698796 -0.781586
v 0.920627 0.891615 -1.117928
v 0.920627 0.891615 -1.117928
v 0.920627 0.698796 -1.475912
v 0.920627 0.698796 -1.475912
v 0.893599 0.698796 0.546112
v 0.893599 0.891615 0.735210
v 1.344700 0.300253 -2.483519
v 1.344700 0.300253 -2.483519
v 1.390467 0.300253 -2.483520
v 1.390467 0.300253 -2.483520
v 1.344700 0.294943 -2.620562
v 1.390467 0.294943 -2.620562
v 0.578248 0.252278 2.450509
v 0.578248 0.542819 1.751423
v 0.950637 0.542819 1.751423
v 0.578248 0.252278 1.557884
v 0.950637 0.252278 1.557884
v 0.578248 0.542819 2.554772
v 0.950637 0.542819 2.554772
v 0.578248 0.452370 2.599374
v 0.708083 0.274209 1.819295
v 0.708083 0.274209 1.819295
v 0.950637 0.252278 2.450509
v 0.950637 0.452370 2.599374
v 0.569794 0.329303 1.819295
v 0.569794 0.329303 1.819295
v -0.569794 0.329303 1.819295
v -0.569794 0.329303 1.819295
v -0.631675 0.274209 1.976651
v -0.508309 0.329303 1.976651
v -0.508309 0.329303 1.976651
v 0.631675 0.274209 1.976651
v 0.508309 0.329303 1.976651
v 0.508309 0.329303 1.976651
v -0.263394 0.669127 -2.115087
v -0.979660 0.669127 -2.115087
v -0.979660 0.669127 -2.115087
v -0.263394 0.302103 -2.115087
v 0.617487 0.669127 -2.115087
v 0.617487 0.669127 -2.115087
v 0.976357 0.669127 -2.115087
v 0.976357 0.669127 -2.115087
v 0.606431 0.302103 -2.115087
v 0.976357 0.302103 -2.115087
v 0.976357 0.302103 -2.115087
v 0.319506 1.056282 -1.329462
v 0.319506 0.124189 -1.329462
v 0.322209 0.241872 -2.115087
v -0.098794 1.024200 -1.815147
v -0.098794 1.024200 -1.815147
v -0.085543 1.056282 -1.329462
v -0.085543 0.124189 -1.329462
v -0.203667 0.669127 -2.115087
v -0.203667 0.669127 -2.115087
v -0.082840 0.241872 -2.115087
v 0.209498 1.063402 -2.115087
v 0.512613 1.007208 -2.115087
v 0.512613 1.007208 -2.115087
v -0.098794 1.007208 -2.115087
v -0.098794 1.007208 -2.115087
v 0.131096 0.408346 -2.108442
v 0.280992 0.408346 -2.108442
v 0.391166 0.459401 -2.123174
v 0.391166 0.459401 -2.171121
v 0.020922 0.459401 -2.171121
v 0.020922 0.459401 -2.123174
v -0.000000 0.107578 -1.389961
v -0.000000 0.107578 -1.389961
v -0.000000 0.107578 -1.736197
v -0.000000 0.107578 -1.736197
v -0.000000 0.391486 -1.736197
v -0.000000 0.391486 -1.736197
v -0.000000 0.177666 -0.494282
v -0.000000 0.177666 0.050425
v 0.000000 0.401327 0.423477
v -0.451631 1.072442 1.819295
v -0.451631 1.072442 1.819295
v -0.541750 0.940903 1.819295
v -0.569794 0.819647 1.819295
v -0.508309 0.819647 1.976651
v -0.479687 0.940903 1.976651
v -0.479687 0.940903 1.976651
v -0.439711 0.885670 1.787201
v -0.439711 0.885670 1.976651
v -0.439711 0.885670 1.976651
v -0.456987 0.385217 1.976651
v -0.456987 0.385217 1.976651
v 0.000000 0.385217 1.976651
v -0.456987 0.812576 1.976651
v -0.456987 0.385217 1.787201
v 0.451632 1.072442 1.819295
v 0.451632 1.072442 1.819295
v 0.541751 0.940903 1.819295
v 0.569794 0.819647 1.819295
v 0.479687 0.940903 1.976651
v 0.479687 0.940903 1.976651
v 0.508309 0.819647 1.976651
v 0.439711 0.885670 1.787201
v 0.439711 0.885670 1.976651
v 0.439711 0.885670 1.976651
v 0.456987 0.385217 1.976651
v 0.456987 0.385217 1.976651
v 0.456987 0.812576 1.976651
v 0.456987 0.385217 1.787201
v -1.404001 0.655705 -1.921128
v -1.404001 0.655705 -1.921128
v -1.404001 0.874968 -2.006486
v -1.404001 0.874968 -2.006486
v -0.896421 0.874968 -2.006487
v -1.377185 0.644500 -1.916766
v -1.404001 0.655705 -1.872570
v -1.404001 0.655705 -1.872570
v -1.404001 0.874968 -1.957928
v -1.404001 0.874968 -1.957928
v -0.896421 0.874968 -1.957928
v -1.377185 0.644500 -1.868208
v -1.404001 0.667963 -1.599130
v -1.404001 0.667963 -1.599130
v -1.404001 0.887226 -1.684488
v -1.404001 0.887226 -1.684488
v -0.896421 0.887226 -1.684488
v -1.377185 0.656758 -1.594768
v -1.404001 0.667963 -1.550571
v -1.404001 0.667963 -1.550571
v -1.404001 0.887226 -1.635929
v -1.404001 0.887226 -1.635929
v -0.896421 0.887226 -1.635929
v -1.377185 0.656758 -1.546209
v -1.404001 0.692002 0.971246
v -1.404001 0.692002 0.971246
v -1.404001 0.911265 0.885888
v -1.404001 0.911265 0.885888
v -0.896421 0.911265 0.885888
v -1.377185 0.680797 0.975608
v -1.404001 0.692002 1.019804
v -1.404001 0.692002 1.019804
v -1.404001 0.911265 0.934446
v -1.404001 0.911265 0.934446
v -0.896421 0.911265 0.934446
v -1.377185 0.680797 1.024166
v -1.404000 0.692002 1.328156
v -1.404000 0.692002 1.328156
v -1.404000 0.911265 1.242798
v -1.404000 0.911265 1.242798
v -0.896421 0.911265 1.242798
v -1.377185 0.680797 1.332518
v -1.404000 0.692002 1.376714
v -1.404000 0.692002 1.376714
v -1.404000 0.911265 1.291356
v -1.404000 0.911265 1.291356
v -0.896421 0.911265 1.291356
v -1.377185 0.680797 1.381076
v -1.404000 0.692002 1.685066
v -1.404000 0.692002 1.685066
v -1.404000 0.911265 1.599708
v -1.404000 0.911265 1.599708
v -0.896421 0.911265 1.599708
v -1.377185 0.680797 1.689428
v -1.404000 0.692002 1.733625
v -1.404000 0.692002 1.733625
v -1.404000 0.911265 1.648267
v -1.404000 0.911265 1.648267
v -0.896421 0.911265 1.648267
v -1.377185 0.680797 1.737987
v 1.404000 0.655705 -1.921129
v 1.404000 0.655705 -1.921129
v 1.404000 0.874968 -2.006487
v 1.404000 0.874968 -2.006487
v 0.896421 0.874968 -2.006487
v 1.377185 0.644500 -1.916767
v 1.404000 0.655705 -1.872570
v 1.404000 0.655705 -1.872570
v 1.404000 0.874968 -1.957928
v 1.404000 0.874968 -1.957928
v 0.896421 0.874968 -1.957928
v 1.377185 0.644500 -1.868208
v 1.404000 0.667963 -1.599130
v 1.404000 0.667963 -1.599130
v 1.404000 0.887226 -1.684488
v 1.404000 0.887226 -1.684488
v 0.896421 0.887226 -1.684488
v 1.377185 0.656758 -1.594768
v 1.404000 0.667963 -1.550572
v 1.404000 0.667963 -1.550572
v 1.404000 0.887226 -1.635930
v 1.404000 0.887226 -1.635930
v 0.896421 0.887226 -1.635930
v 1.377185 0.656758 -1.546210
v 1.404001 0.692002 0.971245
v 1.404001 0.692002 0.971245
v 1.404001 0.911265 0.885887
v 1.404001 0.911265 0.885887
v 0.896421 0.911265 0.885887
v 1.377185 0.680797 0.975607
v 1.404001 0.692002 1.019804
v 1.404001 0.692002 1.019804
v 1.404001 0.911265 0.934446
v 1.404001 0.911265 0.934446
v 0.896421 0.911265 0.934446
v 1.377185 0.680797 1.024166
v 1.404001 0.692002 1.328156
v 1.404001 0.692002 1.328156
v 1.404001 0.911265 1.242798
v 1.404001 0.911265 1.242798
v 0.896421 0.911265 1.242798
v 1.377185 0.680797 1.332518
v 1.404001 0.692002 1.376714
v 1.404001 0.692002 1.376714
v 1.404001 0.911265 1.291356
v 1.404001 0.911265 1.291356
v 0.896421 0.911265 1.291356
v 1.377185 0.680797 1.381076
v 1.404001 0.692002 1.685066
v 1.404001 0.692002 1.685066
v 1.404001 0.911265 1.599708
v 1.404001 0.911265 1.599708
v 0.896421 0.911265 1.599708
v 1.377185 0.680797 1.689428
v 1.404001 0.692002 1.733624
v 1.404001 0.692002 1.733624
v 1.404001 0.911265 1.648266
v 1.404001 0.911265 1.648266
v 0.896421 0.911265 1.648266
v 1.377185 0.680797 1.737986
v -0.365704 1.166770 -0.662556
v 0.365704 1.166770 -0.662556
v -0.256419 1.144923 -1.393889
v -0.256419 1.149585 -1.620708
v -0.256419 1.149585 -1.620708
v -0.256419 1.178112 -0.882526
v 0.256419 1.149585 -1.620708
v 0.256419 1.149585 -1.620708
v 0.256419 1.188204 -0.727038
v 0.256419 1.188204 -0.727038
v -0.256419 1.188204 -0.727038
v -0.256419 1.188204 -0.727038
v 0.256419 1.144923 -1.393889
v 0.256419 1.178112 -0.882526
v -0.256419 1.154479 -1.394005
v -0.256419 1.159140 -1.620823
v -0.256419 1.159140 -1.620823
v -0.256419 1.187667 -0.882642
v 0.256419 1.159140 -1.620823
v 0.256419 1.159140 -1.620823
v 0.256419 1.197759 -0.727153
v 0.256419 1.197759 -0.727153
v -0.256419 1.197759 -0.727153
v -0.256419 1.197759 -0.727153
v 0.256419 1.154479 -1.394005
v 0.256419 1.187667 -0.882642
v -0.268884 1.222281 1.461815
v -0.268884 1.222281 1.461815
v -0.195844 1.222281 1.461815
v -0.195844 1.222281 1.461815
v -0.164076 1.159627 1.629532
v -0.166558 1.222281 1.626984
v -0.166558 1.222281 1.626984
v -0.300652 1.159627 1.629532
v -0.298171 1.222281 1.626984
v -0.298171 1.222281 1.626984
v -0.270261 1.159627 1.458133
v -0.194467 1.159627 1.458133
v -0.308709 1.222281 1.567549
v -0.298413 1.222281 1.509478
v -0.166316 1.222281 1.509478
v -0.156019 1.222281 1.567549
v -0.202430 1.222281 1.649222
v -0.262298 1.222281 1.649221
v -0.503032 0.541428 2.500559
v -0.503032 0.541428 2.500559
v -0.503032 0.541428 1.872369
v -0.503032 0.541428 1.872369
v -0.014581 0.541428 1.872369
v -0.014581 0.541428 1.872369
v -0.014581 0.541428 2.500559
v -0.014581 0.541428 2.500559
v -0.798155 0.541428 1.872369
v -0.798155 0.541428 1.872369
v -0.798155 0.541428 2.500559
v -0.798155 0.541428 2.500559
v -0.532193 0.541428 1.872369
v -0.532193 0.541428 1.872369
v -0.532193 0.541428 2.500559
v -0.532193 0.541428 2.500559
v 0.014581 0.541428 1.872369
v 0.014581 0.541428 1.872369
v 0.503032 0.541428 1.872369
v 0.503032 0.541428 1.872369
v 0.503032 0.541428 2.500559
v 0.503032 0.541428 2.500559
v 0.014581 0.541428 2.500559
v 0.014581 0.541428 2.500559
v 0.532194 0.541428 1.872369
v 0.532194 0.541428 1.872369
v 0.798155 0.541428 1.872369
v 0.798155 0.541428 1.872369
v 0.798155 0.541428 2.500559
v 0.798155 0.541428 2.500559
v 0.532194 0.541428 2.500559
v 0.532194 0.541428 2.500559
v -0.503032 0.533240 2.500559
v -0.503032 0.533240 2.500559
v -0.503032 0.533240 1.872369
v -0.503032 0.533240 1.872369
v -0.014581 0.533240 1.872369
v -0.014581 0.533240 1.872369
v -0.014581 0.533240 2.500559
v -0.014581 0.533240 2.500559
v -0.798155 0.533240 1.872369
v -0.798155 0.533240 1.872369
v -0.798155 0.533240 2.500559
v -0.798155 0.533240 2.500559
v -0.532193 0.533240 1.872369
v -0.532193 0.533240 1.872369
v -0.532193 0.533240 2.500559
v -0.532193 0.533240 2.500559
v 0.014581 0.533240 1.872369
v 0.014581 0.533240 1.872369
v 0.503032 0.533240 1.872369
v 0.503032 0.533240 1.872369
v 0.503032 0.533240 2.500559
v 0.503032 0.533240 2.500559
v 0.014581 0.533240 2.500559
v 0.014581 0.533240 2.500559
v 0.532194 0.533240 1.872369
v 0.532194 0.533240 1.872369
v 0.798155 0.533240 1.872369
v 0.798155 0.533240 1.872369
v 0.798155 0.533240 2.500559
v 0.798155 0.533240 2.500559
v 0.532194 0.533240 2.500559
v 0.532194 0.533240 2.500559
v -1.344248 0.473141 -2.571287
v -1.344248 0.465344 -2.621746
v -1.344248 0.443139 -2.664524
v -1.344248 0.409907 -2.693107
v -1.344248 0.298275 -2.664524
v -1.344248 0.276070 -2.621746
v -1.344248 0.268273 -2.571287
v -1.344248 0.276070 -2.520827
v -1.344248 0.298275 -2.478050
v -1.344248 0.331507 -2.449467
v -1.344248 0.370707 -2.439430
v -1.344248 0.409907 -2.449467
v -1.344248 0.443139 -2.478050
v -1.344248 0.465344 -2.520827
v -1.344248 0.370707 -2.703144
v -1.344248 0.331507 -2.693107
v -1.398637 0.473141 -2.571287
v -1.398637 0.465344 -2.621746
v -1.398637 0.443139 -2.664524
v -1.398637 0.409907 -2.693107
v -1.398637 0.298275 -2.664524
v -1.398637 0.276070 -2.621746
v -1.398637 0.268273 -2.571287
v -1.398637 0.276070 -2.520827
v -1.398637 0.298275 -2.478050
v -1.398637 0.331507 -2.449466
v -1.398637 0.370707 -2.439430
v -1.398637 0.409907 -2.449466
v -1.398637 0.443139 -2.478050
v -1.398637 0.465344 -2.520827
v -1.398637 0.370707 -2.703144
v -1.398637 0.331507 -2.693107
v -1.344247 0.473141 2.418074
v -1.344247 0.465344 2.367615
v -1.344247 0.443139 2.324836
v -1.344247 0.409907 2.296254
v -1.344247 0.298275 2.324836
v -1.344247 0.276070 2.367615
v -1.344247 0.268273 2.418074
v -1.344247 0.276070 2.468534
v -1.344247 0.298275 2.511311
v -1.344247 0.331507 2.539894
v -1.344247 0.370707 2.549931
v -1.344247 0.409907 2.539894
v -1.344247 0.443139 2.511311
v -1.344247 0.465344 2.468534
v -1.344247 0.370707 2.286216
v -1.344247 0.331507 2.296254
v -1.398637 0.473141 2.418074
v -1.398637 0.465344 2.367615
v -1.398637 0.443139 2.324836
v -1.398637 0.409907 2.296254
v -1.398637 0.298275 2.324836
v -1.398637 0.276070 2.367615
v -1.398637 0.268273 2.418074
v -1.398637 0.276070 2.468534
v -1.398637 0.298275 2.511311
v -1.398637 0.331507 2.539894
v -1.398637 0.370707 2.549932
v -1.398637 0.409907 2.539894
v -1.398637 0.443139 2.511311
v -1.398637 0.465344 2.468534
v -1.398637 0.370707 2.286216
v -1.398637 0.331507 2.296254
v 1.344247 0.473141 -2.571287
v 1.344247 0.465344 -2.621746
v 1.344247 0.443139 -2.664524
v 1.344247 0.409907 -2.693107
v 1.344247 0.298275 -2.664524
v 1.344247 0.276070 -2.621746
v 1.344247 0.268273 -2.571287
v 1.344247 0.276070 -2.520827
v 1.344247 0.298275 -2.478050
v 1.344247 0.331507 -2.449467
v 1.344247 0.370707 -2.439430
v 1.344247 0.409907 -2.449467
v 1.344247 0.443139 -2.478050
v 1.344247 0.465344 -2.520827
v 1.344247 0.370707 -2.703144
v 1.344247 0.331507 -2.693107
v 1.398637 0.473141 -2.571287
v 1.398637 0.465344 -2.621746
v 1.398637 0.443139 -2.664525
v 1.398637 0.409907 -2.693107
v 1.398637 0.298275 -2.664525
v 1.398637 0.276070 -2.621746
v 1.398637 0.268273 -2.571287
v 1.398637 0.276070 -2.520827
v 1.398637 0.298275 -2.478050
v 1.398637 0.331507 -2.449467
v 1.398637 0.370707 -2.439430
v 1.398637 0.409907 -2.449467
v 1.398637 0.443139 -2.478050
v 1.398637 0.465344 -2.520827
v 1.398637 0.370707 -2.703145
v 1.398637 0.331507 -2.693107
v 1.344248 0.473141 2.418074
v 1.344248 0.465344 2.367615
v 1.344248 0.443139 2.324836
v 1.344248 0.409907 2.296253
v 1.344248 0.298275 2.324836
v 1.344248 0.276070 2.367615
v 1.344248 0.268273 2.418074
v 1.344248 0.276070 2.468534
v 1.344248 0.298275 2.511311
v 1.344248 0.331507 2.539894
v 1.344248 0.370707 2.549931
v 1.344248 0.409907 2.539894
v 1.344248 0.443139 2.511311
v 1.344248 0.465344 2.468534
v 1.344248 0.370707 2.286216
v 1.344248 0.331507 2.296253
v 1.398637 0.473141 2.418074
v 1.398637 0.465344 2.367615
v 1.398637 0.443139 2.324836
v 1.398637 0.409907 2.296253
v 1.398637 0.298275 2.324836
v 1.398637 0.276070 2.367615
v 1.398637 0.268273 2.418074
v 1.398637 0.276070 2.468534
v 1.398637 0.298275 2.511311
v 1.398637 0.331507 2.539894
v 1.398637 0.370707 2.549931
v 1.398637 0.409907 2.539894
v 1.398637 0.443139 2.511311
v 1.398637 0.465344 2.468534
v 1.398637 0.370707 2.286216
v 1.398637 0.331507 2.296253
v -0.028846 0.370646 2.592006
v -0.028846 0.370646 2.592006
v -0.028847 0.264894 2.558377
v -0.028847 0.264894 2.558377
v 0.032075 0.370646 2.592006
v 0.032075 0.370646 2.592006
v 0.032075 0.264894 2.558377
v 0.032075 0.264894 2.558377
v -0.028847 0.338092 2.307240
v -0.028847 0.338092 2.307240
v -0.028847 0.238737 2.307240
v -0.028847 0.238737 2.307240
v 0.032075 0.338092 2.307240
v 0.032075 0.338092 2.307240
v 0.032075 0.238737 2.307240
v 0.032075 0.238737 2.307240
v -0.028847 0.238737 2.445902
v 0.032075 0.238737 2.445902
v 0.899276 0.860957 -0.204025
v 0.899276 0.860957 -0.204025
v 0.899276 0.860957 -0.157433
v 0.899276 0.860957 -0.157433
v 0.899276 0.963871 -0.204025
v 0.899276 0.963871 -0.204025
v 0.899276 0.963871 -0.157433
v 0.899276 0.963871 -0.157433
v 0.809054 0.963871 -0.157433
v 0.809054 0.860957 -0.157433
v 0.809054 0.963871 -0.297210
v 0.899276 0.963435 -0.093520
v 0.899276 0.963435 -0.093520
v 0.899276 0.963435 -0.140113
v 0.899276 0.963435 -0.140113
v 0.899276 0.860520 -0.093520
v 0.899276 0.860520 -0.093520
v 0.899276 0.860520 -0.140113
v 0.899276 0.860520 -0.140113
v 0.809054 0.860520 -0.140113
v 0.809054 0.963435 -0.140113
v 0.809054 0.860520 -0.000336
v -0.733672 0.857575 1.951652
v -0.733672 0.857575 1.951652
v -0.733672 0.816260 1.951064
v -0.733672 0.816260 1.951064
v -0.631407 0.816260 1.951915
v -0.631407 0.816260 1.951915
v -0.631407 0.857575 1.951916
v -0.631407 0.857575 1.951916
v -0.778459 0.858137 1.895918
v -0.778459 0.858137 1.895918
v -0.778459 0.816822 1.895330
v -0.778459 0.816822 1.895330
v -0.586253 0.816822 1.896181
v -0.586253 0.816822 1.896181
v -0.586253 0.858137 1.896182
v -0.586253 0.858137 1.896182
v -0.615259 0.816878 1.889237
v -0.615259 0.816878 1.889237
v -0.615259 0.858194 1.889238
v -0.615259 0.858194 1.889238
v -0.645748 0.857709 1.926871
v -0.645748 0.857709 1.926871
v -0.645733 0.816394 1.926852
v -0.645733 0.816394 1.926852
v -0.586107 0.817665 1.796471
v -0.778312 0.817665 1.795620
v -0.586107 0.858980 1.796473
v -0.778312 0.858980 1.796209
v -0.719221 0.857709 1.926682
v -0.719221 0.857709 1.926682
v -0.719206 0.816394 1.926240
v -0.719206 0.816394 1.926240
v -0.749441 0.816879 1.888616
v -0.749441 0.816879 1.888616
v -0.749441 0.858193 1.889076
v -0.749441 0.858193 1.889076
v -0.749352 0.858847 1.838391
v -0.749352 0.858847 1.838391
v -0.615170 0.858847 1.838575
v -0.615170 0.858847 1.838575
v -0.749352 0.817532 1.837956
v -0.749352 0.817532 1.837956
v -0.615170 0.817532 1.838549
v -0.615170 0.817532 1.838549
v -0.733672 0.643679 1.951652
v -0.733672 0.643679 1.951652
v -0.733672 0.602364 1.951064
v -0.733672 0.602364 1.951064
v -0.631407 0.602364 1.951915
v -0.631407 0.602364 1.951915
v -0.631407 0.643679 1.951916
v -0.631407 0.643679 1.951916
v -0.778459 0.644241 1.895918
v -0.778459 0.644241 1.895918
v -0.778459 0.602926 1.895330
v -0.778459 0.602926 1.895330
v -0.586253 0.602926 1.896181
v -0.586253 0.602926 1.896181
v -0.586253 0.644241 1.896182
v -0.586253 0.644241 1.896182
v -0.615259 0.602983 1.889237
v -0.615259 0.602983 1.889237
v -0.615259 0.644298 1.889238
v -0.615259 0.644298 1.889238
v -0.645748 0.643813 1.926871
v -0.645748 0.643813 1.926871
v -0.645733 0.602498 1.926852
v -0.645733 0.602498 1.926852
v -0.586107 0.603770 1.796471
v -0.778312 0.603770 1.795620
v -0.586107 0.645085 1.796473
v -0.778312 0.645085 1.796209
v -0.719221 0.643813 1.926682
v -0.719221 0.643813 1.926682
v -0.719206 0.602498 1.926240
v -0.719206 0.602498 1.926240
v -0.749441 0.602983 1.888616
v -0.749441 0.602983 1.888616
v -0.749441 0.644298 1.889076
v -0.749441 0.644298 1.889076
v -0.749352 0.644951 1.838391
v -0.749352 0.644951 1.838391
v -0.615170 0.644951 1.838575
v -0.615170 0.644951 1.838575
v -0.749352 0.603636 1.837956
v -0.749352 0.603636 1.837956
v -0.615170 0.603636 1.838549
v -0.615170 0.603636 1.838549
v -0.456139 1.124436 -1.163861
v -0.456139 1.124436 -1.163861
v -0.456139 1.135745 -1.019209
v -0.456139 1.135745 -1.019209
v -0.510785 1.124436 -1.163861
v -0.510785 1.124436 -1.163861
v -0.510785 1.135745 -1.019209
v -0.510785 1.135745 -1.019209
v -0.469879 1.157300 -1.131378
v -0.469879 1.157300 -1.131378
v -0.469879 1.162922 -1.059471
v -0.469879 1.162922 -1.059471
v -0.497044 1.157300 -1.131378
v -0.497044 1.157300 -1.131378
v -0.497044 1.162922 -1.059471
v -0.497044 1.162922 -1.059471
v -0.469879 1.170233 -0.993181
v -0.469879 1.170233 -0.993181
v -0.469879 1.175855 -0.921273
v -0.469879 1.175855 -0.921273
v -0.497044 1.170233 -0.993181
v -0.497044 1.170233 -0.993181
v -0.497044 1.175855 -0.921273
v -0.497044 1.175855 -0.921273
v -0.456139 1.148679 -0.881012
v -0.510785 1.148679 -0.881012
v -0.510785 1.137369 -1.025664
v -0.456139 1.137369 -1.025664
v -0.391085 0.961193 1.952378
v -0.391085 0.961193 1.952378
v -0.374124 1.052151 1.843567
v -0.374124 1.052151 1.843567
v 0.374124 1.052151 1.843567
v 0.374124 1.052151 1.843567
v 0.391085 0.961193 1.952378
v 0.391085 0.961193 1.952378
v -0.391085 0.968936 1.963103
v -0.391085 0.968936 1.963103
v -0.374124 1.059894 1.854292
v -0.374124 1.059894 1.854292
v 0.374124 1.059894 1.854292
v 0.374124 1.059894 1.854292
v 0.391085 0.968936 1.963103
v 0.391085 0.968936 1.963103
v 0.599431 1.175174 -0.666153
v -0.599431 1.175174 -0.666153
v -0.632927 1.145034 -0.133860
v 0.632927 1.145034 -0.133861
v 1.275624 0.473141 -2.571287
v 1.275624 0.465344 -2.621746
v 1.275624 0.443139 -2.664524
v 1.275624 0.409907 -2.693107
v 1.275624 0.298275 -2.664524
v 1.275624 0.276070 -2.621746
v 1.275624 0.268273 -2.571287
v 1.275624 0.276070 -2.520827
v 1.275624 0.298275 -2.478050
v 1.275624 0.331507 -2.449467
v 1.275624 0.370707 -2.439430
v 1.275624 0.409907 -2.449467
v 1.275624 0.443139 -2.478050
v 1.275624 0.465344 -2.520827
v 1.275624 0.370707 -2.703144
v 1.275624 0.331507 -2.693107
v 0.909043 0.728395 -0.592012
v 0.909043 0.728395 -0.592012
v 0.909043 0.806704 -0.494619
v 0.909043 0.806704 -0.494619
v 0.909043 0.806704 -0.112241
v 0.909043 0.806704 -0.112241
v 0.909044 0.728395 -0.014848
v 0.909044 0.728395 -0.014848
v 0.909044 0.438979 -0.494619
v 0.909044 0.438979 -0.494619
v 0.909044 0.517287 -0.592012
v 0.909044 0.517287 -0.592012
v 0.909044 0.517287 -0.014849
v 0.909044 0.517287 -0.014849
v 0.909044 0.438978 -0.112241
v 0.909044 0.438978 -0.112241
v 0.908946 0.710510 -0.046518
v 0.908946 0.710510 -0.046518
v 0.908946 0.646007 -0.046518
v 0.908946 0.646007 -0.046518
v 0.908946 0.646007 -0.374967
v 0.908946 0.646007 -0.374967
v 0.908946 0.710510 -0.374967
v 0.908946 0.710510 -0.374967
v 0.873851 0.517297 -0.591981
v 0.873851 0.517297 -0.591981
v 0.873851 0.728406 -0.591981
v 0.873851 0.728406 -0.591981
v 0.873851 0.728405 -0.014817
v 0.873851 0.728405 -0.014817
v 0.873851 0.517297 -0.014817
v 0.873851 0.517297 -0.014817
v 0.873851 0.806714 -0.494588
v 0.873851 0.806714 -0.494588
v 0.873851 0.806714 -0.112210
v 0.873851 0.806714 -0.112210
v 0.873851 0.438989 -0.494588
v 0.873851 0.438989 -0.494588
v 0.873851 0.438989 -0.112210
v 0.873851 0.438989 -0.112210
v 0.873753 0.710521 -0.374936
v 0.873753 0.710521 -0.374936
v 0.873753 0.710521 -0.046486
v 0.873753 0.710521 -0.046486
v 0.873753 0.646017 -0.046487
v 0.873753 0.646017 -0.046487
v 0.873753 0.646017 -0.374936
v 0.873753 0.646017 -0.374936
v -0.207301 0.549083 1.818374
v -0.207301 0.549083 1.818374
v -0.210434 0.537673 1.791275
v -0.210434 0.537673 1.791275
v -0.207301 0.881260 1.818374
v -0.207301 0.881260 1.818374
v -0.210434 0.888075 1.791275
v -0.210434 0.888075 1.791275
v -0.210434 0.825791 1.791275
v -0.207301 0.820953 1.818374
v -0.013885 0.881260 1.818374
v -0.013885 0.881260 1.818374
v -0.002339 0.881260 1.807787
v -0.002339 0.881260 1.807787
v -0.013885 0.820953 1.818374
v -0.013885 0.549083 1.818374
v -0.013885 0.549083 1.818374
v -0.013885 0.888075 1.791275
v -0.013885 0.537673 1.791275
v -0.173383 0.870590 1.791275
v -0.173383 0.870590 1.791275
v -0.173383 0.829581 1.791275
v -0.173383 0.829581 1.791275
v -0.171179 0.870590 1.818374
v -0.171179 0.870590 1.818374
v -0.171179 0.829581 1.818374
v -0.171179 0.829581 1.818374
v -0.050472 0.870590 1.791275
v -0.050472 0.870590 1.791275
v -0.050472 0.829581 1.791275
v -0.050472 0.829581 1.791275
v -0.050472 0.870590 1.818374
v -0.050472 0.870590 1.818374
v -0.050472 0.829581 1.818374
v -0.050472 0.829581 1.818374
v -0.002339 0.549083 1.807787
v -0.002339 0.549083 1.807787
v -0.002339 0.537673 1.789915
v -0.002339 0.537673 1.789915
v -0.002339 0.888075 1.789915
v -0.002339 0.888075 1.789915
v -0.002339 0.825791 1.789915
v -0.002339 0.820953 1.807787
v -0.346812 0.829581 1.789380
v -0.346812 0.829581 1.789380
v -0.346812 0.829581 1.816479
v -0.346812 0.829581 1.816479
v -0.346812 0.870590 1.816479
v -0.346812 0.870590 1.816479
v -0.346812 0.870590 1.789380
v -0.346812 0.870590 1.789380
v -0.260928 0.829581 1.816479
v -0.260928 0.829581 1.816479
v -0.260928 0.829581 1.789380
v -0.260928 0.829581 1.789380
v -0.260928 0.870590 1.816479
v -0.260928 0.870590 1.816479
v -0.260928 0.870590 1.789380
v -0.260928 0.870590 1.789380
v -0.216785 0.549083 1.816479
v -0.216785 0.549083 1.816479
v -0.213652 0.537673 1.789380
v -0.213652 0.537673 1.789380
v -0.443346 0.549083 1.816479
v -0.443346 0.549083 1.816479
v -0.455126 0.537673 1.789380
v -0.455126 0.537673 1.789380
v -0.216785 0.881260 1.816479
v -0.216785 0.881260 1.816479
v -0.213652 0.888075 1.789380
v -0.213652 0.888075 1.789380
v -0.429761 0.879201 1.816479
v -0.429761 0.879201 1.816479
v -0.440796 0.885902 1.789380
v -0.440796 0.885902 1.789380
v -0.455126 0.818636 1.789380
v -0.443346 0.814170 1.816479
v -0.213652 0.825791 1.789380
v -0.216785 0.820953 1.816479
v 0.346812 0.829581 1.789380
v 0.346812 0.829581 1.789380
v 0.346812 0.829581 1.816479
v 0.346812 0.829581 1.816479
v 0.346812 0.870590 1.816479
v 0.346812 0.870590 1.816479
v 0.346812 0.870590 1.789380
v 0.346812 0.870590 1.789380
v 0.260928 0.829581 1.816479
v 0.260928 0.829581 1.816479
v 0.260928 0.829581 1.789380
v 0.260928 0.829581 1.789380
v 0.260928 0.870590 1.816479
v 0.260928 0.870590 1.816479
v 0.260928 0.870590 1.789380
v 0.260928 0.870590 1.789380
v 0.216785 0.549083 1.816479
v 0.216785 0.549083 1.816479
v 0.213653 0.537673 1.789380
v 0.213653 0.537673 1.789380
v 0.443346 0.549083 1.816479
v 0.443346 0.549083 1.816479
v 0.455127 0.537673 1.789380
v 0.455127 0.537673 1.789380
v 0.216785 0.881260 1.816479
v 0.216785 0.881260 1.816479
v 0.213653 0.888075 1.789380
v 0.213653 0.888075 1.789380
v 0.429762 0.879201 1.816479
v 0.429762 0.879201 1.816479
v 0.440797 0.885902 1.789380
v 0.440797 0.885902 1.789380
v 0.455127 0.818636 1.789380
v 0.443346 0.814170 1.816479
v 0.213653 0.825791 1.789380
v 0.216785 0.820953 1.816479
v -0.339511 0.623896 -2.595838
v -0.339511 0.623896 -2.595838
v -0.421529 0.623896 -2.595838
v -0.421529 0.623896 -2.595838
v -0.358112 0.605328 -2.595838
v -0.358112 0.605328 -2.595838
v -0.358112 0.605328 -2.595838
v -0.358112 0.605328 -2.595838
v -0.402929 0.605328 -2.595838
v -0.402929 0.605328 -2.595838
v -0.402929 0.605328 -2.595838
v -0.402929 0.605328 -2.595838
v -0.442702 0.584022 -2.595838
v -0.442702 0.584022 -2.595838
v -0.442702 0.584022 -2.595838
v -0.442702 0.623896 -2.595838
v -0.442702 0.623896 -2.595838
v -0.442702 0.623896 -2.595838
v -0.318338 0.623896 -2.595838
v -0.318338 0.623896 -2.595838
v -0.318338 0.623896 -2.595838
v -0.318338 0.584022 -2.595838
v -0.318338 0.584022 -2.595838
v -0.318338 0.584022 -2.595838
v -0.318338 0.504204 -2.595838
v -0.318338 0.504204 -2.595838
v -0.358112 0.504204 -2.595838
v -0.358112 0.504204 -2.595838
v -0.402929 0.504204 -2.595838
v -0.402929 0.504204 -2.595838
v -0.442702 0.504204 -2.595838
v -0.442702 0.504204 -2.595838
v -0.339511 0.705633 -2.241218
v -0.421529 0.705633 -2.241218
v -0.339511 0.626921 -2.241218
v -0.339511 0.626921 -2.241218
v -0.421529 0.626921 -2.241218
v -0.421529 0.626921 -2.241218
v -0.442702 0.682299 -2.241218
v -0.442702 0.682299 -2.241218
v -0.442702 0.705633 -2.241218
v -0.442702 0.705633 -2.241218
v -0.318338 0.705633 -2.241218
v -0.318338 0.705633 -2.241218
v -0.318338 0.682299 -2.241218
v -0.318338 0.682299 -2.241218
v -0.318338 0.504204 -2.241218
v -0.318338 0.504204 -2.241218
v -0.339511 0.504204 -2.241218
v -0.339511 0.504204 -2.241218
v -0.421529 0.504204 -2.241218
v -0.421529 0.504204 -2.241218
v -0.442702 0.504204 -2.241218
v -0.442702 0.504204 -2.241218
v -0.442702 0.504204 -2.450002
v -0.442702 0.504204 -2.450002
v -0.442702 0.504204 -2.450002
v -0.402929 0.504204 -2.450002
v -0.402929 0.663881 -2.450002
v -0.402929 0.663881 -2.450002
v -0.358112 0.663881 -2.450002
v -0.358112 0.663881 -2.450002
v -0.442702 0.698288 -2.450002
v -0.442702 0.698288 -2.450002
v -0.318338 0.504204 -2.450002
v -0.318338 0.504204 -2.450002
v -0.318338 0.504204 -2.450002
v -0.318338 0.698288 -2.450002
v -0.318338 0.698288 -2.450002
v -0.300369 0.663760 -2.241218
v -0.300369 0.663760 -2.241218
v -0.358112 0.504204 -2.450002
v -0.339511 0.698288 -2.450002
v -0.421529 0.698288 -2.450002
v -0.442702 0.676724 -2.450002
v -0.442702 0.676724 -2.450002
v -0.318338 0.676724 -2.450002
v -0.318338 0.676724 -2.450002
v -0.300369 0.658186 -2.450002
v -0.300369 0.658186 -2.450002
v -0.460672 0.658186 -2.450002
v -0.460672 0.658186 -2.450002
v -0.460672 0.526892 -2.241218
v -0.460672 0.526892 -2.241218
v -0.300369 0.526892 -2.450002
v -0.300369 0.526892 -2.450002
v -0.300369 0.526892 -2.241218
v -0.300369 0.526892 -2.241218
v -0.460672 0.663760 -2.241218
v -0.460672 0.663760 -2.241218
v -0.460672 0.526892 -2.450002
v -0.460672 0.526892 -2.450002
v -0.909044 0.728395 -0.592012
v -0.909044 0.728395 -0.592012
v -0.909044 0.806704 -0.494619
v -0.909044 0.806704 -0.494619
v -0.909044 0.806704 -0.112241
v -0.909044 0.806704 -0.112241
v -0.909044 0.728395 -0.014848
v -0.909044 0.728395 -0.014848
v -0.909043 0.438979 -0.494619
v -0.909043 0.438979 -0.494619
v -0.909044 0.517287 -0.592012
v -0.909044 0.517287 -0.592012
v -0.909043 0.517287 -0.014848
v -0.909043 0.517287 -0.014848
v -0.909043 0.438978 -0.112241
v -0.909043 0.438978 -0.112241
v -0.908946 0.710510 -0.046518
v -0.908946 0.710510 -0.046518
v -0.908946 0.646007 -0.046518
v -0.908946 0.646007 -0.046518
v -0.908946 0.646007 -0.374967
v -0.908946 0.646007 -0.374967
v -0.908946 0.710510 -0.374967
v -0.908946 0.710510 -0.374967
v -0.873851 0.517297 -0.591981
v -0.873851 0.517297 -0.591981
v -0.873851 0.728406 -0.591981
v -0.873851 0.728406 -0.591981
v -0.873851 0.728406 -0.014817
v -0.873851 0.728406 -0.014817
v -0.873851 0.517297 -0.014817
v -0.873851 0.517297 -0.014817
v -0.873851 0.806714 -0.494588
v -0.873851 0.806714 -0.494588
v -0.873851 0.806714 -0.112210
v -0.873851 0.806714 -0.112210
v -0.873851 0.438989 -0.494588
v -0.873851 0.438989 -0.494588
v -0.873851 0.438989 -0.112210
v -0.873851 0.438989 -0.112210
v -0.873753 0.710521 -0.374936
v -0.873753 0.710521 -0.374936
v -0.873753 0.710521 -0.046486
v -0.873753 0.710521 -0.046486
v -0.873753 0.646017 -0.046486
v -0.873753 0.646017 -0.046486
v -0.873753 0.646017 -0.374936
v -0.873753 0.646017 -0.374936
v 0.207302 0.549083 1.818374
v 0.207302 0.549083 1.818374
v 0.210435 0.537673 1.791275
v 0.210435 0.537673 1.791275
v 0.207302 0.881260 1.818374
v 0.207302 0.881260 1.818374
v 0.210435 0.888075 1.791275
v 0.210435 0.888075 1.791275
v 0.210435 0.825791 1.791275
v 0.207302 0.820953 1.818374
v 0.013885 0.881260 1.818374
v 0.013885 0.881260 1.818374
v 0.002339 0.881260 1.807787
v 0.002339 0.881260 1.807787
v 0.013885 0.820953 1.818374
v 0.013885 0.549083 1.818374
v 0.013885 0.549083 1.818374
v 0.013885 0.888075 1.791275
v 0.013885 0.537673 1.791275
v 0.173383 0.870590 1.791275
v 0.173383 0.870590 1.791275
v 0.173383 0.829581 1.791275
v 0.173383 0.829581 1.791275
v 0.171179 0.870590 1.818374
v 0.171179 0.870590 1.818374
v 0.171179 0.829581 1.818374
v 0.171179 0.829581 1.818374
v 0.050472 0.870590 1.791275
v 0.050472 0.870590 1.791275
v 0.050472 0.829581 1.791275
v 0.050472 0.829581 1.791275
v 0.050472 0.870590 1.818374
v 0.050472 0.870590 1.818374
v 0.050472 0.829581 1.818374
v 0.050472 0.829581 1.818374
v 0.002339 0.549083 1.807787
v 0.002339 0.549083 1.807787
v 0.002339 0.537673 1.789915
v 0.002339 0.537673 1.789915
v 0.002339 0.888075 1.789915
v 0.002339 0.888075 1.789915
v 0.002339 0.825791 1.789915
v 0.002339 0.820953 1.807787
v -0.227612 1.147829 -1.383141
v -0.227612 1.147829 -1.383141
v 0.227611 1.147829 -1.383141
v 0.227611 1.147829 -1.383141
v -0.227612 1.151966 -1.584477
v -0.227612 1.151966 -1.584477
v 0.227611 1.151966 -1.584477
v 0.227611 1.151966 -1.584477
v -0.213097 1.166496 -1.387674
v -0.213097 1.166496 -1.387674
v -0.213097 1.170475 -1.583847
v -0.213097 1.170475 -1.583847
v 0.213097 1.166496 -1.387674
v 0.213097 1.166496 -1.387674
v 0.213097 1.170475 -1.583847
v 0.213097 1.170475 -1.583847
v -0.227612 1.148095 -1.379043
v -0.227612 1.148095 -1.379043
v 0.227611 1.148095 -1.379043
v 0.227611 1.148095 -1.379043
v -0.227612 1.186247 -0.791206
v -0.227612 1.186247 -0.791206
v 0.227611 1.186247 -0.791206
v 0.227611 1.186247 -0.791206
v -0.213097 1.166546 -1.383559
v -0.213097 1.166546 -1.383559
v 0.213097 1.166546 -1.383559
v 0.213097 1.166546 -1.383559
v -0.213097 1.204698 -0.793191
v -0.213097 1.204698 -0.793191
v 0.213097 1.204698 -0.793191
v 0.213097 1.204698 -0.793191
v -0.141442 1.172486 -1.291639
v -0.141442 1.172486 -1.291639
v -0.099190 1.172486 -1.291639
v -0.099190 1.172486 -1.291639
v -0.099190 1.180681 -1.164838
v -0.099190 1.180681 -1.164838
v -0.141442 1.180681 -1.164838
v -0.141442 1.180681 -1.164838
v -0.141442 1.176324 -1.292050
v -0.141442 1.176324 -1.292050
v -0.099190 1.176324 -1.292050
v -0.099190 1.176324 -1.292050
v -0.099190 1.184518 -1.165249
v -0.099190 1.184518 -1.165249
v -0.141442 1.184518 -1.165249
v -0.141442 1.184518 -1.165249
v -0.055038 1.681058 -0.697513
v -0.000000 1.695805 -0.697513
v -0.095328 1.640768 -0.697513
v -0.110075 1.585730 -0.697513
v -0.095328 1.530692 -0.697513
v -0.055038 1.490402 -0.697513
v -0.000000 1.475655 -0.697513
v 0.055038 1.490402 -0.697513
v 0.095328 1.530692 -0.697513
v 0.110075 1.585730 -0.697513
v 0.095328 1.640768 -0.697513
v 0.055038 1.681058 -0.697513
v -0.030978 1.639387 -1.384721
v -0.000000 1.647687 -1.384721
v -0.053656 1.616709 -1.384721
v -0.061956 1.585731 -1.384722
v -0.053656 1.554753 -1.384722
v -0.030978 1.532076 -1.384722
v -0.000000 1.523775 -1.384722
v 0.030978 1.532076 -1.384722
v 0.053655 1.554753 -1.384722
v 0.061956 1.585731 -1.384722
v 0.053655 1.616709 -1.384721
v 0.030978 1.639387 -1.384721
v -0.030712 1.638927 -1.456110
v -0.000000 1.647156 -1.456110
v -0.053195 1.616444 -1.456110
v -0.061425 1.585732 -1.456110
v -0.053195 1.555019 -1.456110
v -0.030712 1.532536 -1.456111
v -0.000000 1.524307 -1.456110
v 0.030712 1.532536 -1.456111
v 0.053195 1.555019 -1.456110
v 0.061424 1.585732 -1.456110
v 0.053195 1.616444 -1.456110
v 0.030712 1.638927 -1.456110
v -0.029027 1.636008 -1.927519
v -0.000000 1.643785 -1.927519
v -0.050276 1.614759 -1.927519
v -0.058053 1.585732 -1.927519
v -0.050276 1.556705 -1.927519
v -0.029027 1.535457 -1.927519
v -0.000000 1.527679 -1.927519
v 0.029026 1.535457 -1.927519
v 0.050275 1.556705 -1.927519
v 0.058053 1.585732 -1.927519
v 0.050275 1.614759 -1.927519
v 0.029026 1.636008 -1.927519
v -0.028623 1.635309 -1.999034
v -0.000000 1.642978 -1.999034
v -0.049577 1.614355 -1.999034
v -0.057246 1.585732 -1.999034
v -0.049577 1.557109 -1.999034
v -0.028623 1.536155 -1.999034
v -0.000000 1.528486 -1.999035
v 0.028623 1.536155 -1.999034
v 0.049576 1.557109 -1.999034
v 0.057246 1.585732 -1.999034
v 0.049576 1.614355 -1.999034
v 0.028623 1.635309 -1.999034
v -0.042574 1.659471 -1.428322
v -0.000000 1.670879 -1.428322
v -0.073740 1.628305 -1.428322
v -0.085148 1.585731 -1.428322
v -0.073740 1.543157 -1.428322
v -0.042574 1.511991 -1.428322
v -0.000000 1.500584 -1.428322
v 0.042574 1.511991 -1.428322
v 0.073740 1.543157 -1.428322
v 0.085148 1.585731 -1.428322
v 0.073740 1.628305 -1.428322
v 0.042574 1.659471 -1.428322
v -0.039765 1.654607 -1.971119
v -0.000000 1.665262 -1.971119
v -0.068875 1.625497 -1.971120
v -0.079530 1.585732 -1.971120
v -0.068875 1.545967 -1.971120
v -0.039765 1.516858 -1.971120
v -0.000000 1.506203 -1.971120
v 0.039764 1.516858 -1.971120
v 0.068874 1.545967 -1.971120
v 0.079529 1.585732 -1.971120
v 0.068874 1.625497 -1.971120
v 0.039765 1.654607 -1.971120
v -0.083819 1.663630 -0.591978
v -0.083819 1.663630 -0.591978
v -0.083819 1.663630 -0.591978
v -0.000000 1.689530 -0.569488
v -0.000000 1.689530 -0.569488
v -0.130115 1.585236 -0.599349
v -0.130115 1.585236 -0.599349
v -0.130115 1.523827 -0.599349
v -0.130115 1.523827 -0.599349
v -0.270554 1.745275 -0.515493
v -0.270554 1.745275 -0.515493
v -0.220936 1.767851 -0.476501
v -0.220936 1.767851 -0.476501
v -0.270554 1.658746 -0.596219
v -0.270554 1.658746 -0.596219
v -0.270554 1.585236 -0.599349
v -0.270554 1.523827 -0.599349
v -0.270554 1.523827 -0.599349
v -0.083819 1.673749 -0.626934
v -0.083819 1.673749 -0.626934
v -0.083819 1.673749 -0.626934
v -0.000000 1.699649 -0.604444
v -0.000000 1.699649 -0.604444
v -0.130115 1.595356 -0.634305
v -0.130115 1.595356 -0.634305
v -0.130115 1.498529 -0.634305
v -0.130115 1.498529 -0.634305
v -0.270554 1.755394 -0.550449
v -0.270554 1.755394 -0.550449
v -0.220936 1.777970 -0.511457
v -0.220936 1.777970 -0.511457
v -0.270554 1.668866 -0.631175
v -0.270554 1.668866 -0.631175
v -0.270554 1.595356 -0.634305
v -0.270554 1.498529 -0.634305
v -0.270554 1.498529 -0.634305
v -0.197147 1.586872 -0.634305
v -0.197147 1.586872 -0.634305
v -0.197147 1.507013 -0.634305
v -0.197147 1.507013 -0.634305
v -0.255828 1.507013 -0.634305
v -0.255828 1.507013 -0.634305
v -0.255828 1.586872 -0.634305
v -0.255828 1.586872 -0.634305
v -0.211044 1.586872 -0.673398
v -0.211044 1.586872 -0.673398
v -0.211044 1.507013 -0.673398
v -0.211044 1.507013 -0.673398
v -0.241931 1.507013 -0.673398
v -0.241931 1.507013 -0.673398
v -0.241931 1.586872 -0.673398
v -0.241931 1.586872 -0.673398
v 0.083819 1.663630 -0.591978
v 0.083819 1.663630 -0.591978
v 0.083819 1.663630 -0.591978
v 0.130115 1.585236 -0.599349
v 0.130115 1.585236 -0.599349
v 0.130115 1.523827 -0.599349
v 0.130115 1.523827 -0.599349
v 0.270554 1.745275 -0.515493
v 0.270554 1.745275 -0.515493
v 0.220936 1.767851 -0.476501
v 0.220936 1.767851 -0.476501
v 0.270554 1.658746 -0.596219
v 0.270554 1.658746 -0.596219
v 0.270554 1.585236 -0.599349
v 0.270554 1.523827 -0.599349
v 0.270554 1.523827 -0.599349
v 0.083819 1.673749 -0.626934
v 0.083819 1.673749 -0.626934
v 0.083819 1.673749 -0.626934
v 0.130115 1.595356 -0.634305
v 0.130115 1.595356 -0.634305
v 0.130115 1.498529 -0.634305
v 0.130115 1.498529 -0.634305
v 0.270554 1.755394 -0.550449
v 0.270554 1.755394 -0.550449
v 0.220936 1.777970 -0.511457
v 0.220936 1.777970 -0.511457
v 0.270554 1.668866 -0.631175
v 0.270554 1.668866 -0.631175
v 0.270554 1.595356 -0.634305
v 0.270554 1.498529 -0.634305
v 0.270554 1.498529 -0.634305
v 0.197147 1.586872 -0.634305
v 0.197147 1.586872 -0.634305
v 0.197147 1.507013 -0.634305
v 0.197147 1.507013 -0.634305
v 0.255827 1.507013 -0.634305
v 0.255827 1.507013 -0.634305
v 0.255827 1.586872 -0.634305
v 0.255827 1.586872 -0.634305
v 0.211043 1.586872 -0.673398
v 0.211043 1.586872 -0.673398
v 0.211043 1.507013 -0.673398
v 0.211043 1.507013 -0.673398
v 0.241931 1.507013 -0.673398
v 0.241931 1.507013 -0.673398
v 0.241931 1.586872 -0.673398
v 0.241931 1.586872 -0.673398
v 0.693948 0.721863 2.527983
v 0.693948 0.721863 2.527983
v 0.758059 0.721863 2.527983
v 0.758059 0.721863 2.527983
v 0.758059 0.558554 2.611204
v 0.693948 0.558554 2.611205
v 0.758059 0.735878 2.540276
v 0.758059 0.735878 2.540276
v 0.758059 0.565594 2.631065
v 0.693948 0.735878 2.540277
v 0.693948 0.735878 2.540277
v 0.693948 0.565594 2.631065
v 0.758059 0.534006 2.612951
v 0.693948 0.534006 2.612951
v 0.693948 0.548482 2.653788
v 0.758059 0.548482 2.653788
v 0.693948 0.511351 2.675596
v 0.693948 0.511351 2.675596
v 0.758059 0.511351 2.675596
v 0.758059 0.511351 2.675596
v 0.758059 0.496876 2.634759
v 0.693948 0.496876 2.634759
v 0.693948 0.486326 2.648320
v 0.693948 0.486326 2.648320
v 0.758059 0.486327 2.648320
v 0.758059 0.486327 2.648320
v 0.693948 0.490443 2.671508
v 0.693948 0.490443 2.671508
v 0.758059 0.490443 2.671508
v 0.758059 0.490443 2.671508
v -0.397848 0.546910 2.611205
v -0.397848 0.546910 2.611205
v -0.333736 0.546911 2.611204
v -0.333736 0.546911 2.611204
v -0.333736 0.548842 2.603840
v -0.397848 0.548842 2.603841
v -0.333737 0.563631 2.613711
v -0.333737 0.563631 2.613711
v -0.333737 0.553951 2.631065
v -0.397848 0.563631 2.613712
v -0.397848 0.563631 2.613712
v -0.397848 0.553951 2.631065
v -0.397848 0.548482 2.653788
v -0.397848 0.548482 2.653788
v -0.333737 0.548482 2.653788
v -0.333737 0.548482 2.653788
v -0.333737 0.534006 2.612951
v -0.397848 0.534006 2.612951
v -0.397848 0.496876 2.634759
v -0.397848 0.496876 2.634759
v -0.333737 0.496876 2.634759
v -0.333737 0.496876 2.634759
v -0.397848 0.511351 2.675596
v -0.397848 0.511351 2.675596
v -0.333737 0.511351 2.675596
v -0.333737 0.511351 2.675596
v -0.397848 0.488493 2.652564
v -0.397848 0.488493 2.652564
v -0.333737 0.488493 2.652564
v -0.333737 0.488493 2.652564
v -0.397848 0.496069 2.673107
v -0.397848 0.496069 2.673107
v -0.333737 0.496069 2.673107
v -0.333737 0.496069 2.673107
v -0.761780 0.558554 2.611205
v -0.761780 0.558554 2.611205
v -0.697668 0.558554 2.611204
v -0.697668 0.558554 2.611204
v -0.713654 0.663525 2.455395
v -0.777765 0.663525 2.455396
v -0.713654 0.679550 2.462541
v -0.697669 0.565594 2.631065
v -0.777765 0.679550 2.462542
v -0.761780 0.565594 2.631065
v -0.697669 0.534006 2.612951
v -0.761780 0.534006 2.612951
v -0.761780 0.548482 2.653788
v -0.697669 0.548482 2.653788
v -0.761780 0.496876 2.634759
v -0.761780 0.496876 2.634759
v -0.697669 0.496876 2.634759
v -0.697669 0.496876 2.634759
v -0.761780 0.511351 2.675596
v -0.761780 0.511351 2.675596
v -0.697669 0.511351 2.675596
v -0.697669 0.511351 2.675596
v -0.761780 0.490875 2.646507
v -0.761780 0.490875 2.646507
v -0.697669 0.490875 2.646507
v -0.697669 0.490875 2.646507
v -0.761780 0.493348 2.673317
v -0.761780 0.493348 2.673317
v -0.697669 0.493348 2.673317
v -0.697669 0.493348 2.673317
v -0.713656 0.790019 2.052058
v -0.777767 0.790019 2.052058
v -0.777767 0.773994 2.044912
v -0.713655 0.773994 2.044912
v -0.776310 0.769293 1.928763
v -0.776310 0.769293 1.928763
v -0.712300 0.768109 1.933136
v -0.712300 0.768109 1.933136
v -0.711513 0.781719 1.920150
v -0.711513 0.781719 1.920150
v -0.775523 0.782902 1.915777
v -0.775523 0.782902 1.915777
v -0.775663 0.697773 1.875633
v -0.775663 0.697773 1.875633
v -0.712052 0.692625 1.883511
v -0.712052 0.692625 1.883511
v -0.773547 0.708697 1.859158
v -0.773547 0.708697 1.859158
v -0.709937 0.703549 1.867036
v -0.709937 0.703549 1.867036
v 0.722961 0.861817 2.201069
v 0.723789 0.877274 2.209960
v 0.660464 0.876342 2.222583
v 0.659636 0.860886 2.213692
v 0.683501 0.870075 1.838015
v 0.683501 0.870075 1.838015
v 0.686259 0.861431 1.856458
v 0.686259 0.861431 1.856458
v 0.717911 0.884942 2.174843
v 0.654708 0.884460 2.188354
v 0.654093 0.869413 2.181388
v 0.717296 0.869896 2.167877
v 0.613075 0.869411 1.838304
v 0.613075 0.869411 1.838304
v 0.604178 0.856266 1.826950
v 0.614689 0.861563 1.857444
v 0.614689 0.861563 1.857444
v 0.624405 0.867667 1.876626
v 0.677273 0.854344 1.843698
v 0.677273 0.854344 1.843698
v 0.667946 0.841003 1.839732
v 0.675659 0.862192 1.824559
v 0.675659 0.862192 1.824559
v 0.612854 0.530483 1.838988
v 0.612854 0.530483 1.838988
v 0.663626 0.520009 1.790433
v 0.663626 0.520009 1.790433
v 0.603509 0.534279 1.821439
v 0.603509 0.534279 1.821439
v 0.654280 0.523805 1.772884
v 0.654280 0.523805 1.772884
v 0.667519 0.848026 1.819869
v 0.604605 0.849243 1.846813
v 0.621647 0.876311 1.858182
v -0.350396 0.543322 2.548918
v -0.413908 0.543322 2.556742
v -0.351070 0.558240 2.549643
v -0.414582 0.558240 2.557466
v -0.419213 0.544946 2.324889
v -0.466843 0.547953 2.170953
v -0.476926 0.545146 2.355762
v -0.429515 0.554648 2.487260
v -0.476115 0.529451 2.361093
v -0.428124 0.539593 2.496242
v -0.418402 0.529253 2.330220
v -0.469628 0.531559 2.172384
v -0.777889 0.781546 2.010530
v -0.777406 0.781282 1.964995
v -0.713382 0.779120 1.968213
v -0.713822 0.779772 2.014177
v -0.777405 0.799077 2.005607
v -0.776688 0.797686 1.960376
v -0.712667 0.795482 1.963607
v -0.713369 0.797215 2.009228
v -0.567776 0.542772 2.100456
v -0.606381 0.533313 2.014656
v -0.555183 0.529117 1.971440
v -0.514000 0.541030 2.058560
v -0.554081 0.545897 1.973402
v -0.512727 0.557782 2.060386
v -0.566507 0.559527 2.102289
v -0.605266 0.550102 2.016616
v -0.520609 0.558101 2.211174
v -0.523394 0.541706 2.212604
v -0.692173 0.540221 1.867337
v -0.692173 0.540221 1.867337
v -0.654145 0.541780 1.801937
v -0.654145 0.541780 1.801937
v -0.690890 0.556925 1.869413
v -0.690890 0.556925 1.869413
v -0.652863 0.558484 1.804011
v -0.652863 0.558484 1.804011
v -0.620016 0.532331 1.968009
v -0.659592 0.535381 1.898536
v -0.621564 0.536941 1.833136
v -0.580359 0.531563 1.899842
v -0.618789 0.549078 1.970117
v -0.658309 0.552086 1.900611
v -0.620282 0.553645 1.835210
v -0.579120 0.548293 1.901941
v -0.366639 0.554648 2.471134
v -0.365249 0.539593 2.480116
v -0.674771 0.764388 1.963198
v -0.674771 0.764388 1.963198
v -0.652204 0.723115 1.942056
v -0.652285 0.682866 1.935672
v -0.652285 0.682866 1.935672
v -0.673122 0.763163 2.003565
v -0.673122 0.763163 2.003565
v -0.649722 0.721273 2.002799
v -0.649595 0.680869 2.001487
v -0.649595 0.680869 2.001487
v -0.640342 0.669129 1.925779
v -0.637254 0.666837 2.001346
v -0.694376 0.766303 2.043491
v -0.677007 0.671192 2.075818
v -0.685131 0.684160 2.066858
v -0.745366 0.677281 2.120842
v -0.744738 0.688854 2.106019
v -0.730417 0.772607 2.067723
v -0.772441 0.772006 2.072868
v -0.772441 0.772006 2.072868
v -0.795507 0.730931 2.099098
v -0.805846 0.695849 2.104571
v -0.805846 0.695849 2.104571
v -0.815526 0.685312 2.119178
v -0.798749 0.773632 2.044567
v -0.798749 0.773632 2.044567
v -0.832317 0.733601 2.059797
v -0.845113 0.702473 2.063065
v -0.845113 0.702473 2.063065
v -0.860611 0.692917 2.071524
v -0.800403 0.778945 2.000968
v -0.800403 0.778945 2.000968
v -0.834487 0.740604 1.998867
v -0.847541 0.706196 1.997357
v -0.847541 0.706196 1.997357
v -0.863399 0.697191 1.996081
v -0.822825 0.696502 1.921666
v -0.812203 0.705595 1.932544
v -0.771796 0.782875 1.961323
v -0.754467 0.690413 1.876643
v -0.752596 0.700901 1.893383
v -0.735755 0.776571 1.937091
v -0.698695 0.769509 1.937807
v -0.698695 0.769509 1.937807
v -0.688204 0.730822 1.903848
v -0.691290 0.691216 1.894274
v -0.691290 0.691216 1.894274
v -0.685127 0.678716 1.878249
v -0.745204 0.688482 2.097265
v -0.801307 0.694904 2.095935
v -0.801307 0.694904 2.095935
v -0.837357 0.700985 2.057830
v -0.837357 0.700985 2.057830
v -0.839587 0.704403 1.997503
v -0.839587 0.704403 1.997503
v -0.807143 0.703852 1.937999
v -0.720367 0.746842 2.019859
v -0.736465 0.749658 2.030683
v -0.753019 0.752812 2.030363
v -0.763705 0.755099 2.019021
v -0.764442 0.755647 2.000990
v -0.754948 0.754244 1.983157
v -0.738850 0.751428 1.972333
v -0.708839 0.665693 2.065704
v -0.708839 0.665693 2.065704
v -0.733424 0.669463 2.082253
v -0.733424 0.669463 2.082253
v -0.729644 0.691873 2.083099
v -0.729644 0.691873 2.083099
v -0.705059 0.688103 2.066550
v -0.705059 0.688103 2.066550
v -0.705786 0.665001 2.073481
v -0.705786 0.665001 2.073481
v -0.702006 0.687410 2.074327
v -0.702006 0.687410 2.074327
v -0.730370 0.668771 2.090030
v -0.730370 0.668771 2.090030
v -0.726590 0.691180 2.090877
v -0.726590 0.691180 2.090877
v -0.712775 0.664566 2.064873
v -0.712775 0.664566 2.064873
v -0.733993 0.666497 2.080217
v -0.733993 0.666497 2.080217
v -0.711836 0.673781 2.065104
v -0.711836 0.673781 2.065104
v -0.733054 0.675711 2.080447
v -0.733054 0.675711 2.080447
v -0.696898 0.671734 2.099761
v -0.696898 0.671734 2.099761
v -0.697837 0.662520 2.099530
v -0.697837 0.662520 2.099530
v -0.719055 0.664450 2.114873
v -0.719055 0.664450 2.114873
v -0.718116 0.673665 2.115104
v -0.718116 0.673665 2.115104
v -0.689681 0.670955 2.102697
v -0.689681 0.670955 2.102697
v -0.690620 0.661740 2.102467
v -0.690620 0.661740 2.102467
v -0.720912 0.664496 2.124371
v -0.720912 0.664496 2.124371
v -0.719973 0.673710 2.124602
v -0.719973 0.673710 2.124602
v -0.687006 0.661245 2.110853
v -0.687006 0.661245 2.110853
v -0.717297 0.664000 2.132758
v -0.717297 0.664000 2.132758
v -0.686066 0.670459 2.111084
v -0.686066 0.670459 2.111084
v -0.716358 0.673215 2.132988
v -0.716358 0.673215 2.132988
v -0.688770 0.664414 2.112423
v -0.688770 0.664414 2.112423
v -0.714925 0.666794 2.131337
v -0.714925 0.666794 2.131337
v -0.688438 0.667666 2.112505
v -0.688438 0.667666 2.112505
v -0.714594 0.670045 2.131418
v -0.714594 0.670045 2.131418
v -0.686169 0.661142 2.120630
v -0.686169 0.661142 2.120630
v -0.712769 0.663611 2.138214
v -0.712769 0.663611 2.138214
v -0.685730 0.664233 2.121190
v -0.685730 0.664233 2.121190
v -0.712330 0.666702 2.138774
v -0.712330 0.666702 2.138774
v -0.771778 0.681311 1.903864
v -0.771778 0.681311 1.903864
v -0.796363 0.685081 1.920414
v -0.796363 0.685081 1.920414
v -0.792583 0.707490 1.921260
v -0.792583 0.707490 1.921260
v -0.767998 0.703721 1.904711
v -0.767998 0.703721 1.904711
v -0.768725 0.680619 1.911642
v -0.768725 0.680619 1.911642
v -0.764945 0.703028 1.912488
v -0.764945 0.703028 1.912488
v -0.793309 0.684389 1.928191
v -0.793309 0.684389 1.928191
v -0.789529 0.706798 1.929038
v -0.789529 0.706798 1.929038
v -0.670321 0.527390 1.887776
v -0.670321 0.527390 1.887776
v -0.688665 0.529688 1.897142
v -0.688665 0.529688 1.897142
v -0.621242 0.990965 1.929406
v -0.621242 0.990965 1.929406
v -0.604117 0.988844 1.920150
v -0.604117 0.988844 1.920150
v -0.670630 0.544814 1.885784
v -0.687254 0.546873 1.894770
v -0.706366 0.532918 1.884133
v -0.706366 0.532918 1.884133
v -0.637374 0.993896 1.917846
v -0.637374 0.993896 1.917846
v -0.702915 0.549718 1.883548
v -0.710095 0.534649 1.858546
v -0.710095 0.534649 1.858546
v -0.640365 0.995429 1.894174
v -0.640365 0.995429 1.894174
v -0.705818 0.551206 1.860568
v -0.697044 0.533577 1.839648
v -0.697044 0.533577 1.839648
v -0.627963 0.994410 1.876216
v -0.627963 0.994410 1.876216
v -0.693779 0.550217 1.843135
v -0.677041 0.530509 1.841669
v -0.677041 0.530509 1.841669
v -0.609507 0.991606 1.877495
v -0.609507 0.991606 1.877495
v -0.675862 0.547496 1.844376
v -0.665148 0.527755 1.863088
v -0.665148 0.527755 1.863088
v -0.598895 0.989129 1.897047
v -0.598895 0.989129 1.897047
v -0.665560 0.545091 1.863357
v -0.668933 0.998015 1.826633
v -0.668933 0.998015 1.826633
v -0.643712 0.992915 1.855973
v -0.643712 0.992915 1.855973
v -0.573392 0.976232 1.977473
v -0.573392 0.976232 1.977473
v -0.586416 0.959796 1.991289
v -0.586416 0.959796 1.991289
v -0.691801 0.941020 1.842791
v -0.691801 0.941020 1.842791
v -0.666581 0.935920 1.872131
v -0.666581 0.935920 1.872131
v -0.697227 0.982202 1.862380
v -0.697227 0.982202 1.862380
v -0.684204 0.998638 1.848563
v -0.684204 0.998638 1.848563
v -0.658983 0.993538 1.877903
v -0.658983 0.993538 1.877903
v -0.611636 0.964896 1.961950
v -0.611636 0.964896 1.961950
v -0.589563 0.935930 1.988899
v -0.589563 0.935930 1.988899
v -0.700374 0.958336 1.859989
v -0.700374 0.958336 1.859989
v -0.614784 0.941030 1.959559
v -0.614784 0.941030 1.959559
v -0.660360 0.980698 1.809436
v -0.660360 0.980698 1.809436
v -0.635140 0.975599 1.838776
v -0.635140 0.975599 1.838776
v -0.580990 0.918614 1.971701
v -0.580990 0.918614 1.971701
v -0.675153 0.953237 1.889329
v -0.675153 0.953237 1.889329
v -0.606211 0.923714 1.942361
v -0.606211 0.923714 1.942361
v -0.565720 0.917991 1.949771
v -0.565720 0.917991 1.949771
v -0.676531 0.940397 1.820861
v -0.676531 0.940397 1.820861
v -0.590940 0.923091 1.920431
v -0.590940 0.923091 1.920431
v -0.663507 0.956832 1.807045
v -0.663507 0.956832 1.807045
v -0.638287 0.951733 1.836385
v -0.638287 0.951733 1.836385
v -0.552696 0.934427 1.935955
v -0.552696 0.934427 1.935955
v -0.672006 0.977103 1.891719
v -0.672006 0.977103 1.891719
v -0.577917 0.939526 1.906615
v -0.577917 0.939526 1.906615
v -0.549549 0.958293 1.938346
v -0.549549 0.958293 1.938346
v -0.574770 0.963392 1.909006
v -0.574770 0.963392 1.909006
v -0.651310 0.935297 1.850201
v -0.651310 0.935297 1.850201
v -0.558122 0.975609 1.955543
v -0.558122 0.975609 1.955543
v -0.598613 0.981331 1.948133
v -0.598613 0.981331 1.948133
v -0.583342 0.980708 1.926203
v -0.583342 0.980708 1.926203
v -0.630414 0.925042 1.945042
v -0.630414 0.925042 1.945042
v -0.583460 0.984297 1.895229
v -0.583460 0.984297 1.895229
v -0.622391 0.985886 1.951137
v -0.622391 0.985886 1.951137
v -0.591483 0.923454 1.889134
v -0.591483 0.923454 1.889134
v -0.658440 0.993175 1.909200
v -0.658440 0.993175 1.909200
v -0.666463 0.932331 1.903105
v -0.666463 0.932331 1.903105
v -0.619510 0.991587 1.853292
v -0.619510 0.991587 1.853292
v -0.627533 0.930743 1.847197
v -0.627533 0.930743 1.847197
v -0.716434 0.583458 1.876251
v -0.716434 0.583458 1.876251
v -0.730257 0.583274 1.868669
v -0.730257 0.583274 1.868669
v -0.738990 1.040337 1.878971
v -0.738990 1.040337 1.878971
v -0.738990 1.040337 1.878971
v -0.738990 1.040337 1.878971
v -0.726473 1.040504 1.885837
v -0.726473 1.040504 1.885837
v -0.726473 1.040504 1.885837
v -0.726473 1.040504 1.885837
v -0.734275 0.583475 1.850033
v -0.734275 0.583475 1.850033
v -0.743000 1.057579 1.862532
v -0.743000 1.057579 1.862532
v -0.743000 1.057579 1.862532
v -0.743000 1.057579 1.862532
v -0.725463 0.583908 1.834375
v -0.725463 0.583908 1.834375
v -0.735092 1.061251 1.848439
v -0.735092 1.061251 1.848439
v -0.710456 0.584249 1.833488
v -0.710456 0.584249 1.833488
v -0.721540 1.063251 1.847678
v -0.721540 1.063251 1.847678
v -0.700555 0.584240 1.848038
v -0.700555 0.584240 1.848038
v -0.712537 1.061552 1.860810
v -0.712537 1.061552 1.860810
v -0.703216 0.583888 1.867069
v -0.703216 0.583888 1.867069
v -0.714875 1.057954 1.877959
v -0.714875 1.057954 1.877959
v -0.714875 1.057954 1.877959
v -0.714875 1.057954 1.877959
v -0.716238 0.582561 1.881186
v -0.716238 0.582561 1.881186
v -0.733138 0.582336 1.871916
v -0.733138 0.582336 1.871916
v -0.738051 0.582581 1.849131
v -0.738051 0.582581 1.849131
v -0.727276 0.583111 1.829987
v -0.727276 0.583111 1.829987
v -0.708929 0.583528 1.828902
v -0.708929 0.583528 1.828902
v -0.696823 0.583517 1.846691
v -0.696823 0.583517 1.846691
v -0.700076 0.583087 1.869960
v -0.700076 0.583087 1.869960
v -0.715045 0.536053 1.884999
v -0.715045 0.536053 1.884999
v -0.735051 0.535787 1.874026
v -0.735051 0.535787 1.874026
v -0.740866 0.536077 1.847053
v -0.740866 0.536077 1.847053
v -0.728112 0.536705 1.824393
v -0.728112 0.536705 1.824393
v -0.706393 0.537198 1.823107
v -0.706393 0.537198 1.823107
v -0.692064 0.537185 1.844166
v -0.692064 0.537185 1.844166
v -0.695914 0.536676 1.871710
v -0.695914 0.536676 1.871710
v -0.712569 1.057971 1.880111
v -0.712569 1.057971 1.880111
v -0.712569 1.057971 1.880111
v -0.726341 1.040450 1.889498
v -0.726341 1.040450 1.889498
v -0.726341 1.040450 1.889498
v -0.745802 1.057528 1.861882
v -0.745802 1.057528 1.861882
v -0.745802 1.057528 1.861882
v -0.741131 1.040253 1.881386
v -0.741131 1.040253 1.881386
v -0.741131 1.040253 1.881386
v -0.736444 1.061272 1.845213
v -0.736444 1.061272 1.845213
v -0.720425 1.063328 1.844306
v -0.720425 1.063328 1.844306
v -0.709794 1.061627 1.859831
v -0.709794 1.061627 1.859831
v -0.739311 1.135827 1.879432
v -0.742407 1.135982 1.865073
v -0.724055 1.136579 1.852325
v -0.716427 1.136572 1.863536
v -0.728661 1.135969 1.885274
v -0.735618 1.136316 1.853009
v -0.718477 1.136301 1.878199
v -0.730805 1.206217 1.869913
v -0.730805 1.206217 1.869913
v -0.730805 1.206217 1.869913
v -0.730805 1.206217 1.869913
v -0.730805 1.206217 1.869913
v -0.730805 1.206217 1.869913
v -0.667216 1.096837 1.877957
v -0.667216 1.096837 1.877957
v -0.667388 1.096907 1.873183
v -0.667388 1.096907 1.873183
v -0.674858 1.216484 1.876535
v -0.674858 1.216484 1.876535
v -0.674686 1.216414 1.881308
v -0.674686 1.216414 1.881308
v -0.697925 1.096303 1.869218
v -0.759623 1.254182 1.876739
v -0.786280 1.213880 1.887910
v -0.786280 1.213880 1.887910
v -0.788532 1.094081 1.885134
v -0.788532 1.094081 1.885134
v -0.788704 1.094151 1.880361
v -0.788704 1.094151 1.880361
v -0.786452 1.213950 1.883137
v -0.786452 1.213950 1.883137
v -0.758866 1.095040 1.864948
v -0.704109 1.255565 1.865578
v -0.758583 1.094925 1.872807
v -0.728254 1.095614 1.871013
v -0.703826 1.255450 1.873438
v -0.732248 1.278842 1.875703
v -0.732248 1.278842 1.875703
v -0.698208 1.096418 1.861359
v -0.728537 1.095729 1.863153
v -0.759906 1.254298 1.868879
v -0.732531 1.278958 1.867844
v -0.732531 1.278958 1.867844
v 0.760630 0.546067 2.550491
v 0.760630 0.546067 2.550491
v 0.721092 0.539731 2.213894
v 0.721092 0.539731 2.213894
v 0.759765 0.607972 2.548728
v 0.759765 0.607972 2.548728
v 0.575946 0.544105 2.586498
v 0.575946 0.544105 2.586498
v 0.575081 0.606010 2.584735
v 0.575081 0.606010 2.584735
v 0.536408 0.537769 2.249902
v 0.536408 0.537769 2.249902
v 0.535543 0.599674 2.248139
v 0.535543 0.599674 2.248139
v 0.720227 0.601636 2.212132
v 0.720227 0.601636 2.212132
v 0.545760 0.589594 2.246465
v 0.545760 0.589594 2.246465
v 0.546340 0.548063 2.247647
v 0.546340 0.548063 2.247647
v 0.710875 0.549811 2.215569
v 0.710875 0.549811 2.215569
v 0.710294 0.591342 2.214386
v 0.710294 0.591342 2.214386
v 0.573700 0.595579 2.572059
v 0.573700 0.595579 2.572059
v 0.574280 0.554048 2.573241
v 0.574280 0.554048 2.573241
v 0.537789 0.548200 2.262578
v 0.537789 0.548200 2.262578
v 0.537208 0.589731 2.261395
v 0.537208 0.589731 2.261395
v 0.749832 0.597678 2.550982
v 0.749832 0.597678 2.550982
v 0.750413 0.556147 2.552165
v 0.750413 0.556147 2.552165
v 0.585878 0.554399 2.584243
v 0.585878 0.554399 2.584243
v 0.585298 0.595930 2.583061
v 0.585298 0.595930 2.583061
v 0.722472 0.550162 2.226570
v 0.722472 0.550162 2.226570
v 0.721892 0.591693 2.225388
v 0.721892 0.591693 2.225388
v 0.758964 0.556010 2.537234
v 0.758964 0.556010 2.537234
v 0.758384 0.597541 2.536052
v 0.758384 0.597541 2.536052
v 0.547126 0.589577 2.252975
v 0.547126 0.589577 2.252975
v 0.547702 0.548342 2.254149
v 0.547702 0.548342 2.254149
v 0.710488 0.591312 2.221125
v 0.710488 0.591312 2.221125
v 0.711064 0.550077 2.222299
v 0.711064 0.550077 2.222299
v 0.578716 0.595465 2.569953
v 0.578716 0.595465 2.569953
v 0.579293 0.554230 2.571127
v 0.579293 0.554230 2.571127
v 0.542485 0.589659 2.261503
v 0.542485 0.589659 2.261503
v 0.543061 0.548424 2.262677
v 0.543061 0.548424 2.262677
v 0.748470 0.597399 2.544480
v 0.748470 0.597399 2.544480
v 0.749046 0.556164 2.545654
v 0.749046 0.556164 2.545654
v 0.585109 0.595664 2.576330
v 0.585109 0.595664 2.576330
v 0.585685 0.554429 2.577504
v 0.585685 0.554429 2.577504
v 0.716880 0.591511 2.227502
v 0.716880 0.591511 2.227502
v 0.717456 0.550276 2.228676
v 0.717456 0.550276 2.228676
v 0.753112 0.597318 2.535952
v 0.753112 0.597318 2.535952
v 0.753688 0.556082 2.537126
v 0.753688 0.556082 2.537126
v 0.720071 0.601622 2.211454
v 0.720071 0.601622 2.211454
v 0.719726 0.626339 2.210750
v 0.760399 0.632694 2.547524
v 0.760745 0.607977 2.548228
v 0.760745 0.607977 2.548228
v 0.574891 0.630741 2.584709
v 0.575236 0.606024 2.585413
v 0.575236 0.606024 2.585413
v 0.534218 0.624386 2.247935
v 0.534563 0.599669 2.248639
v 0.534563 0.599669 2.248639
v 0.747906 0.632402 2.540687
v 0.747906 0.632402 2.540687
v 0.585149 0.630689 2.573343
v 0.585149 0.630689 2.573343
v 0.546711 0.624678 2.254773
v 0.546711 0.624678 2.254773
v 0.709468 0.626391 2.222116
v 0.709468 0.626391 2.222116
v 0.747244 0.628433 2.539780
v 0.747244 0.628433 2.539780
v 0.585647 0.626732 2.572204
v 0.585647 0.626732 2.572204
v 0.547483 0.620764 2.255904
v 0.547483 0.620764 2.255904
v 0.709080 0.622465 2.223480
v 0.709080 0.622465 2.223480
v 0.576595 0.618425 2.302292
v 0.576595 0.618425 2.302292
v 0.537231 0.618008 2.310035
v 0.537231 0.618008 2.310035
v 0.534238 0.617565 2.286651
v 0.534238 0.617565 2.286651
v 0.573603 0.617982 2.278908
v 0.573603 0.617982 2.278908
v 0.576393 0.632892 2.301880
v 0.576393 0.632892 2.301880
v 0.537029 0.632475 2.309623
v 0.537029 0.632475 2.309623
v 0.534036 0.632031 2.286239
v 0.534036 0.632031 2.286239
v 0.573400 0.632448 2.278496
v 0.573400 0.632448 2.278496
v 0.605070 0.622989 2.544708
v 0.605070 0.622989 2.544708
v 0.565706 0.622572 2.552451
v 0.565706 0.622572 2.552451
v 0.562713 0.622128 2.529067
v 0.562713 0.622128 2.529067
v 0.602078 0.622545 2.521324
v 0.602078 0.622545 2.521324
v 0.604868 0.637455 2.544297
v 0.604868 0.637455 2.544297
v 0.565504 0.637038 2.552039
v 0.565504 0.637038 2.552039
v 0.562511 0.636595 2.528655
v 0.562511 0.636595 2.528655
v 0.601876 0.637012 2.520912
v 0.601876 0.637012 2.520912
v 0.619777 0.628049 2.215071
v 0.619777 0.628049 2.215071
v 0.621061 0.626335 2.530216
v 0.621061 0.626335 2.530216
v 0.620852 0.673155 2.530639
v 0.620852 0.673155 2.530639
v 0.619569 0.674869 2.215494
v 0.619569 0.674869 2.215494
v 0.794653 0.628834 2.213898
v 0.794653 0.628834 2.213898
v 0.794444 0.675654 2.214321
v 0.794444 0.675654 2.214321
v 0.795936 0.627120 2.529043
v 0.795936 0.627120 2.529043
v 0.795728 0.673940 2.529466
v 0.795728 0.673940 2.529466
v 0.631535 0.674210 2.508333
v 0.631535 0.674210 2.508333
v 0.630432 0.675682 2.237671
v 0.630432 0.675682 2.237671
v 0.783754 0.676370 2.236643
v 0.783754 0.676370 2.236643
v 0.784856 0.674898 2.507305
v 0.784856 0.674898 2.507305
v 0.631712 0.634530 2.507975
v 0.631712 0.634530 2.507975
v 0.630609 0.636001 2.237313
v 0.630609 0.636001 2.237313
v 0.783930 0.636690 2.236284
v 0.783930 0.636690 2.236284
v 0.785033 0.635218 2.506946
v 0.785033 0.635218 2.506946
v 0.620723 0.702111 2.530901
v 0.620723 0.702111 2.530901
v 0.619440 0.703825 2.215756
v 0.619440 0.703825 2.215756
v 0.794315 0.704610 2.214583
v 0.794315 0.704610 2.214583
v 0.795599 0.702897 2.529728
v 0.795599 0.702897 2.529728
v 0.631410 0.702281 2.508587
v 0.631410 0.702281 2.508587
v 0.630307 0.703752 2.237925
v 0.630307 0.703752 2.237925
v 0.783629 0.704441 2.236897
v 0.783629 0.704441 2.236897
v 0.784731 0.702969 2.507559
v 0.784731 0.702969 2.507559
v 0.620624 0.724312 2.531102
v 0.620624 0.724312 2.531102
v 0.619341 0.726026 2.215957
v 0.619341 0.726026 2.215957
v 0.794217 0.726811 2.214783
v 0.794217 0.726811 2.214783
v 0.795500 0.725097 2.529929
v 0.795500 0.725097 2.529929
v 0.631315 0.723556 2.508780
v 0.631315 0.723556 2.508780
v 0.630213 0.725027 2.238117
v 0.630213 0.725027 2.238117
v 0.783534 0.725716 2.237089
v 0.783534 0.725716 2.237089
v 0.784636 0.724244 2.507751
v 0.784636 0.724244 2.507751
v 0.630358 0.628379 2.488199
v 0.630358 0.628379 2.488199
v 0.629902 0.730743 2.489125
v 0.629902 0.730743 2.489125
v 0.629731 0.730971 2.447241
v 0.629731 0.730971 2.447241
v 0.630187 0.628606 2.446316
v 0.630187 0.628606 2.446316
v 0.617986 0.620524 2.440249
v 0.617986 0.620524 2.440249
v 0.617986 0.620524 2.440249
v 0.618143 0.620315 2.478682
v 0.618143 0.620315 2.478682
v 0.618143 0.620315 2.478682
v 0.620107 0.727394 2.479633
v 0.620107 0.727394 2.479633
v 0.619951 0.727603 2.441201
v 0.619951 0.727603 2.441201
v 0.800064 0.621341 2.439028
v 0.800064 0.621341 2.439028
v 0.800064 0.621341 2.439028
v 0.800220 0.621132 2.477460
v 0.800220 0.621132 2.477460
v 0.800220 0.621132 2.477460
v 0.797302 0.728190 2.478444
v 0.797302 0.728190 2.478444
v 0.797146 0.728399 2.440012
v 0.797146 0.728399 2.440012
v 0.787523 0.629084 2.487145
v 0.787523 0.629084 2.487145
v 0.787067 0.731449 2.488071
v 0.787067 0.731449 2.488071
v 0.786897 0.731676 2.446187
v 0.786897 0.731676 2.446187
v 0.787352 0.629312 2.445261
v 0.787352 0.629312 2.445261
v 0.629587 0.629408 2.298876
v 0.629587 0.629408 2.298876
v 0.629131 0.731772 2.299802
v 0.629131 0.731772 2.299802
v 0.628960 0.732000 2.257918
v 0.628960 0.732000 2.257918
v 0.629416 0.629636 2.256992
v 0.629416 0.629636 2.256992
v 0.617279 0.621468 2.266529
v 0.617279 0.621468 2.266529
v 0.617279 0.621468 2.266529
v 0.617435 0.621259 2.304961
v 0.617435 0.621259 2.304961
v 0.617435 0.621259 2.304961
v 0.619399 0.728339 2.305912
v 0.619399 0.728339 2.305912
v 0.619243 0.728548 2.267480
v 0.619243 0.728548 2.267480
v 0.799356 0.622286 2.265307
v 0.799356 0.622286 2.265307
v 0.799356 0.622286 2.265307
v 0.799513 0.622077 2.303739
v 0.799513 0.622077 2.303739
v 0.799513 0.622077 2.303739
v 0.796595 0.729134 2.304724
v 0.796595 0.729134 2.304724
v 0.796438 0.729343 2.266291
v 0.796438 0.729343 2.266291
v 0.786752 0.630114 2.297822
v 0.786752 0.630114 2.297822
v 0.786296 0.732478 2.298747
v 0.786296 0.732478 2.298747
v 0.786125 0.732706 2.256863
v 0.786125 0.732706 2.256863
v 0.786581 0.630342 2.255938
v 0.786581 0.630342 2.255938
v 0.758522 0.634443 2.440207
v 0.758522 0.634443 2.440207
v 0.775772 0.634476 2.448158
v 0.775772 0.634476 2.448158
v 0.775409 0.716050 2.448896
v 0.775409 0.716050 2.448896
v 0.758158 0.716016 2.440944
v 0.758158 0.716016 2.440944
v 0.785016 0.634406 2.468522
v 0.785016 0.634406 2.468522
v 0.784653 0.715980 2.469260
v 0.784653 0.715980 2.469260
v 0.781929 0.634266 2.491770
v 0.781929 0.634266 2.491770
v 0.781566 0.715839 2.492508
v 0.781566 0.715839 2.492508
v 0.767955 0.634120 2.507025
v 0.767955 0.634120 2.507025
v 0.767592 0.715694 2.507762
v 0.767592 0.715694 2.507762
v 0.749633 0.634038 2.507147
v 0.749633 0.634038 2.507147
v 0.749269 0.715611 2.507885
v 0.749269 0.715611 2.507885
v 0.735535 0.634057 2.492081
v 0.735535 0.634057 2.492081
v 0.735172 0.715631 2.492819
v 0.735172 0.715631 2.492819
v 0.732259 0.634169 2.468876
v 0.732259 0.634169 2.468876
v 0.731896 0.715743 2.469613
v 0.731896 0.715743 2.469613
v 0.741337 0.634321 2.448389
v 0.741337 0.634321 2.448389
v 0.740974 0.715895 2.449127
v 0.740974 0.715895 2.449127
v 0.655491 0.686560 2.405992
v 0.655491 0.686560 2.405992
v 0.672707 0.680289 2.405819
v 0.672707 0.680289 2.405819
v 0.673134 0.679718 2.510823
v 0.673134 0.679718 2.510823
v 0.655919 0.685989 2.510996
v 0.655919 0.685989 2.510996
v 0.681863 0.664418 2.405614
v 0.681863 0.664418 2.405614
v 0.682291 0.663848 2.510618
v 0.682291 0.663848 2.510618
v 0.678676 0.646375 2.405473
v 0.678676 0.646375 2.405473
v 0.679103 0.645804 2.510477
v 0.679103 0.645804 2.510477
v 0.664636 0.634602 2.405462
v 0.664636 0.634602 2.405462
v 0.665064 0.634031 2.510466
v 0.665064 0.634031 2.510466
v 0.646313 0.634607 2.405585
v 0.646313 0.634607 2.405585
v 0.646741 0.634036 2.510590
v 0.646741 0.634036 2.510590
v 0.632281 0.646388 2.405786
v 0.632281 0.646388 2.405786
v 0.632709 0.645817 2.510790
v 0.632709 0.645817 2.510790
v 0.629105 0.664433 2.405970
v 0.629105 0.664433 2.405970
v 0.629533 0.663862 2.510974
v 0.629533 0.663862 2.510974
v 0.638271 0.680298 2.406051
v 0.638271 0.680298 2.406051
v 0.638699 0.679727 2.511055
v 0.638699 0.679727 2.511055
v 0.720424 0.633156 2.441103
v 0.720424 0.633156 2.441103
v 0.730904 0.633111 2.457863
v 0.730904 0.633111 2.457863
v 0.730686 0.681870 2.458304
v 0.730686 0.681870 2.458304
v 0.720207 0.681915 2.441544
v 0.720207 0.681915 2.441544
v 0.730562 0.632993 2.479373
v 0.730562 0.632993 2.479373
v 0.730345 0.681751 2.479814
v 0.730345 0.681751 2.479814
v 0.719560 0.632855 2.495568
v 0.719560 0.632855 2.495568
v 0.719342 0.681614 2.496008
v 0.719342 0.681614 2.496008
v 0.703044 0.632764 2.498869
v 0.703044 0.632764 2.498869
v 0.702827 0.681522 2.499310
v 0.702827 0.681522 2.499310
v 0.688743 0.632761 2.487733
v 0.688743 0.632761 2.487733
v 0.688526 0.681519 2.488174
v 0.688526 0.681519 2.488174
v 0.683348 0.632848 2.467370
v 0.683348 0.632848 2.467370
v 0.683131 0.681606 2.467811
v 0.683131 0.681606 2.467811
v 0.689385 0.632984 2.447308
v 0.689385 0.632984 2.447308
v 0.689167 0.681742 2.447749
v 0.689167 0.681742 2.447749
v 0.704027 0.633106 2.436934
v 0.704027 0.633106 2.436934
v 0.703810 0.681864 2.437375
v 0.703810 0.681864 2.437375
v 0.630054 0.687597 2.397964
v 0.630054 0.687597 2.397964
v 0.630054 0.687597 2.397964
v 0.632402 0.692308 2.395472
v 0.632402 0.692308 2.395472
v 0.626461 0.683607 2.395878
v 0.626461 0.683607 2.395878
v 0.623314 0.688271 2.379092
v 0.623314 0.688271 2.379092
v 0.623314 0.688271 2.379092
v 0.622062 0.684046 2.383560
v 0.622062 0.684046 2.383560
v 0.626475 0.692901 2.378876
v 0.626475 0.692901 2.378876
v 0.615100 0.706255 2.392489
v 0.615100 0.706255 2.392489
v 0.611509 0.703385 2.388352
v 0.611509 0.703385 2.388352
v 0.617441 0.706021 2.399044
v 0.617441 0.706021 2.399044
v 0.617436 0.702793 2.404948
v 0.617436 0.702793 2.404948
v 0.615088 0.698082 2.407440
v 0.615088 0.698082 2.407440
v 0.611495 0.694091 2.405354
v 0.611495 0.694091 2.405354
v 0.608339 0.692689 2.399665
v 0.608339 0.692689 2.399665
v 0.607096 0.694531 2.393036
v 0.607096 0.694531 2.393036
v 0.608348 0.698755 2.388568
v 0.608348 0.698755 2.388568
v 0.647156 0.679309 2.407225
v 0.647156 0.679309 2.407225
v 0.647156 0.679309 2.407225
v 0.649420 0.684695 2.403275
v 0.649420 0.684695 2.403275
v 0.641585 0.674810 2.400894
v 0.641585 0.674810 2.400894
v 0.628311 0.680561 2.355616
v 0.628311 0.680561 2.355616
v 0.628311 0.680561 2.355616
v 0.628159 0.675702 2.364125
v 0.628159 0.675702 2.364125
v 0.632556 0.685816 2.357090
v 0.632556 0.685816 2.357090
v 0.681221 0.659765 2.343200
v 0.674236 0.656615 2.330698
v 0.674236 0.656615 2.330698
v 0.688364 0.659290 2.362765
v 0.691100 0.655495 2.376884
v 0.691100 0.655495 2.376884
v 0.688836 0.650108 2.380834
v 0.688836 0.650108 2.380834
v 0.683265 0.645610 2.374502
v 0.683265 0.645610 2.374502
v 0.675422 0.644208 2.356548
v 0.669839 0.646502 2.337733
v 0.669839 0.646502 2.337733
v 0.669992 0.651360 2.329224
v 0.669992 0.651360 2.329224
v 0.753019 0.674700 2.435576
v 0.753019 0.674700 2.435576
v 0.767249 0.674751 2.437747
v 0.767249 0.674751 2.437747
v 0.749340 0.674740 2.425257
v 0.749340 0.674740 2.425257
v 0.756634 0.675204 2.346020
v 0.756634 0.675204 2.346020
v 0.762085 0.675277 2.337094
v 0.762085 0.675277 2.337094
v 0.776315 0.675329 2.339265
v 0.776315 0.675329 2.339265
v 0.779994 0.675289 2.349584
v 0.779994 0.675289 2.349584
v 0.772700 0.674824 2.428821
v 0.772700 0.674824 2.428821
v 0.761504 0.634397 2.333533
v 0.755989 0.634360 2.335795
v 0.755989 0.634360 2.335795
v 0.755807 0.675254 2.336164
v 0.755807 0.675254 2.336164
v 0.761322 0.675291 2.333903
v 0.777636 0.675350 2.336392
v 0.782588 0.675351 2.340250
v 0.782588 0.675351 2.340250
v 0.782770 0.634457 2.339881
v 0.782770 0.634457 2.339881
v 0.777818 0.634456 2.336022
v 0.773527 0.674774 2.438677
v 0.773527 0.674774 2.438677
v 0.768012 0.674737 2.440938
v 0.768194 0.633843 2.440569
v 0.773709 0.633880 2.438307
v 0.773709 0.633880 2.438307
v 0.751698 0.674678 2.438449
v 0.746746 0.674677 2.434591
v 0.746746 0.674677 2.434591
v 0.746929 0.633783 2.434221
v 0.746929 0.633783 2.434221
v 0.751880 0.633784 2.438080
v 0.753030 0.672344 2.435555
v 0.753030 0.672344 2.435555
v 0.767260 0.672396 2.437726
v 0.767260 0.672396 2.437726
v 0.749351 0.672384 2.425236
v 0.749351 0.672384 2.425236
v 0.756645 0.672849 2.345999
v 0.756645 0.672849 2.345999
v 0.762095 0.672922 2.337073
v 0.762095 0.672922 2.337073
v 0.776325 0.672974 2.339244
v 0.776325 0.672974 2.339244
v 0.780004 0.672934 2.349563
v 0.780004 0.672934 2.349563
v 0.772710 0.672469 2.428800
v 0.772710 0.672469 2.428800
v 0.762843 0.674317 2.356806
v 0.762843 0.674317 2.356806
v 0.764099 0.676129 2.335706
v 0.764099 0.676129 2.335706
v 0.774603 0.676167 2.337309
v 0.774603 0.676167 2.337309
v 0.772005 0.674351 2.358203
v 0.772005 0.674351 2.358203
v 0.772061 0.670968 2.357728
v 0.762899 0.670935 2.356330
v 0.764155 0.672746 2.335231
v 0.774659 0.672784 2.336833
v 0.725383 0.674555 2.439519
v 0.725383 0.674555 2.439519
v 0.739681 0.674625 2.438292
v 0.739681 0.674625 2.438292
v 0.720295 0.674583 2.430245
v 0.720295 0.674583 2.430245
v 0.716169 0.674999 2.350630
v 0.716169 0.674999 2.350630
v 0.720254 0.675072 2.340568
v 0.720254 0.675072 2.340568
v 0.734552 0.675142 2.339341
v 0.734552 0.675142 2.339341
v 0.739639 0.675115 2.348615
v 0.739639 0.675115 2.348615
v 0.743766 0.674699 2.428230
v 0.743766 0.674699 2.428230
v 0.719231 0.634189 2.337241
v 0.714133 0.634147 2.340767
v 0.714133 0.634147 2.340767
v 0.713951 0.675041 2.341137
v 0.713951 0.675041 2.341137
v 0.719049 0.675083 2.337611
v 0.735441 0.675164 2.336204
v 0.740859 0.675173 2.338827
v 0.740859 0.675173 2.338827
v 0.741041 0.634279 2.338458
v 0.741041 0.634279 2.338458
v 0.735623 0.634270 2.335834
v 0.745984 0.674657 2.437723
v 0.745984 0.674657 2.437723
v 0.740885 0.674615 2.441249
v 0.741068 0.633721 2.440879
v 0.746166 0.633763 2.437353
v 0.746166 0.633763 2.437353
v 0.724494 0.674534 2.442656
v 0.719076 0.674524 2.440033
v 0.719076 0.674524 2.440033
v 0.719258 0.633630 2.439663
v 0.719258 0.633630 2.439663
v 0.724676 0.633640 2.442286
v 0.725393 0.672200 2.439498
v 0.725393 0.672200 2.439498
v 0.739691 0.672270 2.438271
v 0.739691 0.672270 2.438271
v 0.720306 0.672228 2.430223
v 0.720306 0.672228 2.430223
v 0.716179 0.672644 2.350609
v 0.716179 0.672644 2.350609
v 0.720265 0.672717 2.340547
v 0.720265 0.672717 2.340547
v 0.734562 0.672787 2.339319
v 0.734562 0.672787 2.339319
v 0.739650 0.672759 2.348594
v 0.739650 0.672759 2.348594
v 0.743776 0.672343 2.428209
v 0.743776 0.672343 2.428209
v 0.723811 0.674127 2.359766
v 0.723811 0.674127 2.359766
v 0.722035 0.675925 2.338727
v 0.722035 0.675925 2.338727
v 0.732589 0.675977 2.337821
v 0.732589 0.675977 2.337821
v 0.733017 0.674173 2.358976
v 0.733017 0.674173 2.358976
v 0.733009 0.670790 2.358499
v 0.723803 0.670745 2.359289
v 0.722027 0.672542 2.338249
v 0.732581 0.672594 2.337343
v 0.651256 0.673039 2.268730
v 0.661940 0.671096 2.252336
v 0.661940 0.671096 2.252336
v 0.740599 0.674620 2.240329
v 0.763388 0.672595 2.248986
v 0.763388 0.672595 2.248986
v 0.782417 0.679733 2.322934
v 0.782571 0.681756 2.363341
v 0.644940 0.674897 2.318928
v 0.642749 0.675824 2.302357
v 0.673755 0.667788 2.253567
v 0.707167 0.661967 2.239880
v 0.774186 0.674634 2.265237
v 0.782302 0.679886 2.294792
v 0.707237 0.670044 2.266033
v 0.719957 0.667168 2.280302
v 0.643812 0.683583 2.349785
v 0.682518 0.664413 2.363154
v 0.640704 0.650296 2.245054
v 0.763484 0.650822 2.248789
v -0.647709 0.546644 2.461609
v -0.647709 0.546644 2.461609
v -0.635938 0.546644 1.933882
v -0.635938 0.546644 1.933882
v -0.635938 0.640615 1.933882
v -0.635938 0.640615 1.933882
v -0.647709 0.640615 2.461609
v -0.647709 0.640615 2.461609
v -0.807621 0.546644 2.455699
v -0.807621 0.546644 2.455699
v -0.807621 0.640615 2.455699
v -0.807621 0.640615 2.455699
v -0.795850 0.546644 1.927971
v -0.795850 0.546644 1.927971
v -0.795850 0.640615 1.927971
v -0.795850 0.640615 1.927971
v -0.631592 0.641057 1.936322
v -0.631592 0.641057 1.936322
v -0.652191 0.641057 2.463601
v -0.652191 0.641057 2.463601
v -0.811967 0.641057 2.453258
v -0.811967 0.641057 2.453258
v -0.791368 0.641057 1.925980
v -0.791368 0.641057 1.925980
v -0.631592 0.659668 1.936322
v -0.631592 0.659668 1.936322
v -0.652191 0.659668 2.463601
v -0.652191 0.659668 2.463601
v -0.811967 0.659668 2.453258
v -0.811967 0.659668 2.453258
v -0.791368 0.659668 1.925980
v -0.791368 0.659668 1.925980
v -0.640454 0.666493 2.389636
v -0.640454 0.666493 2.389636
v -0.640454 0.545068 2.389636
v -0.640454 0.545068 2.389636
v -0.811657 0.545068 2.383308
v -0.811657 0.545068 2.383308
v -0.811657 0.666493 2.383308
v -0.811657 0.666493 2.383308
v -0.641182 0.666493 2.422268
v -0.641182 0.666493 2.422268
v -0.641182 0.545068 2.422268
v -0.641182 0.545068 2.422268
v -0.812385 0.545068 2.415941
v -0.812385 0.545068 2.415941
v -0.812385 0.666493 2.415941
v -0.812385 0.666493 2.415941
v -0.631794 0.666493 2.001406
v -0.631794 0.666493 2.001406
v -0.631794 0.545068 2.001406
v -0.631794 0.545068 2.001406
v -0.802997 0.545068 1.995078
v -0.802997 0.545068 1.995078
v -0.802997 0.666493 1.995078
v -0.802997 0.666493 1.995078
v -0.632522 0.666493 2.034039
v -0.632522 0.666493 2.034039
v -0.632522 0.545068 2.034039
v -0.632522 0.545068 2.034039
v -0.803725 0.545068 2.027711
v -0.803725 0.545068 2.027711
v -0.803725 0.666493 2.027711
v -0.803725 0.666493 2.027711
v -0.811879 0.655424 2.393242
v -0.811879 0.655424 2.393242
v -0.811879 0.610655 2.393242
v -0.811879 0.610655 2.393242
v -0.812163 0.655424 2.406007
v -0.812163 0.655424 2.406007
v -0.812163 0.610655 2.406007
v -0.812163 0.610655 2.406007
v -0.803219 0.655424 2.005012
v -0.803219 0.655424 2.005012
v -0.803219 0.610655 2.005012
v -0.803219 0.610655 2.005012
v -0.803504 0.655424 2.017777
v -0.803504 0.655424 2.017777
v -0.803504 0.610655 2.017777
v -0.803504 0.610655 2.017777
v -0.818659 0.655424 2.392991
v -0.818659 0.655424 2.392991
v -0.818659 0.610655 2.392991
v -0.818659 0.610655 2.392991
v -0.818944 0.655424 2.405756
v -0.818944 0.655424 2.405756
v -0.818944 0.610655 2.405756
v -0.818944 0.610655 2.405756
v -0.810000 0.655424 2.004762
v -0.810000 0.655424 2.004762
v -0.810000 0.610655 2.004762
v -0.810000 0.610655 2.004762
v -0.810284 0.655424 2.017527
v -0.810284 0.655424 2.017527
v -0.810284 0.610655 2.017527
v -0.810284 0.610655 2.017527
v -0.639821 0.537538 2.087041
v -0.639821 0.537538 2.087041
v -0.639283 0.537538 2.062932
v -0.639283 0.537538 2.062932
v -0.798801 0.537538 2.081165
v -0.798801 0.537538 2.081165
v -0.798263 0.537538 2.057056
v -0.798263 0.537538 2.057056
v -0.798197 0.551885 2.054101
v -0.798867 0.551885 2.084121
v -0.639887 0.551885 2.089997
v -0.639217 0.551885 2.059977
v -0.645980 0.537538 2.363172
v -0.645980 0.537538 2.363172
v -0.645442 0.537538 2.339063
v -0.645442 0.537538 2.339063
v -0.804960 0.537538 2.357296
v -0.804960 0.537538 2.357296
v -0.804422 0.537538 2.333187
v -0.804422 0.537538 2.333187
v -0.804356 0.551885 2.330232
v -0.805026 0.551885 2.360251
v -0.646046 0.551885 2.366127
v -0.645376 0.551885 2.336107
v -0.585518 1.028942 1.880629
v -0.585518 1.028942 1.880629
v -0.683550 1.025326 1.806804
v -0.683550 1.025326 1.806804
v -0.568301 1.090706 1.841686
v -0.608126 1.049370 1.928714
v -0.608126 1.049370 1.928714
v -0.593724 1.113677 1.895760
v -0.593724 1.113677 1.895760
v -0.706157 1.045754 1.854889
v -0.706157 1.045754 1.854889
v -0.585029 1.166381 1.865433
v -0.585029 1.166381 1.865433
v -0.681054 1.162839 1.793119
v -0.681054 1.162839 1.793119
v -0.694429 1.109963 1.819920
v -0.694429 1.109963 1.819920
v -0.669006 1.086991 1.765847
v -0.555671 1.137808 1.810076
v -0.555671 1.137808 1.810076
v -0.601464 1.119314 1.905414
v -0.601464 1.119314 1.905414
v -0.697489 1.115773 1.833100
v -0.697489 1.115773 1.833100
v -0.656377 1.134094 1.734237
v -0.656377 1.134094 1.734237
v -0.665614 1.151997 1.753107
v -0.672843 1.159305 1.768420
v -0.572137 1.163019 1.844260
v -0.564908 1.155711 1.828946
v -0.571319 1.160286 1.834429
v -0.571319 1.160286 1.834429
v -0.558785 1.161290 1.845420
v -0.564842 1.154434 1.820653
v -0.564842 1.154434 1.820653
v -0.553478 1.155591 1.831366
v -0.569907 1.153131 1.840565
v -0.569907 1.153131 1.840565
v -0.558849 1.154331 1.850724
v -0.563430 1.147279 1.826789
v -0.563430 1.147279 1.826789
v -0.553542 1.148632 1.836670
v -0.692386 1.150739 1.691300
v -0.692386 1.150739 1.691300
v -0.692386 1.150739 1.691300
v -0.690646 1.163682 1.691934
v -0.690646 1.163682 1.691934
v -0.690646 1.163682 1.691934
v -0.660399 1.152948 1.750820
v -0.660399 1.152948 1.750820
v -0.666876 1.158800 1.764596
v -0.666876 1.158800 1.764596
v -0.696742 1.151046 1.700299
v -0.696742 1.151046 1.700299
v -0.696742 1.151046 1.700299
v -0.695001 1.163989 1.700934
v -0.695001 1.163989 1.700934
v -0.695001 1.163989 1.700934
v -0.664847 1.145577 1.752543
v -0.664847 1.145577 1.752543
v -0.671324 1.151430 1.766319
v -0.671324 1.151430 1.766319
v -0.430535 1.036267 1.953033
v -0.430535 1.036267 1.953033
v -0.538069 1.030508 1.906341
v -0.538069 1.030508 1.906341
v -0.420924 1.098038 1.909984
v -0.445475 1.056646 2.005878
v -0.445475 1.056646 2.005878
v -0.437724 1.120955 1.969410
v -0.437724 1.120955 1.969410
v -0.553008 1.050887 1.959186
v -0.553008 1.050887 1.959186
v -0.434939 1.173585 1.937084
v -0.434939 1.173585 1.937084
v -0.540272 1.167943 1.891347
v -0.540272 1.167943 1.891347
v -0.548192 1.115038 1.921443
v -0.548192 1.115038 1.921443
v -0.531392 1.092121 1.862018
v -0.414387 1.145124 1.875413
v -0.414387 1.145124 1.875413
v -0.443886 1.126529 1.980845
v -0.443886 1.126529 1.980845
v -0.549219 1.120887 1.935108
v -0.549219 1.120887 1.935108
v -0.524854 1.139208 1.827447
v -0.524854 1.139208 1.827447
v -0.531253 1.157084 1.848212
v -0.536054 1.164376 1.865043
v -0.425587 1.170292 1.913010
v -0.420786 1.163001 1.896179
v -0.424690 1.152107 1.879555
v -0.424690 1.152107 1.879555
v -0.425527 1.162192 1.891652
v -0.425527 1.162192 1.891652
v -0.421407 1.146752 1.887327
v -0.421407 1.146752 1.887327
v -0.422244 1.156837 1.899425
v -0.422244 1.156837 1.899425
v -0.526125 1.158203 1.844732
v -0.526125 1.158203 1.844732
v -0.539725 1.156690 1.839495
v -0.530405 1.164041 1.859871
v -0.530405 1.164041 1.859871
v -0.543928 1.162424 1.854363
v -0.530807 1.151087 1.847085
v -0.530807 1.151087 1.847085
v -0.542850 1.149633 1.842540
v -0.535087 1.156925 1.862225
v -0.535087 1.156925 1.862225
v -0.547053 1.155367 1.857409
v -0.166994 1.206540 1.622814
v -0.166994 1.206540 1.622814
v -0.165195 1.192848 1.622938
v -0.165195 1.192848 1.622938
v -0.160591 1.207423 1.630333
v -0.160591 1.207423 1.630333
v -0.158791 1.193730 1.630457
v -0.158791 1.193730 1.630457
v -0.315265 1.195700 1.806970
v -0.356568 1.172656 1.843890
v -0.351526 1.170677 1.852231
v -0.309925 1.194348 1.815131
v -0.358783 1.184879 1.850291
v -0.313141 1.183156 1.801997
v -0.307801 1.181804 1.810159
v -0.353741 1.182899 1.858633
v -0.156915 1.197954 1.555997
v -0.148264 1.198837 1.555315
v -0.149586 1.212529 1.556891
v -0.158237 1.211647 1.557573
v -0.164313 1.211995 1.511627
v -0.163864 1.198302 1.509381
v -0.156874 1.199185 1.502782
v -0.157323 1.212878 1.505029
v -0.194791 1.216446 1.463958
v -0.194791 1.216446 1.463958
v -0.195456 1.202753 1.461802
v -0.195456 1.202753 1.461802
v -0.192164 1.217328 1.453326
v -0.192164 1.217328 1.453326
v -0.192829 1.203636 1.451170
v -0.192829 1.203636 1.451170
v -0.271371 1.216467 1.453609
v -0.269929 1.215584 1.464610
v -0.271286 1.201892 1.463085
v -0.272728 1.202774 1.452083
v -0.406825 1.198402 1.437938
v -0.408359 1.199016 1.426926
v -0.411050 1.212484 1.428792
v -0.409516 1.211870 1.439803
v -0.669315 1.197670 1.406731
v -0.669315 1.197670 1.406731
v -0.671616 1.184055 1.407034
v -0.671616 1.184055 1.407034
v -0.670977 1.197804 1.395724
v -0.670977 1.197804 1.395724
v -0.673278 1.184188 1.396026
v -0.673278 1.184188 1.396026
v -0.745393 1.172610 1.547759
v -0.739863 1.171089 1.541671
v -0.743054 1.184118 1.546399
v -0.737524 1.182597 1.540311
v -0.760898 1.185334 1.467915
v -0.760898 1.185334 1.467915
v -0.756883 1.195792 1.463185
v -0.756883 1.195792 1.463185
v -0.767862 1.187422 1.465920
v -0.767862 1.187422 1.465920
v -0.763847 1.197881 1.461190
v -0.763847 1.197881 1.461190
v -0.781309 1.027936 1.745585
v -0.752819 1.025078 1.806653
v -0.752819 1.025078 1.806653
v -0.652831 1.307514 1.481465
v -0.652831 1.307514 1.481465
v -0.677116 1.304657 1.409204
v -0.677116 1.304657 1.409204
v -0.862113 1.025078 1.530539
v -0.862113 1.025078 1.530539
v -0.804529 0.977083 1.492771
v -0.804529 0.977083 1.492771
v -0.619532 1.256661 1.371436
v -0.619532 1.256661 1.371436
v -0.773387 0.974226 1.560536
v -0.695235 0.977083 1.768885
v -0.695235 0.977083 1.768885
v -0.837827 1.027936 1.602801
v -0.658171 1.264412 1.558733
v -0.658171 1.264412 1.558733
v -0.750207 0.974226 1.619098
v -0.588391 1.253804 1.439201
v -0.588391 1.253804 1.439201
v -0.814647 1.027936 1.661363
v -0.593731 1.210702 1.516468
v -0.593731 1.210702 1.516468
v -0.624833 1.264412 1.642956
v -0.716869 0.974226 1.703320
v -0.577833 1.189923 1.632269
v -0.573043 1.228580 1.562970
v -0.573043 1.228580 1.562970
v -0.557164 1.246691 1.564951
v -0.557164 1.246691 1.564951
v -0.561953 1.208033 1.634250
v -0.621635 1.261037 1.454776
v -0.573957 1.260687 1.575966
v -0.573957 1.260687 1.575966
v -0.589836 1.242576 1.573984
v -0.589836 1.242576 1.573984
v -0.608897 1.289809 1.598882
v -0.608897 1.289809 1.598882
v -0.592104 1.275813 1.587868
v -0.592104 1.275813 1.587868
v -0.624776 1.271699 1.596901
v -0.624776 1.271699 1.596901
v -0.607984 1.257702 1.585887
v -0.607984 1.257702 1.585887
v -0.656575 1.290160 1.477693
v -0.634082 1.242226 1.462940
v -0.669023 1.271348 1.485857
v -0.596894 1.237156 1.657167
v -0.612773 1.219045 1.655186
v -0.629566 1.233042 1.666200
v -0.613687 1.251152 1.668181
v -0.560393 1.210702 1.600691
v -0.550092 1.196432 1.673689
v -0.550092 1.196432 1.673689
v -0.552679 1.211721 1.624070
v -0.552679 1.211721 1.624070
v -0.614674 1.263393 1.664732
v -0.614674 1.263393 1.664732
v -0.607676 1.244427 1.711457
v -0.607676 1.244427 1.711457
v -0.581773 1.236303 1.640697
v -0.581773 1.236303 1.640697
v -0.568724 1.223090 1.640890
v -0.568724 1.223090 1.640890
v -0.554757 1.236937 1.647018
v -0.554757 1.236937 1.647018
v -0.567806 1.250151 1.646825
v -0.567806 1.250151 1.646825
v -0.561768 1.211648 1.657455
v -0.561768 1.211648 1.657455
v -0.547800 1.225496 1.663584
v -0.547800 1.225496 1.663584
v -0.564979 1.208682 1.680689
v -0.564979 1.208682 1.680689
v -0.551011 1.222530 1.686818
v -0.551011 1.222530 1.686818
v -0.576476 1.215928 1.696982
v -0.576476 1.215928 1.696982
v -0.562509 1.229775 1.703110
v -0.562509 1.229775 1.703110
v -0.589525 1.229141 1.696789
v -0.589525 1.229141 1.696789
v -0.575558 1.242989 1.702917
v -0.575558 1.242989 1.702917
v -0.596482 1.240582 1.680224
v -0.596482 1.240582 1.680224
v -0.582514 1.254430 1.686352
v -0.582514 1.254430 1.686352
v -0.593271 1.243549 1.656990
v -0.593271 1.243549 1.656990
v -0.579303 1.257396 1.663118
v -0.579303 1.257396 1.663118
v -0.639783 1.276163 1.466679
v -0.652230 1.257352 1.474843
v -0.594625 1.203919 1.643283
v -0.578746 1.222030 1.645264
v -0.604842 1.247041 1.443762
v -0.617289 1.228230 1.451926
vn -0.9842 0.1630 -0.0695
vn -0.9622 0.2604 -0.0796
vn -0.9186 0.3017 -0.2552
vn -0.9426 0.2120 -0.2581
vn -0.9959 0.0661 -0.0613
vn -0.9594 0.1146 -0.2577
vn -0.9859 0.0529 -0.1589
vn -0.9890 0.0518 -0.1386
vn -0.9158 0.0639 -0.3966
vn -0.0658 0.1044 0.9924
vn -0.0000 0.1046 0.9945
vn -0.0000 0.2060 -0.9786
vn -0.9628 0.2639 0.0588
vn -0.9791 0.1859 0.0832
vn -0.9657 0.2598 -0.0000
vn -0.6108 0.7835 0.1147
vn -0.5660 0.8195 0.0902
vn -0.4528 0.8770 0.1608
vn -0.3138 0.9380 0.1474
vn -0.8433 0.3883 -0.3716
vn -0.9818 0.0949 -0.1644
vn -0.0000 -1.0000 -0.0000
vn -0.6393 0.7599 -0.1177
vn -0.6199 0.7663 -0.1691
vn -0.2390 0.9431 -0.2311
vn -0.5367 0.8041 -0.2555
vn -0.0000 -0.0000 -1.0000
vn -0.0000 0.9604 -0.2786
vn -0.1742 0.9461 -0.2732
vn -0.0000 0.9754 -0.2203
vn -0.1187 0.9297 -0.3487
vn -0.2139 0.8981 -0.3843
vn -0.5272 0.7096 -0.4674
vn -0.0015 0.9539 -0.3002
vn -0.0000 0.9540 -0.2997
vn -0.9967 0.0444 0.0675
vn -0.9867 0.1527 0.0565
vn -0.9648 0.2597 0.0421
vn -0.9900 0.0238 0.1392
vn -0.5750 0.8151 0.0705
vn -0.6092 0.7908 0.0596
vn -0.5103 0.8586 0.0491
vn -0.4414 0.8628 -0.2467
vn -0.2010 0.8606 0.4678
vn -0.2576 0.8897 0.3770
vn -0.0000 0.7956 0.6058
vn -0.0000 0.8193 0.5734
vn -0.4171 0.8959 0.1529
vn -0.0000 0.9975 -0.0709
vn -0.0607 0.9924 -0.1074
vn -0.0000 0.9928 0.1200
vn -0.7236 0.2564 0.6408
vn -0.1457 0.9123 0.3828
vn -0.0000 0.9100 0.4146
vn 0.1123 0.6806 -0.7240
vn 0.1247 0.5866 -0.8002
vn 0.1253 0.5880 -0.7991
vn 0.0788 0.6512 -0.7548
vn 0.0353 0.3686 -0.9289
vn -0.0022 0.9730 -0.2309
vn -0.0000 0.9891 -0.1473
vn -0.0000 0.5750 -0.8182
vn -0.0056 0.9533 -0.3019
vn 0.8444 0.5226 -0.1174
vn 0.9117 0.3968 -0.1068
vn 0.9724 0.2157 -0.0891
vn -0.0000 1.0000 0.0042
vn 0.9892 0.1171 -0.0883
vn 0.9907 0.0959 -0.0963
vn 0.9894 0.1145 -0.0893
vn -0.0003 -0.7744 -0.6326
vn -0.0000 -0.7744 -0.6326
vn -0.1137 0.7375 -0.6657
vn -0.0000 0.7423 -0.6701
vn -0.0167 -0.9999 -0.0012
vn -0.0059 -1.0000 0.0038
vn -0.0000 -1.0000 -0.0057
vn -0.0077 -0.9999 -0.0079
vn -0.2364 0.0083 0.9716
vn -0.3950 0.0175 0.9185
vn -0.4045 0.0180 0.9143
vn -0.2938 0.0141 0.9558
vn -0.2915 0.0140 0.9565
vn -0.0116 -0.9994 0.0326
vn -0.0000 -0.9997 0.0235
vn -0.0000 -0.0000 1.0000
vn -0.0140 -0.9997 -0.0204
vn -0.0000 -0.9999 -0.0149
vn -0.0000 -0.9989 0.0469
vn -0.0000 -0.9974 -0.0724
vn -0.0000 -0.9655 -0.2606
vn -0.0000 -0.9592 -0.2827
vn -0.0000 -0.9964 -0.0844
vn -0.0000 -0.9178 -0.3969
vn -0.0870 0.9777 -0.1911
vn -0.0607 0.9928 -0.1036
vn -0.0616 0.9924 -0.1063
vn -0.0443 0.9905 -0.1303
vn -0.0137 0.9959 -0.0890
vn -0.0136 0.9959 -0.0894
vn 0.9842 0.1630 -0.0695
vn 0.9445 0.2066 -0.2553
vn 0.9192 0.3053 -0.2486
vn 0.9622 0.2604 -0.0796
vn 0.9959 0.0661 -0.0613
vn 0.9594 0.1146 -0.2577
vn 0.9859 0.0529 -0.1589
vn 0.9158 0.0639 -0.3966
vn 0.9890 0.0518 -0.1386
vn 0.0658 0.1044 0.9924
vn 0.9628 0.2639 0.0588
vn 0.9657 0.2598 -0.0000
vn 0.9791 0.1859 0.0832
vn 0.6108 0.7835 0.1147
vn 0.3138 0.9380 0.1474
vn 0.4528 0.8770 0.1608
vn 0.5660 0.8195 0.0902
vn 0.9818 0.0949 -0.1644
vn 0.8404 0.3810 -0.3854
vn 0.7973 0.4103 -0.4426
vn 0.6393 0.7599 -0.1177
vn 0.5367 0.8041 -0.2555
vn 0.2390 0.9431 -0.2311
vn 0.6199 0.7663 -0.1691
vn 0.5232 0.7056 -0.4780
vn 0.7031 0.4985 -0.5071
vn 0.1742 0.9461 -0.2732
vn 0.1187 0.9297 -0.3487
vn 0.2139 0.8981 -0.3843
vn 0.0015 0.9539 -0.3002
vn 0.9967 0.0444 0.0675
vn 0.9867 0.1527 0.0565
vn 0.9648 0.2597 0.0421
vn 0.9900 0.0238 0.1392
vn 0.5750 0.8151 0.0705
vn 0.6092 0.7908 0.0596
vn 0.5103 0.8586 0.0491
vn 0.4414 0.8628 -0.2467
vn 0.2010 0.8606 0.4678
vn 0.2576 0.8897 0.3770
vn 0.4171 0.8959 0.1529
vn 0.0607 0.9924 -0.1074
vn 0.7236 0.2564 0.6408
vn 0.1457 0.9123 0.3828
vn -0.1123 0.6806 -0.7240
vn -0.0788 0.6512 -0.7548
vn -0.1253 0.5880 -0.7991
vn -0.1247 0.5866 -0.8002
vn -0.0353 0.3686 -0.9289
vn 0.0022 0.9730 -0.2309
vn 0.0056 0.9533 -0.3019
vn -0.8444 0.5226 -0.1174
vn -0.9724 0.2157 -0.0891
vn -0.9117 0.3968 -0.1068
vn -0.9892 0.1171 -0.0883
vn -0.9894 0.1145 -0.0893
vn -0.9907 0.0959 -0.0963
vn 0.0003 -0.7744 -0.6326
vn 0.1137 0.7375 -0.6657
vn 0.0059 -1.0000 0.0038
vn 0.0167 -0.9999 -0.0012
vn 0.0077 -0.9999 -0.0079
vn 0.2364 0.0083 0.9716
vn 0.4045 0.0180 0.9143
vn 0.3950 0.0175 0.9185
vn 0.2915 0.0140 0.9565
vn 0.2938 0.0141 0.9558
vn 0.0116 -0.9994 0.0326
vn 0.0140 -0.9997 -0.0204
vn 0.0870 0.9777 -0.1911
vn 0.0616 0.9924 -0.1063
vn 0.0607 0.9928 -0.1036
vn 0.0443 0.9905 -0.1303
vn 0.0137 0.9959 -0.0890
vn 0.0136 0.9959 -0.0894
vn 0.5965 -0.0000 0.8026
vn 0.7897 -0.0000 0.6135
vn 0.6709 -0.0000 0.7415
vn -0.9124 -0.0000 -0.4092
vn -1.0000 -0.0000 -0.0000
vn -0.8777 -0.0000 -0.4793
vn 0.5965 -0.0000 -0.8026
vn 0.6709 -0.0000 -0.7415
vn 0.9790 -0.0000 0.2038
vn 1.0000 -0.0000 -0.0000
vn -0.9124 -0.0000 0.4092
vn -0.8777 -0.0000 0.4793
vn -0.3261 -0.0000 -0.9453
vn 0.9790 -0.0000 -0.2038
vn -0.7897 -0.0000 0.6135
vn 0.3261 -0.0000 0.9453
vn -0.7897 -0.0000 -0.6135
vn 0.7897 -0.0000 -0.6135
vn -0.3261 -0.0000 0.9453
vn 0.9124 -0.0000 0.4092
vn -0.0000 1.0000 -0.0000
vn -0.5965 -0.0000 -0.8026
vn 0.3499 0.8965 0.2718
vn 0.3499 0.8965 -0.2718
vn -0.3499 0.8965 -0.2718
vn -0.3499 0.8965 0.2718
vn 0.9124 -0.0000 -0.4092
vn -0.5965 -0.0000 0.8026
vn -0.0000 0.3250 0.9457
vn 0.8469 0.4832 0.2219
vn 0.6182 0.3390 0.7092
vn 0.0432 -0.0000 0.9991
vn -0.5638 -0.3440 0.7509
vn -0.8317 -0.4866 0.2675
vn -0.8469 -0.4832 -0.2219
vn -0.6182 -0.3390 -0.7092
vn -0.0432 -0.0000 -0.9991
vn 0.5638 0.3440 -0.7509
vn 0.8317 0.4866 -0.2675
vn -0.4998 0.8661 0.0130
vn -0.4997 0.8661 0.0130
vn 0.2063 0.5663 0.7979
vn -0.4965 0.3496 0.7945
vn -0.9001 -0.0000 0.4357
vn -0.9558 -0.2939 -0.0033
vn -0.7413 -0.5051 -0.4420
vn -0.2063 -0.5663 -0.7979
vn 0.4965 -0.3496 -0.7945
vn 0.9001 -0.0000 -0.4357
vn 0.9558 0.2939 0.0033
vn 0.7413 0.5051 0.4420
vn -0.2744 0.8987 -0.3421
vn 0.4997 -0.8661 -0.0130
vn 0.2744 -0.8987 0.3421
vn -0.8469 0.4832 0.2219
vn -0.6182 0.3390 0.7092
vn -0.0432 -0.0000 0.9991
vn 0.5638 -0.3440 0.7509
vn 0.8317 -0.4866 0.2675
vn 0.8469 -0.4832 -0.2219
vn 0.6182 -0.3390 -0.7092
vn 0.0432 -0.0000 -0.9991
vn -0.5638 0.3440 -0.7509
vn -0.8317 0.4866 -0.2675
vn 0.4998 0.8661 0.0130
vn 0.4997 0.8661 0.0130
vn -0.2063 0.5663 0.7979
vn 0.4965 0.3496 0.7945
vn 0.9001 -0.0000 0.4357
vn 0.9558 -0.2939 -0.0033
vn 0.7413 -0.5051 -0.4420
vn 0.2063 -0.5663 -0.7979
vn -0.4966 -0.3496 -0.7945
vn -0.9001 -0.0000 -0.4357
vn -0.9558 0.2939 0.0033
vn -0.7413 0.5051 0.4420
vn 0.2744 0.8987 -0.3421
vn -0.4997 -0.8661 -0.0130
vn -0.2744 -0.8987 0.3421
vn -0.7596 0.4066 -0.5076
vn -0.8576 0.3113 -0.4095
vn -0.8270 0.3262 -0.4578
vn -0.8388 0.3697 -0.3997
vn -0.7839 0.4472 -0.4307
vn -0.7088 0.5201 -0.4765
vn -0.6889 0.4966 -0.5280
vn -0.7050 0.5015 -0.5015
vn 0.0446 0.9990 -0.0000
vn 0.1234 0.9924 -0.0000
vn 0.2449 0.9695 -0.0000
vn 0.6625 -0.7490 -0.0000
vn 0.9849 -0.1732 -0.0000
vn -0.9902 -0.0000 -0.1400
vn -0.9900 0.0005 -0.1412
vn -0.9900 0.0002 -0.1412
vn -0.9993 0.0152 -0.0336
vn -0.9986 0.0125 -0.0516
vn -0.9958 0.0129 -0.0906
vn -0.9958 0.0078 -0.0907
vn -0.9956 -0.0083 -0.0930
vn -0.9955 -0.0119 -0.0944
vn -0.6480 0.7562 -0.0906
vn -0.3875 0.9191 -0.0708
vn -0.7605 0.6415 -0.1002
vn -0.7618 0.6400 -0.0996
vn -0.9957 -0.0168 -0.0912
vn -0.9947 -0.0296 -0.0982
vn -0.7804 0.6246 0.0272
vn -0.6210 0.7831 0.0325
vn -0.6310 0.7758 -0.0000
vn -0.7834 0.6215 -0.0000
vn -0.7839 0.6209 -0.0006
vn -0.6799 0.7333 -0.0053
vn -0.7465 0.6635 -0.0510
vn -0.0436 -0.0927 0.9947
vn -0.0062 0.0956 0.9954
vn -0.0053 0.0807 0.9967
vn -0.0119 -0.0253 0.9996
vn 1.0000 -0.0005 0.0009
vn -0.0000 0.9244 -0.3814
vn -0.0000 0.9784 -0.2068
vn -0.0000 0.9783 -0.2070
vn -0.0000 -0.9815 0.1913
vn -0.0000 -0.9845 0.1751
vn -0.0000 -0.9709 0.2396
vn -0.0000 0.0635 -0.9980
vn -0.0000 -0.1525 0.9883
vn -0.0000 0.9855 -0.1695
vn -0.0000 0.9964 -0.0847
vn -0.2846 0.9541 -0.0935
vn -0.2576 0.9631 -0.0780
vn -1.0000 0.0010 -0.0011
vn -0.9990 0.0003 -0.0436
vn -0.9996 -0.0080 -0.0279
vn -0.9984 -0.0115 -0.0547
vn -0.0249 0.9975 0.0662
vn -0.0379 -0.2301 -0.9724
vn -0.0278 -0.0967 -0.9949
vn -0.0185 0.0230 -0.9996
vn -0.9855 -0.0000 -0.1695
vn -0.9985 -0.0000 0.0545
vn -0.9936 -0.0000 0.1132
vn -0.9987 -0.0000 0.0509
vn -0.5932 0.7917 0.1461
vn -0.7474 0.6443 0.1617
vn -0.7402 0.6060 0.2912
vn 0.2116 0.9706 0.1143
vn 0.0338 0.9785 0.2034
vn -0.0338 0.9785 0.2034
vn -0.2116 0.9706 0.1143
vn -0.1410 0.9723 0.1865
vn -0.0808 0.9910 0.1069
vn -0.0673 0.9938 0.0890
vn -0.0000 -0.9988 0.0498
vn -0.0000 -0.9589 0.2838
vn -0.0000 -0.9528 0.3036
vn -0.0000 -0.9987 0.0515
vn -0.0000 -0.8712 0.4909
vn -0.0326 -0.0692 0.9971
vn -0.0278 -0.0590 0.9979
vn -0.9775 -0.1858 0.0997
vn -0.9806 -0.1728 0.0928
vn -0.0026 0.0673 -0.9977
vn -0.0044 0.1130 -0.9936
vn -0.3960 0.9100 -0.1230
vn -0.0892 0.9960 -0.0069
vn -0.0117 -0.7909 -0.6119
vn -0.0105 0.1605 0.9870
vn -0.9186 -0.3483 0.1870
vn -0.0000 -0.9358 -0.3525
vn -0.0000 -0.9939 -0.1103
vn -0.0000 -0.9926 -0.1215
vn -0.0000 -0.9328 -0.3605
vn -0.0000 0.0121 0.9999
vn 0.0938 0.9945 0.0464
vn -0.0938 0.9945 0.0464
vn 0.1411 0.9898 0.0200
vn -0.1411 0.9898 0.0200
vn -0.0000 0.7255 -0.6882
vn -0.0182 0.3829 -0.9236
vn 0.0182 0.3829 -0.9236
vn -0.3126 0.9495 0.0281
vn -0.3308 0.9437 -0.0000
vn -0.4489 0.8936 -0.0000
vn -0.1019 0.9943 -0.0320
vn -0.1258 0.9920 0.0041
vn -0.4868 0.8586 -0.1606
vn -0.3514 0.9281 0.1231
vn -0.2877 0.9543 0.0815
vn -0.0610 0.9970 -0.0471
vn -0.1751 0.9846 -0.0000
vn 0.2576 0.9631 -0.0780
vn 0.3875 0.9191 -0.0708
vn 0.3960 0.9100 -0.1230
vn 0.4868 0.8586 -0.1606
vn -0.0000 -0.9753 -0.2210
vn 0.7842 -0.0000 -0.6205
vn -0.0000 -0.8547 0.5191
vn -0.0000 -0.9356 0.3531
vn -0.0000 -0.9212 0.3891
vn -0.0000 0.9901 -0.1405
vn -0.0000 0.9165 -0.4001
vn -0.0000 0.9015 -0.4328
vn -0.0000 0.8318 -0.5551
vn -0.0000 -0.9933 0.1159
vn -0.0000 -0.9996 -0.0268
vn -0.0000 0.9996 0.0281
vn -0.0000 0.9997 0.0230
vn -0.0000 0.4046 -0.9145
vn -0.0000 0.4998 -0.8661
vn -0.0000 0.9989 0.0459
vn -0.0000 -0.2056 0.9786
vn -0.0000 -0.3962 0.9181
vn -0.0000 0.5860 -0.8103
vn -0.0000 0.9994 -0.0336
vn -0.0000 0.1998 0.9798
vn -0.0000 -0.9897 0.1429
vn -0.0000 0.8675 0.4974
vn -0.0000 -0.8382 -0.5454
vn 0.0079 0.8657 -0.5005
vn -0.0079 0.8657 -0.5005
vn -0.0096 0.8643 -0.5029
vn 0.0096 0.8643 -0.5029
vn -0.2716 0.8100 -0.5198
vn -0.2950 0.8026 -0.5185
vn -0.0863 0.9868 -0.1368
vn -0.0143 0.9993 -0.0354
vn 0.0115 0.9999 -0.0013
vn 0.0134 0.9999 -0.0029
vn -0.5328 0.6932 -0.4854
vn -0.0042 0.0215 0.9998
vn 0.0042 0.0215 0.9998
vn 0.0040 0.0217 0.9998
vn -0.0040 0.0217 0.9998
vn -0.9901 0.0003 0.1406
vn -0.9901 0.0003 0.1404
vn -0.9981 -0.0010 -0.0623
vn -0.9977 -0.0011 -0.0672
vn 0.0086 0.9999 -0.0082
vn 0.0087 0.9999 -0.0082
vn -0.6490 0.7531 0.1081
vn -0.6292 0.7364 0.2487
vn -0.6461 0.7510 0.1365
vn -0.0994 0.9695 -0.2242
vn -0.0933 0.9676 -0.2347
vn -0.0698 0.9592 -0.2741
vn -0.6552 0.7555 -0.0005
vn -0.9887 0.0002 0.1500
vn 0.0011 0.9999 -0.0148
vn 0.0013 0.9999 -0.0146
vn -0.0013 0.9999 -0.0146
vn -0.0011 0.9999 -0.0148
vn -0.6098 0.3631 0.7045
vn -0.0079 0.0180 0.9998
vn -0.0000 0.8127 -0.5827
vn -0.0000 0.7391 -0.6736
vn -0.0000 -0.6075 0.7944
vn -0.6318 0.7723 0.0663
vn -0.9827 0.0009 -0.1852
vn -0.9801 0.0003 -0.1987
vn -0.9949 0.0043 -0.1005
vn -0.0000 -0.7436 -0.6686
vn -0.0000 -0.7602 -0.6497
vn -0.0000 0.8007 0.5991
vn -0.0000 0.9875 0.1575
vn -0.0000 -0.7263 -0.6873
vn -0.0000 -0.2027 0.9792
vn -0.0000 -0.9909 0.1348
vn -0.0000 0.8168 -0.5769
vn -0.0000 0.9986 -0.0526
vn -0.0000 0.2069 -0.9784
vn -0.7142 0.6522 -0.2543
vn -0.7810 0.5684 -0.2589
vn -0.7524 0.6045 -0.2617
vn -0.5255 0.8499 0.0401
vn -0.0000 0.9978 -0.0659
vn -0.1807 0.9816 -0.0624
vn -0.1773 0.9822 -0.0625
vn -0.1630 -0.9692 -0.1844
vn -0.1625 -0.9867 -0.0000
vn -0.0000 -0.9833 -0.1820
vn 0.3168 -0.2622 -0.9115
vn -0.6691 0.6966 -0.2589
vn -0.6924 0.6704 -0.2667
vn -0.6867 0.6800 -0.2568
vn -0.6659 0.7023 -0.2516
vn -0.5782 -0.7659 -0.2813
vn -0.6745 -0.2358 0.6996
vn 0.5874 0.7647 0.2650
vn -0.7432 0.6670 0.0532
vn -0.7767 0.6274 0.0553
vn -0.7762 0.6270 0.0668
vn -0.7427 0.6665 0.0647
vn -0.6215 -0.7834 -0.0000
vn 0.6215 0.7834 -0.0000
vn -0.0733 0.0669 -0.9951
vn -0.6447 -0.7634 0.0396
vn 0.0777 -0.0617 0.9951
vn 0.6445 0.7635 -0.0423
vn -0.9999 -0.0138 0.0006
vn -0.9999 -0.0119 0.0006
vn -0.9997 -0.0258 0.0012
vn -0.2737 0.9530 -0.1296
vn -0.0692 0.0036 0.9976
vn -0.0370 0.0028 0.9993
vn -0.0193 0.0024 0.9998
vn -0.0672 0.0085 0.9977
vn -0.9957 -0.0000 -0.0923
vn -0.9963 -0.0000 -0.0864
vn -0.0000 -0.9938 -0.1113
vn -0.0000 -0.9952 -0.0982
vn -0.0000 -0.9922 -0.1243
vn -0.0000 0.9965 0.0836
vn -0.0000 0.1692 0.9856
vn -0.0000 0.7998 0.6003
vn 0.0109 -0.9520 -0.3059
vn 0.0057 -0.9868 -0.1616
vn 0.0024 -0.9884 -0.1515
vn 0.0060 -0.9525 -0.3043
vn 0.9958 0.0129 -0.0906
vn 0.9958 0.0078 -0.0907
vn 0.9961 0.0183 -0.0864
vn 0.9957 0.0316 -0.0870
vn -0.0000 -0.5556 0.8315
vn -0.0000 -0.8577 0.5142
vn -0.0000 0.9994 0.0350
vn -0.0089 0.9994 0.0348
vn -0.0000 0.8853 -0.4650
vn -0.0154 0.9994 0.0298
vn -0.0000 -0.4295 -0.9031
vn -0.0000 -0.4410 -0.8975
vn -0.0000 -0.4062 -0.9138
vn 0.0251 -0.9983 -0.0528
vn -0.0000 -0.9986 -0.0534
vn 1.0000 -0.0010 0.0018
vn 0.0467 -0.9977 -0.0485
vn -0.0000 -0.8735 0.4868
vn -0.0000 -0.4748 -0.8801
vn -0.0000 -0.9993 0.0387
vn -0.0000 -0.9903 -0.1392
vn -0.0000 -0.6251 0.7805
vn -0.0000 -0.9480 -0.3182
vn -0.0179 0.9974 0.0696
vn -0.0000 0.9975 0.0700
vn -0.0000 -0.9943 -0.1069
vn 0.0503 -0.9931 -0.1058
vn -0.0358 0.9970 0.0693
vn 0.1005 -0.9894 -0.1044
vn -0.0000 -0.5969 0.8023
vn -0.0000 0.5544 -0.8323
vn -0.0000 0.4423 0.8969
vn -0.0707 -0.0000 0.9975
vn -0.0403 -0.0000 0.9992
vn -0.0000 -0.9997 -0.0247
vn -0.9861 -0.0000 -0.1662
vn -0.0000 0.9999 0.0136
vn -0.0000 1.0000 0.0068
vn 0.9902 -0.0000 -0.1400
vn 0.9900 0.0002 -0.1412
vn 0.9900 0.0005 -0.1412
vn 0.9986 0.0125 -0.0516
vn 0.9993 0.0152 -0.0336
vn 0.9955 -0.0119 -0.0944
vn 0.9956 -0.0083 -0.0930
vn 0.7618 0.6400 -0.0996
vn 0.7605 0.6415 -0.1002
vn 0.6480 0.7562 -0.0906
vn 0.9947 -0.0296 -0.0982
vn 0.9957 -0.0168 -0.0912
vn 0.7804 0.6246 0.0272
vn 0.7834 0.6215 -0.0000
vn 0.6310 0.7758 -0.0000
vn 0.6210 0.7831 0.0325
vn 0.7839 0.6209 -0.0006
vn 0.7465 0.6635 -0.0510
vn 0.6799 0.7333 -0.0053
vn 0.0436 -0.0927 0.9947
vn 0.0119 -0.0253 0.9996
vn 0.0053 0.0807 0.9967
vn 0.0062 0.0956 0.9954
vn -1.0000 -0.0005 0.0009
vn -0.0796 -0.0000 0.9968
vn 1.0000 0.0010 -0.0011
vn 0.9990 0.0003 -0.0436
vn 0.9996 -0.0080 -0.0279
vn 0.9984 -0.0115 -0.0547
vn 0.4954 0.8558 -0.1488
vn 0.0240 0.9994 -0.0268
vn 0.2113 0.9767 -0.0364
vn 0.0379 -0.2301 -0.9724
vn 0.0185 0.0230 -0.9996
vn 0.0278 -0.0967 -0.9949
vn 0.9855 -0.0000 -0.1695
vn 0.9985 -0.0000 0.0545
vn 0.9936 -0.0000 0.1132
vn 0.9987 -0.0000 0.0509
vn 0.5932 0.7917 0.1461
vn 0.7402 0.6060 0.2912
vn 0.7474 0.6443 0.1617
vn 0.1410 0.9723 0.1865
vn 0.0673 0.9938 0.0890
vn 0.0808 0.9910 0.1069
vn 0.0326 -0.0692 0.9971
vn 0.0278 -0.0590 0.9979
vn 0.0051 0.1314 -0.9913
vn 0.0026 0.0673 -0.9977
vn 0.0892 0.9960 -0.0069
vn 0.0117 -0.7909 -0.6119
vn 0.0105 0.1605 0.9870
vn 0.8093 -0.5838 -0.0649
vn 0.3308 0.9437 -0.0000
vn 0.3126 0.9495 0.0281
vn 0.4489 0.8936 -0.0000
vn 0.1258 0.9920 0.0041
vn 0.1019 0.9943 -0.0320
vn 0.2877 0.9543 0.0815
vn 0.3514 0.9281 0.1231
vn 0.0610 0.9970 -0.0471
vn 0.1751 0.9846 -0.0000
vn 0.0269 0.9994 -0.0212
vn 0.0155 0.9985 0.0522
vn -0.7842 -0.0000 -0.6205
vn 0.2716 0.8100 -0.5198
vn 0.2950 0.8026 -0.5185
vn 0.0863 0.9868 -0.1368
vn -0.0134 0.9999 -0.0029
vn -0.0115 0.9999 -0.0013
vn 0.0143 0.9993 -0.0354
vn 0.5328 0.6932 -0.4854
vn 0.9901 0.0003 0.1406
vn 0.9977 -0.0011 -0.0672
vn 0.9981 -0.0010 -0.0623
vn 0.9901 0.0003 0.1404
vn -0.0087 0.9999 -0.0082
vn -0.0086 0.9999 -0.0082
vn 0.6490 0.7531 0.1081
vn 0.6461 0.7510 0.1365
vn 0.6292 0.7364 0.2487
vn 0.0933 0.9676 -0.2347
vn 0.0994 0.9695 -0.2242
vn 0.0698 0.9592 -0.2741
vn 0.6552 0.7555 -0.0005
vn 0.9887 0.0002 0.1500
vn 0.6098 0.3631 0.7045
vn 0.0079 0.0180 0.9998
vn 0.6318 0.7723 0.0663
vn 0.9827 0.0009 -0.1852
vn 0.9949 0.0043 -0.1005
vn 0.9801 0.0003 -0.1987
vn 0.6175 0.7677 -0.1713
vn 0.7200 0.6465 -0.2523
vn 0.7302 0.6381 -0.2442
vn -0.0000 -0.9309 -0.3652
vn -0.1440 -0.9210 -0.3620
vn -0.2080 0.9774 -0.0379
vn -0.2133 0.9766 -0.0269
vn 0.0683 -0.9797 -0.1887
vn 0.0737 -0.9973 -0.0000
vn -0.3168 -0.2622 -0.9115
vn 0.6924 0.6704 -0.2667
vn 0.6691 0.6966 -0.2589
vn 0.6659 0.7023 -0.2516
vn 0.6867 0.6800 -0.2568
vn 0.5782 -0.7659 -0.2813
vn 0.6745 -0.2358 0.6996
vn -0.5874 0.7647 0.2650
vn 0.7432 0.6670 0.0532
vn 0.7767 0.6274 0.0553
vn 0.7762 0.6270 0.0668
vn 0.7427 0.6665 0.0647
vn 0.6215 -0.7834 -0.0000
vn -0.6215 0.7834 -0.0000
vn 0.0733 0.0669 -0.9951
vn 0.6447 -0.7634 0.0396
vn -0.0777 -0.0617 0.9951
vn -0.6445 0.7635 -0.0423
vn 0.9999 -0.0123 -0.0000
vn 0.9999 -0.0133 -0.0000
vn 0.9997 -0.0256 -0.0000
vn 0.2104 0.9737 -0.0870
vn 0.0692 0.0036 0.9976
vn 0.0672 0.0085 0.9977
vn 0.0193 0.0024 0.9998
vn 0.0370 0.0028 0.9993
vn 0.9963 -0.0000 -0.0864
vn 0.9957 -0.0000 -0.0923
vn -0.0109 -0.9520 -0.3059
vn -0.0060 -0.9525 -0.3043
vn -0.0024 -0.9884 -0.1515
vn -0.0057 -0.9868 -0.1616
vn -0.0000 -0.9891 -0.1474
vn 0.0089 0.9994 0.0348
vn 0.0154 0.9994 0.0298
vn -0.0251 -0.9983 -0.0528
vn -1.0000 -0.0010 0.0018
vn -0.0467 -0.9977 -0.0485
vn 0.0179 0.9974 0.0696
vn -0.0503 -0.9931 -0.1058
vn 0.0358 0.9970 0.0693
vn -0.1005 -0.9894 -0.1044
vn 0.0403 -0.0000 0.9992
vn 0.0707 -0.0000 0.9975
vn 0.9861 -0.0000 -0.1662
vn -0.0067 1.0000 0.0045
vn -0.0034 1.0000 0.0057
vn -0.0028 0.9998 -0.0184
vn -0.0088 0.9999 -0.0049
vn -0.0000 0.9992 -0.0392
vn -0.0000 0.9998 -0.0196
vn 0.0091 -0.0101 0.9999
vn -0.0000 -0.0101 0.9999
vn -0.0000 -0.0293 0.9996
vn 0.0068 -0.0158 0.9999
vn 0.3826 0.9086 0.1676
vn -0.3826 0.9086 0.1676
vn 0.0645 0.0027 -0.9979
vn 0.0119 0.0202 -0.9997
vn -0.0000 0.7183 -0.6957
vn -0.1072 0.7034 -0.7026
vn -0.0989 0.7049 -0.7024
vn -0.1568 -0.9718 -0.1762
vn -0.1569 -0.9191 -0.3613
vn 0.0990 -0.9197 -0.3799
vn -0.9550 0.2962 -0.0168
vn -0.0128 0.0142 -0.9998
vn -0.0679 -0.0044 -0.9977
vn 0.0768 -0.9796 -0.1857
vn 0.2044 0.9781 -0.0398
vn 0.0867 0.9934 -0.0752
vn -0.1970 0.6843 -0.7020
vn 0.0822 -0.9223 -0.3777
vn 0.0545 0.9983 -0.0206
vn 0.1184 0.9915 -0.0540
vn 0.9540 0.2959 0.0469
vn 0.2799 0.9588 0.0489
vn 0.0519 0.9986 -0.0035
vn -0.0440 0.2931 -0.9551
vn -0.0221 0.2933 -0.9558
vn 0.0221 0.2933 -0.9558
vn 0.0440 0.2931 -0.9551
vn 0.0122 0.0297 -0.9995
vn 0.0705 0.0262 -0.9972
vn 0.1028 0.0114 -0.9946
vn 0.1591 -0.0491 -0.9860
vn 0.0630 -0.0693 -0.9956
vn 0.0603 -0.0506 -0.9969
vn 0.0426 -0.1468 -0.9883
vn -0.0000 -0.3549 -0.9349
vn -0.0622 -0.0688 -0.9957
vn -0.0421 -0.1452 -0.9885
vn -0.0592 -0.0499 -0.9970
vn -0.1521 -0.0469 -0.9873
vn -0.0922 -0.0018 -0.9957
vn -0.0326 0.0151 -0.9994
vn -0.0072 0.0405 -0.9992
vn -0.0155 0.0124 -0.9998
vn -0.0082 0.0375 -0.9993
vn 0.0132 0.0203 -0.9997
vn 0.0167 0.0162 -0.9997
vn -0.0000 -0.3709 -0.9287
vn -0.0032 0.0362 -0.9993
vn -0.9511 -0.3090 -0.0000
vn -0.9933 0.1131 0.0244
vn 0.9929 0.1149 0.0297
vn 0.9511 -0.3090 -0.0000
vn -0.7431 -0.6691 -0.0000
vn 0.7431 -0.6691 -0.0000
vn -0.4045 -0.9145 -0.0000
vn 0.4045 -0.9145 -0.0000
vn -0.8286 0.5595 0.0204
vn -0.7112 0.7029 -0.0000
vn -0.8686 0.4946 0.0286
vn 0.7234 0.6889 0.0474
vn 0.8476 0.5280 0.0537
vn 0.8566 0.5131 0.0541
vn -0.1790 0.9823 -0.0556
vn -0.0091 -0.0101 0.9999
vn -0.0068 -0.0158 0.9999
vn -0.0000 -0.9886 -0.1508
vn -0.0000 -0.9532 -0.3024
vn 0.0019 -0.1572 -0.9876
vn -0.9262 0.1034 0.3627
vn -0.9314 -0.0000 0.3639
vn -0.9254 0.1104 0.3625
vn -0.8676 0.3617 0.3412
vn -0.8713 0.3513 0.3427
vn -0.7845 0.5375 0.3094
vn -0.0000 -0.8108 0.5853
vn 0.9732 -0.2300 -0.0000
vn 0.9933 -0.1158 -0.0000
vn -0.0000 -1.0000 -0.0082
vn 0.0026 -0.0238 0.9997
vn -0.0000 -0.0485 0.9988
vn 0.9262 0.1034 0.3627
vn 0.9254 0.1104 0.3625
vn 0.9314 -0.0000 0.3639
vn 0.8676 0.3617 0.3412
vn 0.8713 0.3513 0.3427
vn 0.7845 0.5375 0.3094
vn -0.9732 -0.2300 -0.0000
vn -0.9933 -0.1158 -0.0000
vn -0.0026 -0.0238 0.9997
vn -0.0000 0.1849 0.9828
vn 0.0508 0.2825 0.9579
vn 0.0495 0.2800 0.9587
vn -0.0495 -0.2800 -0.9587
vn -0.0980 -0.3709 -0.9235
vn -0.0508 -0.2825 -0.9579
vn 0.0980 0.3709 0.9235
vn -0.3855 -0.9227 -0.0000
vn -0.0000 -0.1849 -0.9828
vn -0.0495 0.2800 0.9587
vn -0.0508 0.2825 0.9579
vn 0.0495 -0.2800 -0.9587
vn 0.0508 -0.2825 -0.9579
vn 0.0980 -0.3709 -0.9235
vn -0.0980 0.3709 0.9235
vn 0.3855 -0.9227 -0.0000
vn -0.9957 0.0316 -0.0870
vn -0.9961 0.0183 -0.0864
vn -0.9887 -0.0000 0.1497
vn 0.9887 -0.0000 0.1497
vn -0.0155 0.9985 0.0522
vn -0.0269 0.9994 -0.0212
vn 0.0223 0.9978 -0.0631
vn -0.0471 0.9963 -0.0712
vn -0.0087 0.9975 -0.0702
vn 0.0087 0.9975 -0.0702
vn 0.0085 0.9975 -0.0703
vn -0.0085 0.9975 -0.0703
vn -0.0223 0.9978 -0.0631
vn 0.0471 0.9963 -0.0712
vn 0.0263 0.9997 0.0003
vn 0.0257 0.9997 -0.0002
vn 0.0331 0.9990 -0.0297
vn 0.0388 0.9991 -0.0145
vn -0.0263 0.9997 0.0003
vn -0.0257 0.9997 -0.0002
vn -0.0388 0.9991 -0.0145
vn -0.0331 0.9990 -0.0297
vn -0.0000 -0.0121 -0.9999
vn -0.0067 0.9982 -0.0588
vn 0.0067 0.9982 -0.0588
vn 0.0112 0.9981 -0.0608
vn -0.0112 0.9981 -0.0608
vn -0.0201 0.9977 -0.0648
vn 0.0201 0.9977 -0.0648
vn -0.5261 0.0553 0.8486
vn -0.2795 0.0625 0.9581
vn -0.2833 0.0624 0.9570
vn -0.0000 0.0587 -0.9983
vn 0.9358 0.0513 -0.3487
vn 0.8490 0.0496 -0.5260
vn 0.9349 0.0513 -0.3512
vn -0.9988 0.0493 -0.0012
vn -0.9836 0.0461 0.1744
vn -0.9988 0.0493 0.0012
vn -0.8490 0.0496 -0.5260
vn -0.9358 0.0513 -0.3487
vn -0.9349 0.0513 -0.3512
vn 0.9988 0.0493 0.0012
vn 0.9988 0.0493 -0.0012
vn 0.9836 0.0461 0.1744
vn 0.2795 0.0625 0.9581
vn 0.2833 0.0624 0.9570
vn 0.5261 0.0553 0.8486
vn 0.0028 0.9998 -0.0184
vn 0.0088 0.9999 -0.0049
vn 0.0067 1.0000 0.0045
vn 0.0034 1.0000 0.0057
vn -0.0000 0.9519 -0.3063
vn -0.0000 0.7897 -0.6135
vn -0.0000 0.4705 0.8824
vn -0.0000 0.7897 0.6135
vn -0.0000 -0.7897 -0.6135
vn -0.0000 -0.9519 -0.3063
vn -0.0000 0.9519 0.3063
vn -0.0000 0.4705 -0.8824
vn -0.0000 -0.9519 0.3063
vn -0.0000 -0.7897 0.6135
vn -0.0000 -0.4705 -0.8824
vn -0.0000 -0.4705 0.8824
vn -0.0000 -0.3031 0.9530
vn -0.0000 0.9935 -0.1136
vn -0.0000 -0.9936 0.1131
vn -0.0000 -0.9740 0.2265
vn 0.7184 -0.0000 -0.6956
vn 0.7184 -0.0000 0.6956
vn -0.0055 -0.0071 1.0000
vn 1.0000 -0.0000 0.0017
vn -0.0029 -0.0056 1.0000
vn 0.7770 -0.0000 0.6295
vn -1.0000 -0.0000 -0.0017
vn -0.7795 -0.0089 0.6263
vn 1.0000 -0.0000 0.0015
vn -0.7770 -0.0000 -0.6295
vn -1.0000 -0.0000 -0.0015
vn 0.0010 1.0000 0.0071
vn 0.0015 1.0000 0.0077
vn -0.0015 1.0000 0.0077
vn -0.0011 1.0000 0.0070
vn 0.0011 -1.0000 -0.0071
vn 0.0015 -1.0000 -0.0077
vn -0.0014 -1.0000 -0.0078
vn -0.0010 -1.0000 -0.0071
vn -0.0007 -1.0000 -0.0096
vn -0.0018 -1.0000 -0.0097
vn 0.0019 -1.0000 -0.0097
vn 0.0008 -1.0000 -0.0096
vn 0.0018 1.0000 0.0097
vn 0.0007 1.0000 0.0096
vn -0.0008 1.0000 0.0096
vn -0.0018 1.0000 0.0097
vn 0.0024 1.0000 0.0067
vn 0.0022 1.0000 0.0063
vn -0.0022 1.0000 0.0063
vn -0.0024 1.0000 0.0066
vn 0.0025 -1.0000 -0.0066
vn 0.0022 -1.0000 -0.0063
vn -0.0022 -1.0000 -0.0063
vn -0.0024 -1.0000 -0.0067
vn 0.7795 0.0070 -0.6263
vn 0.0054 0.0056 -1.0000
vn -0.0000 -0.9970 0.0779
vn -0.0000 0.9970 -0.0779
vn -0.0000 0.8288 0.5595
vn -0.9104 0.4125 -0.0323
vn -0.0000 0.7030 -0.7112
vn 0.9104 0.4125 -0.0323
vn -0.0000 0.7672 0.6414
vn -0.9925 0.0993 -0.0717
vn 0.9925 0.0993 -0.0717
vn -0.0000 0.8108 -0.5853
vn -0.0000 -0.8748 -0.4844
vn 0.2846 0.9541 -0.0935
vn 0.0796 -0.0000 0.9968
vn -1.0000 -0.0002 -0.0002
vn -1.0000 -0.0002 -0.0003
vn -1.0000 -0.0004 -0.0001
vn 1.0000 -0.0006 0.0002
vn 1.0000 -0.0002 0.0004
vn 1.0000 -0.0007 0.0003
vn 1.0000 -0.0009 -0.0020
vn 1.0000 -0.0012 -0.0002
vn 1.0000 -0.0014 -0.0023
vn 1.0000 0.0002 0.0002
vn 1.0000 0.0004 0.0001
vn 1.0000 0.0002 0.0003
vn 1.0000 0.0002 -0.0020
vn 1.0000 0.0006 -0.0007
vn 1.0000 0.0005 -0.0001
vn -1.0000 -0.0002 0.0020
vn -1.0000 -0.0005 0.0001
vn -1.0000 -0.0006 0.0007
vn -1.0000 0.0006 -0.0002
vn -1.0000 0.0007 -0.0003
vn -1.0000 0.0002 -0.0004
vn -1.0000 0.0009 0.0020
vn -1.0000 0.0014 0.0023
vn -1.0000 0.0012 0.0002
vn 0.0003 1.0000 -0.0000
vn -0.0003 0.7793 -0.6266
vn -0.0009 -0.0000 -1.0000
vn -0.0003 -1.0000 -0.0000
vn 0.0003 -0.7793 0.6266
vn 0.0009 -0.0000 1.0000
vn 0.0008 0.7793 0.6266
vn -0.0008 -0.7793 -0.6266
vn -0.9934 -0.0000 0.1148
vn -0.0587 -0.0000 -0.9983
vn -0.1170 -0.0000 -0.9931
vn 0.6758 -0.0000 0.7371
vn -0.0000 -0.9216 0.3881
vn 0.1169 -0.9010 0.4179
vn 0.0905 -0.9068 0.4116
vn -0.0000 0.9698 0.2439
vn 0.0571 0.9636 0.2611
vn 0.0762 0.9608 0.2667
vn 0.9967 -0.0000 -0.0811
vn 0.1484 0.9464 0.2868
vn 0.2279 -0.8683 0.4406
vn -0.9069 0.1024 0.4087
vn -0.9171 -0.0000 0.3987
vn -0.9091 0.0866 0.4074
vn -0.8908 0.1880 0.4137
vn 0.9934 -0.0000 0.1148
vn -0.0093 0.9699 0.2433
vn 0.9069 0.1024 0.4087
vn 0.9091 0.0866 0.4074
vn 0.9171 -0.0000 0.3987
vn 0.8908 0.1880 0.4137
vn 0.0093 0.9699 0.2433
vn -0.0000 -0.9847 -0.1743
vn -0.0000 0.9994 -0.0352
vn 0.9988 -0.0000 0.0490
vn 0.9961 -0.0000 0.0887
vn 0.9990 -0.0000 0.0444
vn -0.9990 -0.0000 0.0444
vn -0.9961 -0.0000 0.0887
vn -0.9988 -0.0000 0.0490
vn -0.0000 0.8908 -0.4544
vn -0.0000 -0.9280 0.3726
vn -0.7179 0.6959 -0.0186
vn 0.7839 -0.6209 -0.0000
vn 0.7179 0.6959 -0.0186
vn -0.7839 -0.6209 -0.0000
vn 1.0000 -0.0002 -0.0002
vn 1.0000 -0.0004 -0.0001
vn 1.0000 -0.0002 -0.0003
vn -1.0000 -0.0006 0.0002
vn -1.0000 -0.0007 0.0003
vn -1.0000 -0.0002 0.0004
vn -1.0000 -0.0009 -0.0020
vn -1.0000 -0.0014 -0.0023
vn -1.0000 -0.0012 -0.0002
vn -1.0000 0.0002 0.0002
vn -1.0000 0.0002 0.0003
vn -1.0000 0.0004 0.0001
vn -1.0000 0.0002 -0.0020
vn -1.0000 0.0005 -0.0001
vn -1.0000 0.0006 -0.0007
vn 1.0000 -0.0002 0.0020
vn 1.0000 -0.0006 0.0007
vn 1.0000 -0.0005 0.0001
vn 1.0000 0.0006 -0.0002
vn 1.0000 0.0002 -0.0004
vn 1.0000 0.0007 -0.0003
vn 1.0000 0.0009 0.0020
vn 1.0000 0.0012 0.0002
vn 1.0000 0.0014 0.0023
vn -0.0003 1.0000 -0.0000
vn 0.0003 0.7793 -0.6266
vn 0.0009 -0.0000 -1.0000
vn 0.0003 -1.0000 -0.0000
vn -0.0003 -0.7793 0.6266
vn -0.0009 -0.0000 1.0000
vn -0.0008 0.7793 0.6266
vn 0.0008 -0.7793 -0.6266
vn 0.0587 -0.0000 -0.9983
vn 0.1170 -0.0000 -0.9931
vn -0.6758 -0.0000 0.7371
vn -0.0905 -0.9068 0.4116
vn -0.1169 -0.9010 0.4178
vn -0.0762 0.9608 0.2667
vn -0.0571 0.9636 0.2611
vn -0.9967 -0.0000 -0.0811
vn -0.1484 0.9464 0.2868
vn -0.2279 -0.8683 0.4406
vn -0.0000 0.9998 0.0203
vn -0.7875 0.6162 0.0126
vn -0.0000 0.2360 0.9718
vn 0.7875 0.6162 0.0126
vn -0.0000 0.0340 -0.9994
vn -0.0000 -0.9998 -0.0205
vn -0.0000 -0.2377 -0.9713
vn -0.7887 0.6134 -0.0397
vn -0.0000 0.1069 0.9943
vn 0.7887 0.6134 -0.0397
vn -0.0000 -0.9979 0.0648
vn -0.0000 0.9979 -0.0645
vn -0.0000 -0.1064 -0.9943
vn -0.0000 0.1065 0.9943
vn -0.0000 -0.9821 -0.1886
vn -0.0000 -0.9952 -0.0981
vn 0.4976 -0.8618 -0.0981
vn 0.4910 -0.8505 -0.1886
vn 0.9821 -0.0000 -0.1886
vn 0.9952 -0.0000 -0.0981
vn 0.8618 0.4976 -0.0981
vn 0.8505 0.4910 -0.1886
vn -0.9821 -0.0000 -0.1886
vn -0.9952 -0.0000 -0.0981
vn -0.8618 -0.4976 -0.0981
vn -0.8505 -0.4910 -0.1886
vn 0.4976 0.8618 -0.0981
vn 0.4910 0.8505 -0.1886
vn 0.8618 -0.4976 -0.0981
vn 0.8505 -0.4910 -0.1886
vn -0.4976 -0.8618 -0.0981
vn -0.4910 -0.8505 -0.1886
vn -0.0000 0.9952 -0.0981
vn -0.0000 0.9821 -0.1886
vn -0.4910 0.8505 -0.1886
vn -0.4976 0.8618 -0.0981
vn -0.8618 0.4976 -0.0981
vn -0.8505 0.4910 -0.1886
vn -0.5000 0.8660 -0.0041
vn -0.8660 0.5000 -0.0041
vn -0.7646 -0.4414 0.4696
vn -0.4414 -0.7646 0.4696
vn 0.8660 -0.5000 -0.0041
vn 1.0000 -0.0000 -0.0041
vn -0.5000 -0.8660 -0.0041
vn -0.0000 -1.0000 -0.0041
vn -1.0000 -0.0000 -0.0041
vn 0.8660 0.5000 -0.0041
vn 0.5000 -0.8660 -0.0041
vn -0.8660 -0.5000 -0.0041
vn 0.5000 0.8660 -0.0041
vn -0.0000 1.0000 -0.0041
vn -0.8829 -0.0000 0.4696
vn -0.7646 0.4414 0.4696
vn -1.0000 -0.0000 -0.0072
vn -0.8660 0.5000 -0.0072
vn 0.8660 0.5000 -0.0072
vn 1.0000 -0.0000 -0.0072
vn 0.5000 -0.8660 -0.0072
vn -0.0000 -1.0000 -0.0072
vn -0.8660 -0.5000 -0.0072
vn 0.5000 0.8660 -0.0072
vn -0.5000 0.8660 -0.0071
vn -0.0000 1.0000 -0.0071
vn 0.8660 -0.5000 -0.0072
vn -0.5000 -0.8660 -0.0072
vn -0.4414 0.7646 0.4696
vn 0.5000 0.8660 -0.0031
vn 0.8660 0.5000 -0.0031
vn -0.5000 0.8660 -0.0031
vn -0.0000 1.0000 -0.0031
vn 0.8660 -0.5000 -0.0031
vn 0.5000 -0.8660 -0.0031
vn -0.5000 -0.8660 -0.0031
vn -0.8660 -0.5000 -0.0031
vn -0.8660 0.5000 -0.0031
vn 1.0000 -0.0000 -0.0031
vn -0.0000 -1.0000 -0.0031
vn -1.0000 -0.0000 -0.0031
vn -0.0000 -0.8829 0.4696
vn 0.4414 -0.7646 0.4696
vn 0.7646 -0.4414 0.4696
vn 0.8829 -0.0000 0.4696
vn 0.7646 0.4414 0.4696
vn 0.4414 0.7646 0.4696
vn -0.0000 0.8829 0.4696
vn -0.0000 0.7605 -0.6493
vn 0.3803 0.6587 -0.6493
vn 0.6587 0.3803 -0.6493
vn 0.7605 -0.0000 -0.6493
vn 0.6586 -0.3803 -0.6493
vn 0.3803 -0.6586 -0.6493
vn -0.0000 -0.7605 -0.6493
vn -0.3803 -0.6586 -0.6493
vn -0.6586 -0.3803 -0.6493
vn -0.7605 -0.0000 -0.6493
vn -0.6587 0.3803 -0.6493
vn -0.3803 0.6587 -0.6493
vn -0.4485 0.7769 0.4419
vn -0.7769 0.4485 0.4419
vn -0.8971 -0.0000 0.4419
vn -0.7769 -0.4485 0.4419
vn -0.4485 -0.7769 0.4419
vn -0.0000 -0.8971 0.4419
vn 0.4485 -0.7769 0.4419
vn 0.7769 -0.4485 0.4419
vn 0.8971 -0.0000 0.4419
vn 0.7769 0.4485 0.4419
vn 0.4485 0.7769 0.4419
vn -0.0000 0.8971 0.4419
vn -0.0000 0.7815 -0.6239
vn 0.3908 0.6768 -0.6239
vn 0.6768 0.3908 -0.6239
vn 0.7815 -0.0000 -0.6239
vn 0.6768 -0.3908 -0.6239
vn 0.3908 -0.6768 -0.6239
vn -0.0000 -0.7815 -0.6239
vn -0.3908 -0.6768 -0.6239
vn -0.6768 -0.3908 -0.6239
vn -0.7815 -0.0000 -0.6239
vn -0.6768 0.3908 -0.6239
vn -0.3908 0.6768 -0.6239
vn -0.0000 -0.7581 0.6521
vn 0.0027 -0.7271 0.6865
vn 0.0045 -0.6781 0.7349
vn -0.0120 -0.0653 0.9978
vn -0.0060 -0.0327 0.9994
vn -0.0069 -0.0374 0.9993
vn -0.0000 0.7904 -0.6126
vn 0.0027 0.7271 -0.6865
vn -0.0000 0.7581 -0.6521
vn -0.0027 0.7271 -0.6865
vn -0.0045 0.6781 -0.7349
vn 0.0120 0.0653 -0.9978
vn 0.0069 0.0374 -0.9993
vn 0.0060 0.0327 -0.9994
vn -0.0000 0.9606 0.2781
vn -0.5483 0.8033 0.2326
vn -0.0000 -0.8101 0.5863
vn 0.3482 -0.9005 -0.2607
vn 0.8581 -0.4933 -0.1428
vn 0.9422 -0.0000 -0.3349
vn -0.9422 -0.0000 -0.3349
vn -0.0045 -0.6781 0.7349
vn -0.0027 -0.7271 0.6865
vn 0.0120 -0.0653 0.9978
vn 0.0069 -0.0374 0.9993
vn 0.0060 -0.0327 0.9994
vn 0.0045 0.6781 -0.7349
vn -0.0120 0.0653 -0.9978
vn -0.0060 0.0327 -0.9994
vn -0.0069 0.0374 -0.9993
vn 0.5483 0.8033 0.2326
vn -0.3482 -0.9005 -0.2607
vn -0.8581 -0.4933 -0.1428
vn -0.0000 -0.7904 0.6126
vn -0.0000 -0.2719 -0.9623
vn -0.0000 -0.4540 -0.8910
vn -0.0000 -0.3024 -0.9532
vn -0.9991 -0.0160 0.0391
vn -0.9983 -0.0222 0.0543
vn 0.9991 0.0158 -0.0389
vn 0.9983 0.0218 -0.0536
vn -0.0000 0.6583 0.7527
vn -0.0000 0.6724 0.7402
vn -0.0000 -0.6660 -0.7460
vn -0.0000 0.5065 0.8623
vn -0.0000 -0.9846 0.1748
vn -0.0000 -0.7893 -0.6140
vn -0.0000 -0.1919 0.9814
vn -0.0000 -0.1341 -0.9910
vn -0.0000 -0.3314 -0.9435
vn -0.9788 -0.0800 0.1883
vn -0.9901 -0.0550 0.1293
vn -0.0000 0.9328 0.3605
vn -0.0000 0.9722 0.2340
vn -0.0000 -0.5065 -0.8623
vn -0.0000 -0.9382 0.3460
vn -0.0000 -0.9047 -0.4260
vn -0.0000 -0.1607 0.9870
vn -0.0400 -0.9989 0.0241
vn -0.1064 -0.9943 -0.0089
vn -0.1070 -0.9942 -0.0082
vn -0.0387 -0.9989 0.0249
vn -0.0000 -0.8293 -0.5587
vn -0.0000 -0.9145 -0.4046
vn -0.0000 -0.9102 -0.4142
vn -0.0000 -0.0709 -0.9975
vn -0.9989 -0.0356 0.0304
vn -0.9991 -0.0326 0.0278
vn -0.9995 -0.0238 0.0204
vn -0.9993 -0.0277 0.0237
vn 0.9991 0.0326 -0.0278
vn 0.9989 0.0356 -0.0304
vn 0.9993 0.0277 -0.0236
vn 0.9995 0.0238 -0.0204
vn -0.0000 0.8135 0.5815
vn -0.0000 0.8144 0.5803
vn -0.0000 -0.9958 0.0919
vn -0.0000 -0.8905 -0.4549
vn -0.0000 -0.1256 0.9921
vn -0.0000 0.9140 0.4056
vn 0.0047 0.9756 0.2194
vn 0.0046 0.9756 0.2196
vn 1.0000 -0.0065 -0.0004
vn 1.0000 -0.0069 -0.0004
vn 0.9998 -0.0205 0.0049
vn 0.9997 -0.0239 0.0077
vn -1.0000 0.0070 -0.0000
vn -1.0000 0.0073 -0.0000
vn -0.0039 -0.9732 -0.2301
vn -0.0039 -0.9731 -0.2302
vn 0.0388 0.9846 -0.1705
vn 0.0387 0.9847 -0.1697
vn 0.0434 0.9507 -0.3071
vn 0.9992 -0.0295 0.0253
vn 0.9992 -0.0295 0.0252
vn 0.9980 -0.0315 0.0542
vn 0.9982 -0.0311 0.0521
vn -0.9992 0.0299 -0.0255
vn -0.9981 0.0311 -0.0524
vn -0.9980 0.0315 -0.0542
vn 0.1063 0.5827 -0.8057
vn -0.0200 -0.9955 -0.0924
vn -0.0194 -0.9950 -0.0982
vn 0.0213 0.9970 0.0747
vn 0.0218 0.9973 0.0704
vn -0.9997 0.0249 -0.0084
vn -0.9998 0.0212 -0.0055
vn 0.0010 -0.8335 -0.5525
vn -0.9970 0.0344 -0.0696
vn 0.9970 -0.0346 0.0694
vn -0.1065 -0.5701 0.8147
vn 0.9916 0.0361 -0.1245
vn 0.9917 0.0361 -0.1231
vn 0.0350 0.9954 0.0886
vn 0.0350 0.9954 0.0894
vn 0.0149 0.9780 -0.2082
vn 0.0130 0.9747 -0.2233
vn 0.0325 0.9178 0.3958
vn 0.0333 0.9512 0.3068
vn 0.0333 0.9517 0.3051
vn -0.9916 -0.0364 0.1240
vn -0.9915 -0.0364 0.1246
vn -0.0325 -0.9178 -0.3958
vn -0.0357 -0.9479 -0.3166
vn -0.0357 -0.9473 -0.3183
vn -0.8707 0.4212 0.2539
vn -0.8679 0.4354 0.2392
vn -0.9381 0.2507 0.2389
vn -0.9476 0.2093 0.2415
vn -0.9913 -0.0393 0.1255
vn -0.9903 -0.0384 0.1334
vn -0.9181 0.3123 0.2442
vn -0.9860 0.0753 0.1490
vn 0.9901 0.0378 -0.1350
vn 0.9912 0.0385 -0.1266
vn 0.9940 0.0406 -0.1018
vn -0.0399 -0.9932 -0.1096
vn -0.0399 -0.9933 -0.1088
vn -0.0183 -0.9781 0.2075
vn -0.0214 -0.9830 0.1821
vn 0.9301 -0.2758 -0.2424
vn 0.9476 -0.2033 -0.2463
vn 0.9682 0.0109 -0.2498
vn 0.8515 -0.4582 -0.2548
vn 0.8511 -0.4556 -0.2608
vn 0.0736 -0.5346 0.8419
vn 0.2799 -0.2957 0.9134
vn 0.2429 -0.3435 0.9072
vn -0.0727 0.5385 -0.8395
vn -0.2447 0.3445 -0.9063
vn -0.2741 0.3065 -0.9115
vn -0.2634 -0.9623 -0.0679
vn 0.4266 -0.0778 0.9011
vn -0.4258 0.0824 -0.9011
vn -0.9686 -0.0166 0.2482
vn -0.0103 0.9160 -0.4011
vn 0.0035 -0.9250 0.3800
vn 0.8483 -0.4415 -0.2924
vn -0.0000 0.8733 0.4871
vn 0.9826 0.0737 -0.1702
vn 0.9917 0.0510 -0.1177
vn -0.9629 -0.0646 0.2619
vn -0.9603 -0.0741 0.2690
vn -0.0000 -0.9673 -0.2537
vn 0.0037 -0.9986 -0.0527
vn 0.0029 -0.9952 -0.0981
vn -0.0073 0.9979 -0.0641
vn -0.0069 0.9976 -0.0696
vn -0.0148 0.9985 -0.0530
vn -0.0161 0.9984 -0.0544
vn 0.9687 0.0628 -0.2403
vn 0.9674 -0.0258 -0.2520
vn 0.9583 -0.0485 -0.2816
vn 0.9668 0.0705 -0.2458
vn 0.0082 -0.9964 0.0839
vn 0.0088 -0.9971 0.0761
vn 0.0174 -0.9981 0.0598
vn 0.0161 -0.9981 0.0589
vn 0.9328 -0.1148 -0.3416
vn 0.9336 -0.1152 -0.3392
vn 0.9124 -0.0586 -0.4051
vn 0.9137 -0.0666 -0.4009
vn 0.9427 -0.1014 -0.3179
vn 0.9435 -0.1066 -0.3139
vn 0.0414 0.9989 -0.0204
vn 0.1094 0.9939 0.0119
vn 0.1090 0.9940 0.0128
vn 0.0422 0.9989 -0.0199
vn -0.9431 0.1072 0.3148
vn -0.9328 0.1149 0.3416
vn -0.9336 0.1154 0.3393
vn -0.9423 0.1011 0.3192
vn -0.0375 -0.9868 0.1578
vn -0.0374 -0.9870 0.1566
vn -0.0430 -0.9512 0.3055
vn -0.0425 -0.9978 0.0514
vn -0.0386 -0.9978 0.0544
vn 0.0399 0.9978 -0.0532
vn 0.0426 0.9978 -0.0511
vn -0.7906 -0.0163 0.6121
vn -0.7950 -0.0154 0.6065
vn -0.6940 -0.0361 0.7191
vn -0.9175 0.0684 0.3918
vn -0.9167 0.0589 0.3953
vn 0.7822 0.0181 -0.6228
vn 0.7801 0.0185 -0.6254
vn 0.6940 0.0360 -0.7191
vn 0.0624 0.9968 0.0502
vn 0.0653 0.9964 0.0535
vn 0.0803 0.9943 0.0704
vn -0.0053 -0.9981 0.0611
vn -0.0116 -0.9985 0.0530
vn 0.9272 -0.0214 -0.3739
vn 0.9232 -0.0204 -0.3839
vn -0.9358 0.0252 0.3517
vn -0.9413 0.0269 0.3364
vn 0.0115 0.9985 -0.0532
vn 0.0052 0.9981 -0.0613
vn 0.0480 0.9987 0.0193
vn 0.0486 0.9988 0.0096
vn -0.8587 0.1276 -0.4963
vn -0.9250 0.0198 0.3795
vn -0.9187 0.0177 0.3946
vn 0.9016 -0.0120 -0.4324
vn 0.9051 -0.0131 -0.4250
vn -0.0489 -0.9988 -0.0101
vn -0.0484 -0.9986 -0.0197
vn -0.0625 -0.9968 -0.0504
vn -0.0654 -0.9964 -0.0536
vn -0.0803 -0.9943 -0.0704
vn -0.9565 0.0501 0.2873
vn -0.9647 0.0288 0.2617
vn -0.0054 0.9961 -0.0877
vn 0.9992 0.0045 -0.0407
vn 0.4098 0.9121 0.0109
vn 0.7508 0.6604 -0.0106
vn 0.8727 0.4879 -0.0209
vn 0.8055 0.4427 0.3940
vn 0.8799 -0.0199 0.4748
vn 0.4177 0.8958 0.1519
vn 0.6934 0.6361 0.3385
vn 0.5552 0.0234 0.8314
vn 0.3392 0.9011 0.2700
vn 0.4369 0.6912 0.5756
vn 0.5425 0.4965 0.6777
vn -0.0108 0.1496 0.9887
vn 0.0288 0.9383 0.3445
vn 0.0752 0.7844 0.6157
vn 0.0088 0.5926 0.8054
vn -0.1961 0.9515 0.2369
vn -0.2992 0.8569 0.4198
vn -0.5347 0.6496 0.5405
vn -0.6704 0.3225 0.6683
vn -0.4968 0.8653 0.0674
vn -0.7440 0.6598 0.1050
vn -0.9277 0.3677 0.0648
vn -0.2628 0.9565 0.1265
vn -0.4610 0.8487 -0.2592
vn -0.6558 0.6784 -0.3312
vn -0.8296 0.3279 -0.4519
vn -0.2327 0.9699 -0.0717
vn -0.5054 0.2856 -0.8143
vn 0.0184 0.9740 -0.2260
vn -0.2473 0.8397 -0.4835
vn -0.3097 0.7006 -0.6429
vn 0.0549 0.2223 -0.9734
vn 0.1869 0.9598 -0.2095
vn 0.1446 0.8188 -0.5555
vn 0.1425 0.6745 -0.7244
vn 0.7343 0.1049 -0.6707
vn 0.3276 0.9372 -0.1196
vn 0.5526 0.7468 -0.3700
vn 0.6403 0.5974 -0.4828
vn -0.6244 -0.7811 0.0018
vn -0.3440 -0.8424 -0.4147
vn -0.4666 -0.8424 0.2697
vn -0.0928 -0.8991 -0.4278
vn 0.2928 -0.9540 -0.0649
vn 0.2774 -0.9473 0.1600
vn 0.1288 -0.9399 0.3164
vn -0.1430 -0.9091 0.3913
vn 0.1532 -0.9430 -0.2954
vn -0.5602 -0.7828 -0.2709
vn 0.4205 -0.9055 -0.0570
vn -0.1867 -0.9822 -0.0222
vn -0.4240 -0.7543 -0.5012
vn -0.4674 -0.8416 0.2706
vn 0.3854 -0.8900 0.2436
vn -0.1103 -0.8264 -0.5521
vn -0.6256 -0.7801 0.0019
vn 0.1764 -0.8866 0.4276
vn 0.2331 -0.8952 -0.3797
vn -0.6065 -0.7382 -0.2952
vn -0.1432 -0.8836 0.4459
vn -0.0929 -0.6176 0.7810
vn -0.8178 -0.3717 -0.4393
vn 0.4907 -0.6576 -0.5717
vn 0.3892 -0.6268 0.6751
vn -0.9032 -0.4286 0.0239
vn -0.0461 -0.5383 -0.8415
vn 0.6699 -0.6409 0.3748
vn -0.6632 -0.5427 0.5154
vn -0.5261 -0.4125 -0.7437
vn 0.7394 -0.6703 -0.0638
vn -0.5412 0.1227 -0.8319
vn 0.9173 -0.1406 -0.3726
vn 0.5412 -0.1227 0.8319
vn -0.9173 0.1406 0.3726
vn -0.1663 -0.9858 -0.0225
vn 0.1663 0.9858 0.0225
vn -0.5794 0.0794 -0.8112
vn -0.9760 0.1043 -0.1913
vn -0.1014 -0.9947 -0.0150
vn -0.9134 0.0831 0.3986
vn 0.9134 -0.0831 -0.3986
vn 0.1014 0.9947 0.0150
vn 0.3754 -0.0150 -0.9267
vn 0.5794 -0.0793 0.8112
vn -0.9408 0.0809 0.3293
vn 0.5794 -0.0794 0.8112
vn 0.5230 -0.2233 0.8225
vn 0.9412 -0.0811 -0.3280
vn 0.2881 0.9109 0.2955
vn -0.2897 -0.9096 -0.2979
vn 0.4579 -0.1366 0.8784
vn -0.5796 0.0226 0.8146
vn -0.9820 0.1346 0.1328
vn -0.8077 0.1619 -0.5670
vn 0.0784 0.0625 -0.9950
vn 0.1470 0.9881 0.0454
vn 0.8700 -0.0939 -0.4841
vn 0.9631 -0.1610 0.2157
vn -0.1469 -0.9881 -0.0454
vn 0.4259 -0.7557 -0.4975
vn -0.4259 0.7557 0.4975
vn -0.7550 0.0340 0.6549
vn 0.7550 -0.0340 -0.6549
vn -0.6021 -0.6926 0.3972
vn -0.1286 -0.9898 -0.0615
vn 0.6021 0.6926 -0.3972
vn -0.8075 0.1633 -0.5669
vn 0.1286 0.9898 0.0615
vn -0.7550 0.0339 0.6549
vn 0.8075 -0.1633 0.5669
vn -0.7750 0.6316 0.0208
vn -0.2054 -0.5293 -0.8232
vn 0.0560 0.9984 0.0106
vn -0.2006 -0.9733 -0.1120
vn -0.0416 0.6936 -0.7191
vn -0.9119 -0.4080 -0.0438
vn 0.6906 -0.0186 -0.7230
vn -0.8101 0.0483 0.5843
vn -0.6906 0.0186 0.7230
vn 0.8101 -0.0483 -0.5843
vn 0.0416 -0.6936 0.7191
vn 0.9119 0.4080 0.0438
vn -0.0560 -0.9984 -0.0106
vn 0.2006 0.9733 0.1120
vn 0.7750 -0.6316 -0.0208
vn 0.2054 0.5293 0.8232
vn 0.9766 0.0308 0.2128
vn 0.8774 0.0220 -0.4792
vn 0.1097 0.1660 -0.9800
vn -0.7849 0.2708 -0.5574
vn -0.9651 0.2173 0.1462
vn -0.5627 0.1512 0.8127
vn 0.4719 0.0955 0.8765
vn -0.4804 -0.0289 0.8766
vn -0.9770 -0.0235 0.2119
vn -0.8716 -0.0031 -0.4903
vn -0.0599 0.0282 -0.9978
vn 0.8263 0.0358 -0.5621
vn 0.9901 0.0211 0.1391
vn 0.5688 -0.0048 0.8224
vn 0.2064 0.9773 0.0469
vn 0.5668 0.0817 0.8198
vn -0.0322 0.9856 -0.1658
vn 0.0895 0.9805 0.1747
vn -0.2442 0.9677 0.0630
vn 0.1531 0.9828 -0.1036
vn -0.1129 0.9768 0.1821
vn -0.2089 0.9737 -0.0906
vn 0.0218 -0.9996 -0.0154
vn 0.8213 0.1148 -0.5588
vn -0.8699 0.0744 -0.4875
vn -0.4807 0.0594 0.8749
vn 0.9858 0.0937 0.1395
vn -0.0614 0.1206 -0.9908
vn -0.9762 0.0497 0.2110
vn 0.6974 -0.6524 -0.2966
vn 0.1348 -0.9907 -0.0194
vn 0.0601 -0.9815 -0.1820
vn 0.1489 -0.9771 -0.1519
vn -0.0531 -0.9952 -0.0817
vn -0.2119 -0.7300 -0.6498
vn 0.3965 -0.5835 -0.7087
vn -0.9712 0.0274 0.2369
vn 0.9722 0.1880 0.1394
vn 0.8246 0.1011 -0.5567
vn -0.4810 0.0271 0.8763
vn -0.8738 0.0586 -0.4827
vn 0.9863 0.0790 0.1451
vn -0.0660 0.1046 -0.9923
vn 0.5373 0.0551 0.8416
vn -0.0628 0.2387 -0.9691
vn -0.9669 0.1452 0.2100
vn 0.5554 0.1938 0.8087
vn 0.8071 0.2169 -0.5491
vn -0.8601 0.1751 -0.4792
vn -0.4754 0.1741 0.8624
vn 0.9974 0.0633 -0.0350
vn 0.3980 -0.0238 0.9171
vn -0.9992 0.0179 0.0362
vn 0.3784 0.0433 -0.9246
vn 0.8031 0.5955 -0.0202
vn -0.6682 0.7432 0.0350
vn -0.0596 0.0242 -0.9979
vn 0.0596 -0.0242 0.9979
vn -0.4788 0.0232 -0.8776
vn -0.8286 0.5586 0.0380
vn -0.2910 -0.0399 0.9559
vn 0.6349 0.7725 -0.0116
vn 0.0139 -0.9998 0.0172
vn 0.0140 -0.9998 0.0172
vn 0.0141 -0.9998 0.0172
vn -0.1910 -0.0306 -0.9811
vn -0.9931 -0.0105 0.1169
vn -0.9931 -0.0106 0.1169
vn 0.1910 0.0306 0.9811
vn 0.9931 0.0105 -0.1168
vn 0.9931 0.0106 -0.1169
vn 0.9787 0.0078 -0.2053
vn 0.0097 -0.9999 -0.0047
vn -0.9995 -0.0132 0.0286
vn -0.0182 0.9991 -0.0390
vn -0.3875 -0.0316 -0.9213
vn -0.0142 -0.9997 0.0205
vn -0.0201 0.0282 0.9994
vn -0.0421 0.9990 -0.0139
vn -0.9787 -0.0078 0.2053
vn 0.0182 -0.9991 0.0390
vn 0.9995 0.0132 -0.0286
vn -0.0097 0.9999 0.0047
vn 0.9931 0.0105 -0.1169
vn 0.3875 0.0316 0.9213
vn 0.0421 -0.9990 0.0139
vn 0.0201 -0.0282 -0.9994
vn 0.0142 0.9997 -0.0205
vn 0.9927 0.0105 -0.1201
vn 0.1961 0.0306 0.9801
vn -0.9927 -0.0105 0.1201
vn -0.1961 -0.0306 -0.9801
vn -0.9837 0.1375 0.1161
vn -0.0140 0.9998 -0.0172
vn -0.1930 0.2490 -0.9491
vn 0.1842 0.3062 0.9340
vn 0.9799 0.1583 -0.1212
vn 0.9918 0.0102 -0.1271
vn 0.1926 0.0306 0.9808
vn -0.1926 -0.0306 -0.9808
vn -0.9918 -0.0102 0.1271
vn -1.0000 -0.0045 0.0040
vn -0.0067 0.0090 -0.9999
vn 1.0000 0.0045 -0.0040
vn 0.0067 -0.0090 0.9999
vn 0.0045 -1.0000 -0.0055
vn 0.0775 0.9970 0.0051
vn -0.0863 0.9962 0.0058
vn -0.0042 0.9990 0.0452
vn -0.0047 0.9994 -0.0343
vn -0.0045 1.0000 0.0055
vn -0.0900 0.9959 0.0058
vn 0.0811 0.9967 0.0051
vn -0.0047 0.9993 -0.0361
vn -0.0042 0.9989 0.0470
vn -0.9998 0.0183 0.0042
vn 0.4807 0.0044 -0.8769
vn -0.6530 -0.0021 0.7573
vn -0.3291 0.9443 0.0065
vn 0.9996 0.0273 -0.0039
vn -0.4753 0.0004 -0.8798
vn 0.6451 0.0034 0.7641
vn 0.3067 0.9518 0.0039
vn -0.0081 0.6080 -0.7939
vn 0.0077 -0.7678 0.6406
vn -0.6614 0.0115 -0.7499
vn 0.4913 -0.0113 0.8709
vn 0.6364 0.0173 -0.7712
vn -0.4644 -0.0156 0.8855
vn 0.3068 0.9518 0.0039
vn -0.0010 -0.7589 -0.6512
vn 0.0027 0.5957 0.8032
vn 0.4186 0.0101 -0.9081
vn 0.9105 0.0078 -0.4133
vn 0.9913 0.0032 0.1317
vn 0.7374 -0.0028 0.6755
vn -0.7302 -0.0094 0.6832
vn -0.9902 -0.0057 0.1398
vn -0.9143 -0.0004 -0.4051
vn -0.4299 0.0062 -0.9028
vn 0.3423 0.9396 0.0037
vn 0.8662 0.4997 -0.0008
vn 0.9847 -0.1739 -0.0050
vn 0.6425 -0.7662 -0.0068
vn -0.0003 -1.0000 -0.0054
vn -0.6430 -0.7658 -0.0015
vn -0.9849 -0.1734 0.0031
vn -0.8659 0.5002 0.0062
vn -0.3417 0.9398 0.0065
vn 0.8479 0.0086 -0.5301
vn 0.9999 0.0043 0.0159
vn 0.8272 -0.0014 0.5620
vn 0.1961 -0.0080 0.9806
vn -0.6144 -0.0099 0.7890
vn -0.9666 -0.0066 0.2560
vn -0.9576 -0.0017 -0.2881
vn -0.5781 0.0048 -0.8159
vn 0.2463 0.0099 -0.9691
vn -0.6704 -0.7396 0.0596
vn -0.7816 0.5476 0.2987
vn -0.6135 -0.7830 -0.1025
vn 0.5922 0.1259 0.7959
vn 0.1281 0.7594 -0.6379
vn -0.6783 -0.4295 -0.5962
vn 0.1347 -0.5517 0.8231
vn 0.5023 0.8517 -0.1490
vn -0.3995 0.2315 -0.8870
vn -0.3426 -0.8502 0.3997
vn 0.6765 0.6460 0.3537
vn -0.5468 -0.8351 0.0604
vn -0.1348 0.5760 0.8063
vn 0.0284 0.9341 -0.3559
vn -0.9703 -0.1358 -0.2001
vn -0.5054 -0.2678 0.8203
vn 0.4391 0.8882 -0.1354
vn -0.7209 0.5870 -0.3683
vn -0.5146 -0.7900 0.3331
vn 0.3568 0.8957 0.2655
vn 0.7816 -0.5476 -0.2987
vn 0.6402 0.2608 0.7226
vn 0.3396 0.8495 -0.4037
vn -0.6791 -0.6321 -0.3731
vn -0.1216 -0.7555 0.6438
vn 0.4962 0.8533 -0.1605
vn -0.2415 0.4379 -0.8660
vn -0.4389 -0.8604 0.2589
vn 0.6102 0.7867 0.0932
vn -0.9958 -0.0036 -0.0917
vn -0.1508 -0.0096 0.9885
vn 0.9419 0.0072 -0.3358
vn -0.0044 1.0000 0.0055
vn 0.1508 0.0096 -0.9885
vn 0.9958 0.0036 0.0917
vn -0.3795 0.0067 -0.9252
vn 0.6147 0.0099 -0.7887
vn 0.3795 -0.0067 0.9252
vn -0.6146 -0.0099 0.7887
vn -0.9419 -0.0072 0.3358
vn 0.8535 -0.0009 0.5211
vn -0.8535 0.0009 -0.5211
vn -0.0165 0.9963 0.0846
vn -0.1488 -0.1401 0.9789
vn -0.9982 -0.0081 -0.0601
vn 0.1488 0.1401 -0.9789
vn 0.9924 -0.0009 0.1233
vn -0.9986 -0.0049 0.0517
vn 0.0856 -0.0086 0.9963
vn 0.8767 0.0083 -0.4809
vn -0.0856 0.0086 -0.9963
vn 0.9986 0.0049 -0.0517
vn -0.5688 0.0049 -0.8225
vn 0.4358 0.0101 -0.9000
vn 0.5688 -0.0049 0.8225
vn -0.4358 -0.0101 0.9000
vn -0.0856 0.0087 -0.9963
vn -0.8767 -0.0083 0.4809
vn 0.9265 0.0007 0.3762
vn -0.9265 -0.0008 -0.3762
vn 0.0024 0.9964 0.0849
vn 0.0854 -0.1396 0.9865
vn -0.9965 -0.0094 0.0833
vn -0.0854 0.1396 -0.9865
vn 0.9998 0.0005 -0.0202
vn 0.3658 0.9262 -0.0913
vn -0.0284 0.9994 0.0220
vn -0.0663 0.9286 0.3651
vn 0.1288 0.9825 -0.1345
vn 0.0320 0.9915 -0.1265
vn -0.0017 0.9848 -0.1735
vn 0.2411 0.9703 0.0218
vn -0.2003 0.9741 0.1047
vn 0.0418 0.9975 -0.0569
vn -0.2451 0.9582 -0.1475
vn -0.1011 0.9944 -0.0296
vn -0.1911 0.9740 -0.1216
vn -0.0154 0.9825 -0.1855
vn -0.1671 0.9539 0.2492
vn 0.0449 0.9949 -0.0904
vn 0.0260 0.9969 0.0744
vn -0.0120 0.4559 -0.8900
vn -0.7221 0.6308 -0.2841
vn 1.0000 0.0045 -0.0041
vn -0.9140 0.4018 0.0568
vn 0.8324 0.0087 -0.5542
vn 0.3559 0.0100 -0.9345
vn -0.1839 0.4091 -0.8938
vn -0.8628 0.4623 -0.2045
vn -0.9204 0.3789 -0.0960
vn 0.9640 0.0067 -0.2659
vn 0.0209 0.0366 -0.9991
vn 0.9998 -0.0000 0.0223
vn -0.0369 -0.0000 0.9993
vn -0.9998 -0.0000 -0.0223
vn 0.0369 -0.0000 -0.9993
vn 0.0646 -0.0000 -0.9979
vn -0.0646 -0.0000 0.9979
vn -0.9992 -0.0000 -0.0390
vn 0.9992 -0.0000 0.0390
vn 0.0362 -0.2018 -0.9788
vn -0.0362 -0.2018 0.9788
vn 0.0562 0.9908 -0.1231
vn -0.4665 0.6616 0.5871
vn 0.3749 0.7572 -0.5349
vn -0.1949 -0.9324 0.3045
vn -0.9489 0.0862 -0.3036
vn -0.9123 -0.0544 -0.4058
vn -0.5400 0.4765 0.6938
vn 0.9070 0.0126 0.4210
vn 0.5132 -0.5556 -0.6542
vn -0.2284 -0.9093 0.3478
vn 0.8413 0.1586 0.5168
vn 0.5077 -0.5698 -0.6462
vn 0.2181 0.9168 -0.3345
vn -0.9099 -0.0336 -0.4135
vn 0.9099 0.0336 0.4135
vn 0.1930 0.9325 -0.3053
vn -0.1828 -0.9330 0.3099
vn -0.1029 -0.9361 0.3362
vn 0.6514 -0.4392 -0.6187
vn -0.6163 0.4595 0.6396
vn -0.8860 -0.3900 -0.2509
vn 0.8194 0.4643 -0.3362
vn -0.8297 -0.4560 0.3221
vn -0.2576 -0.9649 -0.0519
vn -0.4026 0.8807 0.2496
vn 0.3985 -0.8814 -0.2535
vn 0.7812 -0.3508 0.5163
vn 0.0049 0.9910 -0.1336
vn -0.3235 0.6766 0.6615
vn 0.2180 0.7718 -0.5973
vn -0.0951 -0.9375 0.3347
vn -0.9873 0.0653 -0.1449
vn -0.9667 -0.0719 -0.2456
vn -0.3688 0.4917 0.7888
vn 0.9649 0.0315 0.2606
vn 0.3524 -0.5714 -0.7412
vn -0.1174 -0.9161 0.3833
vn 0.9178 0.1714 0.3582
vn 0.3490 -0.5856 -0.7316
vn 0.1105 0.9231 -0.3684
vn -0.9660 -0.0517 -0.2532
vn 0.9660 0.0517 0.2532
vn 0.5486 -0.4880 0.6789
vn -0.0574 0.8972 0.4379
vn -0.7750 0.0009 -0.6320
vn 0.0630 -0.8957 -0.4402
vn -0.9348 -0.3019 0.1870
vn 0.0315 0.9355 -0.3519
vn -0.0210 -0.9348 0.3546
vn 0.4553 -0.5298 -0.7155
vn -0.3774 0.5039 0.7769
vn 0.3587 -0.4983 -0.7893
vn 0.8228 -0.4120 0.3915
vn -0.4608 0.5292 0.7124
vn 0.1235 0.9361 -0.3294
vn 0.1398 -0.9888 -0.0526
vn 0.0192 -0.9988 -0.0443
vn -0.0224 0.9987 0.0467
vn 0.7739 -0.0013 0.6333
vn -0.9869 -0.0831 0.1382
vn 0.9832 0.1041 0.1496
vn -0.1399 0.9887 0.0529
vn -0.9852 -0.1051 -0.1351
vn 0.0102 -0.9953 -0.0963
vn 0.1016 -0.9946 -0.0229
vn 0.9845 0.0851 -0.1536
vn -0.1022 0.9945 0.0215
vn -0.0106 0.9967 0.0807
vn 0.8254 0.0833 -0.5584
vn -0.0105 0.9953 0.0961
vn -0.8385 -0.0800 0.5390
vn 0.0402 -0.9965 -0.0732
vn 0.0142 -0.1342 0.9908
vn 0.0099 -0.9967 -0.0808
vn -0.0089 0.1339 -0.9910
vn 0.1175 0.0589 -0.9913
vn 0.1735 0.1304 -0.9762
vn -0.0405 0.9965 0.0732
vn -0.1738 -0.1304 0.9761
vn -0.0608 0.9972 0.0427
vn -0.1177 -0.0589 0.9913
vn 0.0599 -0.9973 -0.0425
vn -0.5455 0.4895 -0.6803
vn 0.7109 -0.1868 0.6780
vn -0.0326 0.9755 0.2174
vn 0.0326 -0.9755 -0.2174
vn -0.7106 0.1870 -0.6783
vn 0.3016 0.9498 0.0831
vn -0.9341 0.1652 0.3166
vn 0.9348 -0.1653 -0.3143
vn 0.2492 0.9674 0.0461
vn -0.8950 0.3392 0.2898
vn -0.3041 -0.9482 -0.0921
vn 0.8908 -0.3410 -0.3005
vn -0.0982 -0.9897 -0.1039
vn -0.5855 -0.0158 -0.8105
vn 0.0721 0.9900 0.1213
vn 0.5526 0.0292 0.8330
vn -0.7618 0.6048 0.2321
vn -0.5484 -0.0000 -0.8362
vn 0.5391 0.8147 -0.2134
vn -0.5391 -0.8147 0.2134
vn 0.7644 -0.6039 -0.2259
vn 0.7043 -0.6178 -0.3497
vn -0.7349 0.6126 0.2909
vn 0.5408 0.8144 -0.2104
vn 0.7349 -0.6126 -0.2909
vn 0.7261 0.5779 0.3726
vn -0.5373 -0.8151 0.2167
vn -0.7261 -0.5779 -0.3726
vn 0.5484 -0.0000 0.8362
vn 0.6963 0.6953 0.1780
vn -0.7008 0.6182 0.3559
vn 0.2186 0.2020 -0.9547
vn 0.6854 -0.4320 -0.5862
vn 0.7026 -0.7115 0.0063
vn 0.4163 -0.6847 0.5983
vn -0.2186 -0.2020 0.9547
vn -0.6854 0.4320 0.5862
vn 0.6979 0.6919 0.1848
vn -0.7027 0.7115 -0.0063
vn -0.4163 0.6847 -0.5983
vn -0.6979 -0.6919 -0.1848
s 1
usemtl body_skin
f 20//1 2886//2 312//3 313//4
f 2885//5 20//1 313//4 2858//6
f 2871//7 17//8 2867//9 2865//9
f 2889//10 2895//10 2897//11 2896//11
f 2868//12 2881//12 2882//12 2866//12
f 2860//13 2863//14 2892//15 2891//15
f 2870//16 26//17 33//18 27//19
f 2858//6 313//4 314//20 2857//21
f 3206//22 3215//22 3216//22 3218//22
f 19//23 2887//24 53//25 2862//26
f 3219//27 3217//27 2874//27 2873//27 3220//27 3222//27
f 2881//12 2880//12 2883//12 2882//12
f 2884//28 2878//29 53//25 68//30
f 2879//31 2872//32 314//20 315//33
f 2857//21 314//20 17//8 2871//7
f 41//34 8//35 2872//32 2879//31
f 2854//36 24//37 20//1 2885//5
f 24//37 2859//38 2886//2 20//1
f 2863//14 2860//13 2859//38 24//37
f 2855//39 2863//14 24//37 2854//36
f 23//40 2869//41 2887//24 19//23
f 5//42 26//17 2869//41 23//40
f 2861//43 2862//26 53//25 2878//29
f 34//44 31//45 88//46 89//47
f 2869//41 26//17 2870//16
f 33//18 26//17 5//42 32//48
f 67//49 52//50 27//19 98//51
f 2890//52 2893//52 2894//52 2888//52
f 34//44 28//53 27//19 33//18
f 31//45 34//44 33//18 32//48
f 28//53 34//44 89//47 64//54
f 98//51 27//19 28//53 64//54
f 2899//55 2898//56 2876//57 2877//58
f 2898//56 2901//59 40//59 2876//57
f 2904//60 106//61 74//35 41//34
f 2903//62 2899//55 2877//58 75//62
f 2902//63 2904//60 41//34 2879//31
f 15//64 37//65 2908//66 2911//64
f 106//61 2904//60 2910//67 2909//67
f 35//68 2900//69 2906//69 2905//70
f 36//71 107//72 2912//72 2907//71
f 37//65 35//68 2905//70 2908//66
f 43//73 44//73 113//74 112//74 42//73 45//73
f 30//22 2864//22 48//75 50//76
f 30//22 50//76 29//22
f 2856//22 22//22 117//77 2915//78
f 2//79 49//80 2913//81 9//79
f 2913//81 49//80 47//82 2914//83
f 50//76 48//75 46//84
f 29//22 50//76 115//85 87//22
f 2914//83 47//82 2918//86 2917//86
f 18//22 3//22 123//22 124//22
f 2916//87 117//77 122//88
f 2915//78 117//77 2916//87
f 115//85 50//76 46//84 121//89
f 18//22 124//22 117//77 22//22
f 12//90 16//91 126//92 125//93
f 12//90 125//93 123//22 3//22
f 73//94 126//92 16//91 1//94 4//94
f 10//95 25//96 51//97 52//50
f 10//95 52//50 67//49
f 11//98 68//30 53//25
f 21//99 11//98 53//25 54//100
f 25//96 21//99 54//100 51//97
f 80//101 61//102 2927//103 2945//104
f 2944//105 2923//106 61//102 80//101
f 2936//107 2930//108 2932//108 77//109
f 2948//110 2896//11 2897//11 2954//110
f 2925//111 2950//112 2951//112 2928//113
f 2935//114 90//115 96//116 86//117
f 2923//106 2922//118 71//119 61//102
f 61//102 71//119 2926//120 2927//103
f 79//121 60//122 129//123 2946//124
f 2926//120 71//119 2938//125 2939//126
f 2942//12 2943//12 2883//12 2880//12
f 2884//28 68//30 129//123 2940//127
f 2941//128 2938//125 71//119 2937//129
f 2922//118 2936//107 77//109 71//119
f 105//130 2941//128 2937//129 2933//35
f 2919//131 2944//105 80//101 84//132
f 84//132 80//101 2945//104 2924//133
f 2928//113 84//132 2924//133 2925//111
f 2920//134 2919//131 84//132 2928//113
f 83//135 79//121 2946//124 2934//136
f 59//137 83//135 2934//136 86//117
f 70//138 2940//127 129//123 60//122
f 97//139 89//47 88//46 94//140
f 2934//136 2935//114 86//117
f 96//116 95//141 59//137 86//117
f 67//49 98//51 90//115 128//142
f 2949//143 2947//143 2953//143 2952//143
f 97//139 96//116 90//115 91//144
f 94//140 95//141 96//116 97//139
f 91//144 64//54 89//47 97//139
f 98//51 64//54 91//144 90//115
f 2956//145 103//146 102//147 2955//148
f 2955//148 102//147 104//149 2958//149
f 2960//150 105//130 74//35 106//61
f 2903//62 75//62 103//146 2956//145
f 2959//151 2941//128 105//130 2960//150
f 72//152 2966//152 2964//153 101//154
f 106//61 2909//67 2965//67 2960//150
f 99//155 2961//156 2962//157 2957//157
f 100//158 2963//158 2912//72 107//72
f 101//154 2964//153 2961//156 99//155
f 109//159 111//159 108//159 112//74 113//74 110//159
f 93//22 120//160 118//161 2929//22
f 93//22 92//22 120//160
f 2921//22 2969//162 117//77 82//22
f 56//163 63//163 2967//164 119//165
f 2967//164 2968//166 116//167 119//165
f 120//160 114//168 118//161
f 92//22 87//22 115//85 120//160
f 2968//166 2917//86 2918//86 116//167
f 78//22 124//22 123//22 57//22
f 2970//169 122//88 117//77
f 2969//162 2970//169 117//77
f 115//85 121//89 114//168 120//160
f 78//22 82//22 117//77 124//22
f 69//90 125//93 126//92 76//91
f 69//90 57//22 123//22 125//93
f 73//94 58//94 2931//94 76//91 126//92
f 65//170 128//142 127//171 85//172
f 65//170 67//49 128//142
f 66//173 129//123 68//30
f 81//174 130//175 129//123 66//173
f 85//172 127//171 130//175 81//174
f 132//176 2996//177 2976//177 2971//178
f 139//179 140//180 2988//180 2989//181
f 136//182 137//27 2982//27 2983//183
f 133//184 134//185 2975//185 2977//184
f 140//180 141//186 2991//187 2988//180
f 137//27 2997//188 2985//188 2982//27
f 134//185 2998//189 2979//189 2975//185
f 141//186 2999//190 2993//190 2991//187
f 3000//191 132//176 2971//178 2973//191
f 138//192 139//179 2989//181 2986//192
f 135//193 136//182 2983//183 2980//193
f 142//194 131//194 2974//194 2994//194
f 2995//195 165//195 182//195 3022//195
f 2978//196 146//196 157//196 3004//196
f 146//196 2981//196 3005//196 157//196
f 2971//178 2976//177 3001//177 3011//177
f 2984//196 149//196 160//196 3006//196
f 149//196 2987//196 161//196 160//196
f 164//197 2992//197 3024//197 181//197
f 2990//196 152//196 163//196 3008//196
f 152//196 153//196 3009//196 163//196
f 154//196 144//196 166//196 3010//196
f 144//196 2972//196 3003//196 166//196
f 145//182 156//182 3026//182 3002//182
f 3012//198 167//198 175//198 3025//198
f 3015//199 3013//199 3028//199 3027//199
f 3019//200 3017//200 3030//200 179//200
f 3023//201 3021//201 3032//201 3031//201
f 158//176 147//176 3016//176 177//176
f 2991//187 2993//190 173//190 174//190
f 148//179 159//179 178//179 3014//179
f 2980//193 2983//183 169//193 170//193
f 3007//202 150//202 3020//202 3029//202
f 151//203 162//203 180//203 3018//203
f 155//186 143//186 168//186 176//186
f 2986//192 2989//181 171//192 172//192
f 3035//196 3033//196 3037//196 3039//196
f 183//27 185//27 3038//27 3034//27
f 3041//180 3043//180 3040//180 189//180
f 186//204 184//204 3036//204 190//204
f 3044//185 3042//185 187//185 188//185
f 3045//205 3051//205 3049//205 3047//205
f 3048//206 3050//206 3055//206 3053//206
f 3054//207 3056//207 3059//207 3057//207
f 3058//208 3060//208 3063//208 3061//208
f 3062//209 3064//209 3067//209 3065//209
f 3066//210 3068//210 3071//210 3069//210
f 3070//211 3072//211 3075//211 3073//211
f 3074//212 3076//212 3079//212 3077//212
f 3078//213 3080//213 3083//213 3081//213
f 3082//214 3084//214 3052//214 3046//214
f 192//215 194//215 211//215 212//215
f 194//215 196//216 213//216 211//215
f 196//216 198//216 214//216 213//216
f 198//216 200//216 215//216 214//216
f 200//216 202//216 216//216 215//216
f 202//216 204//216 217//216 216//216
f 204//216 206//216 218//216 217//216
f 206//216 208//216 219//216 218//216
f 208//216 210//215 220//215 219//216
f 210//215 192//215 212//215 220//215
f 3085//217 3091//217 3089//217 3087//217
f 3088//218 3090//218 3095//218 3093//218
f 3094//219 3096//219 3099//219 3097//219
f 3098//220 3100//220 3103//220 3101//220
f 3102//221 3104//221 3107//221 3105//221
f 3106//222 3108//222 3111//222 3109//222
f 3110//223 3112//223 3115//223 3113//223
f 3114//224 3116//224 3119//224 3117//224
f 3118//225 3120//225 3123//225 3121//225
f 3122//226 3124//226 3092//226 3086//226
f 222//227 224//227 241//227 242//227
f 224//227 226//227 243//227 241//227
f 226//227 228//227 244//227 243//227
f 228//227 230//227 245//227 244//227
f 230//227 232//227 246//227 245//227
f 232//227 234//227 247//227 246//227
f 234//227 236//227 248//227 247//227
f 236//227 238//227 249//227 248//227
f 238//227 240//227 250//227 249//227
f 240//227 222//227 242//227 250//227
f 191//228 193//228 195//228 197//228 199//228 201//228 203//228 205//228 207//228 209//228
f 221//229 223//229 225//229 227//229 229//229 231//229 233//229 235//229 237//229 239//229
f 3125//230 3127//230 3129//230 3131//230
f 3128//231 3133//231 3135//231 3130//231
f 3134//232 3137//232 3139//232 3136//232
f 3138//233 3141//233 3143//233 3140//233
f 3142//234 3145//234 3147//234 3144//234
f 3146//235 3149//235 3151//235 3148//235
f 3150//236 3153//236 3155//236 3152//236
f 3154//237 3157//237 3159//237 3156//237
f 3158//238 3161//238 3163//238 3160//238
f 3162//239 3126//239 3132//239 3164//239
f 252//240 272//240 271//240 254//240
f 254//240 271//240 273//241 256//241
f 256//241 273//241 274//241 258//241
f 258//241 274//241 275//241 260//241
f 260//241 275//241 276//241 262//241
f 262//241 276//241 277//241 264//241
f 264//241 277//241 278//241 266//241
f 266//241 278//241 279//241 268//241
f 268//241 279//241 280//240 270//240
f 270//240 280//240 272//240 252//240
f 3165//242 3167//242 3169//242 3171//242
f 3168//243 3173//243 3175//243 3170//243
f 3174//244 3177//244 3179//244 3176//244
f 3178//245 3181//245 3183//245 3180//245
f 3182//246 3185//246 3187//246 3184//246
f 3186//247 3189//247 3191//247 3188//247
f 3190//248 3193//248 3195//248 3192//248
f 3194//249 3197//249 3199//249 3196//249
f 3198//250 3201//250 3203//250 3200//250
f 3202//251 3166//251 3172//251 3204//251
f 282//252 302//252 301//252 284//252
f 284//252 301//252 303//252 286//252
f 286//252 303//252 304//252 288//252
f 288//252 304//252 305//252 290//252
f 290//252 305//252 306//252 292//252
f 292//252 306//252 307//252 294//252
f 294//252 307//252 308//252 296//252
f 296//252 308//252 309//252 298//252
f 298//252 309//252 310//252 300//252
f 300//252 310//252 302//252 282//252
f 251//253 269//253 267//253 265//253 263//253 261//253 259//253 257//253 255//253 253//253
f 281//254 299//254 297//254 295//254 293//254 291//254 289//254 287//254 285//254 283//254
f 62//12 55//12 2943//12 2942//12
f 3205//255 3207//256 312//3 311//257
f 3207//256 3209//258 313//4 312//3
f 3209//258 3211//259 314//20 313//4
f 3212//260 3214//261 316//262 315//33
f 3214//261 3205//255 311//257 316//262
f 3211//259 3212//260 315//33 314//20
f 39//180 3213//180 2875//180 317//180
f 38//196 14//263 319//264 318//196
f 14//263 3210//265 3221//265 319//264
f 3208//266 13//266 322//266 3223//266
f 7//267 6//267 321//267 320//267
f 399//180 3234//180 3235//268 1454//268
f 3235//268 3238//269 1453//270 1454//268
f 3238//269 3244//271 333//272 1453//270
f 1461//273 384//274 385//275 1462//276
f 3249//277 3329//278 3325//279 3324//280
f 1462//276 385//275 3307//281 3546//282
f 517//283 521//284 520//285 516//286
f 515//287 3251//288 332//289
f 3327//290 3326//291 387//292 3338//293
f 3273//294 3274//294 3269//185 3271//185
f 3569//180 589//180 3614//180 3574//180
f 3272//295 354//295 352//296 345//297
f 346//298 3279//299 3282//300 3270//300
f 348//301 3281//301 3286//301 347//301
f 3285//302 3242//302 3240//302 591//302
f 3287//303 3290//303 3292//304 3289//304
f 3292//304 3293//196 3294//196 3289//304
f 3295//185 3288//185 360//185 355//185
f 362//180 357//180 364//180
f 358//27 3291//27 359//27 356//27
f 357//180 362//180 361//180 3296//180
f 363//185 355//185 360//185
f 3249//277 4638//305 404//306 3329//278
f 3299//307 3297//180 3310//180 3237//308
f 3301//309 3299//307 3237//308 336//310
f 3256//311 3255//311 3493//311 3304//311
f 3266//312 3264//313 390//314 3336//312
f 1455//315 3224//316 399//180
f 3225//317 3231//317 3314//318 3224//316
f 522//319 518//320 3318//321 3315//321
f 683//322 693//323 412//324 3342//325
f 325//196 3245//196 3239//196
f 396//196 3246//196 3245//196 325//196
f 3232//326 375//326 3247//327 374//328
f 373//329 3236//330 370//331 3552//332
f 1452//333 370//331 3236//330
f 380//180 3322//180 3320//180 3323//180
f 3313//180 380//180 3323//180 3311//180
f 3328//334 3327//290 3338//293 3305//335
f 3339//180 3335//180 3334//180 389//180
f 389//180 3334//180 3337//336 394//337
f 3339//180 3340//180 3332//180 3330//180 3335//180
f 3264//313 3303//338 393//339 390//314
f 3329//278 3263//340 3333//341 3341//341
f 506//27 3261//27 3331//27 392//27
f 3262//342 3267//342 388//342 391//342
f 3326//291 386//343 395//343 387//292
f 3306//344 394//337 3337//336 3542//344
f 1473//345 835//346 3715//347 3951//348
f 1475//180 409//180 4252//180 1477//180
f 4239//349 4237//349 4249//349 4251//349
f 688//350 407//351 412//324 693//323
f 691//352 410//353 407//351 688//350
f 3252//354 3662//354 3663//355 3254//356
f 374//328 3247//327 3246//196 396//196
f 3224//316 3314//318 3234//180 399//180
f 399//180 1454//268 1455//315
f 520//285 521//284 406//357 400//358
f 3251//288 520//285 400//358 3344//359
f 404//306 1139//360 3424//361 3260//362
f 522//319 3316//363 3342//325 401//364
f 3248//365 3250//365 4639//365 3343//365
f 521//284 522//319 401//364 406//357
f 400//358 406//357 410//353 411//366
f 685//367 3735//368 3667//369 3664//370
f 401//364 3342//325 412//324 407//351
f 1465//348 3308//371 550//371 1466//345
f 406//357 401//364 407//351 410//353
f 3347//372 3345//372 3349//372 3351//372
f 3352//185 3350//185 3358//185 3357//185
f 3357//185 3358//185 3353//185 3355//185
f 3361//180 3367//180 3368//180 3359//180
f 3367//180 3369//180 3370//180 3368//180
f 3369//180 3365//180 3363//180 3370//180
f 3348//373 417//374 425//375 3362//373
f 415//27 423//27 3360//27 3346//27
f 418//376 416//377 424//378 428//376
f 416//377 414//379 422//379 424//378
f 419//380 3356//381 3366//381 429//380
f 421//86 3354//86 3364//86 427//86
f 420//382 418//376 428//376 426//382
f 417//374 419//380 429//380 425//375
f 434//185 3377//185 3374//185 3376//185
f 3373//185 3371//185 3377//185 434//185
f 381//383 435//383 3372//196 3312//196
f 371//384 430//384 431//385 372//385
f 3321//386 3375//386 435//383 381//383
f 379//387 433//387 432//86 378//86
f 380//180 3313//180 3379//180 3378//180
f 3322//180 380//180 3378//180 3381//180
f 436//22 3383//22 3386//22 3382//22
f 3380//22 3384//22 3383//22 436//22
f 434//185 3376//185 3387//185 439//185
f 3373//185 434//185 439//185 3385//185
f 433//387 379//387 438//388 441//388
f 372//385 431//385 440//389 437//389
f 3392//180 3394//180 448//180
f 554//296 3395//390 329//390 352//296
f 3388//180 448//180 3396//180
f 3390//180 3392//180 448//180 3388//180
f 327//391 442//391 3393//391 3391//391
f 3279//299 443//392 3397//392 3575//392
f 3400//393 3398//393 3603//393 3605//393
f 328//394 3389//394 449//394 3401//394
f 3402//22 3399//22 445//22 444//22
f 352//296 329//390 3606//390 345//297
f 3816//395 3408//396 3413//397 3821//398
f 3409//399 3413//397 3408//396 3403//400
f 3412//401 1483//402 478//403 3420//404
f 742//196 461//196 3418//196 3826//196
f 3404//405 3411//405 3409//399 3403//400
f 464//406 745//407 3864//408 3457//409
f 3421//196 461//196 456//196 3410//196
f 463//410 3456//411 3454//412 457//413
f 3420//404 478//403 3453//414 3417//415
f 737//196 456//196 461//196 742//196
f 475//416 3416//417 3414//417 462//418
f 3455//419 3405//420 3407//421 453//421
f 474//422 475//416 462//418 455//422
f 3451//423 3452//423 3456//411 463//410
f 3422//86 3830//86 3827//86 3419//86
f 3417//415 3453//414 480//424 3423//425
f 3415//196 3418//196 461//196 3421//196
f 3831//426 3423//425 480//424 761//427
f 476//428 477//428 459//428 458//428
f 464//406 3457//409 479//429 460//429
f 1138//430 3749//430 790//431 505//431
f 3722//432 3750//432 402//432 3317//432
f 3428//180 3432//180 3442//180 3443//180
f 3433//433 3437//433 3441//433 3445//433
f 3442//180 3432//180 3446//180 3447//180
f 3430//185 3556//185 3450//185 3557//185
f 3438//27 543//27 471//27 3440//27
f 3405//420 3455//419 1483//402 3412//401
f 454//434 1484//435 3458//436
f 3459//437 3462//437 3463//438 3460//438
f 3465//439 3467//439 3471//439 3469//439
f 3464//180 483//180 3470//180 3472//180
f 482//185 3466//185 3478//185 3474//185
f 482//185 3461//185 3468//185 3466//185
f 3468//185 3461//185 3488//185 3492//185
f 3470//180 483//180 3476//180 3480//180
f 485//440 487//440 3479//440 3477//440
f 3462//437 3459//437 3473//441 3475//441
f 3474//185 3478//185 3482//185
f 491//442 492//442 3483//442 3481//442
f 3480//180 3476//180 3484//180
f 493//443 494//443 490//443 489//443
f 3487//444 3485//444 3489//444 3491//444
f 3464//180 3472//180 3490//180 3486//180
f 488//445 486//445 498//445 497//445
f 481//446 484//446 495//446 496//446
f 3253//447 3257//448 3268//448 507//449
f 3259//450 504//450 341//450
f 3904//185 783//185 4049//185 4046//185
f 3501//86 3504//86 3503//86 3500//86
f 501//180 3505//180 3502//180 3496//180
f 3495//451 502//451 785//452 3494//453
f 784//454 787//455 503//22 3497//456
f 3513//457 3507//457 511//457 514//457
f 3260//362 3508//458 3506//459 3263//340
f 507//449 3512//460 3510//461 3253//447
f 3260//362 3253//447 3510//461 3508//458
f 3263//340 3506//459 3512//460 507//449
f 509//462 3509//462 3516//462 3514//462
f 382//463 3511//463 513//463 512//463
f 510//464 508//464 3515//464 3517//464
f 3520//286 3518//286 515//287 516//286
f 3524//465 3522//466 517//283 518//320
f 3526//286 3528//286 520//285 3251//288
f 3530//467 3532//468 522//319 521//284
f 3532//468 3524//465 518//320 522//319
f 3528//286 3520//286 516//286 520//285
f 3518//286 3526//286 3251//288 515//287
f 3522//466 3530//467 521//284 517//283
f 3529//27 3534//27 3535//27 3521//27
f 3527//469 3536//469 524//469 339//469
f 3519//86 3537//86 525//86 337//86
f 334//470 523//470 526//470 326//470
f 3533//471 3538//471 3539//471 3525//471
f 3531//472 3540//472 528//472 340//472
f 3523//473 3541//473 529//473 398//473
f 335//474 527//474 530//474 397//474
f 393//339 3303//338 3543//27
f 3328//334 3305//335 3309//86
f 3544//180 369//475 3547//476 3550//180
f 369//475 3265//477 3548//477 3547//476
f 344//478 343//478 3258//478 3549//478
f 3226//479 377//480 3319//481 3230//482
f 3557//185 3439//185 3435//185 3430//185
f 3430//185 3426//185 3554//185 3556//185
f 3297//180 3555//483 536//484 3310//180
f 3427//86 3444//86 3553//86 3425//86
f 470//485 3448//486 3449//486 545//485
f 469//487 470//485 545//485 544//487
f 472//27 471//27 543//27 542//27
f 3436//488 3434//488 541//488 468//488
f 3431//489 3429//489 540//489 467//489
f 465//490 538//490 539//490 466//490
f 3300//22 3302//22 3561//22 546//22
f 3558//491 537//492 552//493 3627//494
f 1468//495 665//496 3731//497 3730//498
f 532//499 3545//499 3563//499 3562//499
f 537//492 3298//22 547//22 552//493
f 531//22 3551//22 3565//22 549//22
f 366//500 365//500 3560//500 3564//500
f 3573//180 3571//180 3569//180 3574//180
f 3286//301 3281//301 3570//301 3572//301
f 352//296 354//295 556//295 554//296
f 3280//185 3612//185 590//185 3283//185
f 563//22 3585//22 3609//22 584//22
f 3577//185 3584//185 3586//185 3576//185
f 3577//185 3580//185 3584//185
f 3587//180 568//180 3590//180 3588//180
f 3591//196 573//501 571//502 559//196
f 3593//180 3592//180 3596//180 568//180
f 3593//180 568//180 3587//180
f 557//503 3589//503 567//503 3595//503
f 560//22 570//22 3594//22 3578//22
f 559//196 571//502 585//504 582//196
f 3579//505 565//506 566//507 3582//507
f 3579//505 3582//507 3583//507 3581//507
f 569//22 563//22 572//508 574//509
f 346//298 3608//392 443//392 3279//299
f 442//391 327//391 3602//391 3604//391
f 328//394 3401//394 3607//394 3600//394
f 3399//22 3402//22 3599//22 3601//22
f 3273//294 577//510 578//510 575//510 576//510 579//510 3274//294
f 3574//180 3396//180 448//180 3394//180 3573//180
f 572//508 563//22 584//22 586//511
f 557//503 3595//503 3610//503 581//503
f 562//512 561//512 580//512 583//512
f 3596//180 3597//180 3598//180 3590//180 568//180
f 3398//393 3400//393 447//393 446//393
f 558//513 564//513 565//506 3579//505
f 3611//514 3613//514 3616//515 3615//515
f 351//516 553//516 588//516 587//516
f 353//517 3615//515 3616//515 555//517
f 3284//518 571//502 573//501 3276//519
f 3275//180 3598//180 3597//180 3277//180
f 3278//520 574//509 572//508 592//521
f 3241//185 3243//185 3227//185 3233//185
f 571//502 3284//518 331//522 324//522 585//504
f 330//523 592//521 572//508 586//511 3228//523
f 3285//302 591//302 350//302 349//302
f 3625//524 3617//524 881//524 885//524
f 602//525 3619//525 3630//525 882//525
f 601//22 3621//22 3631//22 3618//22
f 3623//526 3624//526 3633//526 603//526
f 377//480 3226//479 3559//527 3628//528
f 373//329 3552//332 3229//529
f 3555//483 598//530 323//530 536//484
f 3632//526 3623//526 603//526 3626//526
f 3629//22 3622//22 3621//22 601//22
f 594//525 3620//525 3619//525 602//525
f 596//524 593//524 3617//524 3625//524
f 1176//531 1183//532 1185//532 1178//531
f 680//185 1458//533 3645//533 3644//185
f 3645//533 1458//533 1457//534 3648//535
f 3648//535 1457//534 614//536 3654//537
f 1469//538 666//539 665//496 1468//495
f 1467//540 3732//541 3735//368 3659//542
f 1472//543 3714//544 666//539 1469//538
f 802//545 801//546 805//547 806//548
f 800//549 613//550 3661//551
f 3733//552 3745//553 668//554 664//555
f 3677//556 3675//180 3673//180 3678//556
f 3969//185 3974//185 4014//185 874//185
f 3676//295 626//297 633//296 635//295
f 627//298 3674//300 3686//300 3683//299
f 629//301 628//301 3690//301 3685//301
f 3689//302 876//302 3650//302 3652//302
f 3691//303 3693//304 3696//304 3694//303
f 3696//304 3693//304 3698//196 3697//196
f 3699//180 636//180 641//180 3692//180
f 643//185 645//185 638//185
f 639//27 637//27 640//27 3695//27
f 638//185 3700//185 642//185 643//185
f 644//180 641//180 636//180
f 1470//557 3751//557 619//557
f 3703//558 3647//559 3716//185 3701//185
f 3705//560 617//561 3647//559 3703//558
f 3709//562 3708//563 3900//563 622//564
f 3670//565 3742//565 671//566 3668//567
f 1459//568 680//185 3634//569
f 3635//570 3634//569 3720//571 3641//570
f 807//572 3721//573 3724//573 803//574
f 606//196 3649//196 3655//196
f 677//196 606//196 3655//196 3656//196
f 3642//575 655//576 3657//577 656//575
f 654//329 3957//332 651//331 3646//330
f 1456//333 3646//330 651//331
f 661//185 3729//185 3726//185 3728//185
f 3719//185 3717//185 3729//185 661//185
f 3734//578 3711//579 3745//553 3733//552
f 3746//185 670//185 3740//185 3741//185
f 670//185 675//185 3743//185 3740//185
f 3746//185 3741//185 3736//185 3738//185 3747//185
f 3668//567 671//566 3744//580 3707//581
f 3735//368 3748//582 3739//582 3667//369
f 791//27 673//27 3737//27 3665//27
f 3666//583 672//583 669//583 3671//583
f 664//555 668//554 676//584 667//584
f 3713//585 3948//585 674//585 3712//585
f 655//576 677//196 3656//196 3657//577
f 3634//569 680//185 3644//185 3720//571
f 680//185 1459//568 1458//533
f 805//547 681//586 687//587 806//548
f 3661//551 3752//588 681//586 805//547
f 1141//589 1143//590 685//367 3664//370
f 807//572 682//591 683//322 657//592
f 3658//593 684//593 4640//593 3660//593
f 806//548 687//587 682//591 807//572
f 681//586 692//594 691//352 687//587
f 4236//185 4248//185 4253//185 4241//185
f 682//591 688//350 693//323 683//322
f 4231//595 4232//596 3424//361 1139//360
f 687//587 691//352 688//350 682//591
f 3755//597 3759//597 3757//597 3753//597
f 3760//180 3765//180 3766//180 3758//180
f 3765//180 3763//180 3761//180 3766//180
f 3769//185 3767//185 3776//185 3775//185
f 3775//185 3776//185 3778//185 3777//185
f 3777//185 3778//185 3771//185 3773//185
f 3756//373 3770//373 706//375 698//374
f 696//27 3754//27 3768//27 704//27
f 699//376 709//376 705//378 697//377
f 697//377 705//378 703//379 695//379
f 700//380 710//380 3774//381 3764//381
f 702//86 708//86 3772//86 3762//86
f 701//382 707//382 709//376 699//376
f 698//374 706//375 710//380 700//380
f 715//180 3784//180 3782//180 3785//180
f 3781//180 715//180 3785//180 3779//180
f 662//383 3718//196 3780//196 716//383
f 652//384 653//385 712//385 711//384
f 3727//386 662//383 716//383 3783//386
f 660//387 659//86 713//86 714//387
f 661//185 3786//185 3787//185 3719//185
f 3728//185 3789//185 3786//185 661//185
f 717//22 3790//22 3794//22 3791//22
f 3788//22 717//22 3791//22 3792//22
f 715//180 720//180 3795//180 3784//180
f 3781//180 3793//180 720//180 715//180
f 714//387 722//388 719//388 660//387
f 653//385 718//389 721//389 712//385
f 3800//185 729//185 3802//185
f 839//296 633//296 610//390 3803//390
f 3796//185 3804//185 729//185
f 3798//185 3796//185 729//185 3800//185
f 608//391 3799//391 3801//391 723//391
f 3683//299 3975//392 3805//392 724//392
f 3808//393 4005//393 4003//393 3806//393
f 609//394 3809//394 730//394 3797//394
f 3810//22 725//22 726//22 3807//22
f 633//296 626//297 4006//390 610//390
f 3817//598 3811//599 3816//395 3821//398
f 3820//600 3828//601 759//602 1485//603
f 3812//604 3811//599 3817//598 3819//604
f 3829//196 3818//196 737//196 742//196
f 744//605 738//606 3861//607 3863//608
f 3828//601 3825//609 3860//610 759//602
f 756//611 743//612 3822//613 3824//613
f 3813//614 3862//615 734//616 3815//616
f 755//617 736//617 743//612 756//611
f 3858//618 744//605 3863//608 3859//618
f 3825//609 3831//426 761//427 3860//610
f 3823//196 3829//196 742//196 3826//196
f 757//619 739//619 740//619 758//619
f 745//407 741//620 760//620 3864//408
f 3835//185 3850//185 3849//185 3839//185
f 3840//621 3852//621 3848//621 3844//621
f 3849//185 3854//185 3853//185 3839//185
f 3837//180 3962//180 3857//180 3961//180
f 3845//27 3847//27 752//27 828//27
f 3813//614 3820//600 1485//603 3862//615
f 735//622 3865//623 1486//624
f 3866//437 3867//438 3870//438 3869//437
f 3872//439 3876//439 3878//439 3874//439
f 3871//185 3879//185 3877//185 764//185
f 763//180 3881//180 3885//180 3873//180
f 763//180 3873//180 3875//180 3868//180
f 3875//180 3899//180 3895//180 3868//180
f 3877//185 3887//185 3883//185 764//185
f 766//440 3884//440 3886//440 768//440
f 3869//437 3882//441 3880//441 3866//437
f 3881//180 3889//180 3885//180
f 772//442 3888//442 3890//442 773//442
f 3887//185 3891//185 3883//185
f 774//443 770//443 771//443 775//443
f 3894//444 3898//444 3896//444 3892//444
f 3871//185 3893//185 3897//185 3879//185
f 769//445 778//445 779//445 767//445
f 762//446 777//446 776//446 765//446
f 789//625 792//626 3672//627 3709//562
f 3709//562 622//564 789//625
f 784//454 3497//456 3498//628 4042//629
f 4055//86 3500//86 3503//86 4056//86
f 783//185 3904//185 3907//185 3910//185
f 4053//630 3494//453 785//452 903//631
f 896//632 3911//456 3909//22 3908//633
f 3919//634 799//634 796//634 3913//634
f 3664//370 3667//369 3912//635 3914//636
f 792//626 789//625 3916//637 3918//638
f 3664//370 3914//636 3916//637 789//625
f 3667//369 792//626 3918//638 3912//635
f 794//639 3920//639 3922//639 3915//639
f 663//640 797//640 798//640 3917//640
f 795//641 3923//641 3921//641 793//641
f 3926//546 801//546 800//549 3924//546
f 3930//642 803//574 802//545 3928//643
f 3932//546 3661//551 805//547 3934//546
f 3936//644 806//548 807//572 3938//645
f 3938//645 807//572 803//574 3930//642
f 3934//546 805//547 801//546 3926//546
f 3924//546 800//549 3661//551 3932//546
f 3928//643 802//545 806//548 3936//644
f 3935//27 3927//27 3941//27 3940//27
f 3933//646 620//646 809//646 3942//646
f 3925//86 618//86 810//86 3943//86
f 615//647 607//647 811//647 808//647
f 3939//648 3931//648 3945//648 3944//648
f 3937//649 621//649 813//649 3946//649
f 3929//650 679//650 814//650 3947//650
f 616//651 678//651 815//651 812//651
f 3744//580 3949//27 3707//581
f 3734//578 817//86 3711//579
f 3950//185 3955//185 3952//652 650//653
f 650//653 3952//652 3953//654 3669//654
f 625//655 3954//655 3710//655 624//655
f 3636//656 3640//657 3725//658 658//659
f 3962//180 3837//180 3842//180 3846//180
f 3837//180 3961//180 3959//180 3833//180
f 3701//185 3716//185 821//660 3960//661
f 3834//86 3832//86 3958//86 3851//86
f 751//485 830//485 3856//486 3855//486
f 750//487 829//487 830//485 751//485
f 753//27 827//27 828//27 752//27
f 3843//488 749//488 826//488 3841//488
f 3838//489 748//489 825//489 3836//489
f 746//490 747//490 824//490 823//490
f 3704//22 831//22 3966//22 3706//22
f 3963//662 4025//663 837//664 822//665
f 1466//345 550//371 3566//666 1474//345
f 3715//347 835//346 834//22 816//22
f 822//665 837//664 832//22 3702//22
f 816//22 834//22 3968//22 3956//22
f 647//500 3967//500 3965//500 646//500
f 3973//185 3974//185 3969//185 3971//185
f 3690//301 3972//301 3970//301 3685//301
f 633//296 839//296 841//295 635//295
f 3684//180 3687//180 875//180 4012//180
f 848//22 869//22 4009//22 3985//22
f 3977//180 3976//180 3986//180 3984//180
f 3977//180 3984//180 3980//180
f 3987//185 3988//185 3990//185 853//185
f 3991//196 844//196 856//667 858//501
f 3993//185 853//185 3996//185 3992//185
f 3993//185 3987//185 853//185
f 842//503 3995//503 852//503 3989//503
f 845//22 3978//22 3994//22 855//22
f 844//196 867//196 870//668 856//667
f 3979//505 3982//507 851//507 850//506
f 3979//505 3981//507 3983//507 3982//507
f 854//22 859//509 857//669 848//22
f 627//298 3683//299 724//392 4008//392
f 723//391 4004//391 4002//391 608//391
f 609//394 4000//394 4007//394 3809//394
f 3807//22 4001//22 3999//22 3810//22
f 3677//556 3678//556 864//670 861//670 860//670 863//670 862//670
f 3974//185 3973//185 3802//185 729//185 3804//185
f 857//669 871//671 869//22 848//22
f 842//503 866//503 4010//503 3995//503
f 847//512 868//512 865//512 846//512
f 3996//185 853//185 3990//185 3998//185 3997//185
f 3806//393 727//393 728//393 3808//393
f 843//513 3979//505 850//506 849//513
f 4011//514 4015//515 4016//515 4013//514
f 632//516 872//516 873//516 838//516
f 634//517 840//517 4016//515 4015//515
f 3688//672 3680//519 858//501 856//667
f 3679//185 3681//185 3997//185 3998//185
f 3682//520 877//673 857//669 859//509
f 3651//180 3643//180 3637//180 3653//180
f 856//667 870//668 605//674 612//674 3688//672
f 611//675 3638//675 871//671 857//669 877//673
f 3689//302 630//302 631//302 876//302
f 4024//524 885//524 881//524 4017//524
f 891//525 882//525 3630//525 4018//525
f 890//22 3618//22 3631//22 4020//22
f 4022//526 892//526 4028//526 4023//526
f 658//659 4026//676 3964//677 3636//656
f 654//329 3639//529 3957//332
f 3960//661 821//660 604//678 886//678
f 3632//526 3626//526 892//526 4022//526
f 4027//22 890//22 4020//22 4021//22
f 879//525 891//525 4018//525 4019//525
f 883//524 4024//524 4017//524 878//524
f 880//679 1190//680 1191//681 884//682
f 1179//683 1181//683 1188//684 1184//684
f 4026//676 658//659 4098//86 4029//86
f 377//480 3628//528 4031//86 4083//86
f 600//685 889//686 991//687 4034//688
f 4036//689 887//689 4030//689 4037//689
f 3723//86 376//86 4080//86 4095//86
f 599//690 4033//690 983//690 4032//690
f 3319//481 377//480 4083//86 4082//86
f 658//659 3725//658 4097//86 4098//86
f 376//86 3319//481 4082//86 4080//86
f 3662//354 3252//354 505//431 790//431
f 4057//691 4059//692 1010//27 1008//27
f 3901//693 3903//693 4045//693 4043//693
f 501//180 3496//180 4041//180 3499//180
f 500//693 782//694 4039//695 4040//693
f 902//696 784//454 4042//629 906//697
f 3911//456 896//632 4047//698 4048//628
f 4058//699 4054//699 4063//699
f 893//27 894//27 900//700 4044//701
f 963//702 896//632 3908//633 4051//633
f 781//451 3902//703 3905//704 3906//451
f 786//86 897//86 898//86 788//86
f 784//454 902//696 904//455 787//455
f 782//694 901//705 905//705 4039//695
f 963//702 902//696 906//697 966//706
f 962//707 4053//630 903//631 964//708
f 4050//86 4055//86 4056//86 965//86
f 895//709 899//709 4062//709
f 962//707 3902//703 4061//710 4060//711
f 3663//355 649//712 912//712 911//713
f 3254//356 3663//355 911//713 909//714
f 368//715 3254//356 909//714 910//715
f 914//716 4059//692 915//717
f 915//717 4059//692 916//718
f 916//718 4057//691 917//719
f 917//719 4064//720 918//721
f 918//721 4064//720 919//722
f 919//722 4064//720 920//723
f 920//723 908//724 927//725
f 927//725 908//724 926//726
f 908//724 925//727 926//726
f 925//727 4044//701 924//728
f 924//728 900//700 923//729
f 923//729 900//700 922//730
f 900//700 921//731 922//730
f 921//731 900//700 4066//732
f 4066//732 900//700 4065//733
f 4065//733 4059//692 913//734
f 4059//692 914//716 913//734
f 917//719 4057//691 4064//720
f 920//723 4064//720 967//735 908//724
f 908//724 4044//701 925//727
f 924//728 4044//701 900//700
f 4059//692 4057//691 916//718
f 900//700 4052//736 4059//692 4065//733
f 942//737 941//738 956//738 957//737
f 933//739 934//740 949//740 948//739
f 943//741 942//737 957//737 958//741
f 934//740 935//742 950//742 949//740
f 944//743 943//741 958//741 959//743
f 935//742 936//744 951//744 950//742
f 937//22 944//743 959//743 952//22
f 936//744 937//22 952//22 951//744
f 4068//196 938//196 953//196 4067//196
f 930//196 4069//196 4070//196 945//196
f 940//745 939//746 954//746 955//747
f 931//748 932//749 947//750 946//748
f 941//738 940//745 955//747 956//738
f 932//749 933//739 948//739 947//750
f 929//22 928//22 960//22 961//22
f 938//196 930//196 945//196 953//196
f 4053//630 962//707 4060//711 907//751
f 897//86 4050//86 965//86 898//86
f 3902//703 962//707 964//708 3905//704
f 896//632 963//702 966//706 4047//698
f 902//696 963//702 4051//633 904//455
f 889//686 888//752 1000//753 991//687
f 3725//658 3723//86 4095//86 4097//86
f 834//22 835//346 3566//666 3568//22
f 1473//345 1474//345 3566//666 835//346
f 3561//22 4077//22 968//22 546//22
f 3968//22 834//22 3568//22 4075//22
f 3627//494 552//493 974//754 975//755
f 3562//499 3563//499 4071//499 3567//499
f 832//22 837//664 974//754 969//22
f 549//22 3565//22 4073//22 4072//22
f 3965//500 3967//500 4079//500 4078//500
f 552//493 547//22 969//22 974//754
f 3966//22 831//22 968//22 4077//22
f 3560//500 4078//500 4079//500 3564//500
f 837//664 4025//663 975//755 974//754
f 976//185 972//185 971//185 4074//185 4076//185
f 499//756 780//756 623//756 818//756 819//756 820//756 836//756 977//756 973//756 551//756 535//756 534//756 533//756 342//756
f 981//757 982//758 4035//758 4084//759
f 979//760 981//757 4084//759 4085//761
f 4104//86 4100//86 4086//86 4089//86
f 4081//762 979//760 4085//761
f 4622//763 4627//763 4635//763 4630//763
f 4088//764 4093//765 990//765 4087//764
f 994//766 4102//766 4103//766 986//766 985//766
f 4090//767 989//86 984//86 4034//688
f 989//86 4089//86 4086//86 984//86
f 4092//768 4090//767 4034//688 991//687
f 4091//196 988//196 993//196 4094//196
f 4093//765 987//185 992//185 990//765
f 998//769 4101//770 4038//771 999//771
f 996//772 4099//773 4101//770 998//769
f 4096//774 4099//773 996//772
f 1003//775 1002//775 1006//776 4107//776
f 4105//777 1000//753 1001//86 1005//86
f 1005//86 1001//86 4100//86 4104//86
f 4092//768 991//687 1000//753 4105//777
f 4106//196 4108//196 993//196 988//196
f 4107//776 1006//776 1007//180 1004//180
f 1009//27 1008//27 1010//27 1011//27
f 4119//778 4117//779 1020//780 1018//778
f 1014//781 4114//782 4109//782 4111//783
f 4112//196 4118//196 1021//196 4113//196
f 1020//780 4117//779 4115//784 4120//784
f 4110//180 4116//180 1023//180 1017//180
f 1013//785 1019//785 1022//785 1016//785
f 1012//786 1014//781 4111//783 1015//786
f 4131//778 4129//779 1032//780 1030//778
f 1026//781 4126//782 4121//782 4123//783
f 4124//196 4130//196 1033//196 4125//196
f 1032//780 4129//779 4127//784 4132//784
f 4122//180 4128//180 1035//180 1029//180
f 1025//785 1031//785 1034//785 1028//785
f 1024//786 1026//781 4123//783 1027//786
f 4143//778 4141//779 1044//780 1042//778
f 1038//781 4138//782 4133//782 4135//783
f 4136//196 4142//196 1045//196 4137//196
f 1044//780 4141//779 4139//784 4144//784
f 4134//180 4140//180 1047//180 1041//180
f 1037//785 1043//785 1046//785 1040//785
f 1036//786 1038//781 4135//783 1039//786
f 4155//778 4153//779 1056//780 1054//778
f 1050//781 4150//782 4145//782 4147//783
f 4148//196 4154//196 1057//196 4149//196
f 1056//780 4153//779 4151//784 4156//784
f 4146//180 4152//180 1059//180 1053//180
f 1049//785 1055//785 1058//785 1052//785
f 1048//786 1050//781 4147//783 1051//786
f 4167//778 4165//779 1068//780 1066//778
f 1062//781 4162//782 4157//782 4159//783
f 4160//196 4166//196 1069//196 4161//196
f 1068//780 4165//779 4163//784 4168//784
f 4158//180 4164//180 1071//180 1065//180
f 1061//785 1067//785 1070//785 1064//785
f 1060//786 1062//781 4159//783 1063//786
f 4179//778 1078//778 1080//787 4177//788
f 1074//789 4171//790 4169//791 4174//791
f 4172//196 4173//196 1081//196 4178//196
f 1080//787 4180//792 4175//792 4177//788
f 4170//185 1077//185 1083//185 4176//185
f 1073//793 1076//793 1082//793 1079//793
f 1072//786 1075//786 4171//790 1074//789
f 4191//778 1090//778 1092//787 4189//788
f 1086//789 4183//790 4181//791 4186//791
f 4184//196 4185//196 1093//196 4190//196
f 1092//787 4192//792 4187//792 4189//788
f 4182//185 1089//185 1095//185 4188//185
f 1085//793 1088//793 1094//793 1091//793
f 1084//786 1087//786 4183//790 1086//789
f 4203//778 1102//778 1104//787 4201//788
f 1098//789 4195//790 4193//791 4198//791
f 4196//196 4197//196 1105//196 4202//196
f 1104//787 4204//792 4199//792 4201//788
f 4194//185 1101//185 1107//185 4200//185
f 1097//793 1100//793 1106//793 1103//793
f 1096//786 1099//786 4195//790 1098//789
f 4215//778 1114//778 1116//787 4213//788
f 1110//789 4207//790 4205//791 4210//791
f 4208//196 4209//196 1117//196 4214//196
f 1116//787 4216//792 4211//792 4213//788
f 4206//185 1113//185 1119//185 4212//185
f 1109//793 1112//793 1118//793 1115//793
f 1108//786 1111//786 4207//790 1110//789
f 4227//778 1126//778 1128//787 4225//788
f 1122//789 4219//790 4217//791 4222//791
f 4220//196 4221//196 1129//196 4226//196
f 1128//787 4228//792 4223//792 4225//788
f 4218//185 1125//185 1131//185 4224//185
f 1121//793 1124//793 1130//793 1127//793
f 1120//786 1123//786 4219//790 1122//789
f 1460//794 383//795 384//274 1461//273
f 733//27 731//27 1135//27 1136//27
f 450//27 452//27 1133//27 1132//27
f 452//27 733//27 1136//27 1133//27
f 3406//27 450//27 1132//27 4229//27
f 731//27 3814//27 4230//27 1135//27
f 732//796 1137//796 754//796
f 473//797 1134//797 451//797
f 4235//798 694//799 1143//590 1141//589
f 4234//800 4231//595 1139//360 1464//801
f 4232//596 4235//798 1141//589 3424//361
f 4238//802 4240//803 1140//804 1142//805
f 4233//180 413//180 4243//180 4245//180
f 1476//806 4238//802 1142//805 1471//807
f 4247//808 1154//809 1151//810 1145//811
f 4247//808 4244//812 1152//813 1154//809
f 4244//812 1144//814 1150//815 1152//813
f 4242//185 4241//185 4253//185 4254//185
f 689//816 408//816 1146//816 1148//816
f 1147//817 4250//818 1155//819 1153//820
f 4246//821 1147//817 1153//820 1479//821
f 1478//822 1145//811 1151//810 1480//822
f 3263//340 3329//278 404//306 3260//362
f 4262//823 1173//824 1174//825 4263//823
f 4266//826 4265//826 4255//826 4257//826
f 1160//827 1157//828 4258//828 4269//829
f 4261//196 4270//196 1170//196 1166//196 4256//196 4268//196 4267//196 4264//196 4272//196 4271//196
f 1162//830 1159//831 1167//831 1168//832
f 1158//833 1163//834 1169//835 1165//833
f 1169//835 1163//834 1162//830 1168//832
f 1160//827 4269//829 1171//836 1161//837
f 4259//838 1161//837 1171//836 4260//838
f 1174//825 1173//824 1172//839 1175//840
f 1172//839 1156//841 1164//841 1175//840
f 1187//842 597//843 1177//683 1182//684
f 1179//683 1184//684 1182//684 1177//683
f 1189//532 1190//680 880//679 1180//531
f 884//682 1191//681 1188//684 1181//683
f 1189//532 1180//531 1178//531 1185//532
f 595//844 1186//845 1183//532 1176//531
f 4298//185 4303//185 4335//185 4330//185
f 4288//180 4286//180 4318//180 4320//180
f 4290//185 4295//185 4327//185 4322//185
f 4280//180 4278//180 4310//180 4312//180
f 1183//532 1182//684 4273//196 4275//196
f 1182//684 1184//684 4279//196 4273//196
f 1184//684 1185//532 4277//196 4279//196
f 1185//532 1183//532 4275//196 4277//196
f 1186//845 1187//842 4283//196 4281//196
f 1187//842 1182//684 4287//196 4283//196
f 1182//684 1183//532 4285//196 4287//196
f 1183//532 1186//845 4281//196 4285//196
f 1189//532 1185//532 4289//196 4291//196
f 1185//532 1184//684 4296//196 4289//196
f 1184//684 1188//684 4293//196 4296//196
f 1188//684 1189//532 4291//196 4293//196
f 1190//680 1189//532 4297//196 4299//196
f 1189//532 1188//684 4304//196 4297//196
f 1188//684 1191//681 4301//196 4304//196
f 1191//681 1190//680 4299//196 4301//196
f 4307//196 4305//196 4311//196 4309//196
f 4313//196 4315//196 4319//196 4317//196
f 4323//196 4321//196 4328//196 4325//196
f 4331//196 4329//196 4336//196 4333//196
f 1202//27 4294//27 4326//27 1219//27
f 1206//27 4302//27 4334//27 1223//27
f 4276//185 4274//185 4306//185 4308//185
f 4282//185 4284//185 4316//185 4314//185
f 1195//86 1192//86 1209//86 1210//86
f 4292//86 1201//86 1216//86 4324//86
f 1199//86 1196//86 1212//86 1214//86
f 4300//86 1205//86 1220//86 4332//86
f 1193//27 1194//27 1211//27 1208//27
f 1203//180 1200//180 1217//180 1218//180
f 1197//27 1198//27 1215//27 1213//27
f 1207//180 1204//180 1221//180 1222//180
f 595//844 597//843 1187//842 1186//845
f 4337//185 4350//185 4349//185 4348//185 4347//185 4346//185 4345//185 4344//185 4343//185 4342//185 4341//185 4352//185 4351//185 4340//185 4339//185 4338//185
f 4353//180 4354//180 4355//180 4356//180 4367//180 4368//180 4357//180 4358//180 4359//180 4360//180 4361//180 4362//180 4363//180 4364//180 4365//180 4366//180
f 1225//846 1226//847 1242//847 1241//846
f 1235//848 1236//849 1252//849 1251//848
f 1228//850 1229//851 1245//851 1244//850
f 1236//849 1237//852 1253//852 1252//849
f 1229//851 1230//22 1246//22 1245//851
f 1227//853 1238//27 1254//27 1243//853
f 1230//22 1231//854 1247//854 1246//22
f 1237//852 1224//196 1240//196 1253//852
f 1231//854 1232//855 1248//855 1247//854
f 1238//27 1239//856 1255//856 1254//27
f 1232//855 1233//857 1249//857 1248//855
f 1224//196 1225//846 1241//846 1240//196
f 1239//856 1228//850 1244//850 1255//856
f 1233//857 1234//86 1250//86 1249//857
f 1226//847 1227//853 1243//853 1242//847
f 1234//86 1235//848 1251//848 1250//86
f 4369//185 4382//185 4381//185 4380//185 4379//185 4378//185 4377//185 4376//185 4375//185 4374//185 4373//185 4384//185 4383//185 4372//185 4371//185 4370//185
f 4385//180 4386//180 4387//180 4388//180 4399//180 4400//180 4389//180 4390//180 4391//180 4392//180 4393//180 4394//180 4395//180 4396//180 4397//180 4398//180
f 1257//846 1258//847 1274//847 1273//846
f 1267//848 1268//849 1284//849 1283//848
f 1260//850 1261//851 1277//851 1276//850
f 1268//849 1269//852 1285//852 1284//849
f 1261//851 1262//22 1278//22 1277//851
f 1259//853 1270//27 1286//27 1275//853
f 1262//22 1263//854 1279//854 1278//22
f 1269//852 1256//196 1272//196 1285//852
f 1263//854 1264//855 1280//855 1279//854
f 1270//27 1271//856 1287//856 1286//27
f 1264//855 1265//857 1281//857 1280//855
f 1256//196 1257//846 1273//846 1272//196
f 1271//856 1260//850 1276//850 1287//856
f 1265//857 1266//86 1282//86 1281//857
f 1258//847 1259//853 1275//853 1274//847
f 1266//86 1267//848 1283//848 1282//86
f 4401//180 4402//180 4403//180 4404//180 4415//180 4416//180 4405//180 4406//180 4407//180 4408//180 4409//180 4410//180 4411//180 4412//180 4413//180 4414//180
f 4417//185 4430//185 4429//185 4428//185 4427//185 4426//185 4425//185 4424//185 4423//185 4422//185 4421//185 4432//185 4431//185 4420//185 4419//185 4418//185
f 1289//846 1305//846 1306//847 1290//847
f 1299//848 1315//848 1316//849 1300//849
f 1292//850 1308//850 1309//851 1293//851
f 1300//849 1316//849 1317//852 1301//852
f 1293//851 1309//851 1310//22 1294//22
f 1291//853 1307//853 1318//27 1302//27
f 1294//22 1310//22 1311//854 1295//854
f 1301//852 1317//852 1304//196 1288//196
f 1295//854 1311//854 1312//855 1296//855
f 1302//27 1318//27 1319//856 1303//856
f 1296//855 1312//855 1313//857 1297//857
f 1288//196 1304//196 1305//846 1289//846
f 1303//856 1319//856 1308//850 1292//850
f 1297//857 1313//857 1314//86 1298//86
f 1290//847 1306//847 1307//853 1291//853
f 1298//86 1314//86 1315//848 1299//848
f 4433//180 4434//180 4435//180 4436//180 4447//180 4448//180 4437//180 4438//180 4439//180 4440//180 4441//180 4442//180 4443//180 4444//180 4445//180 4446//180
f 4449//185 4462//185 4461//185 4460//185 4459//185 4458//185 4457//185 4456//185 4455//185 4454//185 4453//185 4464//185 4463//185 4452//185 4451//185 4450//185
f 1321//846 1337//846 1338//847 1322//847
f 1331//848 1347//848 1348//849 1332//849
f 1324//850 1340//850 1341//851 1325//851
f 1332//849 1348//849 1349//852 1333//852
f 1325//851 1341//851 1342//22 1326//22
f 1323//853 1339//853 1350//27 1334//27
f 1326//22 1342//22 1343//854 1327//854
f 1333//852 1349//852 1336//196 1320//196
f 1327//854 1343//854 1344//855 1328//855
f 1334//27 1350//27 1351//856 1335//856
f 1328//855 1344//855 1345//857 1329//857
f 1320//196 1336//196 1337//846 1321//846
f 1335//856 1351//856 1340//850 1324//850
f 1329//857 1345//857 1346//86 1330//86
f 1322//847 1338//847 1339//853 1323//853
f 1330//86 1346//86 1347//848 1331//848
f 4472//185 1361//185 4480//185
f 4469//858 4465//858 4467//858 4471//858
f 4470//859 4477//859 4474//859 4466//859
f 4472//185 4480//185 4478//185 1354//185
f 1358//27 4479//27 4476//27 4473//27
f 1359//22 4482//860 4481//860 1357//22
f 4475//180 1360//180 4468//180
f 1353//861 4481//860 4482//860 1355//861
f 4475//180 4468//180 1352//180 1356//180
s 0
f 4483//185 4487//185 4489//185 4485//185
f 4486//86 4490//86 1369//86 1367//86
f 4484//22 1363//22 4492//22 1370//22
f 4488//862 1362//862 1366//862 1368//862
f 1365//196 1364//196 4493//196 4491//196
f 4494//185 4498//185 4500//185 4496//185
f 4497//27 4501//27 1378//27 1376//27
f 4495//196 1372//196 4503//196 1379//196
f 4499//863 1371//863 1375//863 1377//863
f 1374//22 1373//22 4504//22 4502//22
s 1
f 4505//864 4507//864 4509//864 4511//864
f 4542//865 4540//865 4538//865 4546//865
f 4543//866 4541//866 4545//866 4547//866
f 4510//867 4517//867 4519//867 4512//867
f 4523//868 4544//868 4548//868 4521//868
f 4506//869 4513//869 4515//869 4508//869
f 4518//870 4529//870 4531//870 4520//870
f 4525//871 4524//871 4522//871 4527//871
f 4514//872 4532//872 4530//872 4516//872
f 4533//873 1392//874 1393//875 4526//876
f 4528//877 1395//878 1394//879 4535//880
f 1386//881 1396//882 1395//878 4528//877
f 4535//880 1394//879 1397//883 4537//884
f 4526//876 1393//875 1398//885 1387//886
f 4539//887 1399//888 1392//874 4533//873
f 1391//889 1401//890 1400//891 1388//892
f 1389//893 1402//894 1403//895 1390//896
f 1390//896 1403//895 1396//882 1386//881
f 4537//884 1397//883 1402//894 1389//893
f 1387//886 1398//885 1401//890 1391//889
f 1388//892 1400//891 1399//888 4539//887
f 1384//897 4534//897 4536//897 1385//897
f 1383//898 1382//898 1380//898 1381//898
f 4549//864 4551//864 4553//864 4555//864
f 4586//865 4584//865 4582//865 4590//865
f 4587//866 4585//866 4589//866 4591//866
f 4554//867 4561//867 4563//867 4556//867
f 4567//868 4588//868 4592//868 4565//868
f 4550//869 4557//869 4559//869 4552//869
f 4562//870 4573//870 4575//870 4564//870
f 4569//871 4568//871 4566//871 4571//871
f 4558//872 4576//872 4574//872 4560//872
f 4577//873 1416//874 1417//875 4570//876
f 4572//877 1419//878 1418//879 4579//880
f 1410//881 1420//882 1419//878 4572//877
f 4579//880 1418//879 1421//883 4581//884
f 4570//876 1417//875 1422//885 1411//886
f 4583//887 1423//888 1416//874 4577//873
f 1415//889 1425//890 1424//891 1412//892
f 1413//893 1426//894 1427//895 1414//896
f 1414//896 1427//895 1420//882 1410//881
f 4581//884 1421//883 1426//894 1413//893
f 1411//886 1422//885 1425//890 1415//889
f 1412//892 1424//891 1423//888 4583//887
f 1408//897 4578//897 4580//897 1409//897
f 1407//898 1406//898 1404//898 1405//898
f 4595//899 4599//899 4597//899 4593//899
f 4603//900 4601//900 4605//900 4607//900
f 4600//901 4596//901 4604//901 4608//901
f 4598//902 1431//902 1435//902 4606//902
f 4594//903 1430//903 1434//903 4602//903
f 1429//904 1428//904 1432//904 1433//904
f 4611//900 4609//900 4613//900 4615//900
f 1439//901 1437//901 4612//901 4616//901
f 4619//902 4618//902 1443//902 4614//902
f 1436//903 1438//903 1442//903 4610//903
f 4617//904 4620//904 1440//904 1441//904
f 4621//905 4623//905 1445//905 1444//905
f 4623//905 4625//905 1446//905 1445//905
f 4628//905 4621//905 1444//905 1447//905
f 4625//905 4628//905 1447//905 1446//905
f 4636//905 4633//905 4631//905 4629//905
f 4624//906 980//906 1448//906 4632//906
f 997//907 4626//907 4634//907 1451//907
f 995//908 978//908 1449//908 1450//908
f 3647//559 617//561 614//536 1457//534
f 3237//308 1453//270 333//272 336//310
f 1454//268 1453//270 3237//308 1455//315
f 1457//534 1458//533 1459//568 3647//559
f 4250//818 1478//822 1480//822 1155//819
f 1144//814 4246//821 1479//821 1150//815
f 690//185 4242//185 4254//185 1149//185
f 694//799 1476//806 1471//807 1143//590
f 4240//803 4234//800 1464//801 1140//804
f 3244//271 1460//794 1461//273 333//272
f 833//909 970//909 1474//345 1473//345
f 548//909 1466//345 1474//345 970//909
f 1143//590 1471//807 4637//910 685//367
f 685//367 4637//910 3659//542 3735//368
f 3705//560 1472//543 1469//538 617//561
f 613//550 1467//540 3659//542
f 617//561 1469//538 1468//495 614//536
f 614//536 1468//495 3730//498 3654//537
f 367//909 1465//348 1466//345 548//909
f 404//306 4638//305 1464//801 1139//360
f 413//180 1475//180 1477//180 4243//180
f 833//909 1473//345 3951//348 648//909
f 338//911 403//911 1463//911
f 336//310 1462//276 3546//282 3301//309
f 3249//277 3324//280 332//289
f 333//272 1461//273 1462//276 336//310
f 3661//551 613//550 3659//542
f 332//289 3251//288 3249//277
f 1481//27 519//27 405//27
f 804//27 1482//27 686//27
f 738//606 735//622 1486//624 3861//607
f 457//413 3454//412 1484//435 454//434
f 4641//185 4654//185 4653//185 4652//185 4651//185 4650//185 4649//185 4648//185 4647//185 4646//185 4645//185 4656//185 4655//185 4644//185 4643//185 4642//185
f 1497//86 1513//86 1512//857 1496//857
f 1498//848 1514//848 1513//86 1497//86
f 1499//849 1515//849 1514//848 1498//848
f 1500//852 1516//852 1515//849 1499//849
f 1501//27 1517//27 1506//853 1490//853
f 1487//196 1503//196 1516//852 1500//852
f 1488//846 1504//846 1503//196 1487//196
f 1502//856 1518//856 1517//27 1501//27
f 1490//853 1506//853 1505//847 1489//847
f 1491//850 1507//850 1518//856 1502//856
f 1489//847 1505//847 1504//846 1488//846
f 1492//851 1508//851 1507//850 1491//850
f 1493//22 1509//22 1508//851 1492//851
f 1494//854 1510//854 1509//22 1493//22
f 1495//855 1511//855 1510//854 1494//854
f 1496//857 1512//857 1511//855 1495//855
f 4703//912 4682//913 4693//914
f 4679//915 4657//916 4659//917
f 4673//918 4661//919 4663//920
f 4677//921 4665//922 4667//923
f 4675//924 4669//925 4671//926
f 4673//918 4663//920 4669//925 4675//924
f 4675//924 4671//926 4665//922 4677//921
f 4679//915 4659//917 4661//919 4673//918
f 4677//921 4667//923 4657//916 4679//915
f 4701//927 4695//928 4687//929
f 4697//930 4689//931 4684//932
f 4699//933 4685//934 4691//935
f 4699//933 4701//927 4687//929 4685//934
f 4701//927 4703//912 4693//914 4695//928
f 4676//936 4678//936 4704//936 4702//936
f 4697//930 4699//933 4691//935 4689//931
f 4660//937 4658//937 1534//937 4690//937
f 1523//938 4668//938 4681//938 4683//938
f 4680//939 4674//939 4700//939 4698//939
f 4672//940 4670//940 4688//940 4696//940
f 4703//912 4697//930 4684//932 4682//913
f 1529//941 4664//941 4686//941 1540//941
f 1526//942 4662//942 4692//942 1531//942
f 1521//941 1519//941 1538//941 1536//941
f 4666//939 1530//939 1539//939 4694//939
f 1520//938 1522//938 1535//938 1537//938
f 1528//943 1527//943 1542//943 1541//943
f 1525//936 1524//936 1533//936 1532//936
f 4713//944 4714//944 4709//944 4711//944
f 4707//944 4705//944 4714//944 4713//944
f 1560//945 1567//946 4743//946 1550//945
f 4719//947 1568//947 4717//947 4716//947
f 4706//86 4721//86 1562//86 1558//86
f 4708//948 4723//949 4720//950 1544//948
f 1556//27 1560//945 1550//945 1548//27
f 4710//951 4715//952 4722//953 4712//951
f 4726//27 1556//27 1555//27 4724//27
f 4728//86 1557//86 1558//86 4730//86
f 4732//27 1559//945 1560//945 4734//27
f 4738//86 1562//86 1561//86 4736//86
f 4730//86 1558//86 1562//86 4738//86
f 4734//27 1560//945 1556//27 4726//27
f 4724//27 1555//27 1559//945 4732//27
f 4736//86 1561//86 1557//86 4728//86
f 4725//22 4733//22 4737//22 4729//22
f 1552//180 4735//180 4739//180 1551//180
f 1553//196 4727//196 4731//196 1554//196
f 1547//954 1545//954 1543//954 1546//954
f 4746//185 4744//185 4718//185 4747//185
f 4742//185 4746//185 4747//185 4740//185
f 4715//952 1565//955 4745//955 4722//953
f 1549//947 4741//947 1568//947 4719//947
f 1559//945 1566//946 1567//946 1560//945
f 4723//949 1564//956 1563//956 4720//950
f 4753//86 4760//86 4772//86 4776//86
f 4752//185 4750//185 4748//185 4754//185
f 1580//86 4769//86 4765//86 4783//86
f 4756//180 4761//180 4763//180 4758//180
f 4760//86 4757//86 4783//86 4772//86
f 4757//86 4751//86 1580//86 4783//86
f 1575//196 1576//196 4759//196 4749//196
f 4751//86 4753//86 4776//86 1580//86
f 4780//957 4770//958 4768//958 4781//959
f 4778//960 4780//957 4781//959 4777//960
f 4782//961 4774//961 4773//961 1586//961
f 1574//22 1573//22 4755//22 4762//22
f 4771//948 4766//948 4764//948 1578//948
f 4775//962 4779//962 1577//962 1579//962
f 4767//961 4782//961 1586//961 1581//961
f 1584//27 1582//27 1587//27 1588//27
f 1571//27 1572//27 1587//27 1582//27
f 1572//27 1570//27 1585//27 1587//27
f 1570//27 1569//27 1583//27 1585//27
f 1569//27 1571//27 1582//27 1583//27
f 4789//86 4812//86 4808//86 4796//86
f 4788//180 4790//180 4784//180 4786//180
f 1600//86 4819//86 4801//86 4805//86
f 4792//185 4794//185 4799//185 4797//185
f 4796//86 4808//86 4819//86 4793//86
f 4793//86 4819//86 1600//86 4787//86
f 1595//196 4785//196 4795//196 1596//196
f 4787//86 1600//86 4812//86 4789//86
f 4816//963 4817//964 4804//965 4806//965
f 4814//966 4813//966 4817//964 4816//963
f 4818//944 1606//944 4809//944 4810//944
f 1594//22 4798//22 4791//22 1593//22
f 4807//948 1598//948 4800//948 4802//948
f 4811//967 1599//967 1597//967 4815//967
f 4803//944 1601//944 1606//944 4818//944
f 1604//27 1608//27 1607//27 1602//27
f 1591//27 1602//27 1607//27 1592//27
f 1592//27 1607//27 1605//27 1590//27
f 1590//27 1605//27 1603//27 1589//27
f 1589//27 1603//27 1602//27 1591//27
f 4823//27 4821//27 4825//27 4829//27
f 4825//27 4821//27 1613//27 1615//27
f 4823//27 4829//27 1616//27 1614//27
f 4833//27 4830//27 4848//27 4850//27
f 4826//27 4842//27 4844//27 4846//27
f 4853//86 4856//86 4854//86 4852//86
f 4854//86 4864//86 4862//86 4852//86
f 4853//86 4860//86 4858//86 4856//86
f 4858//86 4872//86 4870//86 4856//86
f 4854//86 4868//86 4866//86 4864//86
f 1634//22 4871//22 4873//22 4874//22
f 4881//968 4855//968 4857//968 4878//968
f 4883//969 4861//969 1622//969 4893//969
f 4863//185 4865//185 4896//185 4888//185
f 4903//180 4908//180 4901//180 4911//180
f 4879//970 1624//971 1631//971 4877//972
f 4884//22 4867//22 4869//22 4891//22
f 4893//969 1622//969 1621//969 4892//969
f 4892//969 1621//969 1627//969 1641//969
f 1643//973 1630//974 1623//974 4880//975
f 4876//27 4910//27 4900//27 4895//27
f 4832//180 4894//180 4882//180 4835//180
f 4847//180 1643//973 4880//975 4827//180
f 4820//976 1644//976 4887//976 4839//976
f 4822//976 1637//976 1644//976 4820//976
f 4845//22 4884//22 4891//22 1617//22
f 4831//185 4879//970 4877//972 4849//185
f 4851//180 4875//180 4894//180 4832//180
f 4838//185 4888//185 4896//185 4841//185
f 4841//185 4896//185 4885//185 1619//185
f 4836//976 1638//976 1637//976 4822//976
f 4824//977 1636//977 1635//977 4828//977
f 1618//22 1634//22 4874//22 1620//22
f 1642//978 1646//978 4909//978 4859//978
f 4866//86 4906//86 4889//86 4864//86
f 4886//979 4904//979 4907//979 1629//979
f 4890//185 1649//185 4905//185 4899//185
f 1628//980 1650//980 4898//980 4897//980
f 1625//180 1626//180 4882//180 4894//180
f 4858//86 1651//86 4902//86 4872//86
f 1632//981 1652//981 1648//981 1633//981
f 1640//27 1645//27 1647//27 1639//27
f 4840//27 4843//27 1611//27 1612//27 4834//27 4837//27 1610//27 1609//27
f 4958//982 4948//983 4937//984
f 4934//985 4914//986 4912//987
f 4928//988 4918//989 4916//990
f 4932//991 4922//992 4920//993
f 4930//994 4926//995 4924//996
f 4928//988 4930//994 4924//996 4918//989
f 4930//994 4932//991 4920//993 4926//995
f 4934//985 4928//988 4916//990 4914//986
f 4932//991 4934//985 4912//987 4922//992
f 4956//997 4942//998 4950//999
f 4952//1000 4939//1001 4944//1002
f 4954//1003 4946//1004 4940//1005
f 4954//1003 4940//1005 4942//998 4956//997
f 4956//997 4950//999 4948//983 4958//982
f 4931//1006 4957//1006 4959//1006 4933//1006
f 4952//1000 4944//1002 4946//1004 4954//1003
f 4915//1007 4945//1007 1668//1007 4913//1007
f 1657//1008 4938//1008 4936//1008 4923//1008
f 4935//1009 4953//1009 4955//1009 4929//1009
f 4927//1010 4951//1010 4943//1010 4925//1010
f 4958//982 4937//984 4939//1001 4952//1000
f 1663//1011 1674//1011 4941//1011 4919//1011
f 1660//1012 1665//1012 4947//1012 4917//1012
f 1655//1011 1670//1011 1672//1011 1653//1011
f 4921//1009 4949//1009 1673//1009 1664//1009
f 1654//1008 1671//1008 1669//1008 1656//1008
f 1662//1013 1675//1013 1676//1013 1661//1013
f 1659//1006 1666//1006 1667//1006 1658//1006
f 4968//961 4966//961 4964//961 4969//961
f 4962//961 4968//961 4969//961 4960//961
f 1694//1014 1684//1014 4998//1015 1701//1015
f 4974//1016 4971//1016 4972//1016 1702//1016
f 4961//86 1692//86 1696//86 4976//86
f 4963//948 1678//948 4975//1017 4978//1018
f 1690//27 1682//27 1684//1014 1694//1014
f 4965//951 4967//951 4977//1019 4970//1020
f 4981//27 4979//27 1689//27 1690//27
f 4983//86 4985//86 1692//86 1691//86
f 4987//27 4989//27 1694//1014 1693//1014
f 4993//86 4991//86 1695//86 1696//86
f 4985//86 4993//86 1696//86 1692//86
f 4989//27 4981//27 1690//27 1694//1014
f 4979//27 4987//27 1693//1014 1689//27
f 4991//86 4983//86 1691//86 1695//86
f 4980//22 4984//22 4992//22 4988//22
f 1686//185 1685//185 4994//185 4990//185
f 1687//196 1688//196 4986//196 4982//196
f 1681//1021 1680//1021 1677//1021 1679//1021
f 5001//180 5002//180 4973//180 4999//180
f 4997//180 4995//180 5002//180 5001//180
f 4970//1020 4977//1019 5000//1022 1699//1022
f 1683//1016 4974//1016 1702//1016 4996//1016
f 1693//1014 1694//1014 1701//1015 1700//1015
f 4978//1018 4975//1017 1697//1023 1698//1023
f 5013//1024 5011//1024 5015//1024 5017//1024
f 5004//1025 5012//1025 5014//1025 5007//1025
f 5005//1026 5016//1026 1708//1026 5003//1026
f 5010//1027 5018//1027 1709//1027 5006//1027
f 5008//1028 1707//1028 1710//1028 5009//1028
f 1703//1029 1705//1029 1706//1029 1704//1029
f 5036//180 5041//180 5049//180 5044//180
f 5019//1030 5027//1030 5029//1030 5021//1030
f 5023//1031 5031//1031 5028//1031 5020//1031
f 5025//1032 5033//1032 5032//1032 5024//1032
f 5022//1033 5030//1033 5034//1033 5026//1033
f 1711//1034 1712//1034 1714//1034 1713//1034
f 1715//1035 1716//1035 5035//1035 5037//1035
f 1716//1035 1717//1035 5042//1035 5035//1035
f 1717//1035 1718//1035 5039//1035 5042//1035
f 1718//1035 1715//1035 5037//1035 5039//1035
f 5045//1035 5043//1035 5050//1035 5047//1035
f 5038//1036 1720//1036 1723//1036 5046//1036
f 1721//1037 5040//1037 5048//1037 1726//1037
f 1722//185 1719//185 1724//185 1725//185
f 5138//1146 5145//1147 5148//1148 5135//1148
f 5136//1149 5149//1149 5150//1150 5140//1151
f 5150//1150 5151//86 5142//86 5140//1151
f 5164//1152 5212//1152 5210//1153 5156//1154 5162//1155
f 5156//1154 5153//1156 5166//1156 5162//1155
f 5154//1157 5158//1158 5168//1159 5167//1157
f 5178//196 5172//196 5180//196 5186//196
f 5197//1160 5213//1160 5165//1160 5147//1160
f 5152//180 1853//180 1866//180 5169//180
f 5144//1161 5146//1161 1859//1161 5163//1161
f 5143//1162 1849//1162 5170//1162 5161//1162
f 5139//1163 5137//1163 5155//1163 5157//1163
f 1852//180 1851//180 1858//180 1860//180
f 1847//1164 5141//1164 1863//1164 1855//1164
f 1853//180 1852//180 1860//180 1866//180
f 1848//185 1854//185 5160//185 5159//185
f 5173//27 5171//27 5158//1158 1864//27
f 5177//27 5175//27 1865//27 5168//1159
f 5171//27 5177//27 5168//1159 5158//1158
f 5175//27 5173//27 1864//27 1865//27
f 5185//27 5179//27 5181//27 5183//27
f 1856//1165 5174//1165 5182//1165 1867//1165
f 1857//22 5176//22 5184//22 1868//22
f 1862//1166 1861//1166 1870//1166 1869//1166
f 5138//1146 5187//1167 5198//1167 5195//1168
f 5188//1169 5190//1170 5200//1171 5199//1169
f 5200//1171 5190//1170 5192//86 5201//86
f 5156//1154 5210//1153 5214//1172 5203//1172
f 5204//1173 5215//1173 5216//1174 5206//1175
f 5226//196 5234//196 5228//196 5220//196
f 5202//185 5217//185 1892//185 1878//185
f 5194//1176 5211//1176 1885//1176 5196//1176
f 5193//1162 5209//1162 5218//1162 1874//1162
f 1871//1177 1880//1177 5205//1177 5189//1177
f 1877//185 1886//185 1884//185 1876//185
f 1872//1178 1881//1178 1889//1178 5191//1178
f 1878//185 1892//185 1886//185 1877//185
f 1873//180 5207//180 5208//180 1879//180
f 5221//27 1890//27 5206//1175 5219//27
f 5225//27 5216//1174 1891//27 5223//27
f 5219//27 5206//1175 5216//1174 5225//27
f 5223//27 1891//27 1890//27 5221//27
f 5233//27 5231//27 5229//27 5227//27
f 1882//1166 1893//1166 5230//1166 5222//1166
f 1883//22 1894//22 5232//22 5224//22
f 1888//1165 1895//1165 1896//1165 1887//1165
f 5138//1146 5195//1168 1875//1179 1850//1179 5145//1147
f 5239//1180 5240//1180 5235//1181 5237//1181
f 5240//1180 5239//1180 5247//1182 5248//1182
f 5236//1183 1898//180 1913//180 5244//1184
f 1897//185 5238//1185 5241//1186 1914//185
f 1902//185 1904//185 5254//185 1906//185
f 1913//180 1898//180 1901//180 1903//180
f 1897//185 1914//185 1904//185 1902//185
f 5243//1187 5246//1187 5249//1188 5250//1188
f 1906//185 5254//185 5264//185 5260//185
f 5248//1182 5247//1182 5255//1189 5256//1189
f 1903//180 1901//180 1905//180 5252//180
f 5250//1188 5249//1188 5251//1190 5253//1190
f 5257//1191 5259//1191 5263//1191 5261//1191
f 5256//1189 5255//1189 1910//1192 5258//1192
f 5252//180 1905//180 1909//180 5262//180
f 1908//1193 1907//1193 1911//1193 1912//1193
f 5246//1187 5243//1187 5242//848 5245//848
f 5265//1194 5267//1194 5281//1195 5282//1195
f 5270//1196 5266//180 1931//180 5274//1197
f 1920//185 5280//185 5290//185 5286//185
f 1931//180 5266//180 1919//180 5278//180
f 5268//185 1932//185 5280//185 1920//185
f 5273//1198 5276//1198 5277//1199 5279//1199
f 5286//185 5290//185 5298//185 5294//185
f 5282//1195 5281//1195 5285//1200 5283//1200
f 5278//180 1919//180 5284//180 5288//180
f 1922//1190 1921//1190 5287//1190 5289//1190
f 5291//1201 5293//1201 5297//1201 5295//1201
f 1923//1202 1924//1202 1928//1202 5292//1202
f 5288//180 5284//180 1927//180 5296//180
f 1926//1203 1925//1203 1929//1203 1930//1203
f 2031//1204 5412//1205 5394//1206 5393//1207
f 5301//1208 5299//1208 5304//1209 5303//1210
f 1934//1211 1933//1211 5309//1182 5310//1182
f 1936//1212 5300//1213 1949//1214 5307//1215
f 5302//1216 1935//1217 5305//1218 1950//1219
f 1938//185 1940//185 5320//185 5316//185
f 1949//1214 5300//1213 1937//180 1939//180
f 5302//1216 1950//1219 1940//185 1938//185
f 5306//1220 5308//1221 5311//1188 5312//1188
f 5316//185 5320//185 5328//185 5324//185
f 5310//1182 5309//1182 5315//1200 5313//1200
f 1939//180 1937//180 5314//180 5318//180
f 5312//1188 5311//1188 5317//1190 5319//1190
f 5321//1222 5323//1222 5327//1222 5325//1222
f 1941//1223 1942//1223 1946//1223 5322//1223
f 5318//180 5314//180 1945//180 5326//180
f 1944//1224 1943//1224 1947//1224 1948//1224
f 5308//1221 5306//1220 1952//54 1951//1225
f 1951//1225 1952//54 1956//1226 1955//1227
f 5329//1228 1954//1229 2004//1230 5402//1231
f 1936//1212 5307//1215 5330//1232 1953//1233
f 5303//1210 5304//1209 5331//1234 5332//1235
f 5305//1218 1935//1217 1954//1229 5329//1228
f 2006//1236 2007//1237 5338//1238 5340//1238
f 5401//1239 2003//1240 5336//1241 5337//1242
f 2002//1243 5400//1243 5339//1244 5334//1245
f 1959//1246 1960//1246 5348//1246 5346//1246
f 5332//1235 5331//1234 5395//1247 5398//1248
f 1955//1227 1956//1226 2008//1249 2005//1250
f 1953//1233 5330//1232 5399//1251 2001//1252
f 5341//1253 5345//1253 5347//1253 5343//1253
f 5334//1245 5339//1244 1963//1254 5342//1254
f 5337//1242 5336//1241 5344//1255 1964//1255
f 5335//1256 5333//1256 1961//1256 1962//1256
f 5241//1186 5238//1185 1966//1257 5350//1258
f 1982//1259 5357//1260 5354//1261 1971//1262
f 1915//1263 1916//1263 1968//1264 1967//1265
f 5236//1183 5244//1184 5351//1266 1965//1267
f 1899//1268 1900//1268 5352//1269 5349//1270
f 5365//1271 5361//1272 5363//1273 1973//1274
f 1983//1275 5358//1276 5382//1277 1969//1278
f 1981//1279 5360//1280 5356//1281 5353//1281
f 1984//1282 5359//1283 5366//1284 5355//1285
f 5380//1286 1974//1287 5375//1288 5378//1288
f 5371//1289 5367//1290 1974//1287 5380//1286
f 1987//1291 1986//1291 5381//1292 5369//1293
f 1985//1294 1988//1294 1976//1295 1975//1296
f 5372//1297 5376//1297 5379//1297 5374//1297
f 5369//1293 5381//1292 5373//1298 1978//1298
f 1975//1296 1976//1295 1980//1299 5377//1299
f 1973//1274 5363//1273 1979//1300 1977//1300
f 5349//1270 5352//1269 5359//1283 1984//1282
f 5350//1258 1966//1257 5360//1280 1981//1279
f 1965//1267 5351//1266 5358//1276 1983//1275
f 1967//1265 1968//1264 5357//1260 1982//1259
f 1971//1262 5354//1261 5370//1301 5362//1301
f 5355//1285 5366//1284 5364//1302 5368//1302
f 1972//1303 1970//1303 5367//1290 5371//1289
f 1969//1278 5382//1277 5361//1272 5365//1271
f 5276//1198 5273//1198 5271//1304 5275//1304
f 5268//185 5269//1305 5272//1306 1932//185
f 5384//1307 5270//1196 5274//1197 5386//1308
f 1917//1309 1918//1309 1990//1310 1989//1311
f 2036//1312 2035//1313 5429//1314 1996//1315
f 2033//1316 5430//1317 1995//1318 5385//1319
f 5383//1320 2034//1321 1994//1322 1993//1323
f 5388//1324 1998//1325 2016//1326 5408//1327
f 2032//1328 1998//1325 5388//1324 5387//1329
f 2029//1330 2000//1331 1999//1332 2030//1333
f 5389//1334 5411//1335 1997//1336 5391//1337
f 5396//1338 5397//1339 5398//1248 5395//1247
f 5400//1243 2002//1243 2001//1252 5399//1251
f 5402//1231 2004//1230 2003//1240 5401//1239
f 2007//1237 2006//1236 2005//1250 2008//1249
f 5397//1339 5396//1338 1957//1340 1958//1340
f 5394//1206 5412//1205 5403//1341 5406//1342
f 1999//1332 2000//1331 2010//1343 2011//1344
f 2022//1345 5426//1346 5417//1347 5414//1347
f 1997//1336 5411//1335 5409//1348 2013//1349
f 5427//1350 2023//1351 5416//1352 5419//1352
f 2026//1353 2027//1354 5420//1355 5418//1355
f 5404//1356 5405//1357 5406//1342 5403//1341
f 2015//1358 5407//1359 5408//1327 2016//1326
f 5410//1360 2014//1361 2013//1349 5409//1348
f 2009//1362 2012//1363 2011//1344 2010//1343
f 2012//1363 2009//1362 2028//1364 2025//1365
f 5413//1366 2019//1366 2020//1366 5415//1366
f 2014//1361 5410//1360 5425//1367 2021//1368
f 5407//1359 2015//1358 2024//1369 5428//1370
f 5405//1357 5404//1356 5421//1371 5424//1372
f 5422//1373 5423//1374 5424//1372 5421//1371
f 5426//1346 2022//1345 2021//1368 5425//1367
f 5428//1370 2024//1369 2023//1351 5427//1350
f 2027//1354 2026//1353 2025//1365 2028//1364
f 5423//1374 5422//1373 2017//1375 2018//1375
f 5390//1376 5389//1334 5391//1337 5392//1377
f 5429//1314 2029//1330 2030//1333 1996//1315
f 5430//1317 2032//1328 5387//1329 1995//1318
f 1994//1322 2031//1204 5393//1207 1993//1323
f 1989//1311 1990//1310 2034//1321 5383//1320
f 5269//1305 2033//1316 5385//1319 5272//1306
f 1992//1378 1991//1378 2035//1313 2036//1312
f 5392//1377 5384//1307 5386//1308 5390//1376
s 0
f 5434//1379 5433//1379 5438//1379 5439//1379
f 5432//1380 2041//1380 5436//1380
f 5441//1381 5435//1381 5440//1381 5442//1381
f 5433//1382 5431//1382 5437//1382 5438//1382
f 2043//1383 2042//1383 5443//1383 2047//1383
f 2044//1384 2043//1384 2047//1384 5445//1384
f 5436//1385 2041//1385 2046//1385
f 5442//1386 5440//1386 2048//1386 5444//1386
f 5445//1387 2047//1387 2051//1387 5447//1387
f 2046//1388 2041//1388 2050//1388
f 5444//1389 2048//1389 2052//1389 5446//1389
f 2047//1390 5443//1390 5448//1390 2051//1390
f 5447//1391 2051//1391 5451//1391 5452//1391
f 2050//1392 2041//1392 5450//1392
f 5446//1393 2052//1393 5453//1393 5454//1393
f 2051//1394 5448//1394 5449//1394 5451//1394
f 5450//1395 2041//1395 5456//1395
f 5454//1396 5453//1396 5459//1396 5460//1396
f 2055//1397 2054//1397 5455//1397 5457//1397
f 2056//1398 2055//1398 5457//1398 5458//1398
f 5460//1399 5459//1399 5465//1399 5466//1399
f 2059//1400 2058//1400 5461//1400 5463//1400
f 2060//1401 2059//1401 5463//1401 5464//1401
f 5456//1402 2041//1402 2062//1402
f 5466//1403 5465//1403 2068//1403 5467//1403
f 2063//1404 5462//1404 5469//1404 2067//1404
f 2064//1405 2063//1405 2067//1405 5468//1405
f 2062//1406 2041//1406 2066//1406
f 5468//1407 2067//1407 2071//1407 5471//1407
f 2066//1408 2041//1408 2070//1408
f 5467//1409 2068//1409 2072//1409 5470//1409
f 2067//1410 5469//1410 5472//1410 2071//1410
f 5471//1411 2071//1411 5475//1411 5476//1411
f 2070//1412 2041//1412 5474//1412
f 5470//1413 2072//1413 5477//1413 5478//1413
f 2071//1414 5472//1414 5473//1414 5475//1414
f 2076//1415 2075//1415 2038//1415 2039//1415
f 5474//1416 2041//1416 5432//1416
f 5478//1417 5477//1417 5435//1417 5441//1417
f 2075//1418 2074//1418 2037//1418 2038//1418
f 2040//1419 2045//1419 2079//1419 2078//1419
f 2049//1420 2053//1420 5479//1420 2080//1420
f 2077//1421 2040//1421 2078//1421 2087//1421
f 2053//1422 2057//1422 5480//1422 5479//1422
f 2061//1423 2065//1423 5484//1423 5482//1423
f 2065//1424 2069//1424 5486//1424 5484//1424
f 2069//1425 2073//1425 2086//1425 5486//1425
f 2073//1426 2077//1426 2087//1426 2086//1426
f 2057//1427 2061//1427 5482//1427 5480//1427
f 2045//1428 2049//1428 2080//1428 2079//1428
f 2099//1429 2098//1429 5491//1429 2093//1429
f 2089//1430 5487//1430 5488//1430 5489//1430 5490//1430 2094//1430 5492//1430 5493//1430 2097//1430 2088//1430
f 2101//1431 2100//1431 2091//1431 2090//1431
f 2103//1432 2102//1432 2088//1432 2097//1432
f 2098//1433 2104//1433 2095//1433 5491//1433
f 2100//1434 2105//1434 2092//1434 2091//1434
f 2102//1435 2106//1435 2089//1435 2088//1435
f 2104//1436 2107//1436 2096//1436 2095//1436
f 2105//1437 2099//1437 2093//1437 2092//1437
f 2106//1438 2101//1438 2090//1438 2089//1438
f 2107//1439 2103//1439 2097//1439 2096//1439
f 2086//1440 2087//1440 2103//1440 2107//1440
f 2079//1441 2080//1441 2101//1441 2106//1441
f 5481//1442 5483//1442 2099//1442 2105//1442
f 2085//1443 2086//1443 2107//1443 2104//1443
f 2078//1444 2079//1444 2106//1444 2102//1444
f 2081//1445 2082//1445 2105//1445 2100//1445
f 5485//1446 2085//1446 2104//1446 2098//1446
f 2087//1447 2078//1447 2102//1447 2103//1447
f 2080//1448 2081//1448 2100//1448 2101//1448
f 2083//1449 2084//1449 2098//1449 2099//1449
f 5496//1450 5498//1450 5500//1450 5494//1450
f 5495//1451 5501//1451 5504//1451 5502//1451
f 5503//1452 5505//1452 5508//1452 5506//1452
f 5507//1453 5509//1453 5499//1453 5497//1453
f 2110//1454 2114//1454 2112//1454 2108//1454
f 2115//1455 2111//1455 2109//1455 2113//1455
f 5510//1456 5512//1456 5516//1456 5514//1456
f 5525//1457 5523//1457 5531//1457 5533//1457
f 5513//1458 5511//1458 5520//1458 5522//1458
f 5517//1459 2116//1459 2121//1459 2123//1459
f 2117//1460 5515//1460 5518//1460 5521//1460
f 2119//1461 2118//1461 5524//1461 5519//1461
f 5527//1461 5532//1461 5540//1461 5539//1461
f 2120//1462 2122//1462 5526//1462 5529//1462
f 5519//1461 5524//1461 5532//1461 5527//1461
f 5522//1458 5520//1458 5528//1458 5530//1458
f 2130//1463 2131//1463 5548//1463 5546//1463
f 5530//1458 5528//1458 5534//1458 5536//1458
f 2127//1459 2125//1459 5537//1459 5541//1459
f 2124//1460 2126//1460 5538//1460 5535//1460
f 5549//1464 5545//1464 5553//1464 5557//1464
f 2129//1463 2128//1463 5542//1463 5544//1463
f 2131//1465 2129//1465 5544//1465 5548//1465
f 2128//1465 2130//1465 5546//1465 5542//1465
f 5550//1466 5554//1466 5556//1466 5552//1466
f 5543//1467 5547//1467 5555//1467 5551//1467
f 2134//1468 2135//1468 2139//1468 2138//1468
f 2133//1469 2132//1469 2136//1469 2137//1469
f 5560//1450 5562//1450 5564//1450 5558//1450
f 5559//1451 5565//1451 5568//1451 5566//1451
f 5567//1452 5569//1452 5572//1452 5570//1452
f 5571//1453 5573//1453 5563//1453 5561//1453
f 2142//1454 2146//1454 2144//1454 2140//1454
f 2147//1455 2143//1455 2141//1455 2145//1455
f 5582//1470 5580//1470 5578//1470 2203//1470
f 5583//1471 5579//1471 5586//1471 2204//1471
f 5588//1472 5587//1472 5591//1472 2205//1472
f 5593//1473 5592//1473 5596//1473 2206//1473
f 5598//1474 5597//1474 5601//1474 2207//1474
f 2151//1475 5581//1475 5606//1475 5602//1475 2157//1475 2155//1475 2153//1475
f 5603//1476 2159//1476 5607//1476 2208//1476
f 5608//1477 2161//1477 2149//1477 2202//1477
f 5574//1478 5576//1478 5584//1478 5589//1478 5594//1478 5599//1478 5604//1478
f 5646//1479 5649//1479 5659//1479 5655//1479
f 5625//1480 5623//1480 5621//1480 5657//1480
f 5613//1480 5669//1480 5627//1480 5615//1480
f 5658//1481 5622//1481 5631//1481 5641//1481
f 5656//1482 5660//1482 5663//1482 5661//1482
f 5642//1483 5632//1483 5617//1483 5619//1483
f 5630//1483 5633//1483 5643//1483 5639//1483
f 5620//1484 5618//1484 5647//1484 5665//1484
f 5662//1485 5664//1485 5671//1485 5667//1485
f 5666//1479 5648//1479 5651//1479 5653//1479
f 5640//1484 5644//1484 5650//1484 5645//1484
f 5654//1482 5652//1482 5635//1482 5637//1482
f 2167//1486 5624//1486 5610//1486 5636//1486 2175//1486 2173//1486 2171//1486 2169//1486
f 5668//1487 5672//1487 5670//1487 5614//1487
f 5638//1485 2177//1485 5609//1485 5611//1485
f 5616//1488 5628//1488 5634//1488 5629//1488
f 5612//1487 2179//1487 2165//1487 5626//1487
f 2164//1489 2166//1489 2168//1489 2170//1489 2172//1489 2174//1489 2176//1489 2178//1489
f 5681//1490 2162//1490 2180//1490
f 5687//1491 2186//1491 2188//1491
f 2196//1492 5612//1492 5626//1492 2201//1492
f 5683//1493 5620//1493 5665//1493 2199//1493
f 5685//1494 2190//1494 2192//1494
f 2194//1495 2182//1495 2184//1495
f 5688//1496 5654//1496 5637//1496 5686//1496
f 5682//1497 5658//1497 5641//1497 5684//1497
f 5628//1498 5677//1498 5674//1498 5634//1498
f 5677//1481 5682//1481 5684//1481 5674//1481
f 5660//1499 5680//1499 5675//1499 5663//1499
f 5680//1482 5688//1482 5686//1482 5675//1482
f 2183//1500 5673//1500 2185//1500
f 2191//1501 5676//1501 2193//1501
f 5644//1502 2195//1502 5679//1502 5650//1502
f 2195//1484 5683//1484 2199//1484 5679//1484
f 5672//1503 2197//1503 5678//1503 5670//1503
f 2197//1487 2196//1487 2201//1487 5678//1487
f 2187//1504 2200//1504 2189//1504
f 2163//1505 2198//1505 2181//1505
f 5605//1506 5608//1506 2202//1506 5575//1506
f 5600//1507 5603//1507 2208//1507 2160//1507
f 5595//1508 5598//1508 2207//1508 2158//1508
f 5590//1509 5593//1509 2206//1509 2156//1509
f 5585//1510 5588//1510 2205//1510 2154//1510
f 5577//1511 5583//1511 2204//1511 2152//1511
f 2148//1512 5582//1512 2203//1512 2150//1512
f 5689//1513 5698//1513 5694//1513 5691//1513
f 5692//1514 5696//1514 5704//1514 5701//1514
f 5702//1515 5705//1515 5709//1515 5707//1515
f 5708//1516 5710//1516 5713//1516 5711//1516
f 5712//1517 5714//1517 5717//1517 5715//1517
f 5716//1518 5718//1518 5721//1518 5719//1518
f 5720//1519 5724//1519 5700//1519 5690//1519
f 2219//1520 2221//1520 5737//1520 5735//1520
f 5738//1521 5726//1521 5740//1521 5752//1521
f 2215//1522 2217//1522 5733//1522 5731//1522
f 2221//1523 2209//1523 5725//1523 5737//1523
f 2211//1524 2213//1524 5729//1524 5727//1524
f 2217//1525 2219//1525 5735//1525 5733//1525
f 2209//1526 2211//1526 5727//1526 5725//1526
f 2213//1527 2215//1527 5731//1527 5729//1527
f 5739//1528 5741//1528 5743//1528 5745//1528 5747//1528 5749//1528 5751//1528
f 5734//1529 5736//1529 5750//1529 5748//1529
f 5730//1530 5732//1530 5746//1530 5744//1530
f 2223//1531 5728//1531 5742//1531 2230//1531
f 2228//1532 2229//1532 2236//1532 2235//1532
f 2226//1533 2227//1533 2234//1533 2233//1533
f 2224//1534 2225//1534 2232//1534 2231//1534
f 5699//1535 5722//1535 5753//1535 5756//1535
f 2218//1536 2216//1536 5765//1536 5767//1536
f 2222//1537 2220//1537 5769//1537 5754//1537
f 2216//1538 5706//1538 5759//1538 5765//1538
f 5693//1528 5697//1528 5757//1528 5762//1528
f 2220//1539 2218//1539 5767//1539 5769//1539
f 5703//1540 5695//1540 5763//1540 5760//1540
f 2212//1541 2214//1541 5723//1541 2210//1541
f 5761//1542 5764//1542 2244//1542 5772//1542
f 5777//1543 2249//1543 5779//1543
f 5770//1544 5768//1544 2248//1544 5774//1544
f 2237//1545 5758//1545 5775//1545 5771//1545
f 5766//1546 2239//1546 2246//1546 5776//1546
f 5755//1547 2242//1547 2249//1547 5777//1547
f 2241//1548 2240//1548 2247//1548 5773//1548
f 2238//1549 2243//1549 2250//1549 2245//1549
f 5773//1550 2247//1550 5780//1550
f 5772//1551 2244//1551 5778//1551
f 2245//1552 2250//1552 5781//1552
f 5774//1553 2248//1553 2251//1553
f 5776//1554 2246//1554 5783//1554
f 5771//1555 5775//1555 5782//1555
f 5786//1556 5788//1556 5790//1556 5784//1556
f 2266//1557 5793//1557 5794//1557 5796//1557
f 5797//1558 5795//1558 5800//1558 5798//1558
f 2271//1559 5803//1559 5789//1559 5787//1559
f 5804//1528 2258//1528 5799//1528 5802//1528
f 2270//1560 5791//1560 2253//1560 2269//1560
f 2264//1561 5808//1561 5812//1561 5811//1561
f 2268//1528 5805//1528 5810//1528 5809//1528
f 2265//1562 2267//1562 5813//1562 2262//1562
f 5792//1563 5806//1563 5807//1563 2260//1563
f 2256//1564 5801//1564 2267//1564 2265//1564
f 2259//1565 2264//1565 5811//1565 2257//1565
f 5805//1528 5804//1528 5802//1528 5810//1528
f 2260//1563 5807//1563 5793//1563 2266//1563
f 5785//1566 2255//1566 5806//1566 5792//1566
f 2254//1528 2268//1528 5809//1528 2252//1528
f 2261//1567 2270//1567 2269//1567 2263//1567
f 2262//1562 5813//1562 5803//1562 2271//1562
f 5829//1568 5827//1568 5904//1568 5894//1568
f 5823//1569 5819//1569 5898//1569 5901//1569
f 5827//1570 5823//1570 5901//1570 5904//1570
f 5814//1569 5820//1569 5824//1569 5816//1569
f 5819//1570 5829//1570 5894//1570 5898//1570
f 5825//1571 5826//1571 5830//1571 5832//1571
f 5826//1571 5828//1571 5836//1571 5830//1571
f 5828//1571 5817//1571 5834//1571 5836//1571
f 5817//1571 5825//1571 5832//1571 5834//1571
f 5821//1572 5822//1572 5838//1572 5840//1572
f 5822//1573 2279//1573 5844//1573 5838//1573
f 2279//1572 2274//1572 5842//1572 5844//1572
f 2274//1572 5821//1572 5840//1572 5842//1572
f 5815//1574 5818//1574 5846//1574 5848//1574
f 5818//1574 2278//1574 5852//1574 5846//1574
f 2278//1574 2275//1574 5850//1574 5852//1574
f 2275//1574 5815//1574 5848//1574 5850//1574
f 2272//1575 2276//1575 5856//1575 5854//1575
f 2276//1576 2277//1576 5860//1576 5856//1576
f 2277//1575 2273//1575 5858//1575 5860//1575
f 2273//1576 2272//1576 5854//1576 5858//1576
f 5864//1571 5862//1571 5866//1571 5868//1571
f 5831//1577 5863//1577 5865//1577 5833//1577
f 5837//1578 5867//1578 2297//1578 2281//1578
f 5835//1579 5869//1579 2298//1579 2282//1579
f 2280//1580 2296//1580 2299//1580 2283//1580
f 5872//1572 5870//1572 5874//1572 5876//1572
f 5839//1581 5871//1581 5873//1581 5841//1581
f 5845//1582 5875//1582 2301//1582 2285//1582
f 5843//1583 5877//1583 2302//1583 2286//1583
f 2284//1584 2300//1584 2303//1584 2287//1584
f 5880//1574 5878//1574 5882//1574 5884//1574
f 5847//1585 5879//1585 5881//1585 5849//1585
f 5853//1586 5883//1586 2305//1586 2289//1586
f 5851//1587 5885//1587 2306//1587 2290//1587
f 2288//1588 2304//1588 2307//1588 2291//1588
f 5888//1589 5886//1589 5890//1589 5892//1589
f 5857//1590 5887//1590 5889//1590 5855//1590
f 5861//1591 5891//1591 2309//1591 2293//1591
f 5859//1592 5893//1592 2310//1592 2294//1592
f 2292//1593 2308//1593 2311//1593 2295//1593
f 5895//1594 5896//1594 5897//1594 5899//1594
f 2317//1595 2314//1595 5900//1595 5902//1595
f 2318//1596 2315//1596 5903//1596 5905//1596
f 2319//1597 2316//1597 2313//1597 2312//1597
f 5907//1598 5912//1598 5920//1598 5915//1598
f 2320//1599 2321//1599 5906//1599 5908//1599
f 2321//1599 2322//1599 5913//1599 5906//1599
f 2322//1599 2323//1599 5910//1599 5913//1599
f 2323//1599 2320//1599 5908//1599 5910//1599
f 5916//1599 5914//1599 5921//1599 5918//1599
f 5909//1600 2325//1600 2328//1600 5917//1600
f 2326//1601 5911//1601 5919//1601 2331//1601
f 2327//1602 2324//1602 2329//1602 2330//1602
f 5924//1569 5926//1569 5928//1569 5922//1569
f 5932//1599 5930//1599 5936//1599 5934//1599
f 5923//1603 5929//1603 5937//1603 5931//1603
f 5925//1604 2332//1604 2336//1604 5933//1604
f 2335//1605 5927//1605 5935//1605 2339//1605
f 2334//1606 2333//1606 2337//1606 2338//1606
f 5940//1569 5942//1569 5944//1569 5938//1569
f 5948//1599 5946//1599 5952//1599 5950//1599
f 5939//1603 5945//1603 5953//1603 5947//1603
f 5941//1604 2340//1604 2344//1604 5949//1604
f 2343//1605 5943//1605 5951//1605 2347//1605
f 2342//1606 2341//1606 2345//1606 2346//1606
f 5956//1607 5958//1607 5960//1607 5954//1607
f 5955//1608 5961//1608 5964//1608 5962//1608
f 5963//1609 5965//1609 5968//1609 5966//1609
f 5967//1610 5969//1610 5959//1610 5957//1610
f 2350//1611 2354//1611 2352//1611 2348//1611
f 2353//1612 2355//1612 5974//1612 5976//1612
f 5972//1609 5970//1609 5978//1609 5980//1609
f 2351//1613 2349//1613 5971//1613 5973//1613
f 2349//1614 2353//1614 5976//1614 5971//1614
f 2355//1615 2351//1615 5973//1615 5974//1615
f 5982//1616 5981//1616 5979//1616 5984//1616
f 2356//1608 5977//1608 5985//1608 2360//1608
f 5975//1610 2357//1610 2361//1610 5983//1610
f 2359//1607 2358//1607 2362//1607 2363//1607
f 5992//1611 6000//1611 5998//1611 5990//1611
f 5988//1611 5996//1611 5994//1611 5986//1611
f 5986//1611 5994//1611 6000//1611 5992//1611
f 5990//1611 5998//1611 5996//1611 5988//1611
f 6008//1617 6006//1617 6014//1617 6016//1617
f 6004//1618 6002//1618 6010//1618 6012//1618
f 6002//1619 6008//1619 6016//1619 6010//1619
f 6006//1620 6004//1620 6012//1620 6014//1620
f 5999//1607 6001//1607 6017//1607 6015//1607
f 5995//1609 5997//1609 6013//1609 6011//1609
f 5993//1609 5991//1609 6007//1609 6009//1609
f 5989//1607 5987//1607 6003//1607 6005//1607
f 2371//1608 2368//1608 2376//1608 2379//1608
f 2369//1610 2370//1610 2378//1610 2377//1610
f 2364//1610 2366//1610 2375//1610 2372//1610
f 2367//1608 2365//1608 2373//1608 2374//1608
f 6018//1609 6024//1609 6022//1609 6020//1609
f 6029//1621 6032//1621 6034//1621 6026//1621
f 6023//1622 6025//1622 6027//1622 6035//1622
f 6019//1623 6021//1623 6033//1623 6030//1623
f 2381//1624 2383//1624 2387//1624 2386//1624
f 6028//1611 6036//1611 6039//1611 6031//1611
f 6040//1625 6037//1625 6044//1625 6042//1625
f 6046//1607 6048//1607 6050//1607 6052//1607
f 6045//1626 6038//1626 6053//1626 6051//1626
f 6041//1627 6043//1627 6049//1627 6047//1627
f 2389//1628 2391//1628 2395//1628 2394//1628
f 2382//1629 2392//1629 2390//1629 2384//1629
f 2385//1630 2388//1630 2393//1630 2380//1630
f 6065//1621 6068//1621 6070//1621 6062//1621
f 6059//1631 6060//1631 6063//1631 6071//1631
f 6054//1632 6056//1632 6069//1632 6066//1632
f 6057//1624 6058//1624 2403//1624 2402//1624
f 6064//1611 6072//1611 6075//1611 6067//1611
f 6076//1625 6073//1625 6080//1625 6078//1625
f 6082//1607 6084//1607 6086//1607 6088//1607
f 6081//1633 6074//1633 6089//1633 6087//1633
f 6077//1634 6079//1634 6085//1634 6083//1634
f 2405//1635 2407//1635 2411//1635 2410//1635
f 6061//1636 2408//1636 2406//1636 2400//1636
f 2401//1637 2404//1637 2409//1637 6055//1637
f 2396//1609 2398//1609 2399//1609 2397//1609
f 6090//1638 6096//1638 6094//1638 6092//1638
f 6093//1639 6095//1639 6100//1639 6098//1639
f 6099//1640 6101//1640 6104//1640 6102//1640
f 6103//1641 6105//1641 6108//1641 6106//1641
f 6107//1610 6109//1610 6112//1610 6110//1610
f 6111//1642 6113//1642 6116//1642 6114//1642
f 6115//1643 6117//1643 6120//1643 6118//1643
f 6119//1644 6121//1644 6124//1644 6122//1644
f 6123//1645 6125//1645 6097//1645 6091//1645
f 2412//1611 2414//1611 2416//1611 2418//1611 2420//1611 2422//1611 2424//1611 2426//1611 2428//1611
f 6126//1646 6132//1646 6130//1646 6128//1646
f 6129//1647 6131//1647 6136//1647 6134//1647
f 6135//1648 6137//1648 6140//1648 6138//1648
f 6139//1649 6141//1649 6144//1649 6142//1649
f 6143//1650 6145//1650 6148//1650 6146//1650
f 6147//1651 6149//1651 6152//1651 6150//1651
f 6151//1652 6153//1652 6156//1652 6154//1652
f 2433//1610 6133//1610 6160//1610 6157//1610 2443//1610 2441//1610 2439//1610 2437//1610 2435//1610
f 6155//1653 2445//1653 6161//1653 6158//1653
f 6159//1654 2447//1654 2431//1654 6127//1654
f 2430//1608 2432//1608 2434//1608 2436//1608 2438//1608 2440//1608 2442//1608 2444//1608 2446//1608
f 6162//1655 6168//1655 6166//1655 6164//1655
f 6165//1656 6167//1656 6172//1656 6170//1656
f 6171//1657 6173//1657 6176//1657 6174//1657
f 6175//1658 6177//1658 6180//1658 6178//1658
f 6179//1659 6181//1659 6184//1659 6182//1659
f 6183//1660 6185//1660 6188//1660 6186//1660
f 6187//1661 6189//1661 6192//1661 6190//1661
f 2451//1616 6169//1616 6196//1616 6193//1616 2461//1616 2459//1616 2457//1616 2455//1616 2453//1616
f 6191//1662 2463//1662 6197//1662 6194//1662
f 6195//1663 2465//1663 2449//1663 6163//1663
f 2448//1611 2450//1611 2452//1611 2454//1611 2456//1611 2458//1611 2460//1611 2462//1611 2464//1611
f 2413//1616 2429//1616 2427//1616 2425//1616 2423//1616 2421//1616 2419//1616 2417//1616 2415//1616
f 2472//1664 6208//1664 6240//1664 2490//1664
f 6212//1665 6214//1665 6228//1665 6226//1665 6224//1665 6222//1665 6220//1665 6218//1665 6216//1665
f 6208//1666 2472//1666 6225//1666 6227//1666
f 6198//1667 6202//1667 6219//1667 6221//1667
f 2467//1668 6210//1668 6215//1668 6213//1668
f 6205//1669 6209//1669 2482//1669 6229//1669
f 6203//1670 6199//1670 2479//1670 6223//1670
f 2468//1671 2467//1671 2475//1671 6217//1671
f 6211//1672 6206//1672 2483//1672 2476//1672
f 2472//1673 6204//1673 2480//1673 2481//1673
f 6201//1674 2468//1674 2477//1674 2478//1674
f 2490//1675 6240//1675 6255//1675 2499//1675
f 2469//1676 6200//1676 6230//1676 6234//1676
f 6210//1677 2467//1677 2484//1677 6242//1677
f 2473//1678 6207//1678 6237//1678 6241//1678
f 2470//1679 2471//1679 6235//1679 6231//1679
f 2467//1680 2468//1680 2486//1680 2484//1680
f 2474//1681 2466//1681 6243//1681 6238//1681
f 6204//1682 2472//1682 2490//1682 6236//1682
f 2468//1683 6201//1683 6233//1683 2486//1683
f 6244//1684 6247//1684 6248//1684 6250//1684 6252//1684 6254//1684 6256//1684 6257//1684 6245//1684
f 2487//1685 6232//1685 6251//1685 6249//1685
f 6242//1686 2484//1686 2493//1686 6246//1686
f 2491//1687 6239//1687 6258//1687 2500//1687
f 2488//1688 2489//1688 6253//1688 2497//1688
f 2484//1689 2486//1689 2495//1689 2493//1689
f 2492//1690 2485//1690 2494//1690 2501//1690
f 6236//1691 2490//1691 2499//1691 2498//1691
f 2486//1692 6233//1692 2496//1692 2495//1692
f 6296//1693 6295//1693 6279//1693 6277//1693
f 6290//1694 6289//1694 6293//1694 6298//1694
f 6264//1695 6260//1695 6300//1695 6304//1695
f 6282//1696 6281//1696 6269//1696 6271//1696
f 6275//1697 2512//1697 2517//1697 6286//1697
f 6284//1698 6283//1698 6288//1698 6292//1698
f 6276//1699 2513//1699 2512//1699 6275//1699
f 2516//1700 6285//1700 6286//1700 2517//1700
f 6289//1701 6290//1701 6291//1701 6287//1701
f 6294//1702 6297//1702 6298//1702 6293//1702
f 2514//1611 2515//1611 2522//1611 2523//1611 2518//1611 2519//1611 2510//1611 2511//1611
f 6280//1616 6278//1616 6265//1616 6267//1616
f 2521//1616 2524//1616 6261//1616 6259//1616
f 6281//1616 6280//1616 6267//1616 6269//1616
f 2525//1696 6282//1696 6271//1696 6273//1696
f 2520//1616 2521//1616 6259//1616 6263//1616
f 6278//1616 2520//1616 6263//1616 6265//1616
f 2524//1616 2525//1616 6273//1616 6261//1616
f 6301//1616 6313//1616 6311//1616 6309//1616 6307//1616 6305//1616 6303//1616 6299//1616
f 6270//1694 6268//1694 6308//1694 6310//1694
f 2503//1697 6262//1697 6302//1697 2526//1697
f 6272//1703 2507//1703 2531//1703 6312//1703
f 2508//1704 6266//1704 6306//1704 2530//1704
f 2509//1698 2502//1698 2528//1698 2529//1698
f 6274//1693 2506//1693 2532//1693 6314//1693
f 2504//1705 2505//1705 2533//1705 2527//1705
f 6319//1706 6317//1706 6315//1706 6321//1706
f 2535//1707 2534//1707 6322//1707 6316//1707
f 6325//1708 6324//1708 2538//1708 6318//1708
f 2537//1709 2536//1709 2539//1709 6320//1709
f 6323//1710 6326//1710 2540//1710 2541//1710
f 6364//1711 6363//1711 6347//1711 6345//1711
f 6358//1712 6357//1712 6361//1712 6366//1712
f 6332//1713 6328//1713 6368//1713 6372//1713
f 6350//1696 6349//1696 6337//1696 6339//1696
f 6343//1714 2552//1714 2557//1714 6354//1714
f 6352//1715 6351//1715 6356//1715 6360//1715
f 6344//1716 2553//1716 2552//1716 6343//1716
f 2556//1717 6353//1717 6354//1717 2557//1717
f 6357//1718 6358//1718 6359//1718 6355//1718
f 6362//1719 6365//1719 6366//1719 6361//1719
f 2554//1611 2555//1611 2562//1611 2563//1611 2558//1611 2559//1611 2550//1611 2551//1611
f 6348//1696 6346//1696 6333//1696 6335//1696
f 2561//1616 2564//1616 6329//1616 6327//1616
f 6349//1616 6348//1616 6335//1616 6337//1616
f 2565//1696 6350//1696 6339//1696 6341//1696
f 2560//1616 2561//1616 6327//1616 6331//1616
f 6346//1616 2560//1616 6331//1616 6333//1616
f 2564//1616 2565//1616 6341//1616 6329//1616
f 6369//1616 6381//1616 6379//1616 6377//1616 6375//1616 6373//1616 6371//1616 6367//1616
f 6338//1712 6336//1712 6376//1712 6378//1712
f 2543//1720 6330//1720 6370//1720 2566//1720
f 6340//1721 2547//1721 2571//1721 6380//1721
f 2548//1722 6334//1722 6374//1722 2570//1722
f 2549//1715 2542//1715 2568//1715 2569//1715
f 6342//1711 2546//1711 2572//1711 6382//1711
f 2544//1723 2545//1723 2573//1723 2567//1723
f 6387//1724 6385//1724 6383//1724 6389//1724
f 2575//1725 2574//1725 6390//1725 6384//1725
f 6393//1726 6392//1726 2578//1726 6386//1726
f 2577//1727 2576//1727 2579//1727 6388//1727
f 6391//1728 6394//1728 2580//1728 2581//1728
f 2606//1729 6403//1729 6411//1729 6412//1729
f 2605//1730 2599//1730 2589//1730 2598//1730
f 2604//1731 6409//1731 6410//1731 2601//1731
f 2603//1732 6395//1732 6404//1732 2602//1732
f 2600//1733 2603//1733 2602//1733 2590//1733
f 6406//1734 6405//1734 2603//1734 2600//1734
f 6405//1735 6396//1735 6395//1735 2603//1735
f 6407//1736 2604//1736 2601//1736 6408//1736
f 6399//1737 6398//1737 2604//1737 6407//1737
f 6398//1738 6406//1738 2600//1738 2604//1738
f 6401//1739 2605//1739 2598//1739 6402//1739
f 6408//1740 2601//1740 2605//1740 6401//1740
f 2601//1741 2590//1741 2599//1741 2605//1741
f 2599//1742 2606//1742 2594//1742 2589//1742
f 2590//1743 2602//1743 2606//1743 2599//1743
f 2602//1744 6404//1744 6403//1744 2606//1744
f 6397//1745 2596//1745 2618//1745 2608//1745
f 2591//1746 2583//1746 6413//1746 2614//1746
f 2588//1747 2593//1747 2616//1747 2613//1747
f 2595//1748 2586//1748 2611//1748 2617//1748
f 6400//1749 2597//1749 2619//1749 2609//1749
f 2592//1750 2584//1750 6414//1750 2615//1750
f 2596//1751 2587//1751 2612//1751 2618//1751
f 2586//1752 2591//1752 2614//1752 2611//1752
f 2593//1609 2585//1609 2610//1609 2616//1609
f 2582//1753 2595//1753 2617//1753 2607//1753
f 2597//1754 2588//1754 2613//1754 2619//1754
f 2587//1755 2592//1755 2615//1755 2612//1755
f 6417//1756 6419//1756 6421//1756 6415//1756
f 6416//1757 6422//1757 6425//1757 6423//1757
f 6424//1758 6426//1758 6429//1758 6427//1758
f 6428//1759 6430//1759 6420//1759 6418//1759
f 2622//22 2626//22 2624//22 2620//22
f 2627//196 2623//196 2621//196 2625//196
f 6435//22 6437//22 6431//22 6433//22
f 6443//196 6441//196 6439//196 6445//196
f 6432//1760 6438//1760 6446//1760 6440//1760
f 6436//1761 6434//1761 6442//1761 6444//1761
f 2630//1762 2631//1762 2634//1762 2635//1762
f 2629//1763 2628//1763 2632//1763 2633//1763
f 6449//1759 6451//1759 6453//1759 6447//1759
f 6457//1757 6455//1757 6461//1757 6459//1757
f 6448//196 6454//196 6462//196 6456//196
f 6450//1756 2637//1756 2640//1756 6458//1756
f 6482//22 6486//22 6502//22 6498//22
f 6452//22 2636//22 2641//22 6460//22
f 6465//1759 6467//1759 6469//1759 6463//1759
f 6473//1757 6471//1757 6477//1757 6475//1757
f 6464//196 6470//196 6478//196 6472//196
f 6466//1756 2645//1756 2648//1756 6474//1756
f 6493//1757 6491//1757 6507//1757 6509//1757
f 6468//22 2644//22 2649//22 6476//22
f 6481//1758 6479//1758 2652//1758 2653//1758
f 6483//1758 6485//1758 2655//1758 2654//1758
f 6479//1758 6483//1758 2654//1758 2652//1758
f 6485//1758 6481//1758 2653//1758 2655//1758
f 6489//1758 6487//1758 2656//1758 2657//1758
f 6492//1758 6494//1758 2659//1758 2658//1758
f 6487//1758 6492//1758 2658//1758 2656//1758
f 6494//1758 6489//1758 2657//1758 2659//1758
f 6495//1758 6497//1758 6501//1758 6499//1758
f 6503//1758 6505//1758 6510//1758 6508//1758
f 2642//1757 6484//1757 6500//1757 2663//1757
f 2651//196 6488//196 6504//196 2666//196
f 2647//1759 6490//1759 6506//1759 2664//1759
f 2643//196 6480//196 6496//196 2662//196
f 2639//1759 2638//1759 2661//1759 2660//1759
f 2646//22 2650//22 2667//22 2665//22
f 6523//22 6527//22 6529//22 6525//22
f 6511//22 6515//22 6517//22 6513//22
f 2671//1758 6519//1758 6518//1758 6516//1758
f 6522//1756 6521//1756 6512//1756 6514//1756
f 2670//1764 2668//1764 2673//1764 2675//1764
f 2669//1765 6520//1765 2674//1765 2672//1765
f 2679//1758 6531//1758 6530//1758 6528//1758
f 6534//1756 6533//1756 6524//1756 6526//1756
f 2678//1764 2676//1764 2681//1764 2683//1764
f 2677//1765 6532//1765 2682//1765 2680//1765
f 6546//1766 2701//1766 2698//1766 6548//1766
f 6556//1767 6547//1767 6549//1767 6558//1767
f 6560//1768 6561//1768 6564//1768 6554//1768
f 6535//1769 6540//1769 6544//1769 6537//1769
f 6557//1770 2687//1770 6562//1770 6550//1770
f 6545//1771 6550//1771 6552//1771 6538//1771
f 6541//1772 6542//1772 6551//1772 2686//1772
f 6536//1773 6539//1773 2692//1773 2688//1773
f 2684//1774 2690//1774 2691//1774 2685//1774
f 6543//1775 6555//1775 2697//1775 2693//1775
f 2692//1776 6563//1776 2689//1776 2696//1776
f 2690//1777 6559//1777 6553//1777 2691//1777
f 2698//1778 2701//1778 6564//1778 6561//1778
f 6550//1779 6562//1779 2699//1779 2694//1779 6552//1779
f 6539//1780 2695//1780 2700//1780 6563//1780 2692//1780
f 6567//1781 6570//1781 6568//1781 6565//1781
f 6573//1782 6571//1782 6574//1782 6576//1782
f 6576//1783 6643//1783 6646//1783 6573//1783
f 6569//1784 2702//1784 2707//1784 6575//1784
f 2703//1785 6566//1785 6572//1785 2706//1785
f 2705//1786 2704//1786 2709//1786 2708//1786
f 6577//1787 6580//1787 6585//1787 6583//1787
f 6587//1788 6593//1788 6595//1788 6590//1788
f 6578//1789 6588//1789 2786//1789 2784//1789
f 6586//1790 6581//1790 6591//1790 6596//1790
f 2711//1791 6584//1791 6594//1791 6589//1791
f 2713//1792 2712//1792 2717//1792 2716//1792
f 6608//1793 2735//1793 2732//1793 6610//1793
f 6618//1794 6609//1794 6611//1794 6620//1794
f 6622//1795 6623//1795 6626//1795 6616//1795
f 6597//1796 6602//1796 6606//1796 6599//1796
f 6619//1797 2721//1797 6624//1797 6612//1797
f 6607//1798 6612//1798 6614//1798 6600//1798
f 6603//1799 6604//1799 6613//1799 2720//1799
f 6598//1800 6601//1800 2726//1800 2722//1800
f 2718//1801 2724//1801 2725//1801 2719//1801
f 6605//1802 6617//1802 2731//1802 2727//1802
f 2726//1803 6625//1803 2723//1803 2730//1803
f 2724//1804 6621//1804 6615//1804 2725//1804
f 2732//1805 2735//1805 6626//1805 6623//1805
f 6612//1806 6624//1806 2733//1806 2728//1806 6614//1806
f 6601//1807 2729//1807 2734//1807 6625//1807 2726//1807
f 6631//1808 6657//1808 6662//1808 6633//1808
f 6634//1809 2755//1809 6659//1809 6630//1809
f 2782//1810 6655//1810 6647//1810 6649//1810
f 6628//1811 6656//1811 2754//1811 6632//1811
f 6629//1812 6627//1812 2739//1812 2738//1812
f 6637//1813 6640//1813 6638//1813 6635//1813
f 6643//1814 6641//1814 6644//1814 6646//1814
f 2702//1815 2741//1815 2744//1815 2707//1815
f 6639//1816 2740//1816 2745//1816 6645//1816
f 2741//1817 6636//1817 6642//1817 2744//1817
f 2743//1818 2742//1818 2747//1818 2746//1818
f 2706//1819 2745//1819 2740//1819 2703//1819
f 6567//1820 6640//1820 6637//1820 6570//1820
f 6654//1821 6650//1821 2757//1821 2759//1821
f 2783//1822 6660//1822 6650//1822 6654//1822
f 2780//1823 6658//1823 6652//1823 6648//1823
f 2781//1824 6661//1824 6653//1824 6651//1824
f 6663//1825 6666//1825 6667//1825 6668//1825
f 2750//1826 2751//1826 6664//1826 6665//1826
f 6648//1827 6652//1827 2758//1827 2756//1827
f 2749//1828 2748//1828 6666//1828 6663//1828
f 2763//1829 2761//1829 6674//1829 6678//1829
f 2759//1830 2757//1830 2761//1830 2763//1830
f 6665//1831 6664//1831 6669//1831 6670//1831
f 2756//1832 2758//1832 2762//1832 2760//1832
f 6672//1833 6676//1833 2770//1833 2768//1833
f 6670//1834 6669//1834 6677//1834 6675//1834
f 2760//1835 2762//1835 6676//1835 6672//1835
f 6668//1836 6667//1836 6671//1836 6673//1836
f 2771//1837 2769//1837 2773//1837 2775//1837
f 2765//1838 2764//1838 6680//1838 6681//1838
f 6678//1839 6674//1839 2769//1839 2771//1839
f 2766//1840 2767//1840 6682//1840 6679//1840
f 6685//1841 6684//1841 6693//1841 6691//1841
f 6679//1842 6682//1842 6684//1842 6685//1842
f 2768//1843 2770//1843 2774//1843 2772//1843
f 6681//1844 6680//1844 6686//1844 6683//1844
f 2772//1845 2774//1845 6692//1845 6688//1845
f 6683//1846 6686//1846 6687//1846 6689//1846
f 2775//1847 2773//1847 6690//1847 6694//1847
f 2737//1848 2752//1848 2753//1848 2736//1848
f 6662//1849 6657//1849 6661//1849 2781//1849
f 6659//1850 2755//1850 6658//1850 2780//1850
f 2754//1851 6656//1851 6660//1851 2783//1851
f 2753//1852 2752//1852 6655//1852 2782//1852
f 2787//1853 2785//1853 6702//1853 6706//1853
f 2714//1854 6592//1854 6697//1854 6695//1854
f 6582//1855 6579//1855 6696//1855 6698//1855
f 2715//1856 2710//1856 2785//1856 2787//1856
f 6695//1857 6697//1857 6705//1857 6703//1857
f 2784//1858 2786//1858 6704//1858 6700//1858
f 6698//1859 6696//1859 6699//1859 6701//1859
f 6690//1860 6700//1860 6704//1860 6694//1860
f 2779//1861 2790//1861 2791//1861 2778//1861
f 6692//1862 6706//1862 6702//1862 6688//1862
f 2776//1863 2789//1863 2788//1863 2777//1863
f 6723//1864 6710//1864 6712//1864 6714//1864
f 6715//1865 6713//1865 6718//1865 6716//1865
f 6760//1866 2820//1866 6765//1866 6764//1866
f 6707//1867 6733//1867 6721//1867 6708//1867
f 2821//1868 2819//1868 6763//1868 6761//1868 6722//1868
f 6719//1866 2794//1866 6711//1866 6727//1866
f 2793//1867 6717//1867 6720//1867 2798//1867
f 2796//1869 2797//1869 6728//1869 2800//1869
f 6729//1870 6724//1870 6710//1870 6723//1870
f 2818//1870 6732//1870 6724//1870 6729//1870
f 6801//1871 6753//1871 6746//1871 6747//1871
f 2798//1867 6720//1867 6726//1867 2802//1867
f 2800//1872 6728//1872 6730//1872 2805//1872
f 6741//1870 6744//1870 2846//1870 2847//1870
f 6740//1870 6754//1870 6744//1870 6741//1870
f 6735//1872 6737//1872 6739//1872 6734//1872
f 6725//1873 6731//1873 2808//1873 2807//1873
f 6751//1872 6748//1872 2816//1872 6757//1872
f 6802//1872 2843//1872 6748//1872 6751//1872
f 2842//1870 6755//1870 6749//1870 6745//1870
f 2845//1874 2844//1874 6752//1874 6750//1874
f 6745//1870 6749//1870 6758//1870 6759//1870
f 2810//1875 2813//1875 2817//1875 2814//1875
f 2812//1873 2811//1873 2815//1873 6756//1873
f 2795//1876 6762//1876 6768//1876 6709//1876
f 2809//1866 2806//1866 2820//1866 6760//1866
f 2802//1867 6726//1867 6733//1867 6707//1867
f 2805//1872 6730//1872 2819//1872 2821//1872
f 2824//1877 6766//1877 6767//1877 2825//1877
f 2792//1878 2822//1878 2823//1878 6732//1878 2818//1878
f 6769//1879 6775//1879 6773//1879 6771//1879
f 6772//1880 6774//1880 6779//1880 6777//1880
f 6778//1881 6780//1881 6783//1881 6781//1881
f 6782//1882 6784//1882 6787//1882 6785//1882
f 6786//1883 6788//1883 6791//1883 6789//1883
f 6790//1884 6792//1884 6795//1884 6793//1884
f 2829//1885 6776//1885 6799//1885 6796//1885 2837//1885 2835//1885 2833//1885 2831//1885
f 6794//1886 2839//1886 6800//1886 6797//1886
f 6798//1887 2841//1887 2827//1887 6770//1887
f 2826//1888 2828//1888 2830//1888 2832//1888 2834//1888 2836//1888 2838//1888 2840//1888
f 6805//1871 2850//1871 6742//1871 6738//1871
f 6743//1875 6736//1875 2849//1875 6803//1875
f 6806//1872 2851//1872 6737//1872 6735//1872
f 2853//1874 2852//1874 2799//1874 2804//1874
f 2801//1873 2803//1873 6804//1873 2848//1873
o turret
v -0.561225 1.719797 0.691381
v -0.561225 1.573247 0.691377
v -0.561225 1.723649 1.271936
v -0.561225 1.570251 1.271940
v -0.561225 1.637807 0.691371
v -0.561225 1.637807 1.271946
v -0.561225 1.730225 1.378640
v -0.561225 1.632352 1.378644
v -0.369832 1.637807 0.691371
v -0.369832 1.573247 0.691377
v -0.369832 1.637807 1.271946
v -0.369832 1.570251 1.271940
v -0.369832 1.719797 0.691381
v -0.369832 1.723649 1.271936
v -0.369832 1.733267 1.427990
v -0.369832 1.629829 1.427990
v -0.554751 1.647790 0.291269
v -0.556453 1.544762 0.309883
v -0.554751 1.696343 0.353562
v -0.556453 1.506239 0.406211
v -0.554751 1.692044 0.558797
v -0.556453 1.501940 0.558797
v -0.555602 1.609959 0.298104
v -0.555602 1.626539 0.372894
v -0.555602 1.622240 0.558797
v -0.556453 1.501940 0.600424
v -0.556453 1.571493 0.600424
v -0.556453 1.516866 0.636929
v -0.556453 1.571493 0.643333
v -0.489028 1.609959 0.298104
v -0.489028 1.647790 0.291269
v -0.489028 1.696343 0.353562
v -0.489028 1.544762 0.309883
v -0.489028 1.506239 0.406211
v -0.489028 1.622240 0.558797
v -0.489028 1.692044 0.558797
v -0.489028 1.501940 0.558797
v -0.489028 1.501940 0.600424
v -0.489028 1.571493 0.600424
v -0.489028 1.516866 0.636929
v -0.489028 1.571493 0.643333
v -0.100248 1.932715 0.602532
v -0.100906 1.953498 0.602760
v -0.194895 1.903112 0.494636
v -0.196481 1.923803 0.493681
v -0.141238 1.873917 0.175382
v -0.142289 1.894590 0.173521
v -0.114878 1.920124 0.653090
v -0.116260 1.958361 0.654037
v -0.230214 1.888458 0.518838
v -0.233551 1.926500 0.517294
v -0.164634 1.857870 0.143141
v -0.166844 1.895869 0.139392
v -0.243219 1.883531 0.307611
v -0.246138 1.921548 0.304818
v -0.212319 1.899157 0.312418
v -0.213707 1.919840 0.310937
v -0.185917 2.011314 0.599370
v -0.185917 2.053492 0.599370
v -0.263636 2.011314 0.357845
v -0.263636 2.053492 0.357845
v -0.185917 2.011314 0.116320
v -0.185917 2.053492 0.116320
v -0.149635 2.014596 0.563186
v -0.149635 2.053492 0.563186
v -0.215711 2.014596 0.357845
v -0.215711 2.053492 0.357845
v -0.149635 2.014596 0.152504
v -0.149635 2.053492 0.152504
v -0.169617 1.836016 0.627992
v -0.209480 1.836016 0.578658
v -0.269204 1.836016 0.393058
v -0.269204 1.836016 0.322632
v -0.209480 1.836016 0.137031
v -0.169617 1.836016 0.087697
v -0.171244 1.836016 0.540525
v -0.131942 1.836016 0.590419
v -0.218696 1.836016 0.322632
v -0.218696 1.836016 0.393058
v -0.131942 1.836016 0.125270
v -0.171244 1.836016 0.175164
v -0.244808 2.040580 0.326111
v -0.244808 2.040580 0.389579
v -0.199291 2.040580 0.389579
v -0.199291 2.040580 0.326111
v -0.121108 2.040580 0.567440
v -0.156526 2.040580 0.522476
v -0.190985 2.040580 0.556841
v -0.155060 2.040580 0.601301
v -0.156526 2.040580 0.193214
v -0.121108 2.040580 0.148249
v -0.155061 2.040580 0.114388
v -0.190985 2.040580 0.158848
v 0.561225 1.719797 0.691381
v 0.561225 1.573247 0.691377
v 0.561225 1.723649 1.271936
v 0.561225 1.570251 1.271940
v 0.561225 1.637807 0.691371
v 0.561225 1.637807 1.271946
v 0.561225 1.730225 1.378640
v 0.561225 1.632352 1.378644
v 0.369832 1.637807 0.691371
v 0.369832 1.573247 0.691377
v 0.369832 1.637807 1.271946
v 0.369832 1.570251 1.271940
v 0.369832 1.719797 0.691381
v 0.369832 1.723649 1.271936
v 0.369832 1.733267 1.427990
v 0.369832 1.629829 1.427990
v 0.000000 1.637807 1.271946
v 0.000000 1.723649 1.271936
v 0.000000 1.733267 1.427990
v 0.000000 1.629829 1.427990
v 0.554751 1.647790 0.291269
v 0.556453 1.544762 0.309883
v 0.554751 1.696343 0.353561
v 0.556453 1.506239 0.406211
v 0.554751 1.692044 0.558797
v 0.556453 1.501940 0.558797
v 0.555602 1.609959 0.298104
v 0.555602 1.626539 0.372894
v 0.555602 1.622240 0.558797
v 0.556453 1.501940 0.600424
v 0.556453 1.571493 0.600424
v 0.556453 1.516866 0.636929
v 0.556453 1.571493 0.643333
v 0.489028 1.609959 0.298104
v 0.489028 1.647790 0.291269
v 0.489028 1.696343 0.353561
v 0.489028 1.544762 0.309883
v 0.489028 1.506239 0.406211
v 0.489028 1.622240 0.558797
v 0.489028 1.692044 0.558797
v 0.489028 1.501940 0.558797
v 0.489028 1.501940 0.600424
v 0.489028 1.571493 0.600424
v 0.489028 1.516866 0.636929
v 0.489028 1.571493 0.643333
v 0.100248 1.932715 0.602532
v 0.100906 1.953498 0.602760
v 0.194895 1.903112 0.494636
v 0.196482 1.923803 0.493681
v 0.141238 1.873917 0.175382
v 0.142289 1.894590 0.173521
v 0.114878 1.920124 0.653090
v 0.116260 1.958361 0.654037
v 0.230214 1.888458 0.518838
v 0.233551 1.926500 0.517294
v 0.164634 1.857870 0.143141
v 0.166844 1.895869 0.139392
v 0.243219 1.883531 0.307611
v 0.246138 1.921548 0.304818
v 0.212319 1.899157 0.312418
v 0.213707 1.919840 0.310937
v 0.000000 2.011314 0.699412
v 0.000000 2.053492 0.699412
v 0.185917 2.011314 0.599369
v 0.185917 2.053492 0.599369
v 0.263636 2.011314 0.357845
v 0.263636 2.053492 0.357845
v 0.185917 2.011314 0.116320
v 0.185917 2.053492 0.116320
v -0.000000 2.011314 0.016277
v -0.000000 2.053492 0.016277
v 0.000000 2.014596 0.648241
v 0.149635 2.014596 0.563186
v 0.149635 2.053492 0.563186
v 0.000000 2.053492 0.648241
v 0.215711 2.014596 0.357845
v 0.215711 2.053492 0.357845
v 0.149635 2.014596 0.152504
v 0.149635 2.053492 0.152504
v -0.000000 2.014596 0.067449
v -0.000000 2.053492 0.067449
v 0.169617 1.836016 0.627992
v 0.209480 1.836016 0.578658
v 0.269204 1.836016 0.393058
v 0.269204 1.836016 0.322632
v 0.209480 1.836016 0.137031
v 0.169617 1.836016 0.087697
v 0.171244 1.836016 0.540525
v 0.131942 1.836016 0.590419
v 0.218696 1.836016 0.322632
v 0.218696 1.836016 0.393058
v 0.131942 1.836016 0.125270
v 0.171244 1.836016 0.175164
v 0.244808 2.040580 0.326111
v 0.244808 2.040580 0.389579
v 0.199291 2.040580 0.389579
v 0.199291 2.040580 0.326111
v 0.121108 2.040580 0.567440
v 0.156526 2.040580 0.522476
v 0.190985 2.040580 0.556841
v 0.155060 2.040580 0.601301
v 0.156526 2.040580 0.193214
v 0.121108 2.040580 0.148249
v 0.155060 2.040580 0.114388
v 0.190985 2.040580 0.158848
v -0.166994 2.020066 0.590042
v -0.166994 2.020066 0.556454
v -0.152561 2.020066 0.598834
v -0.152561 2.020066 0.547662
v -0.138129 2.020066 0.590042
v -0.138129 2.020066 0.556454
v -0.152561 2.171854 0.580140
v -0.152561 2.171854 0.621982
v -0.164362 2.171854 0.587329
v -0.164362 2.171854 0.614793
v -0.140760 2.171854 0.587329
v -0.140760 2.171854 0.614793
v -0.515850 1.589876 0.788070
v -0.521179 1.348708 0.775315
v -0.516840 1.589876 0.738938
v -0.522170 1.348708 0.726183
v -0.542918 1.589876 0.739809
v -0.541928 1.589876 0.788941
v -0.547257 1.348708 0.776186
v -0.548248 1.348708 0.727054
v 0.090177 1.975545 1.019421
v 0.110339 1.975545 0.993468
v 0.117719 1.975545 0.958015
v 0.110339 1.975545 0.922562
v 0.090177 1.975545 0.896609
v 0.062636 1.975545 0.887110
v 0.035094 1.975545 0.896609
v 0.014932 1.975545 0.922562
v 0.007553 1.975545 0.958015
v 0.014932 1.975545 0.993467
v 0.035094 1.975545 1.019421
v 0.062636 1.975545 1.028920
v 0.110339 2.005948 0.993468
v 0.090177 2.005948 1.019421
v 0.062636 2.005948 1.028920
v 0.117719 2.005948 0.958015
v 0.110339 2.005948 0.922562
v 0.090177 2.005948 0.896609
v 0.062636 2.005948 0.887110
v 0.035094 2.005948 0.896609
v 0.014932 2.005948 0.922562
v 0.007553 2.005948 0.958015
v 0.014932 2.005948 0.993467
v 0.035094 2.005948 1.019421
v -0.589856 1.611446 1.148629
v -0.516291 1.635659 1.054581
v -0.532312 1.672424 1.049499
v -0.605878 1.648212 1.143547
v -0.652914 1.591884 1.243515
v -0.668935 1.628649 1.238432
v -0.693317 1.581540 1.330580
v -0.709338 1.618306 1.325498
v -0.606849 1.602335 1.128173
v -0.533283 1.626547 1.034126
v -0.549304 1.663313 1.029043
v -0.622871 1.639101 1.123091
v -0.685927 1.619538 1.217977
v -0.669906 1.582772 1.223059
v -0.726331 1.609194 1.305043
v -0.710310 1.572429 1.310125
v -0.678310 1.608990 1.051757
v -0.662289 1.572224 1.056839
v -0.741367 1.589427 1.146643
v -0.725345 1.552662 1.151725
v -0.745419 1.591762 1.195792
v -0.729397 1.554997 1.200874
v -0.645766 1.621790 1.035188
v -0.629745 1.585024 1.040270
v 0.589856 1.611446 1.148629
v 0.516291 1.635659 1.054581
v 0.532312 1.672424 1.049499
v 0.605878 1.648212 1.143546
v 0.652914 1.591884 1.243514
v 0.668935 1.628649 1.238432
v 0.693317 1.581540 1.330580
v 0.709338 1.618306 1.325498
v 0.606849 1.602335 1.128173
v 0.533283 1.626547 1.034126
v 0.549304 1.663313 1.029043
v 0.622871 1.639101 1.123091
v 0.685928 1.619538 1.217977
v 0.669906 1.582772 1.223059
v 0.726331 1.609194 1.305042
v 0.710310 1.572429 1.310124
v 0.678310 1.608990 1.051757
v 0.662289 1.572224 1.056839
v 0.741367 1.589427 1.146643
v 0.725345 1.552662 1.151725
v 0.745419 1.591762 1.195792
v 0.729397 1.554997 1.200874
v 0.645766 1.621790 1.035188
v 0.629745 1.585024 1.040270
v 0.043260 1.923943 0.631843
v -0.043260 1.923943 0.631843
v 0.043324 1.953515 0.631010
v -0.043324 1.953515 0.631010
v -0.043851 1.873588 0.115733
v 0.043851 1.873588 0.115733
v -0.043936 1.894255 0.114018
v 0.043936 1.894255 0.114018
v 0.043234 1.923000 0.688742
v -0.043234 1.923000 0.688742
v 0.043344 1.961111 0.688379
v -0.043344 1.961111 0.688379
v -0.043824 1.859554 0.068099
v 0.043824 1.859554 0.068099
v -0.043964 1.897575 0.064588
v 0.043964 1.897575 0.064588
v -0.152561 2.171854 0.585731
v -0.152561 2.171854 0.616391
v -0.161208 2.171854 0.590999
v -0.161208 2.171854 0.611123
v -0.143914 2.171854 0.590999
v -0.143914 2.171854 0.611123
v -0.152561 2.449988 0.637457
v -0.152561 2.449988 0.668117
v -0.161208 2.449988 0.642725
v -0.161208 2.449988 0.662849
v -0.143914 2.449988 0.642725
v -0.143914 2.449988 0.662849
v -0.152561 2.419639 0.635133
v -0.152561 2.419639 0.682496
v -0.164925 2.419639 0.643270
v -0.164925 2.419639 0.674359
v -0.140197 2.419639 0.643270
v -0.140197 2.419639 0.674359
v -0.152561 2.429906 0.635133
v -0.152561 2.429906 0.682496
v -0.164925 2.429906 0.643270
v -0.164925 2.429906 0.674359
v -0.140197 2.429906 0.643270
v -0.140197 2.429906 0.674359
v -0.152561 2.217367 0.597891
v -0.152561 2.217367 0.645254
v -0.164925 2.217367 0.606028
v -0.164925 2.217367 0.637116
v -0.140197 2.217367 0.606028
v -0.140197 2.217367 0.637116
v -0.152561 2.227634 0.597891
v -0.152561 2.227634 0.645254
v -0.164925 2.227634 0.606028
v -0.164925 2.227634 0.637116
v -0.140197 2.227634 0.606028
v -0.140197 2.227634 0.637116
v -0.832969 0.407391 -0.089370
v -0.832969 0.499409 0.046277
v -0.832969 0.746273 0.046277
v -0.832969 0.838292 -0.089370
v -0.832969 0.838292 -0.517490
v -0.832969 0.746273 -0.653137
v -0.832969 0.499409 -0.653137
v -0.832969 0.407391 -0.517490
v -0.889354 0.499409 0.046277
v -0.889354 0.407391 -0.089370
v -0.889354 0.838292 -0.089370
v -0.889354 0.746273 0.046277
v -0.889354 0.746273 -0.653137
v -0.889354 0.838292 -0.517490
v -0.889354 0.407391 -0.517490
v -0.889354 0.499409 -0.653137
v -0.889354 0.806704 -0.494619
v -0.889354 0.728395 -0.592012
v -0.889354 0.728395 -0.014848
v -0.889354 0.806704 -0.112241
v -0.889354 0.517287 -0.592012
v -0.889354 0.438979 -0.494619
v -0.889354 0.438979 -0.112241
v -0.889354 0.517287 -0.014848
v -0.761737 1.048514 -1.345460
v -0.761737 1.048514 -1.229081
v -0.860178 1.048514 -1.345460
v -0.860178 1.048514 -1.229081
v -0.761737 1.090058 -1.345460
v -0.761737 1.090058 -1.229081
v -0.860178 1.090058 -1.345460
v -0.860178 1.090058 -1.229081
v -1.344194 0.095149 -1.704546
v -1.344194 0.242323 -1.704546
v -1.344194 0.242323 -1.923672
v -1.344194 0.095149 -1.923672
v -1.393579 0.226348 -1.793881
v -1.393579 0.097675 -1.793881
v -1.393579 0.226348 -1.834336
v -1.393579 0.097675 -1.834336
v -1.344194 0.137582 -1.668594
v -1.344194 0.206597 -1.668594
v -1.393579 0.206597 -1.668594
v -1.393579 0.137582 -1.668594
v -1.351554 0.206597 -1.959624
v -1.351554 0.137582 -1.959624
v -1.412454 0.137582 -1.959624
v -1.412454 0.206597 -1.959624
v -1.344194 0.095149 -1.285151
v -1.344194 0.242323 -1.285151
v -1.344194 0.242323 -1.504277
v -1.344194 0.095149 -1.504277
v -1.393579 0.226348 -1.374486
v -1.393579 0.097675 -1.374486
v -1.393579 0.226348 -1.414941
v -1.393579 0.097675 -1.414941
v -1.344194 0.137582 -1.249199
v -1.344194 0.206597 -1.249199
v -1.432514 0.206597 -1.249199
v -1.432514 0.137582 -1.249199
v -1.344194 0.206597 -1.540228
v -1.344194 0.137582 -1.540228
v -1.393579 0.137582 -1.540228
v -1.393579 0.206597 -1.540228
v -1.344194 0.206597 -1.190007
v -1.344194 0.137582 -1.190007
v -1.432514 0.206597 -1.190007
v -1.432514 0.137582 -1.190007
v -1.356337 0.122903 -1.239635
v -1.420371 0.122903 -1.239635
v -1.356337 0.122903 -1.072707
v -1.420371 0.122903 -1.072707
v -1.420371 0.600663 -1.239635
v -1.356337 0.600663 -1.239635
v -1.420371 0.122903 -1.118187
v -1.356337 0.122903 -1.118187
v -1.420371 0.498978 -1.118187
v -1.356337 0.498978 -1.118187
v -1.420371 0.175190 -0.795325
v -1.356337 0.175190 -0.795325
v -1.356337 0.413062 -1.239635
v -1.356337 0.347802 -1.072707
v -1.420371 0.347802 -1.072707
v -1.420371 0.413062 -1.239635
v -1.420371 0.359186 -1.118187
v -1.356337 0.359186 -1.118187
v -1.356337 0.274200 -0.795325
v -1.420371 0.274200 -0.795325
v -1.420371 0.728133 -1.479068
v -1.356337 0.728133 -1.479068
v -1.359634 0.493268 -1.390819
v -1.417075 0.493268 -1.390819
v -1.359634 0.493268 -1.865057
v -1.417075 0.493268 -1.865057
v -1.344194 0.095149 1.138080
v -1.344194 0.242323 1.138080
v -1.344194 0.242323 1.357205
v -1.344194 0.095149 1.357205
v -1.393579 0.226348 1.227415
v -1.393579 0.097675 1.227415
v -1.393579 0.226348 1.267870
v -1.393579 0.097675 1.267870
v -1.344194 0.137582 1.102127
v -1.344194 0.206597 1.102127
v -1.393579 0.206597 1.102127
v -1.393579 0.137582 1.102127
v -1.344194 0.206597 1.394146
v -1.344194 0.137582 1.394146
v -1.393579 0.137582 1.395136
v -1.393579 0.206597 1.395136
v -1.344194 0.095149 0.718684
v -1.344194 0.242323 0.718684
v -1.344194 0.242323 0.937810
v -1.344194 0.095149 0.937810
v -1.393579 0.226348 0.814295
v -1.393579 0.097675 0.814295
v -1.393579 0.226348 0.854750
v -1.393579 0.097675 0.854750
v -1.344194 0.137582 0.682732
v -1.344194 0.206597 0.682732
v -1.432514 0.206597 0.682732
v -1.432514 0.137582 0.682732
v -1.344194 0.206597 0.973762
v -1.344194 0.137582 0.973762
v -1.393579 0.137582 0.973762
v -1.393579 0.206597 0.973762
v -1.344194 0.206597 0.623541
v -1.344194 0.137582 0.623541
v -1.432514 0.206597 0.623541
v -1.432514 0.137582 0.623541
v -1.356337 0.122903 0.673169
v -1.420371 0.122903 0.673169
v -1.356337 0.122903 0.506240
v -1.420371 0.122903 0.506240
v -1.420371 0.600663 0.673169
v -1.356337 0.600663 0.673169
v -1.420371 0.122903 0.551720
v -1.356337 0.122903 0.551720
v -1.420371 0.498978 0.551720
v -1.356337 0.498978 0.551720
v -1.420371 0.175190 0.228858
v -1.356337 0.175190 0.228858
v -1.356337 0.413062 0.673169
v -1.356337 0.347802 0.506240
v -1.420371 0.347802 0.506240
v -1.420371 0.413062 0.673169
v -1.420371 0.359186 0.551720
v -1.356337 0.359186 0.551720
v -1.356337 0.274200 0.228858
v -1.420371 0.274200 0.228858
v -1.420371 0.728133 0.912602
v -1.356337 0.728133 0.912602
v -1.356337 0.556467 0.912602
v -1.420371 0.556467 0.912602
v -1.420371 0.728133 2.307207
v -1.356337 0.728133 2.307207
v -1.356337 0.556467 2.533328
v -1.420371 0.556467 2.533328
v -1.344194 0.095149 1.551184
v -1.344194 0.242323 1.551184
v -1.344194 0.242323 1.770310
v -1.344194 0.095149 1.770310
v -1.393579 0.226348 1.640519
v -1.393579 0.097675 1.640519
v -1.393579 0.226348 1.680974
v -1.393579 0.097675 1.680974
v -1.344194 0.137582 1.515231
v -1.344194 0.206597 1.515231
v -1.393579 0.206597 1.515231
v -1.393579 0.137582 1.515231
v -1.344194 0.206597 1.806261
v -1.344194 0.137582 1.806261
v -1.393579 0.137582 1.806261
v -1.393579 0.206597 1.806261
v -0.853771 0.728395 -0.592012
v -0.853771 0.806704 -0.494619
v -0.853771 0.806704 -0.112241
v -0.853771 0.728395 -0.014848
v -0.853771 0.438979 -0.494619
v -0.853771 0.517287 -0.592012
v -0.853771 0.517287 -0.014848
v -0.853771 0.438979 -0.112241
v -1.420372 0.728133 -2.057094
v -1.419531 0.668269 -2.089132
v -1.357177 0.668269 -2.089132
v -1.356337 0.728133 -2.057094
v -1.393579 0.242323 -1.704546
v -1.393579 0.095149 -1.704546
v -1.393579 0.242323 -1.923671
v -1.393579 0.095149 -1.923671
v -1.393579 0.242323 -1.285151
v -1.393579 0.095149 -1.285151
v -1.393579 0.242323 -1.504277
v -1.393579 0.095149 -1.504277
v -1.393579 0.242323 1.138080
v -1.393579 0.095149 1.138080
v -1.393579 0.242323 1.357205
v -1.393579 0.095149 1.357205
v -1.393579 0.242323 0.718684
v -1.393579 0.095149 0.718684
v -1.393579 0.242323 0.937810
v -1.393579 0.095149 0.937810
v -1.393579 0.242323 1.551184
v -1.393579 0.095149 1.551184
v -1.393579 0.242323 1.770310
v -1.393579 0.095149 1.770310
v -1.409904 0.226348 -1.793881
v -1.409904 0.097675 -1.793881
v -1.409904 0.226348 -1.834336
v -1.409904 0.097675 -1.834336
v -1.409904 0.226348 -1.374486
v -1.409904 0.097675 -1.374486
v -1.409904 0.226348 -1.414941
v -1.409904 0.097675 -1.414941
v -1.409904 0.226348 1.227415
v -1.409904 0.097675 1.227415
v -1.409904 0.226348 1.267870
v -1.409904 0.097675 1.267870
v -1.409904 0.226348 0.814295
v -1.409904 0.097675 0.814295
v -1.409904 0.226348 0.854750
v -1.409904 0.097675 0.854750
v -1.409904 0.226348 1.640519
v -1.409904 0.097675 1.640519
v -1.409904 0.226348 1.680974
v -1.409904 0.097675 1.680974
v 0.832969 0.407391 -0.089370
v 0.832969 0.499409 0.046277
v 0.832969 0.746273 0.046277
v 0.832969 0.838292 -0.089370
v 0.832969 0.838292 -0.517490
v 0.832969 0.746273 -0.653137
v 0.832969 0.499409 -0.653137
v 0.832969 0.407391 -0.517490
v 0.889354 0.499409 0.046277
v 0.889354 0.407391 -0.089370
v 0.889354 0.838292 -0.089370
v 0.889354 0.746273 0.046277
v 0.889354 0.746273 -0.653137
v 0.889354 0.838292 -0.517490
v 0.889354 0.407391 -0.517490
v 0.889354 0.499409 -0.653137
v 0.889354 0.806704 -0.494619
v 0.889354 0.728395 -0.592012
v 0.889354 0.728395 -0.014849
v 0.889354 0.806704 -0.112241
v 0.889354 0.517287 -0.592012
v 0.889354 0.438979 -0.494619
v 0.889354 0.438979 -0.112241
v 0.889354 0.517287 -0.014849
v 0.761737 1.048514 -1.345460
v 0.761737 1.048514 -1.229081
v 0.860177 1.048514 -1.345460
v 0.860177 1.048514 -1.229081
v 0.761737 1.090058 -1.345460
v 0.761737 1.090058 -1.229081
v 0.860177 1.090058 -1.345460
v 0.860177 1.090058 -1.229081
v 1.344194 0.095149 -1.704546
v 1.344194 0.242323 -1.704546
v 1.344194 0.242323 -1.923672
v 1.344194 0.095149 -1.923672
v 1.393579 0.226348 -1.793882
v 1.393579 0.097675 -1.793882
v 1.393579 0.226348 -1.834336
v 1.393579 0.097675 -1.834336
v 1.344194 0.137582 -1.668594
v 1.344194 0.206597 -1.668594
v 1.393579 0.206597 -1.668594
v 1.393579 0.137582 -1.668594
v 1.351553 0.206597 -1.959624
v 1.351553 0.137582 -1.959624
v 1.412454 0.137582 -1.959624
v 1.412454 0.206597 -1.959624
v 1.344194 0.095149 -1.285151
v 1.344194 0.242323 -1.285151
v 1.344194 0.242323 -1.504277
v 1.344194 0.095149 -1.504277
v 1.393579 0.226348 -1.374486
v 1.393579 0.097675 -1.374486
v 1.393579 0.226348 -1.414941
v 1.393579 0.097675 -1.414941
v 1.344194 0.137582 -1.249199
v 1.344194 0.206597 -1.249199
v 1.432514 0.206597 -1.249199
v 1.432514 0.137582 -1.249199
v 1.344194 0.206597 -1.540229
v 1.344194 0.137582 -1.540229
v 1.393579 0.137582 -1.540229
v 1.393579 0.206597 -1.540229
v 1.344194 0.206597 -1.190007
v 1.344194 0.137582 -1.190007
v 1.432514 0.206597 -1.190007
v 1.432514 0.137582 -1.190007
v 1.356337 0.122903 -1.239635
v 1.420371 0.122903 -1.239635
v 1.356337 0.122903 -1.072707
v 1.420371 0.122903 -1.072707
v 1.420371 0.600663 -1.239635
v 1.356337 0.600663 -1.239635
v 1.420371 0.122903 -1.118187
v 1.356337 0.122903 -1.118187
v 1.420371 0.498978 -1.118187
v 1.356337 0.498978 -1.118187
v 1.420371 0.175190 -0.795325
v 1.356337 0.175190 -0.795325
v 1.356337 0.413062 -1.239635
v 1.356337 0.347802 -1.072707
v 1.420371 0.347802 -1.072707
v 1.420371 0.413062 -1.239635
v 1.420371 0.359186 -1.118187
v 1.356337 0.359186 -1.118187
v 1.356337 0.274200 -0.795325
v 1.420371 0.274200 -0.795325
v 1.420371 0.728133 -1.479069
v 1.356337 0.728133 -1.479069
v 1.359634 0.493268 -1.390819
v 1.417074 0.493268 -1.390819
v 1.359633 0.493268 -1.865057
v 1.417074 0.493268 -1.865057
v 1.344194 0.095149 1.138079
v 1.344194 0.242323 1.138079
v 1.344194 0.242323 1.357205
v 1.344194 0.095149 1.357205
v 1.393579 0.226348 1.227415
v 1.393579 0.097675 1.227415
v 1.393579 0.226348 1.267870
v 1.393579 0.097675 1.267870
v 1.344194 0.137582 1.102127
v 1.344194 0.206597 1.102127
v 1.393579 0.206597 1.102127
v 1.393579 0.137582 1.102127
v 1.344194 0.206597 1.394145
v 1.344194 0.137582 1.394145
v 1.393579 0.137582 1.395135
v 1.393579 0.206597 1.395135
v 1.344194 0.095149 0.718684
v 1.344194 0.242323 0.718684
v 1.344194 0.242323 0.937809
v 1.344194 0.095149 0.937809
v 1.393579 0.226348 0.814295
v 1.393579 0.097675 0.814295
v 1.393579 0.226348 0.854750
v 1.393579 0.097675 0.854750
v 1.344194 0.137582 0.682732
v 1.344194 0.206597 0.682732
v 1.432514 0.206597 0.682732
v 1.432514 0.137582 0.682732
v 1.344194 0.206597 0.973762
v 1.344194 0.137582 0.973762
v 1.393579 0.137582 0.973762
v 1.393579 0.206597 0.973762
v 1.344194 0.206597 0.623541
v 1.344194 0.137582 0.623541
v 1.432514 0.206597 0.623541
v 1.432514 0.137582 0.623541
v 1.356337 0.122903 0.673168
v 1.420371 0.122903 0.673168
v 1.356337 0.122903 0.506240
v 1.420371 0.122903 0.506240
v 1.420371 0.600663 0.673168
v 1.356337 0.600663 0.673168
v 1.420371 0.122903 0.551720
v 1.356337 0.122903 0.551720
v 1.420371 0.498978 0.551720
v 1.356337 0.498978 0.551720
v 1.420371 0.175190 0.228858
v 1.356337 0.175190 0.228858
v 1.356337 0.413062 0.673168
v 1.356337 0.347802 0.506240
v 1.420371 0.347802 0.506240
v 1.420371 0.413062 0.673168
v 1.420371 0.359186 0.551720
v 1.356337 0.359186 0.551720
v 1.356337 0.274200 0.228858
v 1.420371 0.274200 0.228858
v 1.420371 0.728133 0.912602
v 1.356337 0.728133 0.912602
v 1.356337 0.556467 0.912602
v 1.420371 0.556467 0.912602
v 1.420371 0.728133 2.307207
v 1.356337 0.728133 2.307207
v 1.356337 0.556467 2.533328
v 1.420372 0.556467 2.533328
v 1.344194 0.095149 1.551184
v 1.344194 0.242323 1.551184
v 1.344194 0.242323 1.770309
v 1.344194 0.095149 1.770309
v 1.393579 0.226348 1.640519
v 1.393579 0.097675 1.640519
v 1.393579 0.226348 1.680974
v 1.393579 0.097675 1.680974
v 1.344194 0.137582 1.515231
v 1.344194 0.206597 1.515231
v 1.393579 0.206597 1.515231
v 1.393579 0.137582 1.515231
v 1.344194 0.206597 1.806261
v 1.344194 0.137582 1.806261
v 1.393579 0.137582 1.806261
v 1.393579 0.206597 1.806261
v 0.853771 0.728395 -0.592012
v 0.853771 0.806704 -0.494619
v 0.853771 0.806704 -0.112241
v 0.853771 0.728395 -0.014849
v 0.853771 0.438979 -0.494619
v 0.853771 0.517287 -0.592012
v 0.853771 0.517287 -0.014849
v 0.853771 0.438979 -0.112241
v 1.420371 0.728133 -2.057094
v 1.419531 0.668269 -2.089133
v 1.357177 0.668269 -2.089132
v 1.356337 0.728133 -2.057094
v 1.393579 0.242323 -1.704546
v 1.393579 0.095149 -1.704546
v 1.393579 0.242323 -1.923672
v 1.393579 0.095149 -1.923672
v 1.393579 0.242323 -1.285151
v 1.393579 0.095149 -1.285151
v 1.393579 0.242323 -1.504277
v 1.393579 0.095149 -1.504277
v 1.393579 0.242323 1.138079
v 1.393579 0.095149 1.138079
v 1.393579 0.242323 1.357205
v 1.393579 0.095149 1.357205
v 1.393579 0.242323 0.718684
v 1.393579 0.095149 0.718684
v 1.393579 0.242323 0.937809
v 1.393579 0.095149 0.937809
v 1.393579 0.242323 1.551184
v 1.393579 0.095149 1.551184
v 1.393579 0.242323 1.770309
v 1.393579 0.095149 1.770309
v 1.409904 0.226348 -1.793882
v 1.409904 0.097675 -1.793882
v 1.409904 0.226348 -1.834336
v 1.409904 0.097675 -1.834336
v 1.409904 0.226348 -1.374486
v 1.409904 0.097675 -1.374486
v 1.409904 0.226348 -1.414941
v 1.409904 0.097675 -1.414941
v 1.409904 0.226348 1.227415
v 1.409904 0.097675 1.227415
v 1.409904 0.226348 1.267870
v 1.409904 0.097675 1.267870
v 1.409904 0.226348 0.814295
v 1.409904 0.097675 0.814295
v 1.409904 0.226348 0.854750
v 1.409904 0.097675 0.854750
v 1.409904 0.226348 1.640519
v 1.409904 0.097675 1.640519
v 1.409904 0.226348 1.680974
v 1.409904 0.097675 1.680974
v 0.118963 0.755184 -2.441319
v 0.118963 0.852682 -2.441319
v 0.108768 0.764703 -2.441319
v 0.108768 0.843163 -2.441319
v -0.122441 0.769906 -2.090166
v -0.099856 0.845044 -2.090166
v 0.116513 0.730764 -2.492217
v 0.157151 0.654472 -2.492217
v 0.123698 0.634226 -2.431509
v 0.070595 0.688419 -2.441319
v 0.160064 0.923475 -2.435549
v 0.131096 0.431485 -2.108442
v 0.000360 0.431485 -2.108442
v -0.095398 0.528375 -2.108442
v -0.139621 0.664479 -2.108442
v -0.124662 0.806803 -2.108442
v -0.053108 0.930739 -2.108442
v 0.062669 1.009345 -2.108442
v 0.118963 0.852682 -2.498593
v 0.118963 0.755184 -2.498593
v 0.108768 0.843163 -2.498593
v 0.108768 0.764703 -2.498593
v -0.141996 0.857711 -2.090166
v -0.164581 0.782572 -2.090166
v 0.122954 0.730743 -2.377820
v 0.163592 0.654451 -2.377820
v 0.130139 0.634205 -2.377820
v 0.077036 0.688398 -2.377820
v 0.166505 0.924151 -2.372049
v -0.149786 0.472470 -2.090166
v -0.096683 0.418277 -2.090166
v -0.094345 0.520464 -2.090166
v -0.041242 0.466271 -2.090166
v -0.051950 0.975088 -2.090166
v 0.016909 1.019535 -2.090166
v 0.040503 0.975088 -2.206120
v 0.025205 0.975088 -2.248826
v 0.094524 1.019535 -2.231678
v -0.013993 0.975088 -2.090166
v 0.167743 0.950287 -2.374263
v 0.048394 0.984816 -2.204174
v 0.014432 1.001830 -2.090166
v -0.054916 0.773936 -2.270660
v -0.039584 0.850731 -2.270660
v -0.077408 0.778444 -2.299297
v -0.061970 0.855239 -2.299297
v 0.029070 0.538265 -2.298711
v -0.001871 0.514279 -2.325556
v -0.054974 0.568472 -2.330461
v -0.024033 0.592458 -2.298711
v 0.476987 0.855239 -2.299297
v 0.492426 0.778444 -2.299297
v 0.454601 0.850731 -2.270660
v 0.469934 0.773936 -2.270660
v 0.288449 0.730764 -2.492217
v 0.247811 0.654472 -2.492217
v 0.281263 0.634226 -2.431509
v 0.334366 0.688419 -2.441319
v 0.202481 0.803383 -2.492217
v 0.202481 0.654472 -2.492217
v 0.244898 0.923475 -2.435549
v 0.202481 0.968522 -2.423938
v 0.206044 1.046765 -2.108442
v 0.280992 0.431485 -2.108442
v 0.411729 0.431485 -2.108442
v 0.507487 0.528375 -2.108442
v 0.551710 0.664479 -2.108442
v 0.536751 0.806803 -2.108442
v 0.465197 0.930739 -2.108442
v 0.349419 1.009345 -2.108442
v 0.579598 0.782572 -2.090166
v 0.557013 0.857711 -2.090166
v 0.306250 0.764703 -2.498593
v 0.306250 0.843163 -2.498593
v 0.296054 0.755184 -2.498593
v 0.296054 0.852682 -2.498593
v 0.514874 0.845044 -2.090166
v 0.537459 0.769906 -2.090166
v 0.282008 0.730743 -2.377820
v 0.241370 0.654451 -2.377820
v 0.274822 0.634205 -2.377820
v 0.327925 0.688398 -2.377820
v 0.202481 0.803363 -2.424512
v 0.202481 0.654451 -2.377820
v 0.238457 0.924151 -2.372049
v 0.202481 0.931882 -2.382274
v 0.554747 0.472470 -2.090166
v 0.501645 0.418277 -2.090166
v 0.499307 0.520464 -2.090166
v 0.446204 0.466271 -2.090166
v 0.456911 0.975088 -2.090166
v 0.388052 1.019535 -2.090166
v 0.202481 1.019535 -2.090166
v 0.364458 0.975088 -2.206120
v 0.379757 0.975088 -2.248826
v 0.310438 1.019535 -2.231678
v 0.202481 1.019535 -2.226369
v 0.418955 0.975088 -2.090166
v 0.237218 0.950287 -2.374263
v 0.202481 0.950287 -2.381974
v 0.356568 0.984816 -2.204174
v 0.390529 1.001830 -2.090166
v 0.202481 1.001830 -2.090166
v 0.202481 0.984053 -2.182140
v 0.306250 0.843163 -2.441319
v 0.306250 0.764703 -2.441319
v 0.296054 0.852682 -2.441319
v 0.296054 0.755184 -2.441319
v 0.375892 0.538265 -2.298711
v 0.406833 0.514279 -2.325556
v 0.459935 0.568472 -2.330461
v 0.428995 0.592458 -2.298711
v 0.131096 0.408346 -2.108442
v 0.280992 0.408346 -2.108442
v 0.131096 0.431485 -2.171121
v 0.000360 0.431485 -2.171121
v -0.089076 0.529064 -2.171121
v -0.139621 0.664479 -2.171121
v -0.124662 0.806803 -2.171121
v -0.053108 0.930739 -2.171121
v 0.062669 1.009345 -2.171121
v 0.206044 1.046765 -2.171121
v 0.280992 0.431485 -2.171121
v 0.411729 0.431485 -2.171121
v 0.499217 0.520007 -2.171121
v 0.551710 0.664479 -2.171121
v 0.536751 0.806803 -2.171121
v 0.465197 0.930739 -2.171121
v 0.349419 1.009345 -2.171121
v 0.138589 0.459401 -2.171121
v 0.020922 0.459401 -2.171121
v -0.059573 0.547226 -2.171121
v -0.105065 0.669103 -2.171121
v -0.091602 0.797199 -2.171121
v -0.027201 0.908745 -2.171121
v 0.077002 0.984453 -2.171121
v 0.206044 1.011232 -2.171121
v 0.273500 0.459401 -2.171121
v 0.391166 0.459401 -2.171121
v 0.469909 0.539074 -2.171121
v 0.517154 0.669103 -2.171121
v 0.503690 0.797199 -2.171121
v 0.439289 0.908745 -2.171121
v 0.335086 0.984453 -2.171121
v 0.131096 0.408346 -2.141881
v 0.280992 0.408346 -2.141881
v -0.413346 0.417339 -1.691149
v -0.413345 0.417339 1.639077
v 0.413345 0.417339 -1.691149
v 0.413346 0.417339 1.639077
v -0.413345 0.263225 1.639077
v -0.413346 0.263225 -1.691149
v 0.413345 0.263225 -1.691149
v 0.413346 0.263225 1.639077
v -0.509597 0.356333 2.507263
v -0.473226 0.374228 2.521408
v -0.473226 0.338439 2.493118
v -0.459452 0.309813 2.604778
v -0.438124 0.341663 2.589669
v -0.438124 0.305875 2.561378
v -0.317265 0.309813 2.604778
v -0.338593 0.341663 2.589669
v -0.338593 0.305875 2.561378
v -0.267120 0.356333 2.507263
v -0.303491 0.374228 2.521408
v -0.303491 0.338439 2.493118
v -0.438124 0.748003 -2.034955
v -0.514578 0.671548 -2.034955
v -0.438124 0.457733 -2.034955
v -0.514578 0.534188 -2.034955
v -0.339917 0.748003 -2.034955
v -0.263462 0.671548 -2.034955
v -0.339917 0.457733 -2.034955
v -0.263462 0.534188 -2.034955
v -0.358657 0.503238 -2.177231
v -0.419383 0.503238 -2.177231
v -0.468842 0.553507 -2.177231
v -0.468842 0.652229 -2.177231
v -0.419383 0.702498 -2.177231
v -0.358657 0.702498 -2.177231
v -0.309199 0.652229 -2.177231
v -0.309199 0.553507 -2.177231
v -0.339917 0.457733 -2.177231
v -0.438124 0.457733 -2.177231
v -0.514578 0.534188 -2.177231
v -0.514578 0.671548 -2.177231
v -0.438124 0.748003 -2.177231
v -0.339917 0.748003 -2.177231
v -0.263462 0.671548 -2.177231
v -0.263462 0.534188 -2.177231
v 1.034106 0.637465 -1.853636
v -1.030901 0.637465 -1.853636
v 1.034106 0.637465 -2.143016
v -1.030901 0.637465 -2.143016
v 1.034106 0.585219 -2.143016
v -1.030901 0.585219 -2.143016
v 1.034106 0.585219 -2.007231
v -1.030901 0.585219 -2.007231
v -0.227612 1.155751 -1.383352
v 0.227611 1.155751 -1.383352
v -0.227612 1.159888 -1.584688
v -0.227612 1.194169 -0.791417
v 0.227611 1.159888 -1.584688
v 0.227611 1.194169 -0.791417
v -0.227612 1.125011 -1.383140
v 0.227611 1.125011 -1.383140
v -0.227612 1.129149 -1.584477
v -0.227612 1.163429 -0.791206
v 0.227611 1.129148 -1.584477
v 0.227611 1.163429 -0.791206
v -0.148308 1.174994 -0.736368
v -0.191383 1.174993 -0.736368
v -0.148308 1.176599 -0.813913
v -0.191383 1.176599 -0.813913
v -0.191383 1.211702 -0.734753
v -0.148308 1.211702 -0.734753
v -0.191383 1.212692 -0.782567
v -0.191383 1.200569 -0.813091
v -0.148308 1.200570 -0.813091
v -0.148308 1.212692 -0.782567
v 0.148308 1.174994 -0.736368
v 0.191383 1.174993 -0.736368
v 0.148308 1.176599 -0.813913
v 0.191383 1.176599 -0.813913
v 0.191383 1.211702 -0.734753
v 0.148308 1.211702 -0.734753
v 0.191383 1.212692 -0.782567
v 0.191383 1.200569 -0.813091
v 0.148308 1.200570 -0.813091
v 0.148308 1.212692 -0.782567
v 0.148308 1.134892 -1.604128
v 0.191383 1.134892 -1.604128
v 0.148308 1.136498 -1.559551
v 0.191383 1.136498 -1.559551
v 0.191383 1.171600 -1.605057
v 0.148308 1.171601 -1.605057
v 0.191383 1.164866 -1.560024
v 0.148308 1.164866 -1.560024
v -0.148308 1.134892 -1.604128
v -0.191383 1.134892 -1.604128
v -0.148308 1.136498 -1.559551
v -0.191383 1.136498 -1.559551
v -0.191383 1.171600 -1.605057
v -0.148308 1.171601 -1.605057
v -0.191383 1.164866 -1.560024
v -0.148308 1.164866 -1.560024
v -0.890034 0.989084 1.875592
v -0.890034 0.908921 1.875592
v -0.812757 0.908921 1.875592
v -0.812757 0.989084 1.875592
v -0.890034 0.989084 1.439408
v -0.890034 0.908921 1.439408
v -0.812757 0.908921 1.439408
v -0.812757 0.989084 1.439408
v 0.890035 0.989084 1.875591
v 0.890035 0.908921 1.875591
v 0.812757 0.908921 1.875591
v 0.812757 0.989084 1.875591
v 0.890035 0.989084 1.439407
v 0.890035 0.908921 1.439407
v 0.812757 0.908921 1.439407
v 0.812757 0.989084 1.439407
v -0.523646 0.300867 2.497971
v -0.523646 0.436102 2.598070
v -0.438279 0.300867 2.497971
v -0.438279 0.436102 2.598070
v -0.523646 0.478035 2.471488
v -0.438279 0.478035 2.471488
v -0.390615 0.808057 -1.345724
v -0.358669 0.113815 -1.837737
v -0.358669 0.808057 -1.345724
v -0.358669 0.113815 -1.345724
v -0.358669 0.461309 -2.160143
v -0.358669 0.240313 -2.160143
v -0.390615 0.113815 -1.345724
v -0.390615 0.461309 -2.160143
v -0.390615 0.113815 -1.837737
v -0.390615 0.240313 -2.160143
v 0.057690 0.492457 -2.248056
v 0.057690 0.440800 -2.248056
v 0.080374 0.440800 -2.248056
v 0.080374 0.492457 -2.248056
v 0.057690 0.440800 -2.107368
v 0.080374 0.440800 -2.107368
v 0.017613 0.492457 -2.248056
v 0.017613 0.440800 -2.248056
v 0.040297 0.440800 -2.248056
v 0.040297 0.492457 -2.248056
v 0.017613 0.440800 -2.107368
v 0.040297 0.440800 -2.107368
v -0.334227 0.300867 2.497971
v -0.334227 0.436102 2.598070
v -0.248860 0.300867 2.497971
v -0.248860 0.436102 2.598070
v -0.334227 0.478035 2.471488
v -0.248860 0.478035 2.471488
v -0.361711 0.291797 2.628583
v -0.414153 0.291797 2.628583
v -0.403709 0.287881 2.580164
v -0.372155 0.287881 2.580164
v -0.372189 0.323660 2.608476
v -0.403675 0.323660 2.608476
v -0.227612 1.185211 -0.929438
v 0.227611 1.185211 -0.929438
v -0.227612 1.154471 -0.929226
v 0.227611 1.154471 -0.929226
v -0.901079 0.291154 -0.148289
v -0.901079 0.291154 -0.464328
v 0.901079 0.291154 -0.148289
v 0.901079 0.291154 -0.464329
v -0.000000 0.223818 -0.110150
v -0.000000 0.223818 -0.426189
v -0.901079 0.323028 -0.464328
v -0.901079 0.323028 -0.148289
v 0.901079 0.323028 -0.464329
v 0.901079 0.323028 -0.148289
v -0.000000 0.255692 -0.426189
v -0.000000 0.255692 -0.110150
v 0.664995 0.510321 2.532550
v 0.680646 0.543212 2.625341
v 0.664995 0.498357 2.539577
v 0.664995 0.537293 2.649423
v 0.664995 0.477030 2.552103
v 0.664995 0.515967 2.661950
v 0.664995 0.464650 2.559375
v 0.680646 0.497560 2.652219
v 0.789245 0.498356 2.539577
v 0.789245 0.510321 2.532550
v 0.789245 0.537294 2.649423
v 0.773593 0.543212 2.625341
v 0.789245 0.477031 2.552103
v 0.789245 0.515968 2.661949
v 0.789245 0.464650 2.559375
v 0.773594 0.497560 2.652218
v 0.664995 0.547122 2.636372
v 0.680646 0.525048 2.574096
v 0.664995 0.501482 2.663283
v 0.680646 0.479377 2.600922
v 0.789245 0.547122 2.636372
v 0.773594 0.525048 2.574097
v 0.789245 0.501482 2.663283
v 0.773594 0.479377 2.600922
v 0.301063 0.510321 2.532550
v 0.316714 0.543212 2.625341
v 0.301063 0.498357 2.539577
v 0.301063 0.537293 2.649423
v 0.301063 0.477030 2.552103
v 0.301063 0.515967 2.661950
v 0.301063 0.464650 2.559375
v 0.316714 0.497560 2.652219
v 0.425313 0.498356 2.539577
v 0.425313 0.510321 2.532550
v 0.425313 0.537294 2.649423
v 0.409662 0.543212 2.625341
v 0.425313 0.477031 2.552103
v 0.425313 0.515968 2.661949
v 0.425313 0.464650 2.559375
v 0.409662 0.497560 2.652218
v 0.301063 0.547122 2.636372
v 0.316714 0.525048 2.574096
v 0.301063 0.501482 2.663283
v 0.316714 0.479377 2.600922
v 0.425313 0.547122 2.636372
v 0.409662 0.525048 2.574097
v 0.425313 0.501482 2.663283
v 0.409662 0.479377 2.600922
v -0.062869 0.510321 2.532550
v -0.047218 0.543212 2.625341
v -0.062869 0.498357 2.539577
v -0.062869 0.537293 2.649423
v -0.062869 0.477030 2.552103
v -0.062869 0.515967 2.661950
v -0.062869 0.464650 2.559375
v -0.047218 0.497560 2.652219
v 0.061381 0.498356 2.539577
v 0.061381 0.510321 2.532550
v 0.061381 0.537294 2.649423
v 0.045730 0.543212 2.625341
v 0.061381 0.477031 2.552103
v 0.061381 0.515968 2.661949
v 0.061381 0.464650 2.559375
v 0.045730 0.497560 2.652218
v -0.062869 0.547122 2.636372
v -0.047218 0.525048 2.574096
v -0.062869 0.501482 2.663283
v -0.047218 0.479377 2.600922
v 0.061381 0.547122 2.636372
v 0.045730 0.525048 2.574097
v 0.061381 0.501482 2.663283
v 0.045730 0.479377 2.600922
v -0.426801 0.510321 2.532550
v -0.411150 0.543212 2.625341
v -0.426801 0.498357 2.539577
v -0.426801 0.537293 2.649423
v -0.426801 0.477030 2.552103
v -0.426801 0.515967 2.661950
v -0.426801 0.464650 2.559375
v -0.411150 0.497560 2.652219
v -0.302551 0.498356 2.539577
v -0.302551 0.510321 2.532550
v -0.302551 0.537294 2.649423
v -0.318202 0.543212 2.625341
v -0.302551 0.477031 2.552103
v -0.302551 0.515968 2.661949
v -0.302551 0.464650 2.559375
v -0.318202 0.497560 2.652218
v -0.426801 0.547122 2.636372
v -0.411150 0.525048 2.574096
v -0.426801 0.501482 2.663283
v -0.411150 0.479377 2.600922
v -0.302551 0.547122 2.636372
v -0.318202 0.525048 2.574097
v -0.302551 0.501482 2.663283
v -0.318202 0.479377 2.600922
v -0.790733 0.510321 2.532550
v -0.775082 0.543212 2.625341
v -0.790733 0.498357 2.539577
v -0.790733 0.537293 2.649423
v -0.790733 0.477030 2.552103
v -0.790733 0.515967 2.661950
v -0.790733 0.464650 2.559375
v -0.775082 0.497560 2.652219
v -0.666483 0.498356 2.539577
v -0.666483 0.510321 2.532550
v -0.666483 0.537294 2.649423
v -0.682134 0.543212 2.625341
v -0.666483 0.477031 2.552103
v -0.666483 0.515968 2.661949
v -0.666483 0.464650 2.559375
v -0.682134 0.497560 2.652218
v -0.790733 0.547122 2.636372
v -0.775082 0.525048 2.574096
v -0.790733 0.501482 2.663283
v -0.775082 0.479377 2.600922
v -0.666483 0.547122 2.636372
v -0.682134 0.525048 2.574097
v -0.666483 0.501482 2.663283
v -0.682134 0.479377 2.600922
v -0.316991 1.014443 1.876605
v -0.301340 1.053347 1.942300
v -0.316991 1.003965 1.886835
v -0.316991 1.052961 1.977964
v -0.316991 0.985288 1.905068
v -0.316991 1.035077 1.994062
v -0.316991 0.974445 1.915653
v -0.301340 1.013371 1.981388
v -0.192741 1.003965 1.886834
v -0.192741 1.014443 1.876604
v -0.192741 1.052961 1.977964
v -0.208392 1.053347 1.942301
v -0.192741 0.985288 1.905068
v -0.192741 1.035077 1.994061
v -0.192741 0.974445 1.915653
v -0.208392 1.013371 1.981388
v -0.316991 1.054527 1.944303
v -0.301340 1.035881 1.912990
v -0.316991 1.014565 1.983415
v -0.301340 0.995883 1.952040
v -0.192741 1.054526 1.944303
v -0.208392 1.035881 1.912991
v -0.192741 1.014565 1.983415
v -0.208392 0.995883 1.952040
v 0.191253 1.014443 1.876605
v 0.206904 1.053347 1.942300
v 0.191253 1.003965 1.886835
v 0.191253 1.052961 1.977964
v 0.191253 0.985288 1.905068
v 0.191253 1.035077 1.994062
v 0.191253 0.974445 1.915653
v 0.206904 1.013371 1.981388
v 0.315503 1.003965 1.886834
v 0.315503 1.014443 1.876604
v 0.315503 1.052961 1.977964
v 0.299852 1.053347 1.942301
v 0.315503 0.985288 1.905068
v 0.315503 1.035077 1.994061
v 0.315503 0.974445 1.915653
v 0.299852 1.013371 1.981388
v 0.191253 1.054527 1.944303
v 0.206904 1.035881 1.912990
v 0.191253 1.014565 1.983415
v 0.206904 0.995883 1.952040
v 0.315503 1.054526 1.944303
v 0.299852 1.035881 1.912991
v 0.315503 1.014565 1.983415
v 0.299852 0.995883 1.952040
v -0.329335 1.688207 -0.151333
v -0.340739 1.697776 -0.151333
v -0.355625 1.697776 -0.151333
v -0.367028 1.688207 -0.151333
v -0.369613 1.673547 -0.151333
v -0.362170 1.660655 -0.151333
v -0.348182 1.655564 -0.151333
v -0.334193 1.660655 -0.151333
v -0.326750 1.673547 -0.151333
v -0.306051 1.701650 -0.080597
v -0.331543 1.723041 -0.080597
v -0.364821 1.723041 -0.080597
v -0.390313 1.701650 -0.080597
v -0.396091 1.668878 -0.080597
v -0.379453 1.640059 -0.080597
v -0.348182 1.628677 -0.080597
v -0.316911 1.640059 -0.080597
v -0.300272 1.668878 -0.080597
v -0.337280 1.707279 -0.151333
v -0.320577 1.693264 -0.151333
v -0.359084 1.707279 -0.151333
v -0.375787 1.693264 -0.151333
v -0.379573 1.671791 -0.151333
v -0.368671 1.652908 -0.151333
v -0.348182 1.645450 -0.151333
v -0.327692 1.652908 -0.151333
v -0.316790 1.671791 -0.151333
v -0.342990 1.691591 -0.346348
v -0.335035 1.684916 -0.346348
v -0.353374 1.691591 -0.346348
v -0.361328 1.684916 -0.346348
v -0.363132 1.674690 -0.346348
v -0.357940 1.665697 -0.346348
v -0.348182 1.662145 -0.346348
v -0.338424 1.665697 -0.346348
v -0.333232 1.674690 -0.346348
v -0.312077 1.698171 -0.134043
v -0.306051 1.701650 -0.106910
v -0.331543 1.723041 -0.106910
v -0.333923 1.716501 -0.134043
v -0.364821 1.723041 -0.106910
v -0.362440 1.716501 -0.134043
v -0.390313 1.701650 -0.106910
v -0.384286 1.698171 -0.134043
v -0.396091 1.668878 -0.106910
v -0.389238 1.670087 -0.134043
v -0.379452 1.640059 -0.106910
v -0.374979 1.645390 -0.134043
v -0.348182 1.628677 -0.106910
v -0.348182 1.635636 -0.134043
v -0.316911 1.640059 -0.106910
v -0.321384 1.645390 -0.134043
v -0.300272 1.668878 -0.106910
v -0.307125 1.670087 -0.134043
v -0.340739 1.697776 -0.346348
v -0.329335 1.688207 -0.346348
v -0.355625 1.697776 -0.346348
v -0.367028 1.688207 -0.346348
v -0.369613 1.673547 -0.346348
v -0.362170 1.660655 -0.346348
v -0.348182 1.655564 -0.346348
v -0.334193 1.660655 -0.346348
v -0.326750 1.673547 -0.346348
v -0.342990 1.691591 -0.028252
v -0.335036 1.684916 -0.028252
v -0.353374 1.691591 -0.028252
v -0.361329 1.684916 -0.028252
v -0.363132 1.674690 -0.028252
v -0.357940 1.665697 -0.028252
v -0.348182 1.662145 -0.028252
v -0.338424 1.665697 -0.028252
v -0.333232 1.674690 -0.028252
v -1.245858 0.329603 2.600172
v -1.245858 0.285103 2.571396
v -1.297345 0.285103 2.571396
v -1.297345 0.329603 2.600172
v -1.308378 0.244802 2.681562
v -1.308378 0.285288 2.707743
v -1.234825 0.244802 2.681562
v -1.234825 0.285288 2.707743
v -1.245858 0.417562 2.597104
v -1.245858 0.368421 2.607494
v -1.297345 0.368421 2.607494
v -1.297345 0.417562 2.597104
v -1.308378 0.386122 2.727112
v -1.308378 0.430830 2.717660
v -1.234825 0.386122 2.727112
v -1.234825 0.430830 2.717660
v -1.245858 0.487322 2.528070
v -1.245858 0.452309 2.573657
v -1.297345 0.452309 2.573657
v -1.297345 0.487322 2.528070
v -1.308378 0.521251 2.657037
v -1.308378 0.553104 2.615563
v -1.234825 0.521251 2.657037
v -1.234825 0.553104 2.615563
v -1.245858 0.512236 2.419439
v -1.245858 0.504726 2.482811
v -1.297345 0.504726 2.482811
v -1.297345 0.512236 2.419439
v -1.308378 0.598574 2.498104
v -1.308378 0.605407 2.440450
v -1.234825 0.598574 2.498104
v -1.234825 0.605407 2.440450
v -1.245858 0.482788 2.312705
v -1.245858 0.505650 2.369655
v -1.297345 0.505650 2.369655
v -1.297345 0.482788 2.312705
v -1.308378 0.588558 2.311021
v -1.308378 0.567759 2.259208
v -1.234825 0.588558 2.311021
v -1.234825 0.567759 2.259208
v -1.245858 0.410226 2.248636
v -1.245858 0.454727 2.277412
v -1.297345 0.454727 2.277412
v -1.297345 0.410226 2.248636
v -1.308378 0.495027 2.167245
v -1.308378 0.454541 2.141065
v -1.234825 0.495027 2.167245
v -1.234825 0.454541 2.141065
v -1.245858 0.322267 2.251704
v -1.245858 0.371409 2.241314
v -1.297345 0.371409 2.241314
v -1.297345 0.322267 2.251704
v -1.308378 0.353707 2.121696
v -1.308378 0.308999 2.131148
v -1.234825 0.353707 2.121696
v -1.234825 0.308999 2.131148
v -1.245858 0.252508 2.320738
v -1.245858 0.287520 2.275151
v -1.297345 0.287520 2.275151
v -1.297345 0.252508 2.320738
v -1.308378 0.218578 2.191771
v -1.308378 0.186725 2.233244
v -1.234825 0.218578 2.191771
v -1.234825 0.186725 2.233244
v -1.245858 0.227594 2.429369
v -1.245858 0.235103 2.365997
v -1.297345 0.235103 2.365997
v -1.297345 0.227594 2.429369
v -1.308378 0.141255 2.350703
v -1.308378 0.134423 2.408358
v -1.234825 0.141255 2.350703
v -1.234825 0.134423 2.408358
v -1.245858 0.257041 2.536103
v -1.245858 0.234180 2.479153
v -1.297345 0.234180 2.479153
v -1.297345 0.257041 2.536103
v -1.308378 0.151271 2.537787
v -1.308378 0.172071 2.589600
v -1.234825 0.151271 2.537787
v -1.234825 0.172071 2.589600
v 1.245858 0.329603 2.600172
v 1.245858 0.285103 2.571396
v 1.297346 0.285103 2.571396
v 1.297346 0.329603 2.600172
v 1.308379 0.244802 2.681562
v 1.308379 0.285288 2.707743
v 1.234826 0.244802 2.681562
v 1.234826 0.285288 2.707743
v 1.245858 0.417562 2.597104
v 1.245858 0.368421 2.607494
v 1.297346 0.368421 2.607494
v 1.297346 0.417562 2.597104
v 1.308379 0.386122 2.727112
v 1.308379 0.430830 2.717660
v 1.234826 0.386122 2.727112
v 1.234826 0.430830 2.717660
v 1.245858 0.487322 2.528070
v 1.245858 0.452309 2.573657
v 1.297346 0.452309 2.573657
v 1.297346 0.487322 2.528070
v 1.308379 0.521251 2.657037
v 1.308379 0.553104 2.615563
v 1.234826 0.521251 2.657037
v 1.234826 0.553104 2.615563
v 1.245858 0.512236 2.419439
v 1.245858 0.504726 2.482811
v 1.297346 0.504726 2.482811
v 1.297346 0.512236 2.419439
v 1.308379 0.598574 2.498104
v 1.308379 0.605407 2.440450
v 1.234826 0.598574 2.498104
v 1.234826 0.605407 2.440450
v 1.245858 0.482788 2.312704
v 1.245858 0.505650 2.369655
v 1.297346 0.505650 2.369655
v 1.297346 0.482788 2.312704
v 1.308379 0.588558 2.311020
v 1.308379 0.567759 2.259208
v 1.234825 0.588558 2.311020
v 1.234825 0.567759 2.259208
v 1.245858 0.410226 2.248635
v 1.245858 0.454727 2.277412
v 1.297346 0.454727 2.277412
v 1.297346 0.410226 2.248635
v 1.308379 0.495027 2.167245
v 1.308379 0.454541 2.141065
v 1.234825 0.495027 2.167245
v 1.234825 0.454541 2.141065
v 1.245858 0.322267 2.251704
v 1.245858 0.371409 2.241314
v 1.297346 0.371409 2.241314
v 1.297346 0.322267 2.251704
v 1.308379 0.353707 2.121696
v 1.308379 0.308999 2.131148
v 1.234825 0.353707 2.121696
v 1.234825 0.308999 2.131148
v 1.245858 0.252508 2.320737
v 1.245858 0.287520 2.275151
v 1.297346 0.287520 2.275151
v 1.297346 0.252508 2.320737
v 1.308379 0.218578 2.191771
v 1.308379 0.186725 2.233244
v 1.234825 0.218578 2.191771
v 1.234825 0.186725 2.233244
v 1.245858 0.227594 2.429369
v 1.245858 0.235103 2.365997
v 1.297346 0.235103 2.365997
v 1.297346 0.227594 2.429369
v 1.308379 0.141255 2.350703
v 1.308379 0.134423 2.408358
v 1.234825 0.141255 2.350703
v 1.234826 0.134423 2.408358
v 1.245858 0.257041 2.536103
v 1.245858 0.234180 2.479153
v 1.297346 0.234180 2.479153
v 1.297346 0.257041 2.536103
v 1.308379 0.151271 2.537787
v 1.308379 0.172071 2.589600
v 1.234826 0.151271 2.537787
v 1.234826 0.172071 2.589600
v 1.245858 0.321864 -2.723075
v 1.245858 0.370707 -2.735582
v 1.245858 0.488625 -2.508414
v 1.245858 0.460958 -2.455113
v 1.245858 0.419550 -2.419498
v 1.245858 0.370707 -2.406992
v 1.245858 0.321864 -2.419498
v 1.245858 0.280457 -2.455113
v 1.245858 0.252789 -2.508414
v 1.245858 0.243073 -2.571287
v 1.245858 0.252789 -2.634160
v 1.245858 0.280457 -2.687461
v 1.245858 0.419550 -2.723075
v 1.245858 0.460958 -2.687461
v 1.245858 0.488625 -2.634160
v 1.245858 0.498341 -2.571287
v 1.297345 0.498341 -2.571287
v 1.297345 0.488625 -2.634160
v 1.297345 0.460958 -2.687461
v 1.297345 0.419550 -2.723075
v 1.297345 0.280457 -2.687461
v 1.297345 0.252789 -2.634160
v 1.297345 0.243073 -2.571287
v 1.297345 0.252789 -2.508414
v 1.297345 0.280457 -2.455113
v 1.297345 0.321864 -2.419498
v 1.297345 0.370707 -2.406992
v 1.297345 0.419550 -2.419498
v 1.297345 0.460958 -2.455113
v 1.297345 0.488625 -2.508414
v 1.297345 0.370707 -2.735582
v 1.297345 0.321864 -2.723075
v 1.308378 0.584376 -2.596264
v 1.308378 0.575537 -2.653465
v 1.308378 0.508073 -2.783434
v 1.308378 0.470402 -2.815835
v 1.308378 0.205900 -2.748110
v 1.308378 0.180728 -2.699617
v 1.308378 0.157038 -2.546309
v 1.308378 0.165877 -2.489109
v 1.308378 0.233341 -2.359141
v 1.308378 0.271012 -2.326739
v 1.308378 0.390111 -2.296244
v 1.308378 0.434548 -2.307621
v 1.308378 0.535515 -2.394464
v 1.308378 0.560686 -2.442955
v 1.308378 0.351303 -2.846330
v 1.308378 0.306867 -2.834952
v 1.234825 0.584376 -2.596264
v 1.234825 0.575537 -2.653465
v 1.234825 0.508073 -2.783434
v 1.234825 0.470402 -2.815835
v 1.234825 0.205900 -2.748110
v 1.234825 0.180728 -2.699617
v 1.234825 0.157038 -2.546309
v 1.234825 0.165877 -2.489109
v 1.234825 0.233341 -2.359141
v 1.234825 0.271012 -2.326739
v 1.234825 0.390111 -2.296244
v 1.234825 0.434548 -2.307621
v 1.234825 0.535515 -2.394464
v 1.234825 0.560686 -2.442955
v 1.234825 0.351303 -2.846330
v 1.234825 0.306867 -2.834952
v 0.862053 0.651112 -0.482767
v 0.922355 0.651112 -0.525789
v 0.922355 0.651112 -0.643906
v 0.922355 0.713148 -0.643905
v 0.922355 0.713148 -0.525788
v 0.862053 0.713148 -0.482767
v 0.862053 0.604041 -0.482767
v 0.922355 0.604041 -0.525789
v 0.922355 0.604041 -0.643906
v 0.922355 0.542005 -0.643906
v 0.922355 0.542005 -0.525789
v 0.862053 0.542005 -0.482767
v 0.886449 0.651112 -0.643906
v 0.862053 0.651112 -0.598746
v 0.862052 0.713148 -0.598746
v 0.886449 0.713148 -0.643905
v 0.862053 0.604041 -0.598746
v 0.886449 0.604041 -0.643906
v 0.886449 0.542005 -0.643906
v 0.862053 0.542005 -0.598746
v -0.194286 0.718713 1.784131
v -0.233148 0.718713 1.784131
v -0.194286 0.758250 1.784131
v -0.233148 0.758250 1.784131
v -0.194286 0.595708 1.784131
v -0.233148 0.595708 1.784131
v -0.194286 0.635244 1.784131
v -0.233148 0.635244 1.784131
v -0.204398 0.718713 1.831203
v -0.194286 0.718713 1.818187
v -0.233148 0.718713 1.818187
v -0.223036 0.718713 1.831203
v -0.194286 0.758250 1.818187
v -0.204398 0.758250 1.831203
v -0.223036 0.758250 1.831203
v -0.233148 0.758250 1.818187
v -0.204398 0.595708 1.831203
v -0.194286 0.595708 1.818187
v -0.233148 0.595708 1.818187
v -0.223036 0.595708 1.831203
v -0.194286 0.635244 1.818187
v -0.204398 0.635244 1.831203
v -0.223036 0.635244 1.831203
v -0.233148 0.635244 1.818187
v -0.401160 0.718713 1.771267
v -0.481404 0.718713 1.771267
v -0.401160 0.758250 1.771267
v -0.481404 0.758250 1.771267
v -0.481404 0.718713 1.851407
v -0.481404 0.758250 1.851407
v -0.401160 0.595708 1.771267
v -0.481404 0.595708 1.771267
v -0.401160 0.635244 1.771267
v -0.481404 0.635244 1.771267
v -0.481404 0.595708 1.851407
v -0.481404 0.635244 1.851407
v -0.417420 0.718713 1.851407
v -0.401160 0.718713 1.830477
v -0.401160 0.758250 1.830477
v -0.417420 0.758250 1.851407
v -0.417420 0.595708 1.851407
v -0.401160 0.595708 1.830477
v -0.401160 0.635244 1.830477
v -0.417420 0.635244 1.851407
v 0.401160 0.718713 1.771267
v 0.481404 0.718713 1.771267
v 0.401160 0.758250 1.771267
v 0.481404 0.758250 1.771267
v 0.481404 0.718713 1.851407
v 0.481404 0.758250 1.851407
v 0.401160 0.595708 1.771267
v 0.481404 0.595708 1.771267
v 0.401160 0.635244 1.771267
v 0.481404 0.635244 1.771267
v 0.481404 0.595708 1.851407
v 0.481404 0.635244 1.851407
v 0.417420 0.718713 1.851407
v 0.401160 0.718713 1.830477
v 0.401160 0.758250 1.830477
v 0.417420 0.758250 1.851407
v 0.417420 0.595708 1.851407
v 0.401160 0.595708 1.830477
v 0.401160 0.635244 1.830477
v 0.417420 0.635244 1.851407
v -0.331394 0.640407 -1.762431
v -0.331368 0.589976 -1.762431
v -0.405689 0.537702 -2.494848
v -0.355257 0.537675 -2.494911
v -0.369463 0.551881 -1.762431
v -0.419893 0.551907 -1.762431
v -0.317162 0.575770 -2.494911
v -0.317189 0.626202 -2.494848
v -0.443756 0.626175 -2.494911
v -0.443732 0.575745 -2.494848
v -0.457937 0.589950 -1.762431
v -0.457962 0.640381 -1.762431
v -0.355232 0.664245 -2.494848
v -0.405662 0.664269 -2.494911
v -0.419868 0.678475 -1.762431
v -0.369437 0.678449 -1.762431
v -0.862053 0.651112 -0.482767
v -0.922355 0.651112 -0.525788
v -0.922355 0.651112 -0.643905
v -0.922355 0.713148 -0.643905
v -0.922355 0.713148 -0.525788
v -0.862053 0.713148 -0.482767
v -0.862053 0.604041 -0.482767
v -0.922355 0.604041 -0.525788
v -0.922355 0.604041 -0.643905
v -0.922355 0.542005 -0.643905
v -0.922355 0.542005 -0.525788
v -0.862053 0.542005 -0.482767
v -0.886449 0.651112 -0.643905
v -0.862053 0.651112 -0.598746
v -0.862053 0.713148 -0.598746
v -0.886449 0.713148 -0.643905
v -0.862053 0.604041 -0.598746
v -0.886449 0.604041 -0.643905
v -0.886449 0.542005 -0.643905
v -0.862053 0.542005 -0.598746
v 0.194286 0.718713 1.784131
v 0.233148 0.718713 1.784131
v 0.194286 0.758250 1.784131
v 0.233148 0.758250 1.784131
v 0.194286 0.595708 1.784131
v 0.233148 0.595708 1.784131
v 0.194286 0.635244 1.784131
v 0.233148 0.635244 1.784131
v 0.204398 0.718713 1.831203
v 0.194286 0.718713 1.818187
v 0.233148 0.718713 1.818187
v 0.223037 0.718713 1.831203
v 0.194286 0.758250 1.818187
v 0.204398 0.758250 1.831203
v 0.223037 0.758250 1.831203
v 0.233148 0.758250 1.818187
v 0.204398 0.595708 1.831203
v 0.194286 0.595708 1.818187
v 0.233148 0.595708 1.818187
v 0.223037 0.595708 1.831203
v 0.194286 0.635244 1.818187
v 0.204398 0.635244 1.831203
v 0.223037 0.635244 1.831203
v 0.233148 0.635244 1.818187
v -1.245859 0.321864 -2.723075
v -1.245859 0.370707 -2.735582
v -1.245859 0.488625 -2.508414
v -1.245859 0.460958 -2.455113
v -1.245859 0.419550 -2.419498
v -1.245859 0.370707 -2.406992
v -1.245859 0.321864 -2.419498
v -1.245859 0.280457 -2.455113
v -1.245859 0.252789 -2.508414
v -1.245859 0.243073 -2.571287
v -1.245859 0.252789 -2.634160
v -1.245859 0.280457 -2.687461
v -1.245859 0.419550 -2.723075
v -1.245859 0.460958 -2.687461
v -1.245859 0.488625 -2.634160
v -1.245859 0.498341 -2.571287
v -1.297346 0.498341 -2.571287
v -1.297346 0.488625 -2.634160
v -1.297346 0.460958 -2.687461
v -1.297346 0.419550 -2.723075
v -1.297346 0.280457 -2.687461
v -1.297346 0.252789 -2.634160
v -1.297346 0.243073 -2.571287
v -1.297346 0.252789 -2.508414
v -1.297346 0.280457 -2.455113
v -1.297346 0.321864 -2.419498
v -1.297346 0.370707 -2.406992
v -1.297346 0.419550 -2.419498
v -1.297346 0.460958 -2.455113
v -1.297346 0.488625 -2.508414
v -1.297346 0.370707 -2.735582
v -1.297346 0.321864 -2.723075
v -1.308379 0.584376 -2.596264
v -1.308379 0.575537 -2.653465
v -1.308379 0.508073 -2.783434
v -1.308379 0.470402 -2.815835
v -1.308379 0.205900 -2.748110
v -1.308379 0.180728 -2.699617
v -1.308379 0.157038 -2.546309
v -1.308379 0.165877 -2.489109
v -1.308379 0.233341 -2.359141
v -1.308379 0.271012 -2.326739
v -1.308379 0.390111 -2.296244
v -1.308379 0.434548 -2.307621
v -1.308379 0.535515 -2.394464
v -1.308379 0.560686 -2.442955
v -1.308379 0.351303 -2.846330
v -1.308379 0.306867 -2.834952
v -1.234826 0.584376 -2.596264
v -1.234826 0.575537 -2.653465
v -1.234826 0.508073 -2.783434
v -1.234826 0.470402 -2.815835
v -1.234826 0.205900 -2.748110
v -1.234826 0.180728 -2.699617
v -1.234826 0.157038 -2.546309
v -1.234826 0.165877 -2.489109
v -1.234826 0.233341 -2.359141
v -1.234826 0.271012 -2.326739
v -1.234826 0.390111 -2.296244
v -1.234826 0.434548 -2.307621
v -1.234826 0.535515 -2.394464
v -1.234826 0.560686 -2.442955
v -1.234826 0.351303 -2.846330
v -1.234826 0.306867 -2.834952
v -0.000000 1.681800 -0.451626
v -0.000000 1.681643 -0.697513
v -0.048035 1.668929 -0.451626
v -0.047957 1.668793 -0.697513
v -0.083200 1.633765 -0.451626
v -0.083063 1.633687 -0.697513
v -0.096071 1.585730 -0.451626
v -0.095913 1.585730 -0.697513
v -0.083200 1.537694 -0.451626
v -0.083063 1.537773 -0.697513
v -0.048035 1.502530 -0.451626
v -0.047957 1.502667 -0.697513
v -0.000000 1.489659 -0.451626
v -0.000000 1.489817 -0.697513
v 0.048035 1.502530 -0.451626
v 0.047957 1.502667 -0.697513
v 0.083200 1.537694 -0.451626
v 0.083063 1.537773 -0.697513
v 0.096071 1.585730 -0.451626
v 0.095913 1.585730 -0.697513
v 0.083200 1.633765 -0.451626
v 0.083063 1.633687 -0.697513
v 0.048035 1.668929 -0.451626
v 0.047957 1.668793 -0.697513
v -0.028477 1.635055 -2.093542
v -0.000000 1.642685 -2.093542
v -0.049323 1.614209 -2.093542
v -0.056953 1.585732 -2.093542
v -0.049323 1.557256 -2.093542
v -0.028477 1.536409 -2.093542
v -0.000000 1.528779 -2.093542
v 0.028476 1.536409 -2.093542
v 0.049323 1.557256 -2.093542
v 0.056953 1.585732 -2.093542
v 0.049323 1.614209 -2.093542
v 0.028476 1.635055 -2.093542
v -0.044475 1.662765 -2.105117
v -0.000000 1.674682 -2.105117
v -0.077033 1.630207 -2.105117
v -0.088950 1.585732 -2.105117
v -0.077033 1.541257 -2.105117
v -0.044475 1.508700 -2.105117
v -0.000000 1.496782 -2.105117
v 0.044475 1.508700 -2.105117
v 0.077032 1.541257 -2.105117
v 0.088949 1.585732 -2.105117
v 0.077032 1.630207 -2.105117
v 0.044475 1.662765 -2.105117
v -0.035756 1.647663 -2.221322
v -0.000000 1.657243 -2.221322
v -0.061931 1.621488 -2.221322
v -0.071511 1.585733 -2.221322
v -0.061931 1.549977 -2.221322
v -0.035756 1.523802 -2.221322
v -0.000000 1.514222 -2.221322
v 0.035755 1.523802 -2.221322
v 0.061930 1.549977 -2.221322
v 0.071511 1.585732 -2.221322
v 0.061930 1.621488 -2.221322
v 0.035755 1.647663 -2.221322
v -0.024098 1.627471 -2.232897
v -0.000000 1.633928 -2.232897
v -0.041739 1.609830 -2.232897
v -0.048196 1.585733 -2.232897
v -0.041739 1.561635 -2.232897
v -0.024098 1.543994 -2.232897
v -0.000000 1.537537 -2.232897
v 0.024097 1.543994 -2.232897
v 0.041738 1.561635 -2.232897
v 0.048195 1.585733 -2.232897
v 0.041738 1.609830 -2.232897
v 0.024097 1.627471 -2.232897
v -0.166393 1.695370 -0.241983
v -0.166393 1.726037 -0.297827
v -0.166393 1.737601 -0.364374
v -0.166393 1.728300 -0.431495
v -0.166393 1.668590 -0.540999
v -0.166393 1.597597 -0.193495
v -0.166393 1.650268 -0.205348
v -0.166393 1.421147 -0.373075
v -0.166393 1.430447 -0.305954
v -0.166393 1.459196 -0.248477
v -0.166393 1.503016 -0.209397
v -0.166393 1.496071 -0.545742
v -0.166393 1.432710 -0.439623
v -0.166393 1.555236 -0.194660
v 0.166393 1.695370 -0.241983
v 0.166393 1.726037 -0.297827
v 0.166393 1.737601 -0.364374
v 0.166393 1.728300 -0.431495
v 0.166393 1.668590 -0.540999
v 0.166393 1.597597 -0.193495
v 0.166393 1.650268 -0.205348
v 0.166393 1.421147 -0.373075
v 0.166393 1.430447 -0.305954
v 0.166393 1.459196 -0.248477
v 0.166393 1.503016 -0.209397
v 0.166393 1.496071 -0.545742
v 0.166393 1.432710 -0.439623
v 0.166393 1.555236 -0.194660
v -0.100248 1.932715 0.602532
v -0.194895 1.903112 0.494636
v -0.141238 1.873917 0.175382
v -0.212319 1.899157 0.312418
v 0.100248 1.932715 0.602532
v 0.194895 1.903112 0.494636
v 0.141238 1.873917 0.175382
v 0.212319 1.899157 0.312418
v 0.043260 1.923943 0.631843
v -0.043260 1.923943 0.631843
v -0.043851 1.873588 0.115733
v 0.043851 1.873588 0.115733
v -0.656997 1.058902 -1.420758
v -0.488656 1.075282 -1.811342
v -0.520371 1.028669 -1.857628
v -0.697661 1.013881 -1.421937
v -0.807535 1.041245 0.539002
v -0.774219 1.083243 0.539002
v -0.774219 1.083243 0.116507
v -0.807535 1.041245 0.116507
v -0.775961 1.040341 1.351904
v -0.738091 1.076501 1.351548
v -0.771162 1.083490 0.947485
v -0.801542 1.039485 0.947131
v -0.853771 0.728395 -0.592012
v -0.853771 0.806704 -0.494619
v -0.853771 0.806704 -0.112241
v -0.853771 0.728395 -0.014848
v -0.853771 0.438979 -0.494619
v -0.853771 0.517287 -0.592012
v -0.853771 0.517287 -0.014848
v -0.853771 0.438979 -0.112241
v 0.656997 1.058902 -1.420758
v 0.488656 1.075282 -1.811342
v 0.520371 1.028669 -1.857628
v 0.697661 1.013881 -1.421938
v 0.807535 1.041245 0.539002
v 0.774219 1.083243 0.539002
v 0.774219 1.083243 0.116507
v 0.807535 1.041245 0.116507
v 0.775961 1.040341 1.351904
v 0.738091 1.076501 1.351548
v 0.771162 1.083490 0.947485
v 0.801542 1.039485 0.947131
v 0.853771 0.728395 -0.592012
v 0.853771 0.806704 -0.494619
v 0.853771 0.806704 -0.112241
v 0.853771 0.728395 -0.014849
v 0.853771 0.438979 -0.494619
v 0.853771 0.517287 -0.592012
v 0.853771 0.517287 -0.014849
v 0.853771 0.438979 -0.112241
v 0.020922 0.459401 -2.171121
v -0.059573 0.547226 -2.171121
v -0.105065 0.669103 -2.171121
v -0.091602 0.797199 -2.171121
v -0.027201 0.908745 -2.171121
v 0.077002 0.984453 -2.171121
v 0.206044 1.011232 -2.171121
v 0.391166 0.459401 -2.171121
v 0.469909 0.539074 -2.171121
v 0.517154 0.669103 -2.171121
v 0.503690 0.797199 -2.171121
v 0.439289 0.908745 -2.171121
v 0.335086 0.984453 -2.171121
v 0.180737 0.731698 -2.484376
v 0.169784 0.743649 -2.484376
v 0.163593 0.760233 -2.484376
v 0.127890 0.777664 -2.484376
v 0.174189 0.792843 -2.484376
v 0.188368 0.803145 -2.484376
v 0.205928 0.806789 -2.484376
v 0.231118 0.731698 -2.484376
v 0.241833 0.742540 -2.484376
v 0.248262 0.760233 -2.484376
v 0.283965 0.777664 -2.484376
v 0.237667 0.792843 -2.484376
v 0.223487 0.803145 -2.484376
v 0.451626 0.683310 -2.279066
v 0.464167 0.793185 -2.301620
v 0.052472 0.866607 -2.347420
v -0.052171 0.793185 -2.301620
v 0.359525 0.866607 -2.347420
v -0.003607 0.587108 -2.279066
v 0.084147 0.570840 -2.347420
v 0.327849 0.570840 -2.347420
v 0.414334 0.580674 -2.279066
v 0.121060 0.916439 -2.370878
v 0.290936 0.916439 -2.347420
v -0.039515 0.683310 -2.279066
v 0.205998 0.934066 -2.370878
v -0.439711 0.885670 1.787201
v -0.456987 0.812576 1.787201
v -0.456987 0.385217 1.787201
v 0.000000 0.385217 1.787201
v 0.000000 0.888776 1.787201
v 0.439711 0.885670 1.787201
v 0.456987 0.812576 1.787201
v 0.456987 0.385217 1.787201
v -0.227612 1.125011 -1.383140
v 0.227611 1.125011 -1.383140
v -0.227612 1.129149 -1.584477
v -0.227612 1.163429 -0.791206
v 0.227611 1.129148 -1.584477
v 0.227611 1.163429 -0.791206
v -0.227612 1.154471 -0.929226
v 0.227611 1.154471 -0.929226
v 0.669655 0.869857 1.863109
v 0.732643 0.869857 1.884834
v 0.778754 0.869857 1.944189
v 0.795631 0.869857 2.025270
v 0.778754 0.869857 2.106350
v 0.732643 0.869857 2.165704
v 0.669655 0.869857 2.187430
v 0.606667 0.869857 2.165704
v 0.560557 0.869857 2.106350
v 0.543679 0.869857 2.025270
v 0.560557 0.869857 1.944189
v 0.606667 0.869857 1.884834
v 0.669655 0.540465 1.833939
v 0.743974 0.540465 1.859572
v 0.798379 0.540465 1.929604
v 0.818292 0.540465 2.025270
v 0.798379 0.540465 2.120934
v 0.743974 0.540465 2.190966
v 0.669655 0.540465 2.216600
v 0.595337 0.540465 2.190966
v 0.540932 0.540465 2.120935
v 0.521019 0.540465 2.025270
v 0.540932 0.540465 1.929604
v 0.595337 0.540465 1.859572
v 0.669655 0.862940 1.833939
v 0.743974 0.862940 1.859572
v 0.798379 0.862940 1.929604
v 0.818292 0.862940 2.025270
v 0.798379 0.862940 2.120934
v 0.743974 0.862940 2.190966
v 0.669655 0.862940 2.216600
v 0.595337 0.862940 2.190966
v 0.540932 0.862940 2.120935
v 0.521019 0.862940 2.025270
v 0.540932 0.862940 1.929604
v 0.595337 0.862940 1.859572
v 0.669655 0.777606 1.863109
v 0.732643 0.777606 1.884834
v 0.778754 0.777606 1.944189
v 0.795631 0.777606 2.025270
v 0.778754 0.777606 2.106350
v 0.732643 0.777606 2.165704
v 0.669655 0.777606 2.187430
v 0.606667 0.777606 2.165704
v 0.560557 0.777606 2.106350
v 0.543679 0.777606 2.025270
v 0.560557 0.777606 1.944189
v 0.606667 0.777606 1.884834
v 0.669655 0.841103 1.989431
v 0.693767 0.841103 2.007350
v 0.693767 0.841103 2.043188
v 0.669655 0.841103 2.061108
v 0.645544 0.841103 2.043188
v 0.645544 0.841103 2.007350
v 0.669655 0.525124 1.979575
v 0.700397 0.525124 2.002422
v 0.700397 0.525124 2.048116
v 0.669655 0.525124 2.070963
v 0.638913 0.525124 2.048116
v 0.638913 0.525124 2.002422
v 0.669655 0.841103 1.979575
v 0.700397 0.841103 2.002422
v 0.700397 0.841103 2.048116
v 0.669655 0.841103 2.070963
v 0.638913 0.841103 2.048116
v 0.638913 0.841103 2.002422
v 0.669655 0.818049 1.989431
v 0.693767 0.818049 2.007350
v 0.693767 0.818049 2.043188
v 0.669655 0.818049 2.061108
v 0.645544 0.818049 2.043188
v 0.645544 0.818049 2.007350
v 0.818292 0.755448 2.025270
v 0.818292 0.647956 2.025270
v 0.798379 0.647956 2.120934
v 0.798379 0.755448 2.120934
v 0.743974 0.647956 2.190966
v 0.743974 0.755448 2.190966
v 0.669655 0.647956 2.216600
v 0.669655 0.755448 2.216600
v 0.595337 0.647956 2.190966
v 0.595337 0.755448 2.190966
v 0.540932 0.647956 2.120935
v 0.540932 0.755448 2.120935
v 0.521019 0.647956 2.025270
v 0.521019 0.755448 2.025270
v 0.540932 0.647956 1.929604
v 0.540932 0.755448 1.929604
v 0.595337 0.647956 1.859572
v 0.595337 0.755448 1.859572
v 0.669655 0.755448 1.833939
v 0.669655 0.647956 1.833939
v 0.743974 0.647956 1.859572
v 0.743974 0.755448 1.859572
v 0.798379 0.647956 1.929604
v 0.798379 0.755448 1.929604
v 0.826716 0.755448 2.025270
v 0.826716 0.647956 2.025270
v 0.805674 0.647956 2.126357
v 0.805674 0.755448 2.126357
v 0.748186 0.647956 2.200357
v 0.748186 0.755448 2.200357
v 0.669655 0.647956 2.227444
v 0.669655 0.755448 2.227444
v 0.591125 0.647956 2.200358
v 0.591125 0.755448 2.200358
v 0.533637 0.647956 2.126357
v 0.533637 0.755448 2.126357
v 0.512594 0.647956 2.025270
v 0.512594 0.755448 2.025270
v 0.533636 0.647956 1.924182
v 0.533636 0.755448 1.924182
v 0.591125 0.647956 1.850181
v 0.591125 0.755448 1.850181
v 0.669655 0.755448 1.823094
v 0.669655 0.647956 1.823094
v 0.748186 0.647956 1.850181
v 0.748186 0.755448 1.850181
v 0.805674 0.647956 1.924182
v 0.805674 0.755448 1.924182
v -0.145411 1.604745 -0.245988
v -0.145411 1.651967 -0.272799
v -0.145411 1.685467 -0.323308
v -0.145411 1.698612 -0.387510
v -0.145411 1.688798 -0.452690
v -0.145411 1.657968 -0.505939
v -0.145411 1.612229 -0.536708
v -0.145411 1.560639 -0.538905
v -0.145411 1.513417 -0.512094
v -0.145411 1.479917 -0.461586
v -0.145411 1.466771 -0.397383
v -0.145411 1.476586 -0.332203
v -0.145411 1.507416 -0.278955
v -0.145411 1.553155 -0.248185
v -0.198509 1.604745 -0.245988
v -0.198509 1.651967 -0.272799
v -0.198509 1.685467 -0.323308
v -0.198509 1.698612 -0.387510
v -0.198509 1.688798 -0.452690
v -0.198509 1.657968 -0.505939
v -0.198509 1.612229 -0.536708
v -0.198509 1.560639 -0.538905
v -0.198509 1.513417 -0.512094
v -0.198509 1.479917 -0.461586
v -0.198509 1.466771 -0.397383
v -0.198509 1.476586 -0.332203
v -0.198509 1.507416 -0.278955
v -0.198509 1.553155 -0.248185
v 0.145411 1.604745 -0.245988
v 0.145411 1.651967 -0.272799
v 0.145411 1.685467 -0.323308
v 0.145411 1.698612 -0.387510
v 0.145411 1.688798 -0.452690
v 0.145411 1.657968 -0.505939
v 0.145411 1.612229 -0.536708
v 0.145411 1.560639 -0.538905
v 0.145411 1.513417 -0.512094
v 0.145411 1.479917 -0.461586
v 0.145411 1.466771 -0.397383
v 0.145411 1.476586 -0.332203
v 0.145411 1.507416 -0.278955
v 0.145411 1.553155 -0.248185
v 0.198509 1.604745 -0.245988
v 0.198509 1.651967 -0.272799
v 0.198509 1.685467 -0.323308
v 0.198509 1.698612 -0.387510
v 0.198509 1.688798 -0.452690
v 0.198509 1.657968 -0.505939
v 0.198509 1.612229 -0.536708
v 0.198509 1.560639 -0.538905
v 0.198509 1.513417 -0.512094
v 0.198509 1.479917 -0.461586
v 0.198509 1.466771 -0.397383
v 0.198509 1.476586 -0.332203
v 0.198509 1.507416 -0.278955
v 0.198509 1.553155 -0.248185
v -0.561225 1.637807 0.691371
v -0.561225 1.573247 0.691377
v -0.561225 1.573247 0.691377
v -0.561225 1.637807 1.271946
v -0.561225 1.637807 1.271946
v -0.561225 1.570251 1.271940
v -0.561225 1.570251 1.271940
v -0.561225 1.719797 0.691381
v -0.561225 1.719797 0.691381
v -0.561225 1.723649 1.271936
v -0.561225 1.730225 1.378640
v -0.561225 1.730225 1.378640
v -0.561225 1.632352 1.378644
v -0.561225 1.632352 1.378644
v -0.369832 1.637807 0.691371
v -0.369832 1.573247 0.691377
v -0.369832 1.573247 0.691377
v -0.369832 1.637807 1.271946
v -0.369832 1.637807 1.271946
v -0.369832 1.637807 1.271946
v -0.369832 1.570251 1.271940
v -0.369832 1.570251 1.271940
v -0.369832 1.719797 0.691381
v -0.369832 1.719797 0.691381
v -0.369832 1.723649 1.271936
v -0.369832 1.723649 1.271936
v -0.369832 1.733267 1.427990
v -0.369832 1.733267 1.427990
v -0.369832 1.733267 1.427990
v -0.369832 1.733267 1.427990
v -0.369832 1.629829 1.427990
v -0.369832 1.629829 1.427990
v -0.369832 1.629829 1.427990
v -0.369832 1.629829 1.427990
v 0.000000 1.733267 1.427990
v 0.000000 1.629829 1.427990
v -0.555602 1.609959 0.298104
v -0.554751 1.647790 0.291269
v -0.554751 1.647790 0.291269
v -0.554751 1.696343 0.353562
v -0.554751 1.696343 0.353562
v -0.556453 1.544762 0.309883
v -0.556453 1.544762 0.309883
v -0.556453 1.506239 0.406211
v -0.555602 1.622240 0.558797
v -0.555602 1.622240 0.558797
v -0.554751 1.692044 0.558797
v -0.554751 1.692044 0.558797
v -0.556453 1.501940 0.558797
v -0.556453 1.571493 0.600424
v -0.556453 1.571493 0.600424
v -0.556453 1.501940 0.600424
v -0.556453 1.516866 0.636929
v -0.556453 1.516866 0.636929
v -0.556453 1.571493 0.643333
v -0.556453 1.571493 0.643333
v -0.489028 1.696343 0.353562
v -0.489028 1.692044 0.558797
v -0.489028 1.647790 0.291269
v -0.489028 1.571493 0.600424
v -0.489028 1.571493 0.643333
v -0.489028 1.622240 0.558797
v -0.489028 1.544762 0.309883
v -0.489028 1.516866 0.636929
v -0.233551 1.926500 0.517294
v -0.233551 1.926500 0.517294
v -0.116260 1.958361 0.654037
v -0.230214 1.888458 0.518838
v -0.246138 1.921548 0.304818
v -0.246138 1.921548 0.304818
v -0.166844 1.895869 0.139392
v -0.166844 1.895869 0.139392
v -0.164634 1.857870 0.143141
v -0.196481 1.923803 0.493681
v -0.196481 1.923803 0.493681
v -0.100906 1.953498 0.602760
v -0.213707 1.919840 0.310937
v -0.213707 1.919840 0.310937
v -0.142289 1.894590 0.173521
v -0.142289 1.894590 0.173521
v -0.141238 1.873917 0.175382
v -0.194895 1.903112 0.494636
v -0.212319 1.899157 0.312418
v -0.243219 1.883531 0.307611
v 0.000000 2.011314 0.699412
v 0.000000 2.011314 0.699412
v -0.185917 2.011314 0.599370
v -0.185917 2.011314 0.599370
v -0.185917 2.053492 0.599370
v -0.185917 2.053492 0.599370
v 0.000000 2.053492 0.699412
v 0.000000 2.053492 0.699412
v -0.263636 2.011314 0.357845
v -0.263636 2.011314 0.357845
v -0.263636 2.053492 0.357845
v -0.263636 2.053492 0.357845
v -0.185917 2.011314 0.116320
v -0.185917 2.011314 0.116320
v -0.185917 2.053492 0.116320
v -0.185917 2.053492 0.116320
v -0.000000 2.011314 0.016277
v -0.000000 2.011314 0.016277
v -0.000000 2.053492 0.016277
v -0.000000 2.053492 0.016277
v 0.000000 2.014596 0.648241
v 0.000000 2.014596 0.648241
v -0.149635 2.014596 0.563186
v -0.149635 2.014596 0.563186
v -0.149635 2.053492 0.563186
v -0.149635 2.053492 0.563186
v 0.000000 2.053492 0.648241
v 0.000000 2.053492 0.648241
v -0.215711 2.014596 0.357845
v -0.215711 2.014596 0.357845
v -0.215711 2.053492 0.357845
v -0.215711 2.053492 0.357845
v -0.149635 2.014596 0.152504
v -0.149635 2.014596 0.152504
v -0.149635 2.053492 0.152504
v -0.149635 2.053492 0.152504
v -0.000000 2.014596 0.067449
v -0.000000 2.014596 0.067449
v -0.000000 2.053492 0.067449
v -0.000000 2.053492 0.067449
v -0.244808 2.040580 0.326111
v -0.244808 2.040580 0.326111
v -0.244808 2.040580 0.389579
v -0.244808 2.040580 0.389579
v -0.199291 2.040580 0.389579
v -0.199291 2.040580 0.389579
v -0.199291 2.040580 0.326111
v -0.199291 2.040580 0.326111
v -0.121108 2.040580 0.567440
v -0.121108 2.040580 0.567440
v -0.156526 2.040580 0.522476
v -0.156526 2.040580 0.522476
v -0.190985 2.040580 0.556841
v -0.190985 2.040580 0.556841
v -0.155060 2.040580 0.601301
v -0.155060 2.040580 0.601301
v -0.156526 2.040580 0.193214
v -0.156526 2.040580 0.193214
v -0.121108 2.040580 0.148249
v -0.121108 2.040580 0.148249
v -0.155061 2.040580 0.114388
v -0.155061 2.040580 0.114388
v -0.190985 2.040580 0.158848
v -0.190985 2.040580 0.158848
v -0.131942 1.836016 0.125270
v -0.171244 1.836016 0.175164
v -0.209480 1.836016 0.578658
v -0.171244 1.836016 0.540525
v -0.218696 1.836016 0.322632
v -0.218696 1.836016 0.393058
v -0.169617 1.836016 0.087697
v -0.169617 1.836016 0.627992
v -0.269204 1.836016 0.322632
v -0.209480 1.836016 0.137031
v -0.269204 1.836016 0.393058
v -0.131942 1.836016 0.590419
v 0.561225 1.637807 0.691371
v 0.561225 1.573247 0.691377
v 0.561225 1.573247 0.691377
v 0.561225 1.637807 1.271946
v 0.561225 1.637807 1.271946
v 0.561225 1.570251 1.271940
v 0.561225 1.570251 1.271940
v 0.561225 1.719797 0.691381
v 0.561225 1.719797 0.691381
v 0.561225 1.723649 1.271936
v 0.561225 1.730225 1.378640
v 0.561225 1.730225 1.378640
v 0.561225 1.632352 1.378644
v 0.561225 1.632352 1.378644
v 0.369832 1.637807 0.691371
v 0.369832 1.573247 0.691377
v 0.369832 1.573247 0.691377
v 0.369832 1.637807 1.271946
v 0.369832 1.637807 1.271946
v 0.369832 1.637807 1.271946
v 0.369832 1.570251 1.271940
v 0.369832 1.570251 1.271940
v 0.369832 1.719797 0.691381
v 0.369832 1.719797 0.691381
v 0.369832 1.723649 1.271936
v 0.369832 1.723649 1.271936
v 0.369832 1.733267 1.427990
v 0.369832 1.733267 1.427990
v 0.369832 1.733267 1.427990
v 0.369832 1.733267 1.427990
v 0.369832 1.629829 1.427990
v 0.369832 1.629829 1.427990
v 0.369832 1.629829 1.427990
v 0.369832 1.629829 1.427990
v 0.555602 1.609959 0.298104
v 0.554751 1.647790 0.291269
v 0.554751 1.647790 0.291269
v 0.554751 1.696343 0.353561
v 0.554751 1.696343 0.353561
v 0.556453 1.544762 0.309883
v 0.556453 1.544762 0.309883
v 0.556453 1.506239 0.406211
v 0.555602 1.622240 0.558797
v 0.555602 1.622240 0.558797
v 0.554751 1.692044 0.558797
v 0.554751 1.692044 0.558797
v 0.556453 1.501940 0.558797
v 0.556453 1.571493 0.600424
v 0.556453 1.571493 0.600424
v 0.556453 1.501940 0.600424
v 0.556453 1.516866 0.636929
v 0.556453 1.516866 0.636929
v 0.556453 1.571493 0.643333
v 0.556453 1.571493 0.643333
v 0.489028 1.696343 0.353561
v 0.489028 1.692044 0.558797
v 0.489028 1.647790 0.291269
v 0.489028 1.571493 0.600424
v 0.489028 1.571493 0.643333
v 0.489028 1.622240 0.558797
v 0.489028 1.544762 0.309883
v 0.489028 1.516866 0.636929
v 0.233551 1.926500 0.517294
v 0.233551 1.926500 0.517294
v 0.116260 1.958361 0.654037
v 0.230214 1.888458 0.518838
v 0.246138 1.921548 0.304818
v 0.246138 1.921548 0.304818
v 0.166844 1.895869 0.139392
v 0.166844 1.895869 0.139392
v 0.164634 1.857870 0.143141
v 0.196482 1.923803 0.493681
v 0.196482 1.923803 0.493681
v 0.100906 1.953498 0.602760
v 0.213707 1.919840 0.310937
v 0.213707 1.919840 0.310937
v 0.142289 1.894590 0.173521
v 0.142289 1.894590 0.173521
v 0.141238 1.873917 0.175382
v 0.194895 1.903112 0.494636
v 0.212319 1.899157 0.312418
v 0.243219 1.883531 0.307611
v 0.185917 2.011314 0.599369
v 0.185917 2.011314 0.599369
v 0.185917 2.053492 0.599369
v 0.185917 2.053492 0.599369
v 0.263636 2.011314 0.357845
v 0.263636 2.011314 0.357845
v 0.263636 2.053492 0.357845
v 0.263636 2.053492 0.357845
v 0.185917 2.011314 0.116320
v 0.185917 2.011314 0.116320
v 0.185917 2.053492 0.116320
v 0.185917 2.053492 0.116320
v 0.149635 2.014596 0.563186
v 0.149635 2.014596 0.563186
v 0.149635 2.053492 0.563186
v 0.149635 2.053492 0.563186
v 0.215711 2.014596 0.357845
v 0.215711 2.014596 0.357845
v 0.215711 2.053492 0.357845
v 0.215711 2.053492 0.357845
v 0.149635 2.014596 0.152504
v 0.149635 2.014596 0.152504
v 0.149635 2.053492 0.152504
v 0.149635 2.053492 0.152504
v 0.244808 2.040580 0.326111
v 0.244808 2.040580 0.326111
v 0.244808 2.040580 0.389579
v 0.244808 2.040580 0.389579
v 0.199291 2.040580 0.389579
v 0.199291 2.040580 0.389579
v 0.199291 2.040580 0.326111
v 0.199291 2.040580 0.326111
v 0.121108 2.040580 0.567440
v 0.121108 2.040580 0.567440
v 0.156526 2.040580 0.522476
v 0.156526 2.040580 0.522476
v 0.190985 2.040580 0.556841
v 0.190985 2.040580 0.556841
v 0.155060 2.040580 0.601301
v 0.155060 2.040580 0.601301
v 0.156526 2.040580 0.193214
v 0.156526 2.040580 0.193214
v 0.121108 2.040580 0.148249
v 0.121108 2.040580 0.148249
v 0.155060 2.040580 0.114388
v 0.155060 2.040580 0.114388
v 0.190985 2.040580 0.158848
v 0.190985 2.040580 0.158848
v 0.131942 1.836016 0.125270
v 0.171244 1.836016 0.175164
v 0.209480 1.836016 0.578658
v 0.171244 1.836016 0.540525
v 0.218696 1.836016 0.322632
v 0.218696 1.836016 0.393058
v 0.169617 1.836016 0.087697
v 0.169617 1.836016 0.627992
v 0.269204 1.836016 0.322632
v 0.209480 1.836016 0.137031
v 0.269204 1.836016 0.393058
v 0.131942 1.836016 0.590419
v -0.166994 2.020066 0.556454
v -0.166994 2.020066 0.556454
v -0.166994 2.020066 0.590042
v -0.166994 2.020066 0.590042
v -0.152561 2.020066 0.598834
v -0.152561 2.020066 0.598834
v -0.152561 2.020066 0.547662
v -0.152561 2.020066 0.547662
v -0.138129 2.020066 0.556454
v -0.138129 2.020066 0.556454
v -0.138129 2.020066 0.590042
v -0.138129 2.020066 0.590042
v -0.164362 2.171854 0.587329
v -0.164362 2.171854 0.587329
v -0.164362 2.171854 0.614793
v -0.164362 2.171854 0.614793
v -0.152561 2.171854 0.621982
v -0.152561 2.171854 0.621982
v -0.152561 2.171854 0.580140
v -0.152561 2.171854 0.580140
v -0.140760 2.171854 0.587329
v -0.140760 2.171854 0.587329
v -0.140760 2.171854 0.614793
v -0.140760 2.171854 0.614793
v -0.541928 1.589876 0.788941
v -0.547257 1.348708 0.776186
v -0.547257 1.348708 0.776186
v -0.548248 1.348708 0.727054
v -0.548248 1.348708 0.727054
v -0.542918 1.589876 0.739809
v -0.521179 1.348708 0.775315
v -0.522170 1.348708 0.726183
v 0.062636 2.005948 0.887110
v 0.062636 2.005948 0.887110
v 0.062636 1.975545 0.887110
v 0.090177 2.005948 1.019421
v 0.062636 2.005948 1.028920
v 0.062636 2.005948 1.028920
v 0.117719 2.005948 0.958015
v 0.110339 2.005948 0.993468
v 0.110339 2.005948 0.922562
v 0.090177 2.005948 0.896609
v 0.035094 2.005948 0.896609
v 0.007553 2.005948 0.958015
v 0.014932 2.005948 0.922562
v 0.014932 2.005948 0.993467
v 0.035094 2.005948 1.019421
v 0.062636 1.975545 1.028920
v -0.589856 1.611446 1.148629
v -0.516291 1.635659 1.054581
v -0.516291 1.635659 1.054581
v -0.532312 1.672424 1.049499
v -0.532312 1.672424 1.049499
v -0.605878 1.648212 1.143547
v -0.668935 1.628649 1.238432
v -0.652914 1.591884 1.243515
v -0.709338 1.618306 1.325498
v -0.709338 1.618306 1.325498
v -0.693317 1.581540 1.330580
v -0.693317 1.581540 1.330580
v -0.606849 1.602335 1.128173
v -0.606849 1.602335 1.128173
v -0.533283 1.626547 1.034126
v -0.533283 1.626547 1.034126
v -0.549304 1.663313 1.029043
v -0.549304 1.663313 1.029043
v -0.622871 1.639101 1.123091
v -0.622871 1.639101 1.123091
v -0.685927 1.619538 1.217977
v -0.685927 1.619538 1.217977
v -0.669906 1.582772 1.223059
v -0.669906 1.582772 1.223059
v -0.726331 1.609194 1.305043
v -0.726331 1.609194 1.305043
v -0.710310 1.572429 1.310125
v -0.710310 1.572429 1.310125
v -0.741367 1.589427 1.146643
v -0.741367 1.589427 1.146643
v -0.725345 1.552662 1.151725
v -0.725345 1.552662 1.151725
v -0.678310 1.608990 1.051757
v -0.662289 1.572224 1.056839
v -0.745419 1.591762 1.195792
v -0.745419 1.591762 1.195792
v -0.729397 1.554997 1.200874
v -0.729397 1.554997 1.200874
v -0.645766 1.621790 1.035188
v -0.645766 1.621790 1.035188
v -0.629745 1.585024 1.040270
v -0.629745 1.585024 1.040270
v 0.589856 1.611446 1.148629
v 0.516291 1.635659 1.054581
v 0.516291 1.635659 1.054581
v 0.532312 1.672424 1.049499
v 0.532312 1.672424 1.049499
v 0.605878 1.648212 1.143546
v 0.668935 1.628649 1.238432
v 0.652914 1.591884 1.243514
v 0.709338 1.618306 1.325498
v 0.709338 1.618306 1.325498
v 0.693317 1.581540 1.330580
v 0.693317 1.581540 1.330580
v 0.606849 1.602335 1.128173
v 0.606849 1.602335 1.128173
v 0.533283 1.626547 1.034126
v 0.533283 1.626547 1.034126
v 0.549304 1.663313 1.029043
v 0.549304 1.663313 1.029043
v 0.622871 1.639101 1.123091
v 0.622871 1.639101 1.123091
v 0.685928 1.619538 1.217977
v 0.685928 1.619538 1.217977
v 0.669906 1.582772 1.223059
v 0.669906 1.582772 1.223059
v 0.726331 1.609194 1.305042
v 0.726331 1.609194 1.305042
v 0.710310 1.572429 1.310124
v 0.710310 1.572429 1.310124
v 0.741367 1.589427 1.146643
v 0.741367 1.589427 1.146643
v 0.725345 1.552662 1.151725
v 0.725345 1.552662 1.151725
v 0.678310 1.608990 1.051757
v 0.662289 1.572224 1.056839
v 0.745419 1.591762 1.195792
v 0.745419 1.591762 1.195792
v 0.729397 1.554997 1.200874
v 0.729397 1.554997 1.200874
v 0.645766 1.621790 1.035188
v 0.645766 1.621790 1.035188
v 0.629745 1.585024 1.040270
v 0.629745 1.585024 1.040270
v 0.043344 1.961111 0.688379
v -0.043344 1.961111 0.688379
v -0.043964 1.897575 0.064588
v 0.043964 1.897575 0.064588
v 0.043324 1.953515 0.631010
v -0.043324 1.953515 0.631010
v -0.043936 1.894255 0.114018
v 0.043936 1.894255 0.114018
v -0.143914 2.171854 0.611123
v -0.143914 2.171854 0.611123
v -0.143914 2.449988 0.662849
v -0.143914 2.449988 0.662849
v -0.161208 2.171854 0.590999
v -0.161208 2.171854 0.590999
v -0.161208 2.171854 0.611123
v -0.161208 2.171854 0.611123
v -0.152561 2.171854 0.616391
v -0.152561 2.171854 0.616391
v -0.152561 2.171854 0.585731
v -0.152561 2.171854 0.585731
v -0.143914 2.171854 0.590999
v -0.143914 2.171854 0.590999
v -0.161208 2.449988 0.642725
v -0.161208 2.449988 0.642725
v -0.161208 2.449988 0.662849
v -0.161208 2.449988 0.662849
v -0.152561 2.449988 0.668117
v -0.152561 2.449988 0.668117
v -0.152561 2.449988 0.637457
v -0.152561 2.449988 0.637457
v -0.143914 2.449988 0.642725
v -0.143914 2.449988 0.642725
v -0.164925 2.419639 0.643270
v -0.164925 2.419639 0.643270
v -0.164925 2.419639 0.674359
v -0.164925 2.419639 0.674359
v -0.152561 2.419639 0.682496
v -0.152561 2.419639 0.682496
v -0.152561 2.419639 0.635133
v -0.152561 2.419639 0.635133
v -0.140197 2.419639 0.643270
v -0.140197 2.419639 0.643270
v -0.140197 2.419639 0.674359
v -0.140197 2.419639 0.674359
v -0.164925 2.429906 0.643270
v -0.164925 2.429906 0.643270
v -0.164925 2.429906 0.674359
v -0.164925 2.429906 0.674359
v -0.152561 2.429906 0.682496
v -0.152561 2.429906 0.682496
v -0.152561 2.429906 0.635133
v -0.152561 2.429906 0.635133
v -0.140197 2.429906 0.643270
v -0.140197 2.429906 0.643270
v -0.140197 2.429906 0.674359
v -0.140197 2.429906 0.674359
v -0.164925 2.217367 0.606028
v -0.164925 2.217367 0.606028
v -0.164925 2.217367 0.637116
v -0.164925 2.217367 0.637116
v -0.152561 2.217367 0.645254
v -0.152561 2.217367 0.645254
v -0.152561 2.217367 0.597891
v -0.152561 2.217367 0.597891
v -0.140197 2.217367 0.606028
v -0.140197 2.217367 0.606028
v -0.140197 2.217367 0.637116
v -0.140197 2.217367 0.637116
v -0.164925 2.227634 0.606028
v -0.164925 2.227634 0.606028
v -0.164925 2.227634 0.637116
v -0.164925 2.227634 0.637116
v -0.152561 2.227634 0.645254
v -0.152561 2.227634 0.645254
v -0.152561 2.227634 0.597891
v -0.152561 2.227634 0.597891
v -0.140197 2.227634 0.606028
v -0.140197 2.227634 0.606028
v -0.140197 2.227634 0.637116
v -0.140197 2.227634 0.637116
v -0.889354 0.838292 -0.517490
v -0.889354 0.838292 -0.517490
v -0.889354 0.746273 -0.653137
v -0.889354 0.746273 -0.653137
v -0.832969 0.746273 -0.653137
v -0.832969 0.838292 -0.517490
v -0.832969 0.746273 0.046277
v -0.889354 0.746273 0.046277
v -0.889354 0.746273 0.046277
v -0.889354 0.838292 -0.089370
v -0.889354 0.838292 -0.089370
v -0.832969 0.838292 -0.089370
v -0.889354 0.499409 -0.653137
v -0.889354 0.499409 -0.653137
v -0.889354 0.407391 -0.517490
v -0.889354 0.407391 -0.517490
v -0.832969 0.407391 -0.517490
v -0.832969 0.499409 -0.653137
v -0.832969 0.407391 -0.089370
v -0.889354 0.407391 -0.089370
v -0.889354 0.407391 -0.089370
v -0.889354 0.499409 0.046277
v -0.889354 0.499409 0.046277
v -0.832969 0.499409 0.046277
v -0.889354 0.806704 -0.494619
v -0.889354 0.806704 -0.494619
v -0.889354 0.728395 -0.592012
v -0.889354 0.728395 -0.592012
v -0.853771 0.728395 -0.592012
v -0.853771 0.806704 -0.494619
v -0.853771 0.728395 -0.014848
v -0.889354 0.728395 -0.014848
v -0.889354 0.728395 -0.014848
v -0.889354 0.806704 -0.112241
v -0.889354 0.806704 -0.112241
v -0.853771 0.806704 -0.112241
v -0.889354 0.517287 -0.592012
v -0.889354 0.517287 -0.592012
v -0.889354 0.438979 -0.494619
v -0.889354 0.438979 -0.494619
v -0.853771 0.438979 -0.494619
v -0.853771 0.517287 -0.592012
v -0.853771 0.438979 -0.112241
v -0.889354 0.438979 -0.112241
v -0.889354 0.438979 -0.112241
v -0.889354 0.517287 -0.014848
v -0.889354 0.517287 -0.014848
v -0.853771 0.517287 -0.014848
v -0.761737 1.090058 -1.345460
v -0.761737 1.090058 -1.345460
v -0.761737 1.090058 -1.229081
v -0.761737 1.090058 -1.229081
v -0.860178 1.090058 -1.345460
v -0.860178 1.090058 -1.345460
v -0.860178 1.090058 -1.229081
v -0.860178 1.090058 -1.229081
v -0.761737 1.048514 -1.229081
v -0.860178 1.048514 -1.229081
v -0.860178 1.048514 -1.345460
v -0.761737 1.048514 -1.345460
v -1.344194 0.095149 -1.923672
v -1.344194 0.095149 -1.923672
v -1.344194 0.095149 -1.704546
v -1.344194 0.095149 -1.704546
v -1.344194 0.242323 -1.704546
v -1.344194 0.242323 -1.704546
v -1.344194 0.242323 -1.923672
v -1.344194 0.242323 -1.923672
v -1.393579 0.242323 -1.923671
v -1.393579 0.242323 -1.923671
v -1.393579 0.242323 -1.923671
v -1.393579 0.095149 -1.923671
v -1.393579 0.095149 -1.923671
v -1.393579 0.095149 -1.923671
v -1.393579 0.095149 -1.704546
v -1.393579 0.095149 -1.704546
v -1.393579 0.242323 -1.704546
v -1.393579 0.242323 -1.704546
v -1.393579 0.206597 -1.668594
v -1.393579 0.206597 -1.668594
v -1.344194 0.206597 -1.668594
v -1.344194 0.206597 -1.668594
v -1.344194 0.137582 -1.668594
v -1.344194 0.137582 -1.668594
v -1.393579 0.137582 -1.668594
v -1.393579 0.137582 -1.668594
v -1.351554 0.137582 -1.959624
v -1.351554 0.137582 -1.959624
v -1.351554 0.206597 -1.959624
v -1.351554 0.206597 -1.959624
v -1.412454 0.137582 -1.959624
v -1.412454 0.137582 -1.959624
v -1.412454 0.206597 -1.959624
v -1.412454 0.206597 -1.959624
v -1.344194 0.095149 -1.504277
v -1.344194 0.095149 -1.504277
v -1.344194 0.095149 -1.285151
v -1.344194 0.095149 -1.285151
v -1.344194 0.242323 -1.285151
v -1.344194 0.242323 -1.285151
v -1.344194 0.242323 -1.504277
v -1.344194 0.242323 -1.504277
v -1.393579 0.242323 -1.285151
v -1.393579 0.242323 -1.285151
v -1.393579 0.242323 -1.285151
v -1.393579 0.095149 -1.285151
v -1.393579 0.095149 -1.285151
v -1.393579 0.095149 -1.285151
v -1.393579 0.095149 -1.504277
v -1.393579 0.095149 -1.504277
v -1.393579 0.242323 -1.504277
v -1.393579 0.242323 -1.504277
v -1.432514 0.206597 -1.249199
v -1.432514 0.206597 -1.249199
v -1.432514 0.206597 -1.249199
v -1.344194 0.206597 -1.249199
v -1.344194 0.206597 -1.249199
v -1.432514 0.137582 -1.249199
v -1.432514 0.137582 -1.249199
v -1.432514 0.137582 -1.249199
v -1.344194 0.137582 -1.249199
v -1.344194 0.137582 -1.249199
v -1.393579 0.137582 -1.540228
v -1.393579 0.137582 -1.540228
v -1.344194 0.137582 -1.540228
v -1.344194 0.137582 -1.540228
v -1.344194 0.206597 -1.540228
v -1.344194 0.206597 -1.540228
v -1.393579 0.206597 -1.540228
v -1.393579 0.206597 -1.540228
v -1.344194 0.206597 -1.190007
v -1.344194 0.206597 -1.190007
v -1.344194 0.137582 -1.190007
v -1.344194 0.137582 -1.190007
v -1.432514 0.206597 -1.190007
v -1.432514 0.206597 -1.190007
v -1.432514 0.137582 -1.190007
v -1.432514 0.137582 -1.190007
v -1.420371 0.122903 -1.239635
v -1.420371 0.122903 -1.239635
v -1.356337 0.122903 -1.239635
v -1.356337 0.122903 -1.239635
v -1.420371 0.122903 -1.118187
v -1.356337 0.122903 -1.118187
v -1.356337 0.122903 -1.072707
v -1.420371 0.498978 -1.118187
v -1.420371 0.498978 -1.118187
v -1.420371 0.600663 -1.239635
v -1.420371 0.413062 -1.239635
v -1.420371 0.413062 -1.239635
v -1.420371 0.122903 -1.072707
v -1.356337 0.600663 -1.239635
v -1.356337 0.498978 -1.118187
v -1.356337 0.498978 -1.118187
v -1.420371 0.359186 -1.118187
v -1.420371 0.359186 -1.118187
v -1.356337 0.359186 -1.118187
v -1.356337 0.359186 -1.118187
v -1.420371 0.175190 -0.795325
v -1.420371 0.175190 -0.795325
v -1.356337 0.175190 -0.795325
v -1.356337 0.175190 -0.795325
v -1.356337 0.274200 -0.795325
v -1.356337 0.274200 -0.795325
v -1.420371 0.274200 -0.795325
v -1.420371 0.274200 -0.795325
v -1.356337 0.413062 -1.239635
v -1.356337 0.413062 -1.239635
v -1.420371 0.347802 -1.072707
v -1.356337 0.347802 -1.072707
v -1.420371 0.728133 -1.479068
v -1.420371 0.728133 -1.479068
v -1.356337 0.728133 -1.479068
v -1.356337 0.728133 -1.479068
v -1.417075 0.493268 -1.390819
v -1.417075 0.493268 -1.390819
v -1.359634 0.493268 -1.390819
v -1.359634 0.493268 -1.390819
v -1.417075 0.493268 -1.865057
v -1.417075 0.493268 -1.865057
v -1.359634 0.493268 -1.865057
v -1.359634 0.493268 -1.865057
v -1.344194 0.095149 1.357205
v -1.344194 0.095149 1.357205
v -1.344194 0.095149 1.138080
v -1.344194 0.095149 1.138080
v -1.344194 0.242323 1.138080
v -1.344194 0.242323 1.138080
v -1.344194 0.242323 1.357205
v -1.344194 0.242323 1.357205
v -1.393579 0.095149 1.357205
v -1.393579 0.095149 1.357205
v -1.393579 0.095149 1.138080
v -1.393579 0.095149 1.138080
v -1.393579 0.242323 1.138080
v -1.393579 0.242323 1.138080
v -1.393579 0.242323 1.357205
v -1.393579 0.242323 1.357205
v -1.393579 0.206597 1.102127
v -1.393579 0.206597 1.102127
v -1.344194 0.206597 1.102127
v -1.344194 0.206597 1.102127
v -1.344194 0.137582 1.102127
v -1.344194 0.137582 1.102127
v -1.393579 0.137582 1.102127
v -1.393579 0.137582 1.102127
v -1.344194 0.137582 1.394146
v -1.344194 0.137582 1.394146
v -1.344194 0.137582 1.394146
v -1.344194 0.137582 1.394146
v -1.344194 0.206597 1.394146
v -1.344194 0.206597 1.394146
v -1.344194 0.206597 1.394146
v -1.344194 0.206597 1.394146
v -1.393579 0.137582 1.395136
v -1.393579 0.137582 1.395136
v -1.393579 0.137582 1.395136
v -1.393579 0.137582 1.395136
v -1.393579 0.206597 1.395136
v -1.393579 0.206597 1.395136
v -1.393579 0.206597 1.395136
v -1.393579 0.206597 1.395136
v -1.344194 0.095149 0.937810
v -1.344194 0.095149 0.937810
v -1.344194 0.095149 0.718684
v -1.344194 0.095149 0.718684
v -1.344194 0.242323 0.718684
v -1.344194 0.242323 0.718684
v -1.344194 0.242323 0.937810
v -1.344194 0.242323 0.937810
v -1.393579 0.242323 0.718684
v -1.393579 0.242323 0.718684
v -1.393579 0.242323 0.718684
v -1.393579 0.095149 0.718684
v -1.393579 0.095149 0.718684
v -1.393579 0.095149 0.718684
v -1.393579 0.095149 0.937810
v -1.393579 0.095149 0.937810
v -1.393579 0.242323 0.937810
v -1.393579 0.242323 0.937810
v -1.432514 0.206597 0.682732
v -1.432514 0.206597 0.682732
v -1.432514 0.206597 0.682732
v -1.344194 0.206597 0.682732
v -1.344194 0.206597 0.682732
v -1.432514 0.137582 0.682732
v -1.432514 0.137582 0.682732
v -1.432514 0.137582 0.682732
v -1.344194 0.137582 0.682732
v -1.344194 0.137582 0.682732
v -1.393579 0.137582 0.973762
v -1.393579 0.137582 0.973762
v -1.344194 0.137582 0.973762
v -1.344194 0.137582 0.973762
v -1.344194 0.206597 0.973762
v -1.344194 0.206597 0.973762
v -1.393579 0.206597 0.973762
v -1.393579 0.206597 0.973762
v -1.344194 0.206597 0.623541
v -1.344194 0.206597 0.623541
v -1.344194 0.137582 0.623541
v -1.344194 0.137582 0.623541
v -1.432514 0.206597 0.623541
v -1.432514 0.206597 0.623541
v -1.432514 0.137582 0.623541
v -1.432514 0.137582 0.623541
v -1.420371 0.122903 0.673169
v -1.420371 0.122903 0.673169
v -1.356337 0.122903 0.673169
v -1.356337 0.122903 0.673169
v -1.420371 0.122903 0.551720
v -1.356337 0.122903 0.551720
v -1.356337 0.122903 0.506240
v -1.420371 0.498978 0.551720
v -1.420371 0.498978 0.551720
v -1.420371 0.600663 0.673169
v -1.420371 0.413062 0.673169
v -1.420371 0.413062 0.673169
v -1.420371 0.122903 0.506240
v -1.356337 0.600663 0.673169
v -1.356337 0.498978 0.551720
v -1.356337 0.498978 0.551720
v -1.420371 0.359186 0.551720
v -1.420371 0.359186 0.551720
v -1.356337 0.359186 0.551720
v -1.356337 0.359186 0.551720
v -1.420371 0.175190 0.228858
v -1.420371 0.175190 0.228858
v -1.356337 0.175190 0.228858
v -1.356337 0.175190 0.228858
v -1.356337 0.274200 0.228858
v -1.356337 0.274200 0.228858
v -1.420371 0.274200 0.228858
v -1.420371 0.274200 0.228858
v -1.356337 0.413062 0.673169
v -1.356337 0.413062 0.673169
v -1.420371 0.347802 0.506240
v -1.356337 0.347802 0.506240
v -1.420371 0.728133 0.912602
v -1.420371 0.728133 0.912602
v -1.356337 0.728133 0.912602
v -1.356337 0.728133 0.912602
v -1.420371 0.556467 0.912602
v -1.420371 0.556467 0.912602
v -1.356337 0.556467 0.912602
v -1.356337 0.556467 0.912602
v -1.420371 0.728133 2.307207
v -1.420371 0.728133 2.307207
v -1.356337 0.728133 2.307207
v -1.356337 0.728133 2.307207
v -1.356337 0.556467 2.533328
v -1.356337 0.556467 2.533328
v -1.420371 0.556467 2.533328
v -1.420371 0.556467 2.533328
v -1.344194 0.095149 1.770310
v -1.344194 0.095149 1.770310
v -1.344194 0.095149 1.551184
v -1.344194 0.095149 1.551184
v -1.344194 0.242323 1.551184
v -1.344194 0.242323 1.551184
v -1.344194 0.242323 1.770310
v -1.344194 0.242323 1.770310
v -1.393579 0.095149 1.770310
v -1.393579 0.095149 1.770310
v -1.393579 0.095149 1.551184
v -1.393579 0.095149 1.551184
v -1.393579 0.242323 1.551184
v -1.393579 0.242323 1.551184
v -1.393579 0.242323 1.770310
v -1.393579 0.242323 1.770310
v -1.393579 0.206597 1.515231
v -1.393579 0.206597 1.515231
v -1.344194 0.206597 1.515231
v -1.344194 0.206597 1.515231
v -1.344194 0.137582 1.515231
v -1.344194 0.137582 1.515231
v -1.393579 0.137582 1.515231
v -1.393579 0.137582 1.515231
v -1.344194 0.137582 1.806261
v -1.344194 0.137582 1.806261
v -1.344194 0.206597 1.806261
v -1.344194 0.206597 1.806261
v -1.393579 0.137582 1.806261
v -1.393579 0.137582 1.806261
v -1.393579 0.206597 1.806261
v -1.393579 0.206597 1.806261
v -1.419531 0.668269 -2.089132
v -1.419531 0.668269 -2.089132
v -1.420372 0.728133 -2.057094
v -1.420372 0.728133 -2.057094
v -1.356337 0.728133 -2.057094
v -1.356337 0.728133 -2.057094
v -1.357177 0.668269 -2.089132
v -1.357177 0.668269 -2.089132
v -1.393579 0.226348 -1.793881
v -1.393579 0.226348 -1.793881
v -1.393579 0.097675 -1.793881
v -1.393579 0.097675 -1.793881
v -1.393579 0.226348 -1.834336
v -1.393579 0.226348 -1.834336
v -1.393579 0.097675 -1.834336
v -1.393579 0.097675 -1.834336
v -1.393579 0.226348 -1.374486
v -1.393579 0.226348 -1.374486
v -1.393579 0.097675 -1.374486
v -1.393579 0.097675 -1.374486
v -1.393579 0.226348 -1.414941
v -1.393579 0.226348 -1.414941
v -1.393579 0.097675 -1.414941
v -1.393579 0.097675 -1.414941
v -1.393579 0.226348 1.227415
v -1.393579 0.226348 1.227415
v -1.393579 0.097675 1.227415
v -1.393579 0.097675 1.227415
v -1.393579 0.226348 1.267870
v -1.393579 0.226348 1.267870
v -1.393579 0.097675 1.267870
v -1.393579 0.097675 1.267870
v -1.393579 0.226348 0.814295
v -1.393579 0.226348 0.814295
v -1.393579 0.097675 0.814295
v -1.393579 0.097675 0.814295
v -1.393579 0.226348 0.854750
v -1.393579 0.226348 0.854750
v -1.393579 0.097675 0.854750
v -1.393579 0.097675 0.854750
v -1.393579 0.226348 1.640519
v -1.393579 0.226348 1.640519
v -1.393579 0.097675 1.640519
v -1.393579 0.097675 1.640519
v -1.393579 0.226348 1.680974
v -1.393579 0.226348 1.680974
v -1.393579 0.097675 1.680974
v -1.393579 0.097675 1.680974
v -1.409904 0.226348 -1.793881
v -1.409904 0.226348 -1.793881
v -1.409904 0.097675 -1.793881
v -1.409904 0.097675 -1.793881
v -1.409904 0.226348 -1.834336
v -1.409904 0.226348 -1.834336
v -1.409904 0.097675 -1.834336
v -1.409904 0.097675 -1.834336
v -1.409904 0.226348 -1.374486
v -1.409904 0.226348 -1.374486
v -1.409904 0.097675 -1.374486
v -1.409904 0.097675 -1.374486
v -1.409904 0.226348 -1.414941
v -1.409904 0.226348 -1.414941
v -1.409904 0.097675 -1.414941
v -1.409904 0.097675 -1.414941
v -1.409904 0.226348 1.227415
v -1.409904 0.226348 1.227415
v -1.409904 0.097675 1.227415
v -1.409904 0.097675 1.227415
v -1.409904 0.226348 1.267870
v -1.409904 0.226348 1.267870
v -1.409904 0.097675 1.267870
v -1.409904 0.097675 1.267870
v -1.409904 0.226348 0.814295
v -1.409904 0.226348 0.814295
v -1.409904 0.097675 0.814295
v -1.409904 0.097675 0.814295
v -1.409904 0.226348 0.854750
v -1.409904 0.226348 0.854750
v -1.409904 0.097675 0.854750
v -1.409904 0.097675 0.854750
v -1.409904 0.226348 1.640519
v -1.409904 0.226348 1.640519
v -1.409904 0.097675 1.640519
v -1.409904 0.097675 1.640519
v -1.409904 0.226348 1.680974
v -1.409904 0.226348 1.680974
v -1.409904 0.097675 1.680974
v -1.409904 0.097675 1.680974
v 0.889354 0.838292 -0.517490
v 0.889354 0.838292 -0.517490
v 0.889354 0.746273 -0.653137
v 0.889354 0.746273 -0.653137
v 0.832969 0.746273 -0.653137
v 0.832969 0.838292 -0.517490
v 0.832969 0.746273 0.046277
v 0.889354 0.746273 0.046277
v 0.889354 0.746273 0.046277
v 0.889354 0.838292 -0.089370
v 0.889354 0.838292 -0.089370
v 0.832969 0.838292 -0.089370
v 0.889354 0.499409 -0.653137
v 0.889354 0.499409 -0.653137
v 0.889354 0.407391 -0.517490
v 0.889354 0.407391 -0.517490
v 0.832969 0.407391 -0.517490
v 0.832969 0.499409 -0.653137
v 0.832969 0.407391 -0.089370
v 0.889354 0.407391 -0.089370
v 0.889354 0.407391 -0.089370
v 0.889354 0.499409 0.046277
v 0.889354 0.499409 0.046277
v 0.832969 0.499409 0.046277
v 0.889354 0.806704 -0.494619
v 0.889354 0.806704 -0.494619
v 0.889354 0.728395 -0.592012
v 0.889354 0.728395 -0.592012
v 0.853771 0.728395 -0.592012
v 0.853771 0.806704 -0.494619
v 0.853771 0.728395 -0.014849
v 0.889354 0.728395 -0.014849
v 0.889354 0.728395 -0.014849
v 0.889354 0.806704 -0.112241
v 0.889354 0.806704 -0.112241
v 0.853771 0.806704 -0.112241
v 0.889354 0.517287 -0.592012
v 0.889354 0.517287 -0.592012
v 0.889354 0.438979 -0.494619
v 0.889354 0.438979 -0.494619
v 0.853771 0.438979 -0.494619
v 0.853771 0.517287 -0.592012
v 0.853771 0.438979 -0.112241
v 0.889354 0.438979 -0.112241
v 0.889354 0.438979 -0.112241
v 0.889354 0.517287 -0.014849
v 0.889354 0.517287 -0.014849
v 0.853771 0.517287 -0.014849
v 0.761737 1.090058 -1.345460
v 0.761737 1.090058 -1.345460
v 0.761737 1.090058 -1.229081
v 0.761737 1.090058 -1.229081
v 0.860177 1.090058 -1.345460
v 0.860177 1.090058 -1.345460
v 0.860177 1.090058 -1.229081
v 0.860177 1.090058 -1.229081
v 0.761737 1.048514 -1.229081
v 0.860177 1.048514 -1.229081
v 0.860177 1.048514 -1.345460
v 0.761737 1.048514 -1.345460
v 1.344194 0.095149 -1.923672
v 1.344194 0.095149 -1.923672
v 1.344194 0.095149 -1.704546
v 1.344194 0.095149 -1.704546
v 1.344194 0.242323 -1.704546
v 1.344194 0.242323 -1.704546
v 1.344194 0.242323 -1.923672
v 1.344194 0.242323 -1.923672
v 1.393579 0.242323 -1.923672
v 1.393579 0.242323 -1.923672
v 1.393579 0.242323 -1.923672
v 1.393579 0.095149 -1.923672
v 1.393579 0.095149 -1.923672
v 1.393579 0.095149 -1.923672
v 1.393579 0.095149 -1.704546
v 1.393579 0.095149 -1.704546
v 1.393579 0.242323 -1.704546
v 1.393579 0.242323 -1.704546
v 1.393579 0.206597 -1.668594
v 1.393579 0.206597 -1.668594
v 1.344194 0.206597 -1.668594
v 1.344194 0.206597 -1.668594
v 1.344194 0.137582 -1.668594
v 1.344194 0.137582 -1.668594
v 1.393579 0.137582 -1.668594
v 1.393579 0.137582 -1.668594
v 1.351553 0.137582 -1.959624
v 1.351553 0.137582 -1.959624
v 1.351553 0.206597 -1.959624
v 1.351553 0.206597 -1.959624
v 1.412454 0.137582 -1.959624
v 1.412454 0.137582 -1.959624
v 1.412454 0.206597 -1.959624
v 1.412454 0.206597 -1.959624
v 1.344194 0.095149 -1.504277
v 1.344194 0.095149 -1.504277
v 1.344194 0.095149 -1.285151
v 1.344194 0.095149 -1.285151
v 1.344194 0.242323 -1.285151
v 1.344194 0.242323 -1.285151
v 1.344194 0.242323 -1.504277
v 1.344194 0.242323 -1.504277
v 1.393579 0.242323 -1.285151
v 1.393579 0.242323 -1.285151
v 1.393579 0.242323 -1.285151
v 1.393579 0.095149 -1.285151
v 1.393579 0.095149 -1.285151
v 1.393579 0.095149 -1.285151
v 1.393579 0.095149 -1.504277
v 1.393579 0.095149 -1.504277
v 1.393579 0.242323 -1.504277
v 1.393579 0.242323 -1.504277
v 1.432514 0.206597 -1.249199
v 1.432514 0.206597 -1.249199
v 1.432514 0.206597 -1.249199
v 1.344194 0.206597 -1.249199
v 1.344194 0.206597 -1.249199
v 1.432514 0.137582 -1.249199
v 1.432514 0.137582 -1.249199
v 1.432514 0.137582 -1.249199
v 1.344194 0.137582 -1.249199
v 1.344194 0.137582 -1.249199
v 1.393579 0.137582 -1.540229
v 1.393579 0.137582 -1.540229
v 1.344194 0.137582 -1.540229
v 1.344194 0.137582 -1.540229
v 1.344194 0.206597 -1.540229
v 1.344194 0.206597 -1.540229
v 1.393579 0.206597 -1.540229
v 1.393579 0.206597 -1.540229
v 1.344194 0.206597 -1.190007
v 1.344194 0.206597 -1.190007
v 1.344194 0.137582 -1.190007
v 1.344194 0.137582 -1.190007
v 1.432514 0.206597 -1.190007
v 1.432514 0.206597 -1.190007
v 1.432514 0.137582 -1.190007
v 1.432514 0.137582 -1.190007
v 1.420371 0.122903 -1.239635
v 1.420371 0.122903 -1.239635
v 1.356337 0.122903 -1.239635
v 1.356337 0.122903 -1.239635
v 1.420371 0.122903 -1.118187
v 1.356337 0.122903 -1.118187
v 1.356337 0.122903 -1.072707
v 1.420371 0.498978 -1.118187
v 1.420371 0.498978 -1.118187
v 1.420371 0.600663 -1.239635
v 1.420371 0.413062 -1.239635
v 1.420371 0.413062 -1.239635
v 1.420371 0.122903 -1.072707
v 1.356337 0.600663 -1.239635
v 1.356337 0.498978 -1.118187
v 1.356337 0.498978 -1.118187
v 1.420371 0.359186 -1.118187
v 1.420371 0.359186 -1.118187
v 1.356337 0.359186 -1.118187
v 1.356337 0.359186 -1.118187
v 1.420371 0.175190 -0.795325
v 1.420371 0.175190 -0.795325
v 1.356337 0.175190 -0.795325
v 1.356337 0.175190 -0.795325
v 1.356337 0.274200 -0.795325
v 1.356337 0.274200 -0.795325
v 1.420371 0.274200 -0.795325
v 1.420371 0.274200 -0.795325
v 1.356337 0.413062 -1.239635
v 1.356337 0.413062 -1.239635
v 1.420371 0.347802 -1.072707
v 1.356337 0.347802 -1.072707
v 1.420371 0.728133 -1.479069
v 1.420371 0.728133 -1.479069
v 1.356337 0.728133 -1.479069
v 1.356337 0.728133 -1.479069
v 1.417074 0.493268 -1.390819
v 1.417074 0.493268 -1.390819
v 1.359634 0.493268 -1.390819
v 1.359634 0.493268 -1.390819
v 1.417074 0.493268 -1.865057
v 1.417074 0.493268 -1.865057
v 1.359633 0.493268 -1.865057
v 1.359633 0.493268 -1.865057
v 1.344194 0.095149 1.357205
v 1.344194 0.095149 1.357205
v 1.344194 0.095149 1.138079
v 1.344194 0.095149 1.138079
v 1.344194 0.242323 1.138079
v 1.344194 0.242323 1.138079
v 1.344194 0.242323 1.357205
v 1.344194 0.242323 1.357205
v 1.393579 0.095149 1.357205
v 1.393579 0.095149 1.357205
v 1.393579 0.095149 1.138079
v 1.393579 0.095149 1.138079
v 1.393579 0.242323 1.138079
v 1.393579 0.242323 1.138079
v 1.393579 0.242323 1.357205
v 1.393579 0.242323 1.357205
v 1.393579 0.206597 1.102127
v 1.393579 0.206597 1.102127
v 1.344194 0.206597 1.102127
v 1.344194 0.206597 1.102127
v 1.344194 0.137582 1.102127
v 1.344194 0.137582 1.102127
v 1.393579 0.137582 1.102127
v 1.393579 0.137582 1.102127
v 1.344194 0.137582 1.394145
v 1.344194 0.137582 1.394145
v 1.344194 0.137582 1.394145
v 1.344194 0.137582 1.394145
v 1.344194 0.206597 1.394145
v 1.344194 0.206597 1.394145
v 1.344194 0.206597 1.394145
v 1.344194 0.206597 1.394145
v 1.393579 0.137582 1.395135
v 1.393579 0.137582 1.395135
v 1.393579 0.137582 1.395135
v 1.393579 0.137582 1.395135
v 1.393579 0.206597 1.395135
v 1.393579 0.206597 1.395135
v 1.393579 0.206597 1.395135
v 1.393579 0.206597 1.395135
v 1.344194 0.095149 0.937809
v 1.344194 0.095149 0.937809
v 1.344194 0.095149 0.718684
v 1.344194 0.095149 0.718684
v 1.344194 0.242323 0.718684
v 1.344194 0.242323 0.718684
v 1.344194 0.242323 0.937809
v 1.344194 0.242323 0.937809
v 1.393579 0.242323 0.718684
v 1.393579 0.242323 0.718684
v 1.393579 0.242323 0.718684
v 1.393579 0.095149 0.718684
v 1.393579 0.095149 0.718684
v 1.393579 0.095149 0.718684
v 1.393579 0.095149 0.937809
v 1.393579 0.095149 0.937809
v 1.393579 0.242323 0.937809
v 1.393579 0.242323 0.937809
v 1.432514 0.206597 0.682732
v 1.432514 0.206597 0.682732
v 1.432514 0.206597 0.682732
v 1.344194 0.206597 0.682732
v 1.344194 0.206597 0.682732
v 1.432514 0.137582 0.682732
v 1.432514 0.137582 0.682732
v 1.432514 0.137582 0.682732
v 1.344194 0.137582 0.682732
v 1.344194 0.137582 0.682732
v 1.393579 0.137582 0.973762
v 1.393579 0.137582 0.973762
v 1.344194 0.137582 0.973762
v 1.344194 0.137582 0.973762
v 1.344194 0.206597 0.973762
v 1.344194 0.206597 0.973762
v 1.393579 0.206597 0.973762
v 1.393579 0.206597 0.973762
v 1.344194 0.206597 0.623541
v 1.344194 0.206597 0.623541
v 1.344194 0.137582 0.623541
v 1.344194 0.137582 0.623541
v 1.432514 0.206597 0.623541
v 1.432514 0.206597 0.623541
v 1.432514 0.137582 0.623541
v 1.432514 0.137582 0.623541
v 1.420371 0.122903 0.673168
v 1.420371 0.122903 0.673168
v 1.356337 0.122903 0.673168
v 1.356337 0.122903 0.673168
v 1.420371 0.122903 0.551720
v 1.356337 0.122903 0.551720
v 1.356337 0.122903 0.506240
v 1.420371 0.498978 0.551720
v 1.420371 0.498978 0.551720
v 1.420371 0.600663 0.673168
v 1.420371 0.413062 0.673168
v 1.420371 0.413062 0.673168
v 1.420371 0.122903 0.506240
v 1.356337 0.600663 0.673168
v 1.356337 0.498978 0.551720
v 1.356337 0.498978 0.551720
v 1.420371 0.359186 0.551720
v 1.420371 0.359186 0.551720
v 1.356337 0.359186 0.551720
v 1.356337 0.359186 0.551720
v 1.420371 0.175190 0.228858
v 1.420371 0.175190 0.228858
v 1.356337 0.175190 0.228858
v 1.356337 0.175190 0.228858
v 1.356337 0.274200 0.228858
v 1.356337 0.274200 0.228858
v 1.420371 0.274200 0.228858
v 1.420371 0.274200 0.228858
v 1.356337 0.413062 0.673168
v 1.356337 0.413062 0.673168
v 1.420371 0.347802 0.506240
v 1.356337 0.347802 0.506240
v 1.420371 0.728133 0.912602
v 1.420371 0.728133 0.912602
v 1.356337 0.728133 0.912602
v 1.356337 0.728133 0.912602
v 1.420371 0.556467 0.912602
v 1.420371 0.556467 0.912602
v 1.356337 0.556467 0.912602
v 1.356337 0.556467 0.912602
v 1.420371 0.728133 2.307207
v 1.420371 0.728133 2.307207
v 1.356337 0.728133 2.307207
v 1.356337 0.728133 2.307207
v 1.356337 0.556467 2.533328
v 1.356337 0.556467 2.533328
v 1.420372 0.556467 2.533328
v 1.420372 0.556467 2.533328
v 1.344194 0.095149 1.770309
v 1.344194 0.095149 1.770309
v 1.344194 0.095149 1.551184
v 1.344194 0.095149 1.551184
v 1.344194 0.242323 1.551184
v 1.344194 0.242323 1.551184
v 1.344194 0.242323 1.770309
v 1.344194 0.242323 1.770309
v 1.393579 0.095149 1.770309
v 1.393579 0.095149 1.770309
v 1.393579 0.095149 1.551184
v 1.393579 0.095149 1.551184
v 1.393579 0.242323 1.551184
v 1.393579 0.242323 1.551184
v 1.393579 0.242323 1.770309
v 1.393579 0.242323 1.770309
v 1.393579 0.206597 1.515231
v 1.393579 0.206597 1.515231
v 1.344194 0.206597 1.515231
v 1.344194 0.206597 1.515231
v 1.344194 0.137582 1.515231
v 1.344194 0.137582 1.515231
v 1.393579 0.137582 1.515231
v 1.393579 0.137582 1.515231
v 1.344194 0.137582 1.806261
v 1.344194 0.137582 1.806261
v 1.344194 0.206597 1.806261
v 1.344194 0.206597 1.806261
v 1.393579 0.137582 1.806261
v 1.393579 0.137582 1.806261
v 1.393579 0.206597 1.806261
v 1.393579 0.206597 1.806261
v 1.419531 0.668269 -2.089133
v 1.419531 0.668269 -2.089133
v 1.420371 0.728133 -2.057094
v 1.420371 0.728133 -2.057094
v 1.356337 0.728133 -2.057094
v 1.356337 0.728133 -2.057094
v 1.357177 0.668269 -2.089132
v 1.357177 0.668269 -2.089132
v 1.393579 0.226348 -1.793882
v 1.393579 0.226348 -1.793882
v 1.393579 0.097675 -1.793882
v 1.393579 0.097675 -1.793882
v 1.393579 0.226348 -1.834336
v 1.393579 0.226348 -1.834336
v 1.393579 0.097675 -1.834336
v 1.393579 0.097675 -1.834336
v 1.393579 0.226348 -1.374486
v 1.393579 0.226348 -1.374486
v 1.393579 0.097675 -1.374486
v 1.393579 0.097675 -1.374486
v 1.393579 0.226348 -1.414941
v 1.393579 0.226348 -1.414941
v 1.393579 0.097675 -1.414941
v 1.393579 0.097675 -1.414941
v 1.393579 0.226348 1.227415
v 1.393579 0.226348 1.227415
v 1.393579 0.097675 1.227415
v 1.393579 0.097675 1.227415
v 1.393579 0.226348 1.267870
v 1.393579 0.226348 1.267870
v 1.393579 0.097675 1.267870
v 1.393579 0.097675 1.267870
v 1.393579 0.226348 0.814295
v 1.393579 0.226348 0.814295
v 1.393579 0.097675 0.814295
v 1.393579 0.097675 0.814295
v 1.393579 0.226348 0.854750
v 1.393579 0.226348 0.854750
v 1.393579 0.097675 0.854750
v 1.393579 0.097675 0.854750
v 1.393579 0.226348 1.640519
v 1.393579 0.226348 1.640519
v 1.393579 0.097675 1.640519
v 1.393579 0.097675 1.640519
v 1.393579 0.226348 1.680974
v 1.393579 0.226348 1.680974
v 1.393579 0.097675 1.680974
v 1.393579 0.097675 1.680974
v 1.409904 0.226348 -1.793882
v 1.409904 0.226348 -1.793882
v 1.409904 0.097675 -1.793882
v 1.409904 0.097675 -1.793882
v 1.409904 0.226348 -1.834336
v 1.409904 0.226348 -1.834336
v 1.409904 0.097675 -1.834336
v 1.409904 0.097675 -1.834336
v 1.409904 0.226348 -1.374486
v 1.409904 0.226348 -1.374486
v 1.409904 0.097675 -1.374486
v 1.409904 0.097675 -1.374486
v 1.409904 0.226348 -1.414941
v 1.409904 0.226348 -1.414941
v 1.409904 0.097675 -1.414941
v 1.409904 0.097675 -1.414941
v 1.409904 0.226348 1.227415
v 1.409904 0.226348 1.227415
v 1.409904 0.097675 1.227415
v 1.409904 0.097675 1.227415
v 1.409904 0.226348 1.267870
v 1.409904 0.226348 1.267870
v 1.409904 0.097675 1.267870
v 1.409904 0.097675 1.267870
v 1.409904 0.226348 0.814295
v 1.409904 0.226348 0.814295
v 1.409904 0.097675 0.814295
v 1.409904 0.097675 0.814295
v 1.409904 0.226348 0.854750
v 1.409904 0.226348 0.854750
v 1.409904 0.097675 0.854750
v 1.409904 0.097675 0.854750
v 1.409904 0.226348 1.640519
v 1.409904 0.226348 1.640519
v 1.409904 0.097675 1.640519
v 1.409904 0.097675 1.640519
v 1.409904 0.226348 1.680974
v 1.409904 0.226348 1.680974
v 1.409904 0.097675 1.680974
v 1.409904 0.097675 1.680974
v 0.108768 0.843163 -2.441319
v 0.108768 0.843163 -2.441319
v 0.108768 0.843163 -2.441319
v 0.108768 0.764703 -2.441319
v 0.108768 0.764703 -2.441319
v 0.108768 0.764703 -2.441319
v 0.118963 0.755184 -2.441319
v 0.118963 0.755184 -2.441319
v 0.118963 0.852682 -2.441319
v 0.118963 0.852682 -2.441319
v -0.054916 0.773936 -2.270660
v -0.039584 0.850731 -2.270660
v -0.099856 0.845044 -2.090166
v 0.116513 0.730764 -2.492217
v 0.116513 0.730764 -2.492217
v 0.157151 0.654472 -2.492217
v 0.157151 0.654472 -2.492217
v 0.123698 0.634226 -2.431509
v 0.123698 0.634226 -2.431509
v 0.070595 0.688419 -2.441319
v 0.202481 0.803383 -2.492217
v 0.202481 0.803383 -2.492217
v 0.202481 0.803383 -2.492217
v 0.202481 0.803383 -2.492217
v 0.202481 0.803383 -2.492217
v 0.202481 0.654472 -2.492217
v 0.160064 0.923475 -2.435549
v 0.160064 0.923475 -2.435549
v 0.160064 0.923475 -2.435549
v 0.202481 0.968522 -2.423938
v 0.202481 0.968522 -2.423938
v 0.202481 0.968522 -2.423938
v 0.492426 0.778444 -2.299297
v 0.306250 0.764703 -2.498593
v 0.306250 0.764703 -2.498593
v 0.306250 0.764703 -2.498593
v 0.296054 0.852682 -2.498593
v 0.296054 0.852682 -2.498593
v 0.306250 0.843163 -2.498593
v 0.306250 0.843163 -2.498593
v 0.306250 0.843163 -2.498593
v 0.108768 0.843163 -2.498593
v 0.108768 0.843163 -2.498593
v 0.108768 0.843163 -2.498593
v 0.108768 0.764703 -2.498593
v 0.108768 0.764703 -2.498593
v 0.108768 0.764703 -2.498593
v 0.118963 0.755184 -2.498593
v 0.118963 0.755184 -2.498593
v 0.118963 0.852682 -2.498593
v 0.118963 0.852682 -2.498593
v -0.077408 0.778444 -2.299297
v -0.061970 0.855239 -2.299297
v -0.141996 0.857711 -2.090166
v 0.130139 0.634205 -2.377820
v 0.130139 0.634205 -2.377820
v 0.163592 0.654451 -2.377820
v 0.122954 0.730743 -2.377820
v 0.077036 0.688398 -2.377820
v 0.202481 0.803363 -2.424512
v 0.202481 0.803363 -2.424512
v 0.202481 0.803363 -2.424512
v 0.202481 0.803363 -2.424512
v 0.202481 0.803363 -2.424512
v 0.202481 0.654451 -2.377820
v 0.166505 0.924151 -2.372049
v 0.166505 0.924151 -2.372049
v 0.166505 0.924151 -2.372049
v 0.029070 0.538265 -2.298711
v 0.029070 0.538265 -2.298711
v -0.041242 0.466271 -2.090166
v -0.054974 0.568472 -2.330461
v -0.149786 0.472470 -2.090166
v -0.024033 0.592458 -2.298711
v -0.024033 0.592458 -2.298711
v 0.025205 0.975088 -2.248826
v 0.094524 1.019535 -2.231678
v 0.016909 1.019535 -2.090166
v 0.040503 0.975088 -2.206120
v 0.040503 0.975088 -2.206120
v -0.051950 0.975088 -2.090166
v -0.013993 0.975088 -2.090166
v 0.048394 0.984816 -2.204174
v 0.048394 0.984816 -2.204174
v 0.167743 0.950287 -2.374263
v 0.167743 0.950287 -2.374263
v 0.202481 0.950287 -2.381974
v 0.014432 1.001830 -2.090166
v -0.122441 0.769906 -2.090166
v -0.164581 0.782572 -2.090166
v -0.096683 0.418277 -2.090166
v -0.094345 0.520464 -2.090166
v 0.579598 0.782572 -2.090166
v 0.288449 0.730764 -2.492217
v 0.288449 0.730764 -2.492217
v 0.247811 0.654472 -2.492217
v 0.247811 0.654472 -2.492217
v 0.281263 0.634226 -2.431509
v 0.281263 0.634226 -2.431509
v 0.334366 0.688419 -2.441319
v 0.244898 0.923475 -2.435549
v 0.244898 0.923475 -2.435549
v 0.244898 0.923475 -2.435549
v 0.296054 0.755184 -2.441319
v 0.296054 0.755184 -2.441319
v 0.296054 0.755184 -2.498593
v 0.296054 0.755184 -2.498593
v 0.296054 0.852682 -2.441319
v 0.296054 0.852682 -2.441319
v 0.476987 0.855239 -2.299297
v 0.557013 0.857711 -2.090166
v 0.306250 0.764703 -2.441319
v 0.306250 0.764703 -2.441319
v 0.306250 0.764703 -2.441319
v 0.454601 0.850731 -2.270660
v 0.514874 0.845044 -2.090166
v 0.469934 0.773936 -2.270660
v 0.306250 0.843163 -2.441319
v 0.306250 0.843163 -2.441319
v 0.306250 0.843163 -2.441319
v 0.274822 0.634205 -2.377820
v 0.274822 0.634205 -2.377820
v 0.241370 0.654451 -2.377820
v 0.282008 0.730743 -2.377820
v 0.327925 0.688398 -2.377820
v 0.238457 0.924151 -2.372049
v 0.238457 0.924151 -2.372049
v 0.238457 0.924151 -2.372049
v 0.375892 0.538265 -2.298711
v 0.375892 0.538265 -2.298711
v 0.446204 0.466271 -2.090166
v 0.459935 0.568472 -2.330461
v 0.554747 0.472470 -2.090166
v 0.428995 0.592458 -2.298711
v 0.428995 0.592458 -2.298711
v 0.379757 0.975088 -2.248826
v 0.310438 1.019535 -2.231678
v 0.388052 1.019535 -2.090166
v 0.364458 0.975088 -2.206120
v 0.364458 0.975088 -2.206120
v 0.456911 0.975088 -2.090166
v 0.418955 0.975088 -2.090166
v 0.356568 0.984816 -2.204174
v 0.356568 0.984816 -2.204174
v 0.237218 0.950287 -2.374263
v 0.237218 0.950287 -2.374263
v 0.390529 1.001830 -2.090166
v 0.537459 0.769906 -2.090166
v 0.501645 0.418277 -2.090166
v 0.499307 0.520464 -2.090166
v 0.000360 0.431485 -2.171121
v 0.000360 0.431485 -2.171121
v 0.131096 0.431485 -2.171121
v 0.131096 0.431485 -2.171121
v 0.131096 0.431485 -2.171121
v -0.089076 0.529064 -2.171121
v -0.139621 0.664479 -2.171121
v -0.124662 0.806803 -2.171121
v -0.053108 0.930739 -2.171121
v 0.062669 1.009345 -2.171121
v 0.206044 1.046765 -2.171121
v 0.411729 0.431485 -2.171121
v 0.411729 0.431485 -2.171121
v 0.280992 0.431485 -2.171121
v 0.280992 0.431485 -2.171121
v 0.280992 0.431485 -2.171121
v 0.499217 0.520007 -2.171121
v 0.551710 0.664479 -2.171121
v 0.536751 0.806803 -2.171121
v 0.465197 0.930739 -2.171121
v 0.349419 1.009345 -2.171121
v 0.131096 0.431485 -2.108442
v 0.000360 0.431485 -2.108442
v 0.411729 0.431485 -2.108442
v 0.280992 0.431485 -2.108442
v 0.131096 0.408346 -2.141881
v 0.280992 0.408346 -2.141881
v -0.413345 0.263225 1.639077
v -0.413346 0.263225 -1.691149
v 0.413346 0.263225 1.639077
v 0.413345 0.263225 -1.691149
v -0.338593 0.305875 2.561378
v -0.303491 0.338439 2.493118
v -0.473226 0.338439 2.493118
v -0.438124 0.305875 2.561378
v -0.338593 0.341663 2.589669
v -0.303491 0.374228 2.521408
v -0.317265 0.309813 2.604778
v -0.267120 0.356333 2.507263
v -0.509597 0.356333 2.507263
v -0.459452 0.309813 2.604778
v -0.473226 0.374228 2.521408
v -0.438124 0.341663 2.589669
v -0.339917 0.457733 -2.177231
v -0.339917 0.457733 -2.177231
v -0.438124 0.457733 -2.177231
v -0.438124 0.457733 -2.177231
v -0.514578 0.534188 -2.177231
v -0.514578 0.534188 -2.177231
v -0.514578 0.671548 -2.177231
v -0.514578 0.671548 -2.177231
v -0.438124 0.748003 -2.177231
v -0.438124 0.748003 -2.177231
v -0.339917 0.748003 -2.177231
v -0.339917 0.748003 -2.177231
v -0.263462 0.671548 -2.177231
v -0.263462 0.671548 -2.177231
v -0.263462 0.534188 -2.177231
v -0.263462 0.534188 -2.177231
v -0.514578 0.534188 -2.034955
v -0.438124 0.457733 -2.034955
v -0.263462 0.534188 -2.034955
v -0.263462 0.671548 -2.034955
v -0.339917 0.748003 -2.034955
v -0.438124 0.748003 -2.034955
v -0.514578 0.671548 -2.034955
v -0.339917 0.457733 -2.034955
v 1.034106 0.637465 -1.853636
v 1.034106 0.637465 -1.853636
v -1.030901 0.637465 -1.853636
v -1.030901 0.637465 -1.853636
v 1.034106 0.637465 -2.143016
v 1.034106 0.637465 -2.143016
v -1.030901 0.637465 -2.143016
v -1.030901 0.637465 -2.143016
v 1.034106 0.585219 -2.143016
v 1.034106 0.585219 -2.143016
v -1.030901 0.585219 -2.143016
v -1.030901 0.585219 -2.143016
v -1.030901 0.585219 -2.007231
v 1.034106 0.585219 -2.007231
v 0.227611 1.129148 -1.584477
v 0.227611 1.159888 -1.584688
v -0.227612 1.159888 -1.584688
v -0.227612 1.129149 -1.584477
v 0.227611 1.194169 -0.791417
v 0.227611 1.163429 -0.791206
v -0.227612 1.163429 -0.791206
v -0.227612 1.194169 -0.791417
v -0.191383 1.211702 -0.734753
v -0.191383 1.211702 -0.734753
v -0.148308 1.211702 -0.734753
v -0.148308 1.211702 -0.734753
v -0.148308 1.174994 -0.736368
v -0.191383 1.174993 -0.736368
v -0.191383 1.200569 -0.813091
v -0.191383 1.200569 -0.813091
v -0.191383 1.212692 -0.782567
v -0.148308 1.212692 -0.782567
v -0.148308 1.200570 -0.813091
v -0.148308 1.200570 -0.813091
v -0.191383 1.176599 -0.813913
v -0.148308 1.176599 -0.813913
v 0.191383 1.211702 -0.734753
v 0.191383 1.211702 -0.734753
v 0.148308 1.211702 -0.734753
v 0.148308 1.211702 -0.734753
v 0.148308 1.174994 -0.736368
v 0.191383 1.174993 -0.736368
v 0.191383 1.200569 -0.813091
v 0.191383 1.200569 -0.813091
v 0.191383 1.212692 -0.782567
v 0.148308 1.212692 -0.782567
v 0.148308 1.200570 -0.813091
v 0.148308 1.200570 -0.813091
v 0.191383 1.176599 -0.813913
v 0.148308 1.176599 -0.813913
v 0.191383 1.171600 -1.605057
v 0.191383 1.171600 -1.605057
v 0.148308 1.171601 -1.605057
v 0.148308 1.171601 -1.605057
v 0.148308 1.134892 -1.604128
v 0.191383 1.134892 -1.604128
v 0.148308 1.164866 -1.560024
v 0.148308 1.164866 -1.560024
v 0.191383 1.164866 -1.560024
v 0.191383 1.164866 -1.560024
v 0.191383 1.136498 -1.559551
v 0.148308 1.136498 -1.559551
v -0.191383 1.171600 -1.605057
v -0.191383 1.171600 -1.605057
v -0.148308 1.171601 -1.605057
v -0.148308 1.171601 -1.605057
v -0.148308 1.134892 -1.604128
v -0.191383 1.134892 -1.604128
v -0.148308 1.164866 -1.560024
v -0.148308 1.164866 -1.560024
v -0.191383 1.164866 -1.560024
v -0.191383 1.164866 -1.560024
v -0.191383 1.136498 -1.559551
v -0.148308 1.136498 -1.559551
v -0.812757 0.908921 1.875592
v -0.812757 0.908921 1.439408
v -0.812757 0.989084 1.439408
v -0.812757 0.989084 1.875592
v -0.890034 0.908921 1.875592
v -0.890034 0.908921 1.439408
v -0.890034 0.989084 1.439408
v -0.890034 0.989084 1.875592
v 0.812757 0.908921 1.875591
v 0.812757 0.908921 1.439407
v 0.812757 0.989084 1.439407
v 0.812757 0.989084 1.875591
v 0.890035 0.908921 1.875591
v 0.890035 0.908921 1.439407
v 0.890035 0.989084 1.439407
v 0.890035 0.989084 1.875591
v -0.523646 0.300867 2.497971
v -0.523646 0.300867 2.497971
v -0.438279 0.300867 2.497971
v -0.438279 0.300867 2.497971
v -0.523646 0.436102 2.598070
v -0.523646 0.436102 2.598070
v -0.438279 0.436102 2.598070
v -0.438279 0.436102 2.598070
v -0.438279 0.478035 2.471488
v -0.438279 0.478035 2.471488
v -0.523646 0.478035 2.471488
v -0.523646 0.478035 2.471488
v -0.358669 0.808057 -1.345724
v -0.358669 0.113815 -1.345724
v -0.358669 0.113815 -1.345724
v -0.358669 0.113815 -1.837737
v -0.358669 0.461309 -2.160143
v -0.358669 0.240313 -2.160143
v -0.358669 0.240313 -2.160143
v -0.390615 0.808057 -1.345724
v -0.390615 0.113815 -1.345724
v -0.390615 0.113815 -1.345724
v -0.390615 0.113815 -1.837737
v -0.390615 0.461309 -2.160143
v -0.390615 0.240313 -2.160143
v -0.390615 0.240313 -2.160143
v 0.057690 0.492457 -2.248056
v 0.057690 0.440800 -2.248056
v 0.057690 0.440800 -2.248056
v 0.080374 0.492457 -2.248056
v 0.080374 0.440800 -2.248056
v 0.080374 0.440800 -2.248056
v 0.057690 0.440800 -2.107368
v 0.080374 0.440800 -2.107368
v 0.017613 0.492457 -2.248056
v 0.017613 0.440800 -2.248056
v 0.017613 0.440800 -2.248056
v 0.040297 0.492457 -2.248056
v 0.040297 0.440800 -2.248056
v 0.040297 0.440800 -2.248056
v 0.017613 0.440800 -2.107368
v 0.040297 0.440800 -2.107368
v -0.334227 0.300867 2.497971
v -0.334227 0.300867 2.497971
v -0.248860 0.300867 2.497971
v -0.248860 0.300867 2.497971
v -0.334227 0.436102 2.598070
v -0.334227 0.436102 2.598070
v -0.248860 0.436102 2.598070
v -0.248860 0.436102 2.598070
v -0.248860 0.478035 2.471488
v -0.248860 0.478035 2.471488
v -0.334227 0.478035 2.471488
v -0.334227 0.478035 2.471488
v -0.403709 0.287881 2.580164
v -0.403709 0.287881 2.580164
v -0.372155 0.287881 2.580164
v -0.372155 0.287881 2.580164
v -0.361711 0.291797 2.628583
v -0.414153 0.291797 2.628583
v -0.372189 0.323660 2.608476
v -0.372189 0.323660 2.608476
v -0.403675 0.323660 2.608476
v -0.403675 0.323660 2.608476
v -0.901079 0.291154 -0.464328
v -0.901079 0.291154 -0.464328
v -0.901079 0.291154 -0.148289
v -0.901079 0.291154 -0.148289
v 0.901079 0.291154 -0.464329
v 0.901079 0.291154 -0.464329
v 0.901079 0.291154 -0.148289
v 0.901079 0.291154 -0.148289
v -0.000000 0.223818 -0.426189
v -0.000000 0.223818 -0.110150
v -0.901079 0.323028 -0.464328
v -0.901079 0.323028 -0.464328
v -0.901079 0.323028 -0.148289
v -0.901079 0.323028 -0.148289
v 0.901079 0.323028 -0.464329
v 0.901079 0.323028 -0.464329
v 0.901079 0.323028 -0.148289
v 0.901079 0.323028 -0.148289
v -0.000000 0.255692 -0.426189
v -0.000000 0.255692 -0.110150
v 0.664995 0.537293 2.649423
v 0.664995 0.547122 2.636372
v 0.664995 0.547122 2.636372
v 0.664995 0.515967 2.661950
v 0.664995 0.501482 2.663283
v 0.664995 0.501482 2.663283
v 0.664995 0.510321 2.532550
v 0.664995 0.464650 2.559375
v 0.789245 0.537294 2.649423
v 0.789245 0.547122 2.636372
v 0.789245 0.547122 2.636372
v 0.789245 0.515968 2.661949
v 0.789245 0.501482 2.663283
v 0.789245 0.501482 2.663283
v 0.789245 0.510321 2.532550
v 0.789245 0.464650 2.559375
v 0.680646 0.525048 2.574096
v 0.680646 0.525048 2.574096
v 0.773594 0.525048 2.574097
v 0.773594 0.525048 2.574097
v 0.680646 0.479377 2.600922
v 0.680646 0.479377 2.600922
v 0.773594 0.479377 2.600922
v 0.773594 0.479377 2.600922
v 0.680646 0.543212 2.625341
v 0.680646 0.543212 2.625341
v 0.680646 0.497560 2.652219
v 0.680646 0.497560 2.652219
v 0.773593 0.543212 2.625341
v 0.773593 0.543212 2.625341
v 0.773594 0.497560 2.652218
v 0.773594 0.497560 2.652218
v 0.301063 0.537293 2.649423
v 0.301063 0.547122 2.636372
v 0.301063 0.547122 2.636372
v 0.301063 0.515967 2.661950
v 0.301063 0.501482 2.663283
v 0.301063 0.501482 2.663283
v 0.301063 0.510321 2.532550
v 0.301063 0.464650 2.559375
v 0.425313 0.537294 2.649423
v 0.425313 0.547122 2.636372
v 0.425313 0.547122 2.636372
v 0.425313 0.515968 2.661949
v 0.425313 0.501482 2.663283
v 0.425313 0.501482 2.663283
v 0.425313 0.510321 2.532550
v 0.425313 0.464650 2.559375
v 0.316714 0.525048 2.574096
v 0.316714 0.525048 2.574096
v 0.409662 0.525048 2.574097
v 0.409662 0.525048 2.574097
v 0.316714 0.479377 2.600922
v 0.316714 0.479377 2.600922
v 0.409662 0.479377 2.600922
v 0.409662 0.479377 2.600922
v 0.316714 0.543212 2.625341
v 0.316714 0.543212 2.625341
v 0.316714 0.497560 2.652219
v 0.316714 0.497560 2.652219
v 0.409662 0.543212 2.625341
v 0.409662 0.543212 2.625341
v 0.409662 0.497560 2.652218
v 0.409662 0.497560 2.652218
v -0.062869 0.537293 2.649423
v -0.062869 0.547122 2.636372
v -0.062869 0.547122 2.636372
v -0.062869 0.515967 2.661950
v -0.062869 0.501482 2.663283
v -0.062869 0.501482 2.663283
v -0.062869 0.510321 2.532550
v -0.062869 0.464650 2.559375
v 0.061381 0.537294 2.649423
v 0.061381 0.547122 2.636372
v 0.061381 0.547122 2.636372
v 0.061381 0.515968 2.661949
v 0.061381 0.501482 2.663283
v 0.061381 0.501482 2.663283
v 0.061381 0.510321 2.532550
v 0.061381 0.464650 2.559375
v -0.047218 0.525048 2.574096
v -0.047218 0.525048 2.574096
v 0.045730 0.525048 2.574097
v 0.045730 0.525048 2.574097
v -0.047218 0.479377 2.600922
v -0.047218 0.479377 2.600922
v 0.045730 0.479377 2.600922
v 0.045730 0.479377 2.600922
v -0.047218 0.543212 2.625341
v -0.047218 0.543212 2.625341
v -0.047218 0.497560 2.652219
v -0.047218 0.497560 2.652219
v 0.045730 0.543212 2.625341
v 0.045730 0.543212 2.625341
v 0.045730 0.497560 2.652218
v 0.045730 0.497560 2.652218
v -0.426801 0.537293 2.649423
v -0.426801 0.547122 2.636372
v -0.426801 0.547122 2.636372
v -0.426801 0.515967 2.661950
v -0.426801 0.501482 2.663283
v -0.426801 0.501482 2.663283
v -0.426801 0.510321 2.532550
v -0.426801 0.464650 2.559375
v -0.302551 0.537294 2.649423
v -0.302551 0.547122 2.636372
v -0.302551 0.547122 2.636372
v -0.302551 0.515968 2.661949
v -0.302551 0.501482 2.663283
v -0.302551 0.501482 2.663283
v -0.302551 0.510321 2.532550
v -0.302551 0.464650 2.559375
v -0.411150 0.525048 2.574096
v -0.411150 0.525048 2.574096
v -0.318202 0.525048 2.574097
v -0.318202 0.525048 2.574097
v -0.411150 0.479377 2.600922
v -0.411150 0.479377 2.600922
v -0.318202 0.479377 2.600922
v -0.318202 0.479377 2.600922
v -0.411150 0.543212 2.625341
v -0.411150 0.543212 2.625341
v -0.411150 0.497560 2.652219
v -0.411150 0.497560 2.652219
v -0.318202 0.543212 2.625341
v -0.318202 0.543212 2.625341
v -0.318202 0.497560 2.652218
v -0.318202 0.497560 2.652218
v -0.790733 0.537293 2.649423
v -0.790733 0.547122 2.636372
v -0.790733 0.547122 2.636372
v -0.790733 0.515967 2.661950
v -0.790733 0.501482 2.663283
v -0.790733 0.501482 2.663283
v -0.790733 0.510321 2.532550
v -0.790733 0.464650 2.559375
v -0.666483 0.537294 2.649423
v -0.666483 0.547122 2.636372
v -0.666483 0.547122 2.636372
v -0.666483 0.515968 2.661949
v -0.666483 0.501482 2.663283
v -0.666483 0.501482 2.663283
v -0.666483 0.510321 2.532550
v -0.666483 0.464650 2.559375
v -0.775082 0.525048 2.574096
v -0.775082 0.525048 2.574096
v -0.682134 0.525048 2.574097
v -0.682134 0.525048 2.574097
v -0.775082 0.479377 2.600922
v -0.775082 0.479377 2.600922
v -0.682134 0.479377 2.600922
v -0.682134 0.479377 2.600922
v -0.775082 0.543212 2.625341
v -0.775082 0.543212 2.625341
v -0.775082 0.497560 2.652219
v -0.775082 0.497560 2.652219
v -0.682134 0.543212 2.625341
v -0.682134 0.543212 2.625341
v -0.682134 0.497560 2.652218
v -0.682134 0.497560 2.652218
v -0.316991 1.052961 1.977964
v -0.316991 1.052961 1.977964
v -0.316991 1.054527 1.944303
v -0.316991 1.054527 1.944303
v -0.316991 1.035077 1.994062
v -0.316991 1.035077 1.994062
v -0.316991 1.014565 1.983415
v -0.316991 1.014565 1.983415
v -0.316991 1.014443 1.876605
v -0.316991 0.974445 1.915653
v -0.192741 1.052961 1.977964
v -0.192741 1.052961 1.977964
v -0.192741 1.054526 1.944303
v -0.192741 1.054526 1.944303
v -0.192741 1.035077 1.994061
v -0.192741 1.035077 1.994061
v -0.192741 1.014565 1.983415
v -0.192741 1.014565 1.983415
v -0.192741 1.014443 1.876604
v -0.192741 0.974445 1.915653
v -0.301340 1.035881 1.912990
v -0.301340 1.035881 1.912990
v -0.208392 1.035881 1.912991
v -0.208392 1.035881 1.912991
v -0.301340 0.995883 1.952040
v -0.301340 0.995883 1.952040
v -0.208392 0.995883 1.952040
v -0.208392 0.995883 1.952040
v -0.301340 1.053347 1.942300
v -0.301340 1.053347 1.942300
v -0.301340 1.013371 1.981388
v -0.301340 1.013371 1.981388
v -0.208392 1.053347 1.942301
v -0.208392 1.053347 1.942301
v -0.208392 1.013371 1.981388
v -0.208392 1.013371 1.981388
v 0.191253 1.052961 1.977964
v 0.191253 1.052961 1.977964
v 0.191253 1.054527 1.944303
v 0.191253 1.054527 1.944303
v 0.191253 1.035077 1.994062
v 0.191253 1.035077 1.994062
v 0.191253 1.014565 1.983415
v 0.191253 1.014565 1.983415
v 0.191253 1.014443 1.876605
v 0.191253 0.974445 1.915653
v 0.315503 1.052961 1.977964
v 0.315503 1.052961 1.977964
v 0.315503 1.054526 1.944303
v 0.315503 1.054526 1.944303
v 0.315503 1.035077 1.994061
v 0.315503 1.035077 1.994061
v 0.315503 1.014565 1.983415
v 0.315503 1.014565 1.983415
v 0.315503 1.014443 1.876604
v 0.315503 0.974445 1.915653
v 0.206904 1.035881 1.912990
v 0.206904 1.035881 1.912990
v 0.299852 1.035881 1.912991
v 0.299852 1.035881 1.912991
v 0.206904 0.995883 1.952040
v 0.206904 0.995883 1.952040
v 0.299852 0.995883 1.952040
v 0.299852 0.995883 1.952040
v 0.206904 1.053347 1.942300
v 0.206904 1.053347 1.942300
v 0.206904 1.013371 1.981388
v 0.206904 1.013371 1.981388
v 0.299852 1.053347 1.942301
v 0.299852 1.053347 1.942301
v 0.299852 1.013371 1.981388
v 0.299852 1.013371 1.981388
v -0.337280 1.707279 -0.151333
v -0.337280 1.707279 -0.151333
v -0.320577 1.693264 -0.151333
v -0.320577 1.693264 -0.151333
v -0.359084 1.707279 -0.151333
v -0.359084 1.707279 -0.151333
v -0.375787 1.693264 -0.151333
v -0.375787 1.693264 -0.151333
v -0.379573 1.671791 -0.151333
v -0.379573 1.671791 -0.151333
v -0.368671 1.652908 -0.151333
v -0.368671 1.652908 -0.151333
v -0.348182 1.645450 -0.151333
v -0.348182 1.645450 -0.151333
v -0.327692 1.652908 -0.151333
v -0.327692 1.652908 -0.151333
v -0.316790 1.671791 -0.151333
v -0.316790 1.671791 -0.151333
v -0.340739 1.697776 -0.151333
v -0.340739 1.697776 -0.151333
v -0.329335 1.688207 -0.151333
v -0.329335 1.688207 -0.151333
v -0.355625 1.697776 -0.151333
v -0.355625 1.697776 -0.151333
v -0.367028 1.688207 -0.151333
v -0.367028 1.688207 -0.151333
v -0.369613 1.673547 -0.151333
v -0.369613 1.673547 -0.151333
v -0.362170 1.660655 -0.151333
v -0.362170 1.660655 -0.151333
v -0.348182 1.655564 -0.151333
v -0.348182 1.655564 -0.151333
v -0.334193 1.660655 -0.151333
v -0.334193 1.660655 -0.151333
v -0.326750 1.673547 -0.151333
v -0.326750 1.673547 -0.151333
v -0.340739 1.697776 -0.346348
v -0.340739 1.697776 -0.346348
v -0.329335 1.688207 -0.346348
v -0.329335 1.688207 -0.346348
v -0.355625 1.697776 -0.346348
v -0.355625 1.697776 -0.346348
v -0.367028 1.688207 -0.346348
v -0.367028 1.688207 -0.346348
v -0.369613 1.673547 -0.346348
v -0.369613 1.673547 -0.346348
v -0.362170 1.660655 -0.346348
v -0.362170 1.660655 -0.346348
v -0.348182 1.655564 -0.346348
v -0.348182 1.655564 -0.346348
v -0.334193 1.660655 -0.346348
v -0.334193 1.660655 -0.346348
v -0.326750 1.673547 -0.346348
v -0.326750 1.673547 -0.346348
v -0.300272 1.668878 -0.106910
v -0.307125 1.670087 -0.134043
v -0.312077 1.698171 -0.134043
v -0.306051 1.701650 -0.106910
v -0.316911 1.640059 -0.106910
v -0.321384 1.645390 -0.134043
v -0.348182 1.628677 -0.106910
v -0.348182 1.635636 -0.134043
v -0.379452 1.640059 -0.106910
v -0.374979 1.645390 -0.134043
v -0.396091 1.668878 -0.106910
v -0.389238 1.670087 -0.134043
v -0.390313 1.701650 -0.106910
v -0.384286 1.698171 -0.134043
v -0.364821 1.723041 -0.106910
v -0.362440 1.716501 -0.134043
v -0.331543 1.723041 -0.106910
v -0.333923 1.716501 -0.134043
v -0.306051 1.701650 -0.080597
v -0.331543 1.723041 -0.080597
v -0.300272 1.668878 -0.080597
v -0.364821 1.723041 -0.080597
v -0.390313 1.701650 -0.080597
v -0.396091 1.668878 -0.080597
v -0.379453 1.640059 -0.080597
v -0.348182 1.628677 -0.080597
v -0.316911 1.640059 -0.080597
v -0.342990 1.691591 -0.346348
v -0.342990 1.691591 -0.346348
v -0.335035 1.684916 -0.346348
v -0.335035 1.684916 -0.346348
v -0.353374 1.691591 -0.346348
v -0.353374 1.691591 -0.346348
v -0.361328 1.684916 -0.346348
v -0.361328 1.684916 -0.346348
v -0.363132 1.674690 -0.346348
v -0.363132 1.674690 -0.346348
v -0.357940 1.665697 -0.346348
v -0.357940 1.665697 -0.346348
v -0.348182 1.662145 -0.346348
v -0.348182 1.662145 -0.346348
v -0.338424 1.665697 -0.346348
v -0.338424 1.665697 -0.346348
v -0.333232 1.674690 -0.346348
v -0.333232 1.674690 -0.346348
v -0.342990 1.691591 -0.028252
v -0.342990 1.691591 -0.028252
v -0.335036 1.684916 -0.028252
v -0.335036 1.684916 -0.028252
v -0.353374 1.691591 -0.028252
v -0.353374 1.691591 -0.028252
v -0.361329 1.684916 -0.028252
v -0.361329 1.684916 -0.028252
v -0.363132 1.674690 -0.028252
v -0.363132 1.674690 -0.028252
v -0.357940 1.665697 -0.028252
v -0.357940 1.665697 -0.028252
v -0.348182 1.662145 -0.028252
v -0.348182 1.662145 -0.028252
v -0.338424 1.665697 -0.028252
v -0.338424 1.665697 -0.028252
v -0.333232 1.674690 -0.028252
v -0.333232 1.674690 -0.028252
v -1.245858 0.285103 2.571396
v -1.245858 0.285103 2.571396
v -1.245858 0.329603 2.600172
v -1.245858 0.329603 2.600172
v -1.234825 0.244802 2.681562
v -1.234825 0.244802 2.681562
v -1.234825 0.285288 2.707743
v -1.234825 0.285288 2.707743
v -1.297345 0.285103 2.571396
v -1.297345 0.285103 2.571396
v -1.297345 0.329603 2.600172
v -1.297345 0.329603 2.600172
v -1.308378 0.244802 2.681562
v -1.308378 0.244802 2.681562
v -1.308378 0.285288 2.707743
v -1.308378 0.285288 2.707743
v -1.245858 0.368421 2.607494
v -1.245858 0.368421 2.607494
v -1.245858 0.417562 2.597104
v -1.245858 0.417562 2.597104
v -1.234825 0.386122 2.727112
v -1.234825 0.386122 2.727112
v -1.234825 0.430830 2.717660
v -1.234825 0.430830 2.717660
v -1.297345 0.368421 2.607494
v -1.297345 0.368421 2.607494
v -1.297345 0.417562 2.597104
v -1.297345 0.417562 2.597104
v -1.308378 0.386122 2.727112
v -1.308378 0.386122 2.727112
v -1.308378 0.430830 2.717660
v -1.308378 0.430830 2.717660
v -1.245858 0.452309 2.573657
v -1.245858 0.452309 2.573657
v -1.245858 0.487322 2.528070
v -1.245858 0.487322 2.528070
v -1.234825 0.521251 2.657037
v -1.234825 0.521251 2.657037
v -1.234825 0.553104 2.615563
v -1.234825 0.553104 2.615563
v -1.297345 0.452309 2.573657
v -1.297345 0.452309 2.573657
v -1.297345 0.487322 2.528070
v -1.297345 0.487322 2.528070
v -1.308378 0.521251 2.657037
v -1.308378 0.521251 2.657037
v -1.308378 0.553104 2.615563
v -1.308378 0.553104 2.615563
v -1.245858 0.504726 2.482811
v -1.245858 0.504726 2.482811
v -1.245858 0.512236 2.419439
v -1.245858 0.512236 2.419439
v -1.234825 0.598574 2.498104
v -1.234825 0.598574 2.498104
v -1.234825 0.605407 2.440450
v -1.234825 0.605407 2.440450
v -1.297345 0.504726 2.482811
v -1.297345 0.504726 2.482811
v -1.297345 0.512236 2.419439
v -1.297345 0.512236 2.419439
v -1.308378 0.598574 2.498104
v -1.308378 0.598574 2.498104
v -1.308378 0.605407 2.440450
v -1.308378 0.605407 2.440450
v -1.245858 0.505650 2.369655
v -1.245858 0.505650 2.369655
v -1.245858 0.482788 2.312705
v -1.245858 0.482788 2.312705
v -1.234825 0.588558 2.311021
v -1.234825 0.588558 2.311021
v -1.234825 0.567759 2.259208
v -1.234825 0.567759 2.259208
v -1.297345 0.505650 2.369655
v -1.297345 0.505650 2.369655
v -1.297345 0.482788 2.312705
v -1.297345 0.482788 2.312705
v -1.308378 0.588558 2.311021
v -1.308378 0.588558 2.311021
v -1.308378 0.567759 2.259208
v -1.308378 0.567759 2.259208
v -1.245858 0.454727 2.277412
v -1.245858 0.454727 2.277412
v -1.245858 0.410226 2.248636
v -1.245858 0.410226 2.248636
v -1.234825 0.495027 2.167245
v -1.234825 0.495027 2.167245
v -1.234825 0.454541 2.141065
v -1.234825 0.454541 2.141065
v -1.297345 0.454727 2.277412
v -1.297345 0.454727 2.277412
v -1.297345 0.410226 2.248636
v -1.297345 0.410226 2.248636
v -1.308378 0.495027 2.167245
v -1.308378 0.495027 2.167245
v -1.308378 0.454541 2.141065
v -1.308378 0.454541 2.141065
v -1.245858 0.371409 2.241314
v -1.245858 0.371409 2.241314
v -1.245858 0.322267 2.251704
v -1.245858 0.322267 2.251704
v -1.234825 0.353707 2.121696
v -1.234825 0.353707 2.121696
v -1.234825 0.308999 2.131148
v -1.234825 0.308999 2.131148
v -1.297345 0.371409 2.241314
v -1.297345 0.371409 2.241314
v -1.297345 0.322267 2.251704
v -1.297345 0.322267 2.251704
v -1.308378 0.353707 2.121696
v -1.308378 0.353707 2.121696
v -1.308378 0.308999 2.131148
v -1.308378 0.308999 2.131148
v -1.245858 0.287520 2.275151
v -1.245858 0.287520 2.275151
v -1.245858 0.252508 2.320738
v -1.245858 0.252508 2.320738
v -1.234825 0.218578 2.191771
v -1.234825 0.218578 2.191771
v -1.234825 0.186725 2.233244
v -1.234825 0.186725 2.233244
v -1.297345 0.287520 2.275151
v -1.297345 0.287520 2.275151
v -1.297345 0.252508 2.320738
v -1.297345 0.252508 2.320738
v -1.308378 0.218578 2.191771
v -1.308378 0.218578 2.191771
v -1.308378 0.186725 2.233244
v -1.308378 0.186725 2.233244
v -1.245858 0.235103 2.365997
v -1.245858 0.235103 2.365997
v -1.245858 0.227594 2.429369
v -1.245858 0.227594 2.429369
v -1.234825 0.141255 2.350703
v -1.234825 0.141255 2.350703
v -1.234825 0.134423 2.408358
v -1.234825 0.134423 2.408358
v -1.297345 0.235103 2.365997
v -1.297345 0.235103 2.365997
v -1.297345 0.227594 2.429369
v -1.297345 0.227594 2.429369
v -1.308378 0.141255 2.350703
v -1.308378 0.141255 2.350703
v -1.308378 0.134423 2.408358
v -1.308378 0.134423 2.408358
v -1.245858 0.234180 2.479153
v -1.245858 0.234180 2.479153
v -1.245858 0.257041 2.536103
v -1.245858 0.257041 2.536103
v -1.234825 0.151271 2.537787
v -1.234825 0.151271 2.537787
v -1.234825 0.172071 2.589600
v -1.234825 0.172071 2.589600
v -1.297345 0.234180 2.479153
v -1.297345 0.234180 2.479153
v -1.297345 0.257041 2.536103
v -1.297345 0.257041 2.536103
v -1.308378 0.151271 2.537787
v -1.308378 0.151271 2.537787
v -1.308378 0.172071 2.589600
v -1.308378 0.172071 2.589600
v 1.245858 0.285103 2.571396
v 1.245858 0.285103 2.571396
v 1.245858 0.329603 2.600172
v 1.245858 0.329603 2.600172
v 1.234826 0.244802 2.681562
v 1.234826 0.244802 2.681562
v 1.234826 0.285288 2.707743
v 1.234826 0.285288 2.707743
v 1.297346 0.285103 2.571396
v 1.297346 0.285103 2.571396
v 1.297346 0.329603 2.600172
v 1.297346 0.329603 2.600172
v 1.308379 0.244802 2.681562
v 1.308379 0.244802 2.681562
v 1.308379 0.285288 2.707743
v 1.308379 0.285288 2.707743
v 1.245858 0.368421 2.607494
v 1.245858 0.368421 2.607494
v 1.245858 0.417562 2.597104
v 1.245858 0.417562 2.597104
v 1.234826 0.386122 2.727112
v 1.234826 0.386122 2.727112
v 1.234826 0.430830 2.717660
v 1.234826 0.430830 2.717660
v 1.297346 0.368421 2.607494
v 1.297346 0.368421 2.607494
v 1.297346 0.417562 2.597104
v 1.297346 0.417562 2.597104
v 1.308379 0.386122 2.727112
v 1.308379 0.386122 2.727112
v 1.308379 0.430830 2.717660
v 1.308379 0.430830 2.717660
v 1.245858 0.452309 2.573657
v 1.245858 0.452309 2.573657
v 1.245858 0.487322 2.528070
v 1.245858 0.487322 2.528070
v 1.234826 0.521251 2.657037
v 1.234826 0.521251 2.657037
v 1.234826 0.553104 2.615563
v 1.234826 0.553104 2.615563
v 1.297346 0.452309 2.573657
v 1.297346 0.452309 2.573657
v 1.297346 0.487322 2.528070
v 1.297346 0.487322 2.528070
v 1.308379 0.521251 2.657037
v 1.308379 0.521251 2.657037
v 1.308379 0.553104 2.615563
v 1.308379 0.553104 2.615563
v 1.245858 0.504726 2.482811
v 1.245858 0.504726 2.482811
v 1.245858 0.512236 2.419439
v 1.245858 0.512236 2.419439
v 1.234826 0.598574 2.498104
v 1.234826 0.598574 2.498104
v 1.234826 0.605407 2.440450
v 1.234826 0.605407 2.440450
v 1.297346 0.504726 2.482811
v 1.297346 0.504726 2.482811
v 1.297346 0.512236 2.419439
v 1.297346 0.512236 2.419439
v 1.308379 0.598574 2.498104
v 1.308379 0.598574 2.498104
v 1.308379 0.605407 2.440450
v 1.308379 0.605407 2.440450
v 1.245858 0.505650 2.369655
v 1.245858 0.505650 2.369655
v 1.245858 0.482788 2.312704
v 1.245858 0.482788 2.312704
v 1.234825 0.588558 2.311020
v 1.234825 0.588558 2.311020
v 1.234825 0.567759 2.259208
v 1.234825 0.567759 2.259208
v 1.297346 0.505650 2.369655
v 1.297346 0.505650 2.369655
v 1.297346 0.482788 2.312704
v 1.297346 0.482788 2.312704
v 1.308379 0.588558 2.311020
v 1.308379 0.588558 2.311020
v 1.308379 0.567759 2.259208
v 1.308379 0.567759 2.259208
v 1.245858 0.454727 2.277412
v 1.245858 0.454727 2.277412
v 1.245858 0.410226 2.248635
v 1.245858 0.410226 2.248635
v 1.234825 0.495027 2.167245
v 1.234825 0.495027 2.167245
v 1.234825 0.454541 2.141065
v 1.234825 0.454541 2.141065
v 1.297346 0.454727 2.277412
v 1.297346 0.454727 2.277412
v 1.297346 0.410226 2.248635
v 1.297346 0.410226 2.248635
v 1.308379 0.495027 2.167245
v 1.308379 0.495027 2.167245
v 1.308379 0.454541 2.141065
v 1.308379 0.454541 2.141065
v 1.245858 0.371409 2.241314
v 1.245858 0.371409 2.241314
v 1.245858 0.322267 2.251704
v 1.245858 0.322267 2.251704
v 1.234825 0.353707 2.121696
v 1.234825 0.353707 2.121696
v 1.234825 0.308999 2.131148
v 1.234825 0.308999 2.131148
v 1.297346 0.371409 2.241314
v 1.297346 0.371409 2.241314
v 1.297346 0.322267 2.251704
v 1.297346 0.322267 2.251704
v 1.308379 0.353707 2.121696
v 1.308379 0.353707 2.121696
v 1.308379 0.308999 2.131148
v 1.308379 0.308999 2.131148
v 1.245858 0.287520 2.275151
v 1.245858 0.287520 2.275151
v 1.245858 0.252508 2.320737
v 1.245858 0.252508 2.320737
v 1.234825 0.218578 2.191771
v 1.234825 0.218578 2.191771
v 1.234825 0.186725 2.233244
v 1.234825 0.186725 2.233244
v 1.297346 0.287520 2.275151
v 1.297346 0.287520 2.275151
v 1.297346 0.252508 2.320737
v 1.297346 0.252508 2.320737
v 1.308379 0.218578 2.191771
v 1.308379 0.218578 2.191771
v 1.308379 0.186725 2.233244
v 1.308379 0.186725 2.233244
v 1.245858 0.235103 2.365997
v 1.245858 0.235103 2.365997
v 1.245858 0.227594 2.429369
v 1.245858 0.227594 2.429369
v 1.234825 0.141255 2.350703
v 1.234825 0.141255 2.350703
v 1.234826 0.134423 2.408358
v 1.234826 0.134423 2.408358
v 1.297346 0.235103 2.365997
v 1.297346 0.235103 2.365997
v 1.297346 0.227594 2.429369
v 1.297346 0.227594 2.429369
v 1.308379 0.141255 2.350703
v 1.308379 0.141255 2.350703
v 1.308379 0.134423 2.408358
v 1.308379 0.134423 2.408358
v 1.245858 0.234180 2.479153
v 1.245858 0.234180 2.479153
v 1.245858 0.257041 2.536103
v 1.245858 0.257041 2.536103
v 1.234826 0.151271 2.537787
v 1.234826 0.151271 2.537787
v 1.234826 0.172071 2.589600
v 1.234826 0.172071 2.589600
v 1.297346 0.234180 2.479153
v 1.297346 0.234180 2.479153
v 1.297346 0.257041 2.536103
v 1.297346 0.257041 2.536103
v 1.308379 0.151271 2.537787
v 1.308379 0.151271 2.537787
v 1.308379 0.172071 2.589600
v 1.308379 0.172071 2.589600
v 1.245858 0.252789 -2.508414
v 1.245858 0.252789 -2.508414
v 1.234825 0.165877 -2.489109
v 1.234825 0.165877 -2.489109
v 1.234825 0.390111 -2.296244
v 1.234825 0.390111 -2.296244
v 1.245858 0.370707 -2.406992
v 1.245858 0.370707 -2.406992
v 1.245858 0.488625 -2.508414
v 1.245858 0.488625 -2.508414
v 1.234825 0.560686 -2.442955
v 1.234825 0.560686 -2.442955
v 1.234825 0.535515 -2.394464
v 1.234825 0.535515 -2.394464
v 1.234825 0.157038 -2.546309
v 1.234825 0.157038 -2.546309
v 1.234825 0.584376 -2.596264
v 1.234825 0.584376 -2.596264
v 1.234825 0.575537 -2.653465
v 1.234825 0.575537 -2.653465
v 1.245858 0.419550 -2.419498
v 1.245858 0.419550 -2.419498
v 1.245858 0.280457 -2.687461
v 1.245858 0.280457 -2.687461
v 1.245858 0.252789 -2.634160
v 1.245858 0.252789 -2.634160
v 1.245858 0.280457 -2.455113
v 1.245858 0.280457 -2.455113
v 1.245858 0.321864 -2.419498
v 1.245858 0.321864 -2.419498
v 1.245858 0.243073 -2.571287
v 1.245858 0.243073 -2.571287
v 1.234825 0.434548 -2.307621
v 1.234825 0.434548 -2.307621
v 1.245858 0.370707 -2.735582
v 1.245858 0.370707 -2.735582
v 1.245858 0.321864 -2.723075
v 1.245858 0.321864 -2.723075
v 1.245858 0.460958 -2.455113
v 1.245858 0.460958 -2.455113
v 1.234825 0.233341 -2.359141
v 1.234825 0.233341 -2.359141
v 1.234825 0.271012 -2.326739
v 1.234825 0.271012 -2.326739
v 1.234825 0.351303 -2.846330
v 1.234825 0.351303 -2.846330
v 1.234825 0.306867 -2.834952
v 1.234825 0.306867 -2.834952
v 1.245858 0.488625 -2.634160
v 1.245858 0.488625 -2.634160
v 1.245858 0.498341 -2.571287
v 1.245858 0.498341 -2.571287
v 1.245858 0.460958 -2.687461
v 1.245858 0.460958 -2.687461
v 1.245858 0.419550 -2.723075
v 1.245858 0.419550 -2.723075
v 1.234825 0.205900 -2.748110
v 1.234825 0.205900 -2.748110
v 1.234825 0.180728 -2.699617
v 1.234825 0.180728 -2.699617
v 1.234825 0.508073 -2.783434
v 1.234825 0.508073 -2.783434
v 1.234825 0.470402 -2.815835
v 1.234825 0.470402 -2.815835
v 1.297345 0.498341 -2.571287
v 1.297345 0.498341 -2.571287
v 1.297345 0.488625 -2.634160
v 1.297345 0.488625 -2.634160
v 1.297345 0.460958 -2.687461
v 1.297345 0.460958 -2.687461
v 1.297345 0.419550 -2.723075
v 1.297345 0.419550 -2.723075
v 1.297345 0.280457 -2.687461
v 1.297345 0.280457 -2.687461
v 1.297345 0.252789 -2.634160
v 1.297345 0.252789 -2.634160
v 1.297345 0.243073 -2.571287
v 1.297345 0.243073 -2.571287
v 1.297345 0.252789 -2.508414
v 1.297345 0.252789 -2.508414
v 1.297345 0.280457 -2.455113
v 1.297345 0.280457 -2.455113
v 1.297345 0.321864 -2.419498
v 1.297345 0.321864 -2.419498
v 1.297345 0.370707 -2.406992
v 1.297345 0.370707 -2.406992
v 1.297345 0.419550 -2.419498
v 1.297345 0.419550 -2.419498
v 1.297345 0.460958 -2.455113
v 1.297345 0.460958 -2.455113
v 1.297345 0.488625 -2.508414
v 1.297345 0.488625 -2.508414
v 1.297345 0.370707 -2.735582
v 1.297345 0.370707 -2.735582
v 1.297345 0.321864 -2.723075
v 1.297345 0.321864 -2.723075
v 1.308378 0.584376 -2.596264
v 1.308378 0.584376 -2.596264
v 1.308378 0.575537 -2.653465
v 1.308378 0.575537 -2.653465
v 1.308378 0.508073 -2.783434
v 1.308378 0.508073 -2.783434
v 1.308378 0.470402 -2.815835
v 1.308378 0.470402 -2.815835
v 1.308378 0.205900 -2.748110
v 1.308378 0.205900 -2.748110
v 1.308378 0.180728 -2.699617
v 1.308378 0.180728 -2.699617
v 1.308378 0.157038 -2.546309
v 1.308378 0.157038 -2.546309
v 1.308378 0.165877 -2.489109
v 1.308378 0.165877 -2.489109
v 1.308378 0.233341 -2.359141
v 1.308378 0.233341 -2.359141
v 1.308378 0.271012 -2.326739
v 1.308378 0.271012 -2.326739
v 1.308378 0.390111 -2.296244
v 1.308378 0.390111 -2.296244
v 1.308378 0.434548 -2.307621
v 1.308378 0.434548 -2.307621
v 1.308378 0.535515 -2.394464
v 1.308378 0.535515 -2.394464
v 1.308378 0.560686 -2.442955
v 1.308378 0.560686 -2.442955
v 1.308378 0.351303 -2.846330
v 1.308378 0.351303 -2.846330
v 1.308378 0.306867 -2.834952
v 1.308378 0.306867 -2.834952
v 0.922355 0.651112 -0.525789
v 0.922355 0.651112 -0.525789
v 0.862053 0.651112 -0.482767
v 0.862053 0.651112 -0.482767
v 0.922355 0.651112 -0.643906
v 0.922355 0.651112 -0.643906
v 0.922355 0.713148 -0.525788
v 0.922355 0.713148 -0.525788
v 0.862053 0.713148 -0.482767
v 0.862053 0.713148 -0.482767
v 0.922355 0.713148 -0.643905
v 0.922355 0.713148 -0.643905
v 0.922355 0.542005 -0.525789
v 0.922355 0.542005 -0.525789
v 0.922355 0.604041 -0.525789
v 0.922355 0.604041 -0.525789
v 0.922355 0.542005 -0.643906
v 0.922355 0.542005 -0.643906
v 0.922355 0.604041 -0.643906
v 0.922355 0.604041 -0.643906
v 0.862053 0.542005 -0.482767
v 0.862053 0.542005 -0.482767
v 0.862053 0.604041 -0.482767
v 0.862053 0.604041 -0.482767
v 0.862053 0.651112 -0.598746
v 0.862053 0.651112 -0.598746
v 0.886449 0.651112 -0.643906
v 0.886449 0.651112 -0.643906
v 0.886449 0.713148 -0.643905
v 0.886449 0.713148 -0.643905
v 0.862052 0.713148 -0.598746
v 0.862052 0.713148 -0.598746
v 0.862053 0.542005 -0.598746
v 0.862053 0.542005 -0.598746
v 0.886449 0.542005 -0.643906
v 0.886449 0.542005 -0.643906
v 0.886449 0.604041 -0.643906
v 0.886449 0.604041 -0.643906
v 0.862053 0.604041 -0.598746
v 0.862053 0.604041 -0.598746
v -0.194286 0.718713 1.784131
v -0.194286 0.718713 1.784131
v -0.233148 0.718713 1.784131
v -0.233148 0.718713 1.784131
v -0.194286 0.758250 1.784131
v -0.194286 0.758250 1.784131
v -0.233148 0.758250 1.784131
v -0.233148 0.758250 1.784131
v -0.194286 0.595708 1.784131
v -0.194286 0.595708 1.784131
v -0.233148 0.595708 1.784131
v -0.233148 0.595708 1.784131
v -0.194286 0.635244 1.784131
v -0.194286 0.635244 1.784131
v -0.233148 0.635244 1.784131
v -0.233148 0.635244 1.784131
v -0.233148 0.758250 1.818187
v -0.233148 0.758250 1.818187
v -0.223036 0.758250 1.831203
v -0.223036 0.758250 1.831203
v -0.223036 0.718713 1.831203
v -0.223036 0.718713 1.831203
v -0.233148 0.718713 1.818187
v -0.233148 0.718713 1.818187
v -0.194286 0.718713 1.818187
v -0.194286 0.718713 1.818187
v -0.204398 0.718713 1.831203
v -0.204398 0.718713 1.831203
v -0.204398 0.758250 1.831203
v -0.204398 0.758250 1.831203
v -0.194286 0.758250 1.818187
v -0.194286 0.758250 1.818187
v -0.233148 0.635244 1.818187
v -0.233148 0.635244 1.818187
v -0.223036 0.635244 1.831203
v -0.223036 0.635244 1.831203
v -0.223036 0.595708 1.831203
v -0.223036 0.595708 1.831203
v -0.233148 0.595708 1.818187
v -0.233148 0.595708 1.818187
v -0.194286 0.595708 1.818187
v -0.194286 0.595708 1.818187
v -0.204398 0.595708 1.831203
v -0.204398 0.595708 1.831203
v -0.204398 0.635244 1.831203
v -0.204398 0.635244 1.831203
v -0.194286 0.635244 1.818187
v -0.194286 0.635244 1.818187
v -0.401160 0.718713 1.771267
v -0.401160 0.718713 1.771267
v -0.481404 0.718713 1.771267
v -0.481404 0.718713 1.771267
v -0.401160 0.758250 1.771267
v -0.401160 0.758250 1.771267
v -0.481404 0.758250 1.771267
v -0.481404 0.758250 1.771267
v -0.481404 0.758250 1.851407
v -0.481404 0.758250 1.851407
v -0.481404 0.718713 1.851407
v -0.481404 0.718713 1.851407
v -0.401160 0.595708 1.771267
v -0.401160 0.595708 1.771267
v -0.481404 0.595708 1.771267
v -0.481404 0.595708 1.771267
v -0.401160 0.635244 1.771267
v -0.401160 0.635244 1.771267
v -0.481404 0.635244 1.771267
v -0.481404 0.635244 1.771267
v -0.481404 0.635244 1.851407
v -0.481404 0.635244 1.851407
v -0.481404 0.595708 1.851407
v -0.481404 0.595708 1.851407
v -0.401160 0.718713 1.830477
v -0.401160 0.718713 1.830477
v -0.417420 0.718713 1.851407
v -0.417420 0.718713 1.851407
v -0.417420 0.758250 1.851407
v -0.417420 0.758250 1.851407
v -0.401160 0.758250 1.830477
v -0.401160 0.758250 1.830477
v -0.401160 0.595708 1.830477
v -0.401160 0.595708 1.830477
v -0.417420 0.595708 1.851407
v -0.417420 0.595708 1.851407
v -0.417420 0.635244 1.851407
v -0.417420 0.635244 1.851407
v -0.401160 0.635244 1.830477
v -0.401160 0.635244 1.830477
v 0.401160 0.718713 1.771267
v 0.401160 0.718713 1.771267
v 0.481404 0.718713 1.771267
v 0.481404 0.718713 1.771267
v 0.401160 0.758250 1.771267
v 0.401160 0.758250 1.771267
v 0.481404 0.758250 1.771267
v 0.481404 0.758250 1.771267
v 0.481404 0.758250 1.851407
v 0.481404 0.758250 1.851407
v 0.481404 0.718713 1.851407
v 0.481404 0.718713 1.851407
v 0.401160 0.595708 1.771267
v 0.401160 0.595708 1.771267
v 0.481404 0.595708 1.771267
v 0.481404 0.595708 1.771267
v 0.401160 0.635244 1.771267
v 0.401160 0.635244 1.771267
v 0.481404 0.635244 1.771267
v 0.481404 0.635244 1.771267
v 0.481404 0.635244 1.851407
v 0.481404 0.635244 1.851407
v 0.481404 0.595708 1.851407
v 0.481404 0.595708 1.851407
v 0.401160 0.718713 1.830477
v 0.401160 0.718713 1.830477
v 0.417420 0.718713 1.851407
v 0.417420 0.718713 1.851407
v 0.417420 0.758250 1.851407
v 0.417420 0.758250 1.851407
v 0.401160 0.758250 1.830477
v 0.401160 0.758250 1.830477
v 0.401160 0.595708 1.830477
v 0.401160 0.595708 1.830477
v 0.417420 0.595708 1.851407
v 0.417420 0.595708 1.851407
v 0.417420 0.635244 1.851407
v 0.417420 0.635244 1.851407
v 0.401160 0.635244 1.830477
v 0.401160 0.635244 1.830477
v -0.405689 0.537702 -2.494848
v -0.405689 0.537702 -2.494848
v -0.355257 0.537675 -2.494911
v -0.355257 0.537675 -2.494911
v -0.317162 0.575770 -2.494911
v -0.317162 0.575770 -2.494911
v -0.317189 0.626202 -2.494848
v -0.317189 0.626202 -2.494848
v -0.443756 0.626175 -2.494911
v -0.443756 0.626175 -2.494911
v -0.443732 0.575745 -2.494848
v -0.443732 0.575745 -2.494848
v -0.355232 0.664245 -2.494848
v -0.355232 0.664245 -2.494848
v -0.405662 0.664269 -2.494911
v -0.405662 0.664269 -2.494911
v -0.331368 0.589976 -1.762431
v -0.331394 0.640407 -1.762431
v -0.419893 0.551907 -1.762431
v -0.369463 0.551881 -1.762431
v -0.457962 0.640381 -1.762431
v -0.457937 0.589950 -1.762431
v -0.369437 0.678449 -1.762431
v -0.419868 0.678475 -1.762431
v -0.922355 0.651112 -0.525788
v -0.922355 0.651112 -0.525788
v -0.862053 0.651112 -0.482767
v -0.862053 0.651112 -0.482767
v -0.922355 0.651112 -0.643905
v -0.922355 0.651112 -0.643905
v -0.922355 0.713148 -0.525788
v -0.922355 0.713148 -0.525788
v -0.862053 0.713148 -0.482767
v -0.862053 0.713148 -0.482767
v -0.922355 0.713148 -0.643905
v -0.922355 0.713148 -0.643905
v -0.922355 0.542005 -0.525788
v -0.922355 0.542005 -0.525788
v -0.922355 0.604041 -0.525788
v -0.922355 0.604041 -0.525788
v -0.922355 0.542005 -0.643905
v -0.922355 0.542005 -0.643905
v -0.922355 0.604041 -0.643905
v -0.922355 0.604041 -0.643905
v -0.862053 0.542005 -0.482767
v -0.862053 0.542005 -0.482767
v -0.862053 0.604041 -0.482767
v -0.862053 0.604041 -0.482767
v -0.862053 0.651112 -0.598746
v -0.862053 0.651112 -0.598746
v -0.886449 0.651112 -0.643905
v -0.886449 0.651112 -0.643905
v -0.886449 0.713148 -0.643905
v -0.886449 0.713148 -0.643905
v -0.862053 0.713148 -0.598746
v -0.862053 0.713148 -0.598746
v -0.862053 0.542005 -0.598746
v -0.862053 0.542005 -0.598746
v -0.886449 0.542005 -0.643905
v -0.886449 0.542005 -0.643905
v -0.886449 0.604041 -0.643905
v -0.886449 0.604041 -0.643905
v -0.862053 0.604041 -0.598746
v -0.862053 0.604041 -0.598746
v 0.194286 0.718713 1.784131
v 0.194286 0.718713 1.784131
v 0.233148 0.718713 1.784131
v 0.233148 0.718713 1.784131
v 0.194286 0.758250 1.784131
v 0.194286 0.758250 1.784131
v 0.233148 0.758250 1.784131
v 0.233148 0.758250 1.784131
v 0.194286 0.595708 1.784131
v 0.194286 0.595708 1.784131
v 0.233148 0.595708 1.784131
v 0.233148 0.595708 1.784131
v 0.194286 0.635244 1.784131
v 0.194286 0.635244 1.784131
v 0.233148 0.635244 1.784131
v 0.233148 0.635244 1.784131
v 0.233148 0.758250 1.818187
v 0.233148 0.758250 1.818187
v 0.223037 0.758250 1.831203
v 0.223037 0.758250 1.831203
v 0.223037 0.718713 1.831203
v 0.223037 0.718713 1.831203
v 0.233148 0.718713 1.818187
v 0.233148 0.718713 1.818187
v 0.194286 0.718713 1.818187
v 0.194286 0.718713 1.818187
v 0.204398 0.718713 1.831203
v 0.204398 0.718713 1.831203
v 0.204398 0.758250 1.831203
v 0.204398 0.758250 1.831203
v 0.194286 0.758250 1.818187
v 0.194286 0.758250 1.818187
v 0.233148 0.635244 1.818187
v 0.233148 0.635244 1.818187
v 0.223037 0.635244 1.831203
v 0.223037 0.635244 1.831203
v 0.223037 0.595708 1.831203
v 0.223037 0.595708 1.831203
v 0.233148 0.595708 1.818187
v 0.233148 0.595708 1.818187
v 0.194286 0.595708 1.818187
v 0.194286 0.595708 1.818187
v 0.204398 0.595708 1.831203
v 0.204398 0.595708 1.831203
v 0.204398 0.635244 1.831203
v 0.204398 0.635244 1.831203
v 0.194286 0.635244 1.818187
v 0.194286 0.635244 1.818187
v -1.245859 0.252789 -2.508414
v -1.245859 0.252789 -2.508414
v -1.234826 0.165877 -2.489109
v -1.234826 0.165877 -2.489109
v -1.234826 0.390111 -2.296244
v -1.234826 0.390111 -2.296244
v -1.245859 0.370707 -2.406992
v -1.245859 0.370707 -2.406992
v -1.245859 0.488625 -2.508414
v -1.245859 0.488625 -2.508414
v -1.234826 0.560686 -2.442955
v -1.234826 0.560686 -2.442955
v -1.234826 0.535515 -2.394464
v -1.234826 0.535515 -2.394464
v -1.234826 0.157038 -2.546309
v -1.234826 0.157038 -2.546309
v -1.234826 0.584376 -2.596264
v -1.234826 0.584376 -2.596264
v -1.234826 0.575537 -2.653465
v -1.234826 0.575537 -2.653465
v -1.245859 0.419550 -2.419498
v -1.245859 0.419550 -2.419498
v -1.245859 0.280457 -2.687461
v -1.245859 0.280457 -2.687461
v -1.245859 0.252789 -2.634160
v -1.245859 0.252789 -2.634160
v -1.245859 0.280457 -2.455113
v -1.245859 0.280457 -2.455113
v -1.245859 0.321864 -2.419498
v -1.245859 0.321864 -2.419498
v -1.245859 0.243073 -2.571287
v -1.245859 0.243073 -2.571287
v -1.234826 0.434548 -2.307621
v -1.234826 0.434548 -2.307621
v -1.245859 0.370707 -2.735582
v -1.245859 0.370707 -2.735582
v -1.245859 0.321864 -2.723075
v -1.245859 0.321864 -2.723075
v -1.245859 0.460958 -2.455113
v -1.245859 0.460958 -2.455113
v -1.234826 0.233341 -2.359141
v -1.234826 0.233341 -2.359141
v -1.234826 0.271012 -2.326739
v -1.234826 0.271012 -2.326739
v -1.234826 0.351303 -2.846330
v -1.234826 0.351303 -2.846330
v -1.234826 0.306867 -2.834952
v -1.234826 0.306867 -2.834952
v -1.245859 0.488625 -2.634160
v -1.245859 0.488625 -2.634160
v -1.245859 0.498341 -2.571287
v -1.245859 0.498341 -2.571287
v -1.245859 0.460958 -2.687461
v -1.245859 0.460958 -2.687461
v -1.245859 0.419550 -2.723075
v -1.245859 0.419550 -2.723075
v -1.234826 0.205900 -2.748110
v -1.234826 0.205900 -2.748110
v -1.234826 0.180728 -2.699617
v -1.234826 0.180728 -2.699617
v -1.234826 0.508073 -2.783434
v -1.234826 0.508073 -2.783434
v -1.234826 0.470402 -2.815835
v -1.234826 0.470402 -2.815835
v -1.297346 0.498341 -2.571287
v -1.297346 0.498341 -2.571287
v -1.297346 0.488625 -2.634160
v -1.297346 0.488625 -2.634160
v -1.297346 0.460958 -2.687461
v -1.297346 0.460958 -2.687461
v -1.297346 0.419550 -2.723075
v -1.297346 0.419550 -2.723075
v -1.297346 0.280457 -2.687461
v -1.297346 0.280457 -2.687461
v -1.297346 0.252789 -2.634160
v -1.297346 0.252789 -2.634160
v -1.297346 0.243073 -2.571287
v -1.297346 0.243073 -2.571287
v -1.297346 0.252789 -2.508414
v -1.297346 0.252789 -2.508414
v -1.297346 0.280457 -2.455113
v -1.297346 0.280457 -2.455113
v -1.297346 0.321864 -2.419498
v -1.297346 0.321864 -2.419498
v -1.297346 0.370707 -2.406992
v -1.297346 0.370707 -2.406992
v -1.297346 0.419550 -2.419498
v -1.297346 0.419550 -2.419498
v -1.297346 0.460958 -2.455113
v -1.297346 0.460958 -2.455113
v -1.297346 0.488625 -2.508414
v -1.297346 0.488625 -2.508414
v -1.297346 0.370707 -2.735582
v -1.297346 0.370707 -2.735582
v -1.297346 0.321864 -2.723075
v -1.297346 0.321864 -2.723075
v -1.308379 0.584376 -2.596264
v -1.308379 0.584376 -2.596264
v -1.308379 0.575537 -2.653465
v -1.308379 0.575537 -2.653465
v -1.308379 0.508073 -2.783434
v -1.308379 0.508073 -2.783434
v -1.308379 0.470402 -2.815835
v -1.308379 0.470402 -2.815835
v -1.308379 0.205900 -2.748110
v -1.308379 0.205900 -2.748110
v -1.308379 0.180728 -2.699617
v -1.308379 0.180728 -2.699617
v -1.308379 0.157038 -2.546309
v -1.308379 0.157038 -2.546309
v -1.308379 0.165877 -2.489109
v -1.308379 0.165877 -2.489109
v -1.308379 0.233341 -2.359141
v -1.308379 0.233341 -2.359141
v -1.308379 0.271012 -2.326739
v -1.308379 0.271012 -2.326739
v -1.308379 0.390111 -2.296244
v -1.308379 0.390111 -2.296244
v -1.308379 0.434548 -2.307621
v -1.308379 0.434548 -2.307621
v -1.308379 0.535515 -2.394464
v -1.308379 0.535515 -2.394464
v -1.308379 0.560686 -2.442955
v -1.308379 0.560686 -2.442955
v -1.308379 0.351303 -2.846330
v -1.308379 0.351303 -2.846330
v -1.308379 0.306867 -2.834952
v -1.308379 0.306867 -2.834952
v -0.000000 1.681800 -0.451626
v -0.000000 1.681643 -0.697513
v -0.083063 1.633687 -0.697513
v -0.083200 1.633765 -0.451626
v -0.083063 1.537773 -0.697513
v -0.083200 1.537694 -0.451626
v 0.047957 1.668793 -0.697513
v 0.048035 1.668929 -0.451626
v -0.044475 1.662765 -2.105117
v -0.000000 1.674682 -2.105117
v -0.077033 1.630207 -2.105117
v -0.088950 1.585732 -2.105117
v -0.077033 1.541257 -2.105117
v -0.044475 1.508700 -2.105117
v -0.000000 1.496782 -2.105117
v 0.044475 1.508700 -2.105117
v 0.077032 1.541257 -2.105117
v 0.088949 1.585732 -2.105117
v 0.077032 1.630207 -2.105117
v 0.044475 1.662765 -2.105117
v -0.035756 1.647663 -2.221322
v -0.000000 1.657243 -2.221322
v -0.061931 1.621488 -2.221322
v -0.071511 1.585733 -2.221322
v -0.061931 1.549977 -2.221322
v -0.035756 1.523802 -2.221322
v -0.000000 1.514222 -2.221322
v 0.035755 1.523802 -2.221322
v 0.061930 1.549977 -2.221322
v 0.071511 1.585732 -2.221322
v 0.061930 1.621488 -2.221322
v 0.035755 1.647663 -2.221322
v -0.166393 1.695370 -0.241983
v -0.166393 1.726037 -0.297827
v -0.166393 1.737601 -0.364374
v -0.166393 1.728300 -0.431495
v -0.166393 1.668590 -0.540999
v -0.166393 1.668590 -0.540999
v -0.166393 1.597597 -0.193495
v -0.166393 1.555236 -0.194660
v -0.166393 1.496071 -0.545742
v -0.166393 1.496071 -0.545742
v -0.166393 1.650268 -0.205348
v -0.166393 1.421147 -0.373075
v -0.166393 1.430447 -0.305954
v -0.166393 1.459196 -0.248477
v -0.166393 1.503016 -0.209397
v -0.166393 1.432710 -0.439623
v 0.166393 1.695370 -0.241983
v 0.166393 1.726037 -0.297827
v 0.166393 1.737601 -0.364374
v 0.166393 1.728300 -0.431495
v 0.166393 1.668590 -0.540999
v 0.166393 1.668590 -0.540999
v 0.166393 1.597597 -0.193495
v 0.166393 1.555236 -0.194660
v 0.166393 1.496071 -0.545742
v 0.166393 1.496071 -0.545742
v 0.166393 1.650268 -0.205348
v 0.166393 1.421147 -0.373075
v 0.166393 1.430447 -0.305954
v 0.166393 1.459196 -0.248477
v 0.166393 1.503016 -0.209397
v 0.166393 1.432710 -0.439623
v 0.464167 0.793185 -2.301620
v 0.283965 0.777664 -2.484376
v -0.052171 0.793185 -2.301620
v 0.127890 0.777664 -2.484376
v 0.503690 0.797199 -2.171121
v -0.091602 0.797199 -2.171121
v 0.669655 0.862940 1.833939
v 0.669655 0.862940 1.833939
v 0.743974 0.862940 1.859572
v 0.798379 0.862940 1.929604
v 0.798379 0.862940 1.929604
v 0.818292 0.862940 2.025270
v 0.798379 0.862940 2.120934
v 0.743974 0.862940 2.190966
v 0.669655 0.862940 2.216600
v 0.595337 0.862940 2.190966
v 0.595337 0.862940 2.190966
v 0.540932 0.862940 2.120935
v 0.521019 0.862940 2.025270
v 0.540932 0.862940 1.929604
v 0.540932 0.862940 1.929604
v 0.595337 0.862940 1.859572
v 0.669655 0.540465 1.833939
v 0.669655 0.540465 1.833939
v 0.743974 0.540465 1.859572
v 0.798379 0.540465 1.929604
v 0.798379 0.540465 1.929604
v 0.818292 0.540465 2.025270
v 0.798379 0.540465 2.120934
v 0.743974 0.540465 2.190966
v 0.669655 0.540465 2.216600
v 0.595337 0.540465 2.190966
v 0.595337 0.540465 2.190966
v 0.540932 0.540465 2.120935
v 0.521019 0.540465 2.025270
v 0.540932 0.540465 1.929604
v 0.540932 0.540465 1.929604
v 0.595337 0.540465 1.859572
v 0.595337 0.755448 2.190966
v 0.595337 0.755448 2.190966
v 0.540932 0.755448 1.929604
v 0.540932 0.755448 1.929604
v 0.669655 0.647956 1.833939
v 0.669655 0.647956 1.833939
v 0.798379 0.755448 1.929604
v 0.798379 0.755448 1.929604
v 0.669655 0.869857 1.863109
v 0.669655 0.869857 1.863109
v 0.732643 0.869857 1.884834
v 0.778754 0.869857 1.944189
v 0.778754 0.869857 1.944189
v 0.795631 0.869857 2.025270
v 0.778754 0.869857 2.106350
v 0.778754 0.869857 2.106350
v 0.732643 0.869857 2.165704
v 0.669655 0.869857 2.187430
v 0.669655 0.869857 2.187430
v 0.606667 0.869857 2.165704
v 0.560557 0.869857 2.106350
v 0.560557 0.869857 2.106350
v 0.543679 0.869857 2.025270
v 0.543679 0.869857 2.025270
v 0.560557 0.869857 1.944189
v 0.560557 0.869857 1.944189
v 0.606667 0.869857 1.884834
v 0.543679 0.777606 2.025270
v 0.560557 0.777606 1.944189
v 0.669655 0.777606 1.863109
v 0.778754 0.777606 1.944189
v 0.778754 0.777606 2.106350
v 0.669655 0.777606 2.187430
v 0.560557 0.777606 2.106350
v 0.669655 0.841103 1.979575
v 0.669655 0.841103 1.979575
v 0.700397 0.841103 2.002422
v 0.700397 0.841103 2.002422
v 0.700397 0.841103 2.048116
v 0.700397 0.841103 2.048116
v 0.669655 0.841103 2.070963
v 0.669655 0.841103 2.070963
v 0.638913 0.841103 2.048116
v 0.638913 0.841103 2.048116
v 0.638913 0.841103 2.002422
v 0.638913 0.841103 2.002422
v 0.669655 0.525124 2.070963
v 0.638913 0.525124 2.048116
v 0.638913 0.525124 2.002422
v 0.669655 0.525124 1.979575
v 0.700397 0.525124 2.002422
v 0.700397 0.525124 2.048116
v 0.669655 0.841103 1.989431
v 0.669655 0.841103 1.989431
v 0.693767 0.841103 2.007350
v 0.693767 0.841103 2.007350
v 0.693767 0.841103 2.043188
v 0.693767 0.841103 2.043188
v 0.669655 0.841103 2.061108
v 0.669655 0.841103 2.061108
v 0.645544 0.841103 2.043188
v 0.645544 0.841103 2.043188
v 0.645544 0.841103 2.007350
v 0.645544 0.841103 2.007350
v 0.669655 0.818049 1.989431
v 0.669655 0.818049 1.989431
v 0.693767 0.818049 2.007350
v 0.693767 0.818049 2.007350
v 0.693767 0.818049 2.043188
v 0.693767 0.818049 2.043188
v 0.669655 0.818049 2.061108
v 0.669655 0.818049 2.061108
v 0.645544 0.818049 2.043188
v 0.645544 0.818049 2.043188
v 0.645544 0.818049 2.007350
v 0.645544 0.818049 2.007350
v 0.595337 0.647956 2.190966
v 0.595337 0.647956 2.190966
v 0.540932 0.647956 1.929604
v 0.540932 0.647956 1.929604
v 0.669655 0.755448 1.833939
v 0.669655 0.755448 1.833939
v 0.798379 0.647956 1.929604
v 0.798379 0.647956 1.929604
v 0.818292 0.755448 2.025270
v 0.818292 0.647956 2.025270
v 0.743974 0.755448 1.859572
v 0.743974 0.647956 1.859572
v 0.595337 0.755448 1.859572
v 0.595337 0.647956 1.859572
v 0.521019 0.755448 2.025270
v 0.521019 0.647956 2.025270
v 0.540932 0.755448 2.120935
v 0.540932 0.647956 2.120935
v 0.669655 0.755448 2.216600
v 0.669655 0.647956 2.216600
v 0.743974 0.755448 2.190966
v 0.743974 0.647956 2.190966
v 0.798379 0.755448 2.120934
v 0.798379 0.647956 2.120934
v 0.805674 0.647956 2.126357
v 0.805674 0.647956 2.126357
v 0.805674 0.755448 2.126357
v 0.805674 0.755448 2.126357
v 0.591125 0.647956 2.200358
v 0.591125 0.647956 2.200358
v 0.591125 0.755448 2.200358
v 0.591125 0.755448 2.200358
v 0.533637 0.647956 2.126357
v 0.533637 0.647956 2.126357
v 0.533637 0.755448 2.126357
v 0.533637 0.755448 2.126357
v 0.533636 0.647956 1.924182
v 0.533636 0.647956 1.924182
v 0.533636 0.755448 1.924182
v 0.533636 0.755448 1.924182
v 0.669655 0.755448 1.823094
v 0.669655 0.755448 1.823094
v 0.669655 0.647956 1.823094
v 0.669655 0.647956 1.823094
v 0.805674 0.647956 1.924182
v 0.805674 0.647956 1.924182
v 0.805674 0.755448 1.924182
v 0.805674 0.755448 1.924182
v 0.826716 0.755448 2.025270
v 0.826716 0.647956 2.025270
v 0.748186 0.755448 1.850181
v 0.748186 0.647956 1.850181
v 0.591125 0.755448 1.850181
v 0.591125 0.647956 1.850181
v 0.512594 0.755448 2.025270
v 0.512594 0.647956 2.025270
v 0.669655 0.755448 2.227444
v 0.669655 0.647956 2.227444
v 0.748186 0.755448 2.200357
v 0.748186 0.647956 2.200357
v -0.198509 1.651967 -0.272799
v -0.198509 1.604745 -0.245988
v -0.198509 1.685467 -0.323308
v -0.198509 1.698612 -0.387510
v -0.198509 1.688798 -0.452690
v -0.198509 1.657968 -0.505939
v -0.198509 1.612229 -0.536708
v -0.198509 1.560639 -0.538905
v -0.198509 1.513417 -0.512094
v -0.198509 1.479917 -0.461586
v -0.198509 1.466771 -0.397383
v -0.198509 1.476586 -0.332203
v -0.198509 1.507416 -0.278955
v -0.198509 1.553155 -0.248185
v 0.198509 1.651967 -0.272799
v 0.198509 1.604745 -0.245988
v 0.198509 1.685467 -0.323308
v 0.198509 1.698612 -0.387510
v 0.198509 1.688798 -0.452690
v 0.198509 1.657968 -0.505939
v 0.198509 1.612229 -0.536708
v 0.198509 1.560639 -0.538905
v 0.198509 1.513417 -0.512094
v 0.198509 1.479917 -0.461586
v 0.198509 1.466771 -0.397383
v 0.198509 1.476586 -0.332203
v 0.198509 1.507416 -0.278955
v 0.198509 1.553155 -0.248185
vn -1.0000 -0.0000 -0.0000
vn 1.0000 -0.0000 -0.0000
vn -0.0000 -0.0000 -1.0000
vn -0.0000 -0.0001 -1.0000
vn -0.0000 0.9981 -0.0615
vn -0.0000 0.9994 -0.0341
vn -0.2497 -0.0000 0.9683
vn -0.0000 1.0000 -0.0066
vn -0.0000 -0.0001 1.0000
vn -0.0000 -0.9987 -0.0511
vn -0.0000 0.0001 -1.0000
vn -0.0000 -1.0000 -0.0052
vn -0.0000 -0.0000 1.0000
vn -0.9999 0.0116 -0.0024
vn -1.0000 0.0095 0.0012
vn -1.0000 0.0079 0.0005
vn -0.9999 0.0110 -0.0013
vn -1.0000 0.0058 -0.0037
vn -1.0000 0.0088 -0.0010
vn -0.9999 0.0131 -0.0027
vn -0.9999 0.0122 0.0003
vn -0.9999 0.0142 -0.0067
vn -1.0000 0.0027 -0.0044
vn -1.0000 0.0028 -0.0047
vn -0.0000 0.9998 0.0209
vn -0.0000 0.7887 -0.6148
vn -0.0000 1.0000 -0.0000
vn -0.0000 -0.9800 -0.1991
vn -0.0000 -0.9999 -0.0141
vn -0.0000 0.6342 0.7732
vn -0.0000 -0.9285 -0.3713
vn -0.0000 -0.9821 0.1885
vn -0.0000 -0.9256 0.3785
vn -0.0000 -0.1778 -0.9841
vn -0.0000 -0.1164 0.9932
vn 0.5203 -0.0971 -0.8484
vn 0.2811 -0.0983 -0.9546
vn 0.2748 -0.0982 -0.9565
vn -0.9036 -0.0969 -0.4173
vn -0.0173 0.9927 -0.1193
vn -0.0138 0.9925 -0.1218
vn 0.0226 0.9908 -0.1336
vn 0.0376 0.9894 -0.1403
vn -0.0376 0.9894 -0.1403
vn -0.0187 0.9952 -0.0963
vn -0.0194 0.9951 -0.0969
vn -0.0226 0.9908 -0.1336
vn 0.0924 0.9935 -0.0671
vn 0.0731 0.9970 -0.0260
vn 0.0751 0.9967 -0.0291
vn 0.0882 0.9941 -0.0624
vn -0.0731 0.9970 -0.0260
vn -0.0751 0.9967 -0.0291
vn -0.0097 0.9982 0.0591
vn -0.0129 0.9983 0.0564
vn -0.5182 0.0878 0.8508
vn -0.2752 0.0886 0.9573
vn -0.2780 0.0886 0.9565
vn 0.6059 0.0121 -0.7954
vn 0.6175 0.0134 -0.7865
vn 0.7477 0.0288 -0.6634
vn 0.8906 0.0886 0.4461
vn -0.2362 -0.0164 -0.9716
vn -0.6059 0.0121 -0.7954
vn -0.6175 0.0134 -0.7865
vn -0.2234 -0.0171 -0.9746
vn -0.5203 -0.0971 -0.8484
vn -0.2748 -0.0982 -0.9565
vn -0.2811 -0.0983 -0.9546
vn -0.6033 -0.0287 0.7970
vn -0.7533 -0.0415 0.6564
vn -0.6233 -0.0304 0.7814
vn 0.9932 0.0658 -0.0957
vn -0.9950 -0.0783 0.0619
vn -0.4739 -0.0000 0.8806
vn -0.9519 -0.0000 0.3063
vn -0.9519 -0.0000 -0.3063
vn -0.4739 -0.0000 -0.8806
vn 0.4942 -0.0000 -0.8694
vn 0.9519 -0.0000 -0.3063
vn 0.9519 -0.0000 0.3063
vn 0.4942 -0.0000 0.8694
vn -0.0000 -0.9981 0.0610
vn 0.0500 -0.9978 0.0426
vn 0.0528 -0.9978 0.0394
vn 0.0528 -0.9978 -0.0394
vn 0.0500 -0.9978 -0.0426
vn -0.0000 -0.9981 -0.0610
vn 0.0683 -0.9977 -0.0000
vn 0.7808 -0.1104 0.6150
vn -0.7061 -0.0117 -0.7080
vn 0.9955 -0.0944 -0.0000
vn 0.7055 0.0421 -0.7074
vn -0.7706 0.1361 0.6226
vn -0.0000 0.0170 -0.9999
vn -0.7706 0.1361 -0.6226
vn -0.9930 0.1184 -0.0000
vn 0.7055 0.0421 0.7074
vn 0.7808 -0.1104 -0.6150
vn -0.7061 -0.0117 0.7080
vn -0.0000 0.0170 0.9999
vn 0.2497 -0.0000 0.9683
vn 0.9999 0.0116 -0.0024
vn 0.9999 0.0110 -0.0013
vn 1.0000 0.0079 0.0005
vn 1.0000 0.0095 0.0012
vn 1.0000 0.0088 -0.0010
vn 1.0000 0.0058 -0.0037
vn 0.9999 0.0131 -0.0027
vn 0.9999 0.0122 0.0003
vn 0.9999 0.0142 -0.0067
vn 1.0000 0.0028 -0.0047
vn 1.0000 0.0027 -0.0044
vn 0.9036 -0.0969 -0.4173
vn 0.5182 0.0878 0.8508
vn 0.2780 0.0886 0.9565
vn 0.2752 0.0886 0.9573
vn 0.0194 0.9951 -0.0969
vn 0.0187 0.9952 -0.0963
vn -0.0924 0.9935 -0.0671
vn -0.0882 0.9941 -0.0624
vn 0.2257 -0.0032 0.9742
vn 0.2297 -0.0034 0.9733
vn 0.6233 -0.0304 0.7814
vn 0.6033 -0.0287 0.7970
vn 0.0129 0.9983 0.0564
vn 0.0097 0.9982 0.0591
vn -0.7477 0.0288 -0.6634
vn -0.8906 0.0886 0.4461
vn 0.0173 0.9927 -0.1193
vn 0.0138 0.9925 -0.1218
vn -0.2257 -0.0032 0.9742
vn -0.2297 -0.0034 0.9733
vn 0.7533 -0.0415 0.6564
vn -0.9932 0.0658 -0.0957
vn 0.9950 -0.0783 0.0619
vn 0.2362 -0.0164 -0.9716
vn 0.2234 -0.0171 -0.9746
vn 0.4739 -0.0000 0.8806
vn 0.4739 -0.0000 -0.8806
vn -0.4942 -0.0000 -0.8694
vn -0.4942 -0.0000 0.8694
vn -0.0528 -0.9978 0.0394
vn -0.0500 -0.9978 0.0426
vn -0.0528 -0.9978 -0.0394
vn -0.0500 -0.9978 -0.0426
vn -0.0683 -0.9977 -0.0000
vn -0.7808 -0.1104 0.6150
vn 0.7061 -0.0117 -0.7080
vn -0.9955 -0.0944 -0.0000
vn -0.7055 0.0421 -0.7074
vn 0.7706 0.1361 0.6226
vn 0.7706 0.1361 -0.6226
vn 0.9930 0.1184 -0.0000
vn -0.7055 0.0421 0.7074
vn -0.7808 -0.1104 -0.6150
vn 0.7061 -0.0117 0.7080
vn -0.0000 -1.0000 -0.0000
vn 0.5118 0.1798 -0.8401
vn 0.9998 0.0173 -0.0000
vn -0.5159 -0.1291 0.8469
vn 0.5159 -0.1291 0.8469
vn -0.5118 0.1798 -0.8401
vn -0.9998 0.0173 -0.0000
vn -0.9996 0.0210 0.0202
vn -0.0333 0.0535 -0.9980
vn 0.0333 -0.0535 0.9980
vn -0.3261 -0.0000 -0.9453
vn -0.9790 -0.0000 -0.2038
vn 0.3261 -0.0000 0.9453
vn -0.9790 -0.0000 0.2038
vn 0.9790 -0.0000 0.2038
vn 0.9790 -0.0000 -0.2038
vn -0.3261 -0.0000 0.9453
vn 0.3261 -0.0000 -0.9453
vn 0.6776 0.3821 0.6284
vn 0.7026 0.3886 0.5962
vn 0.7701 0.4038 0.4939
vn 0.8076 0.4105 0.4235
vn -0.6776 -0.3821 -0.6284
vn 0.3983 -0.9141 0.0763
vn -0.8076 -0.4105 -0.4235
vn -0.3983 0.9141 -0.0763
vn -0.7030 -0.2125 0.6787
vn 0.7030 0.2125 -0.6787
vn -0.5672 -0.3502 -0.7454
vn -0.7259 -0.3942 -0.5637
vn -0.9124 -0.4054 -0.0560
vn 0.8891 0.3460 -0.2997
vn -0.3479 -0.2755 -0.8961
vn -0.3416 -0.0190 0.9397
vn -0.6776 0.3821 0.6284
vn -0.7026 0.3886 0.5962
vn -0.7701 0.4038 0.4939
vn -0.8076 0.4105 0.4235
vn 0.6776 -0.3821 -0.6284
vn -0.3983 -0.9141 0.0763
vn 0.8076 -0.4105 -0.4235
vn 0.3983 0.9141 -0.0763
vn 0.7030 -0.2125 0.6787
vn -0.7030 0.2125 -0.6787
vn 0.5672 -0.3502 -0.7454
vn 0.7259 -0.3942 -0.5637
vn 0.9124 -0.4054 -0.0560
vn -0.8891 0.3460 -0.2997
vn 0.3479 -0.2755 -0.8961
vn 0.3416 -0.0190 0.9397
vn -0.5138 0.1569 -0.8434
vn 0.5138 -0.1569 0.8434
vn 0.5138 0.1569 -0.8434
vn -0.5138 -0.1569 0.8434
vn -0.5498 -0.0000 -0.8353
vn 0.5498 -0.0000 -0.8353
vn -0.5498 -0.0000 0.8353
vn 0.5498 -0.0000 0.8353
vn -0.0000 0.8276 -0.5614
vn -0.0000 0.8276 0.5614
vn -0.0000 -0.8276 -0.5614
vn -0.0000 -0.8276 0.5614
vn -0.0000 -0.7793 0.6266
vn -0.0000 -0.7793 -0.6266
vn -0.0000 0.7793 0.6266
vn -0.0000 0.7793 -0.6266
vn 0.9985 -0.0000 -0.0550
vn 0.9982 -0.0000 -0.0603
vn -0.0000 0.7093 0.7049
vn -0.0000 -0.6464 0.7630
vn 0.9797 -0.0000 -0.2005
vn -0.0000 -0.6464 -0.7630
vn -0.8854 -0.0000 0.4648
vn -0.0000 0.7093 -0.7049
vn -0.6784 -0.0000 -0.7347
vn -0.0000 -0.9957 0.0925
vn 1.0000 -0.0025 -0.0033
vn 0.9999 -0.0080 -0.0105
vn 0.9999 -0.0119 -0.0093
vn 0.9999 -0.0132 -0.0038
vn -1.0000 -0.0025 -0.0033
vn -0.9999 -0.0080 -0.0105
vn -0.0000 0.8307 0.5567
vn -0.0000 0.7667 0.6420
vn -0.0000 -0.9827 0.1852
vn -0.0000 0.9666 0.2565
vn -0.0000 0.9683 0.2496
vn -0.0000 0.9701 0.2428
vn -0.0000 0.8827 0.4699
vn -0.9999 -0.0132 -0.0038
vn -0.9999 -0.0119 -0.0093
vn -0.0000 -0.8834 -0.4687
vn -0.9999 -0.0140 -0.0000
vn 0.9999 -0.0140 -0.0000
vn -0.0000 -0.7881 -0.6155
vn 0.0200 -0.0000 0.9998
vn 0.0075 -0.6615 0.7499
vn 0.0069 0.7234 0.6904
vn -0.6784 -0.0000 0.7347
vn -0.0000 -0.9957 -0.0925
vn -0.0000 0.8307 -0.5567
vn -0.0000 0.7667 -0.6420
vn -0.0000 -0.9827 -0.1852
vn -0.0000 0.9666 -0.2565
vn -0.0000 0.9683 -0.2496
vn -0.0000 0.9701 -0.2428
vn -0.0000 0.8827 -0.4699
vn -0.0000 -0.8579 0.5138
vn -0.0000 0.7965 0.6047
vn -0.0000 0.4719 -0.8817
vn -0.9982 -0.0000 -0.0603
vn -0.9985 -0.0000 -0.0550
vn -0.9797 -0.0000 -0.2005
vn 0.8854 -0.0000 0.4648
vn 0.6784 -0.0000 -0.7347
vn -0.0200 -0.0000 0.9998
vn -0.0075 -0.6615 0.7499
vn -0.0069 0.7234 0.6904
vn 0.6784 -0.0000 0.7347
vn 0.8577 -0.1641 0.4873
vn 0.8447 -0.1529 0.5130
vn 0.9194 -0.2295 0.3193
vn -0.5771 -0.4651 -0.6713
vn -0.2768 -0.5578 -0.7825
vn -0.4608 -0.4532 -0.7630
vn -0.1511 0.3777 -0.9135
vn -0.0000 0.3821 -0.9241
vn -0.8448 0.1600 -0.5107
vn -0.9033 0.2261 -0.3647
vn -0.8361 0.1518 -0.5272
vn -0.6825 -0.7309 -0.0000
vn -0.7343 -0.0725 0.6749
vn -0.8577 -0.1641 0.4873
vn -0.8447 -0.1529 0.5130
vn -0.1611 -0.9852 -0.0591
vn -0.1533 -0.9866 -0.0554
vn -0.0944 -0.9952 -0.0275
vn -0.6825 0.7309 -0.0000
vn 0.1626 0.9849 0.0602
vn 0.1511 0.9870 0.0548
vn 0.2199 0.9716 0.0872
vn 0.1300 0.1355 0.9822
vn 0.1346 0.1403 0.9809
vn 0.1896 0.1858 0.9641
vn 0.1027 0.3842 0.9175
vn -0.0000 0.2432 0.9700
vn 0.2875 -0.1427 0.9471
vn -0.0000 -0.3122 0.9500
vn -0.0000 -0.1211 0.9926
vn -0.9432 -0.3287 0.0479
vn 0.4920 -0.8698 -0.0379
vn 0.1698 -0.9854 -0.0132
vn 0.2435 -0.9697 -0.0189
vn -0.1925 -0.9803 0.0435
vn -0.1047 -0.9942 0.0236
vn -0.6557 0.7547 0.0234
vn -0.6586 0.7517 0.0336
vn -0.6595 0.7508 0.0367
vn -0.6606 0.7487 0.0559
vn -0.6597 0.7492 0.0593
vn -0.0000 -1.0000 -0.0002
vn -0.2639 -0.7425 -0.6157
vn 0.2639 -0.7425 -0.6157
vn -0.0000 -0.9260 -0.3776
vn 0.0936 0.9952 0.0278
vn -0.6539 0.7543 0.0590
vn -0.6524 0.7559 0.0545
vn -0.6493 0.7592 0.0453
vn 0.6433 0.6304 0.4345
vn -0.4858 -0.5449 -0.6834
vn -0.6100 -0.6200 -0.4934
vn -0.4817 0.7803 -0.3989
vn -0.4890 0.7977 -0.3530
vn -0.4999 0.8268 -0.2578
vn -0.0000 0.9926 -0.1218
vn 0.0039 0.9968 -0.0793
vn -0.4619 0.7358 -0.4952
vn -0.2878 -0.9555 0.0650
vn -0.0000 0.9682 -0.2500
vn 0.7689 -0.1912 0.6101
vn -0.0128 -0.9863 0.1645
vn -0.0144 -0.9856 0.1685
vn -0.0000 -0.9855 0.1699
vn -0.0000 -0.9864 0.1645
vn -0.0000 -0.9844 0.1761
vn -0.0173 -0.9842 0.1761
vn 0.6662 -0.6798 0.3066
vn -0.0000 0.0360 0.9994
vn 0.2421 0.0349 0.9696
vn -0.2197 -0.9717 -0.0870
vn -0.7406 0.0736 -0.6679
vn 0.7343 -0.0725 0.6749
vn 0.3526 0.3456 0.8696
vn 0.2330 0.4607 0.8564
vn -0.1626 0.9849 0.0602
vn -0.2199 0.9716 0.0872
vn -0.1511 0.9870 0.0548
vn 0.5771 -0.4651 -0.6713
vn 0.4608 -0.4532 -0.7630
vn 0.2768 -0.5578 -0.7825
vn 0.1511 0.3777 -0.9135
vn 0.8448 0.1601 -0.5107
vn 0.8361 0.1518 -0.5272
vn 0.9033 0.2261 -0.3647
vn 0.6825 -0.7309 -0.0000
vn 0.2197 -0.9717 -0.0870
vn 0.1611 -0.9852 -0.0591
vn 0.1533 -0.9866 -0.0554
vn 0.0944 -0.9952 -0.0275
vn -0.1300 0.1355 0.9822
vn -0.1027 0.3842 0.9175
vn -0.1896 0.1858 0.9641
vn -0.1346 0.1403 0.9809
vn -0.2875 -0.1427 0.9471
vn 0.9432 -0.3287 0.0479
vn -0.4920 -0.8698 -0.0379
vn -0.2435 -0.9697 -0.0189
vn -0.1698 -0.9854 -0.0132
vn 0.1047 -0.9942 0.0236
vn 0.1925 -0.9803 0.0435
vn 0.6557 0.7547 0.0234
vn 0.6595 0.7508 0.0367
vn 0.6586 0.7517 0.0336
vn 0.6597 0.7492 0.0593
vn 0.6606 0.7487 0.0559
vn -0.0000 0.9453 0.3263
vn -0.0936 0.9952 0.0278
vn 0.6539 0.7543 0.0590
vn 0.6493 0.7592 0.0453
vn 0.6524 0.7559 0.0545
vn -0.6433 0.6304 0.4345
vn 0.4858 -0.5449 -0.6834
vn 0.6100 -0.6200 -0.4934
vn 0.4817 0.7803 -0.3989
vn 0.4999 0.8268 -0.2578
vn 0.4890 0.7977 -0.3530
vn -0.0039 0.9968 -0.0793
vn 0.4619 0.7358 -0.4952
vn 0.2878 -0.9555 0.0650
vn -0.7689 -0.1912 0.6101
vn 0.0128 -0.9863 0.1645
vn 0.0144 -0.9856 0.1685
vn 0.0173 -0.9842 0.1761
vn -0.6662 -0.6798 0.3066
vn -0.2421 0.0349 0.9696
vn 0.6825 0.7309 -0.0000
vn -0.9194 -0.2295 0.3193
vn 0.7406 0.0736 -0.6679
vn -0.2330 0.4607 0.8564
vn -0.3526 0.3456 0.8696
vn 0.9511 0.3090 -0.0000
vn 0.9934 -0.1132 -0.0208
vn 0.7324 0.6809 -0.0000
vn -0.7236 -0.6891 -0.0403
vn -0.8563 -0.5144 -0.0460
vn -0.8486 -0.5271 -0.0457
vn -0.9930 -0.1150 -0.0253
vn 0.4131 0.9107 -0.0000
vn -0.9511 0.3090 -0.0000
vn -0.7324 0.6809 -0.0000
vn -0.4131 0.9107 -0.0000
vn 0.8660 -0.4995 -0.0238
vn 0.7113 -0.7029 -0.0000
vn 0.8317 -0.5549 -0.0178
vn -0.0000 -0.7842 -0.6205
vn -0.0000 1.0000 0.0004
vn 0.4418 -0.8902 -0.1110
vn 0.4853 -0.8595 -0.1605
vn 0.4376 -0.8928 -0.1064
vn -0.4853 -0.8595 -0.1605
vn -0.4389 -0.8918 -0.1098
vn -0.4347 -0.8944 -0.1054
vn 0.7900 0.3802 -0.4809
vn 0.6012 0.4955 -0.6269
vn 0.7718 0.3943 -0.4988
vn -0.1866 -0.9823 0.0170
vn -0.2115 -0.9774 0.0082
vn 0.9029 0.2665 -0.3372
vn -0.5303 0.6262 0.5715
vn -0.3605 0.5979 0.7159
vn -0.3922 0.6052 0.6928
vn 0.5303 0.6262 0.5715
vn 0.3940 0.6055 0.6915
vn 0.3615 0.5980 0.7153
vn -0.9029 0.2665 -0.3372
vn -0.7754 0.3916 -0.4954
vn -0.7934 0.3775 -0.4776
vn -0.7071 -0.7071 -0.0000
vn 0.7071 -0.7071 -0.0000
vn 0.7071 0.7071 -0.0000
vn -0.7071 0.7071 -0.0000
vn -0.0000 -0.9870 0.1605
vn -0.0000 -0.9467 0.3220
vn -0.0988 0.5425 0.8342
vn -0.0959 0.5423 0.8347
vn -0.6109 0.4910 -0.6211
vn 0.1002 0.5430 0.8338
vn 0.0978 0.5428 0.8341
vn -0.0000 0.0069 1.0000
vn -0.0000 -0.0069 -1.0000
vn -0.0000 0.0343 -0.9994
vn -0.0000 -0.0440 0.9990
vn -0.0000 0.9998 0.0207
vn -0.0000 0.9848 -0.1735
vn -0.0000 0.9294 -0.3691
vn -0.0000 0.0167 0.9999
vn -0.0000 -0.0253 -0.9997
vn -0.0000 0.9890 0.1479
vn -0.0000 -0.5949 0.8038
vn -0.0000 0.9493 0.3145
vn -0.0000 -0.1478 -0.9890
vn -0.0000 -0.9309 -0.3652
vn 0.1900 -0.9817 0.0157
vn 0.2145 -0.9767 0.0071
vn -0.0000 0.6205 -0.7842
vn -0.0745 -0.9972 -0.0000
vn 0.0745 -0.9972 -0.0000
vn 0.0745 0.9972 -0.0000
vn -0.0745 0.9972 -0.0000
vn -0.0423 -0.0000 -0.9991
vn -0.0423 -0.0000 0.9991
vn 0.0423 -0.0000 0.9991
vn 0.0423 -0.0000 -0.9991
vn -0.0000 -0.5073 -0.8617
vn -0.0000 0.0917 0.9958
vn -0.0000 0.5065 0.8623
vn -0.0000 0.7988 0.6016
vn -0.0000 0.9425 -0.3341
vn -0.0000 -0.9425 0.3341
vn -0.0000 -0.6991 -0.7150
vn -0.0000 -0.4607 0.8876
vn -0.0000 0.6690 0.7433
vn -0.0000 0.9989 0.0465
vn 0.0038 0.8600 -0.5102
vn -0.0038 -0.8600 0.5102
vn -0.0038 0.8600 -0.5102
vn 0.0038 -0.8600 0.5102
vn -0.0000 0.8616 -0.5076
vn -0.0000 -0.8616 0.5076
vn -0.0000 0.6986 0.7155
vn 0.9848 0.1736 -0.0000
vn 0.9785 0.1725 -0.1128
vn -0.0000 0.9936 -0.1128
vn -0.6428 0.7660 -0.0000
vn -0.6387 0.7612 -0.1128
vn -0.9848 0.1736 -0.0000
vn -0.9785 0.1725 -0.1128
vn -0.8660 -0.5000 -0.0000
vn -0.8605 -0.4968 -0.1128
vn -0.3420 -0.9397 -0.0000
vn -0.3398 -0.9337 -0.1128
vn 0.3420 -0.9397 -0.0000
vn 0.3398 -0.9337 -0.1128
vn 0.6428 0.7660 -0.0000
vn 0.8660 -0.5000 -0.0000
vn 0.8605 -0.4968 -0.1128
vn 0.6387 0.7612 -0.1128
vn -0.0000 0.9404 -0.3402
vn -0.0000 0.8823 -0.4706
vn 0.8144 -0.4702 -0.3402
vn 0.7641 -0.4412 -0.4706
vn 0.3216 -0.8837 -0.3402
vn 0.3018 -0.8291 -0.4706
vn -0.3216 -0.8837 -0.3402
vn -0.3018 -0.8291 -0.4706
vn -0.8144 -0.4702 -0.3402
vn -0.7641 -0.4412 -0.4706
vn -0.9261 0.1633 -0.3402
vn -0.8689 0.1532 -0.4706
vn -0.6045 0.7204 -0.3402
vn -0.5672 0.6759 -0.4706
vn 0.6045 0.7204 -0.3402
vn 0.5672 0.6759 -0.4706
vn 0.8660 0.5000 -0.0000
vn 0.9261 0.1633 -0.3402
vn 0.8689 0.1532 -0.4706
vn -0.9848 -0.1736 -0.0000
vn 0.3420 0.9397 -0.0000
vn 0.6428 -0.7660 -0.0000
vn -0.3420 0.9397 -0.0000
vn 0.9848 -0.1736 -0.0000
vn -0.6428 -0.7660 -0.0000
vn -0.8660 0.5000 -0.0000
vn 0.9954 0.0521 -0.0806
vn -0.9954 0.0521 -0.0806
vn -0.0000 -0.5430 0.8397
vn -0.0000 -0.9391 -0.3435
vn -0.0000 0.9246 0.3809
vn 0.9958 -0.0188 -0.0891
vn -0.9958 -0.0188 -0.0891
vn -0.0000 0.2068 0.9784
vn -0.0000 -0.9892 0.1464
vn -0.0000 0.9940 -0.1094
vn 0.9946 -0.0825 -0.0634
vn -0.9946 -0.0825 -0.0634
vn -0.0000 0.7931 0.6091
vn -0.0000 -0.7707 0.6372
vn -0.0000 0.7993 -0.6010
vn 0.9933 -0.1146 -0.0136
vn -0.9933 -0.1146 -0.0136
vn -0.0000 0.9931 0.1177
vn -0.0000 -0.1608 0.9870
vn -0.0000 0.2200 -0.9755
vn 0.9938 -0.1030 0.0414
vn -0.9938 -0.1030 0.0414
vn -0.0000 0.9280 -0.3725
vn -0.0000 0.5774 0.8165
vn -0.0000 -0.5328 -0.8462
vn 0.9954 -0.0521 0.0806
vn -0.9954 -0.0521 0.0806
vn -0.0000 0.5430 -0.8397
vn -0.0000 0.9391 0.3435
vn -0.0000 -0.9246 -0.3809
vn 0.9958 0.0188 0.0891
vn -0.9958 0.0188 0.0891
vn -0.0000 -0.2068 -0.9784
vn -0.0000 0.9892 -0.1464
vn -0.0000 -0.9940 0.1094
vn 0.9946 0.0825 0.0634
vn -0.9946 0.0825 0.0634
vn -0.0000 -0.7931 -0.6091
vn -0.0000 0.7707 -0.6372
vn -0.0000 -0.7993 0.6010
vn 0.9933 0.1146 0.0136
vn -0.9933 0.1146 0.0136
vn -0.0000 -0.9931 -0.1177
vn -0.0000 0.1608 -0.9870
vn -0.0000 -0.2200 0.9755
vn 0.9938 0.1030 -0.0413
vn -0.9938 0.1030 -0.0413
vn -0.0000 -0.9280 0.3725
vn -0.0000 -0.5774 -0.8165
vn -0.0000 0.5328 0.8462
vn -0.9938 -0.1030 0.0413
vn 0.9938 0.1030 -0.0414
vn -0.9924 -0.1218 0.0188
vn -0.9944 0.0691 -0.0804
vn -0.9952 -0.0243 -0.0949
vn -0.9932 0.1033 0.0536
vn -0.9944 -0.0691 0.0804
vn -0.9952 0.0243 0.0949
vn -0.9932 -0.1033 -0.0536
vn -0.9924 0.1218 -0.0188
vn 0.9932 -0.1033 -0.0536
vn 0.9924 -0.1218 0.0188
vn 0.9952 -0.0243 -0.0949
vn 0.9924 0.1218 -0.0188
vn 0.9932 0.1033 0.0536
vn 0.9944 -0.0691 0.0804
vn 0.9952 0.0243 0.0949
vn 0.9944 0.0691 -0.0804
vn -0.0000 0.2788 0.9603
vn -0.0000 -0.2168 -0.9762
vn -0.0000 -0.9850 0.1726
vn -0.0000 0.9911 -0.1329
vn -0.0000 0.9883 -0.1527
vn -0.0000 -0.2788 -0.9603
vn -0.0000 0.6521 -0.7581
vn -0.0000 0.2168 0.9762
vn -0.0000 -0.8876 -0.4607
vn -0.0000 0.6310 -0.7758
vn -0.0000 -0.9883 0.1527
vn -0.0000 -0.6724 0.7402
vn -0.0000 -0.6521 0.7581
vn -0.0000 0.8977 0.4407
vn -0.0000 0.2480 0.9687
vn -0.0000 -0.8769 -0.4807
vn -0.0000 0.8875 0.4607
vn -0.0000 0.9850 -0.1726
vn -0.0000 -0.2481 -0.9687
vn -0.0000 -0.9911 0.1329
vn -0.0000 -0.6310 0.7758
vn -0.0000 -0.8977 -0.4407
vn -0.0000 0.6724 -0.7402
vn -0.0000 0.8769 0.4807
vn -0.0000 -0.2480 -0.9687
vn -0.0000 0.8876 0.4607
vn -0.0000 -0.8875 -0.4607
vn 0.5808 -0.0000 0.8141
vn -0.8798 -0.0000 -0.4753
vn -0.7897 -0.0000 0.6135
vn 0.7897 -0.0000 0.6135
vn -0.7068 0.7068 -0.0274
vn 0.9998 0.0005 0.0194
vn -0.0005 -0.9998 0.0194
vn -0.9998 -0.0005 -0.0194
vn 0.0005 0.9998 -0.0194
vn 0.7068 -0.7068 0.0274
vn -0.5808 -0.0000 0.8141
vn 0.8798 -0.0000 -0.4753
vn -0.2588 0.9659 -0.0006
vn -0.5000 0.8660 -0.0006
vn -0.7071 0.7071 -0.0006
vn -0.9659 0.2588 -0.0006
vn -1.0000 -0.0000 -0.0006
vn -0.9659 -0.2588 -0.0006
vn -0.7071 -0.7071 -0.0006
vn -0.5000 -0.8660 -0.0006
vn -0.0000 -1.0000 -0.0006
vn 0.5000 -0.8660 -0.0006
vn 0.8660 -0.5000 -0.0006
vn 1.0000 -0.0000 -0.0006
vn 0.8660 0.5000 -0.0006
vn 0.7071 0.7071 -0.0006
vn 0.2588 0.9659 -0.0006
vn -0.0000 -0.3402 0.9404
vn -0.1701 -0.2946 0.9404
vn -0.3402 -0.0000 0.9404
vn -0.2946 0.1701 0.9404
vn 0.2946 0.1701 0.9404
vn 0.3402 -0.0000 0.9404
vn 0.1701 -0.2946 0.9404
vn -0.2946 -0.1701 0.9404
vn 0.1701 0.2946 0.9404
vn -0.1701 0.2946 0.9404
vn -0.0000 0.3402 0.9404
vn 0.2946 -0.1701 0.9404
vn 0.8564 -0.4945 -0.1484
vn 0.9889 -0.0000 -0.1484
vn -0.4945 -0.8564 -0.1484
vn -0.0000 -0.9889 -0.1484
vn -0.8564 0.4945 -0.1484
vn -0.9889 -0.0000 -0.1484
vn 0.8564 0.4945 -0.1484
vn 0.4945 -0.8564 -0.1484
vn -0.8564 -0.4945 -0.1484
vn 0.4945 0.8564 -0.1484
vn -0.0000 0.9889 -0.1484
vn -0.4945 0.8564 -0.1484
vn -0.0000 0.4447 -0.8957
vn -0.2223 0.3851 -0.8957
vn -0.3851 0.2223 -0.8957
vn -0.4447 -0.0000 -0.8957
vn -0.3851 -0.2223 -0.8957
vn -0.2223 -0.3851 -0.8957
vn -0.0000 -0.4447 -0.8957
vn 0.2223 -0.3851 -0.8957
vn 0.3851 -0.2223 -0.8957
vn 0.4447 -0.0000 -0.8957
vn 0.3851 0.2223 -0.8957
vn 0.2223 0.3851 -0.8957
vn -0.0000 -0.7996 0.6005
vn -0.0000 -0.9565 0.2919
vn -0.0000 0.8780 -0.4787
vn -0.0000 0.9515 -0.3075
vn -0.0000 -0.9398 -0.3416
vn -0.0000 -0.8586 -0.5126
vn -0.0000 0.0974 0.9952
vn -0.0000 -0.1516 0.9884
vn -0.0000 -0.4891 0.8722
vn -0.0000 0.0275 -0.9996
vn -0.0000 -0.9999 -0.0169
vn -0.0000 0.4446 0.8957
vn -0.0000 0.7738 0.6335
vn -0.0000 0.9999 0.0169
vn -0.0000 0.9454 0.3260
vn -0.0014 0.9948 -0.1023
vn -0.0031 0.9940 -0.1090
vn -0.0013 0.9948 -0.1021
vn 0.0013 0.9948 -0.1021
vn 0.0014 0.9948 -0.1023
vn 0.0031 0.9940 -0.1090
vn 0.7834 0.6215 -0.0000
vn 0.7601 0.6471 0.0600
vn -0.7601 0.6471 0.0600
vn -0.7834 0.6215 -0.0000
vn -0.6868 0.6781 -0.2617
vn 0.6868 0.6781 -0.2617
vn 0.7820 -0.2211 -0.5827
vn 0.6423 -0.2847 -0.7117
vn 0.6339 -0.3614 -0.6838
vn 0.8062 -0.1986 -0.5573
vn -0.5885 0.6035 -0.5380
vn -0.5261 0.4828 -0.7001
vn -0.5222 0.5547 -0.6478
vn -0.6871 0.5767 -0.4419
vn 0.6871 0.5765 -0.4423
vn 0.5221 0.5544 -0.6481
vn 0.4596 0.5743 -0.6774
vn 0.5542 0.6292 -0.5449
vn -0.6738 -0.4092 -0.6152
vn -0.6240 -0.2644 -0.7354
vn -0.5995 -0.2931 -0.7447
vn -0.6040 -0.3942 -0.6927
vn 0.5898 -0.4017 -0.7005
vn 0.5906 -0.3013 -0.7486
vn 0.6211 -0.2650 -0.7376
vn 0.6653 -0.4197 -0.6174
vn -0.3768 0.7336 -0.5656
vn -0.3294 0.5705 -0.7523
vn 0.3573 0.6193 -0.6991
vn 0.3764 0.7585 -0.5319
vn -0.7813 -0.2248 -0.5823
vn -0.6412 -0.2882 -0.7112
vn 0.0464 0.8320 -0.5528
vn 0.0825 0.6696 -0.7381
vn -0.8063 -0.1990 -0.5570
vn -0.6341 -0.3619 -0.6833
vn -0.9141 -0.0352 -0.4040
vn -0.8654 -0.1714 -0.4709
vn 0.3945 0.8259 -0.4029
vn 0.0187 0.9280 -0.3720
vn -0.3999 0.8312 -0.3863
vn 0.6914 -0.4630 -0.5547
vn 0.8660 -0.1677 -0.4711
vn -0.7020 -0.4522 -0.5502
vn 0.6466 0.6528 -0.3947
vn -0.6628 0.6423 -0.3849
vn 0.5615 -0.6074 -0.5619
vn -0.5886 -0.5848 -0.5582
vn 0.7296 0.5751 -0.3702
vn -0.7296 0.5752 -0.3698
vn 0.9140 -0.0348 -0.4042
vn -0.0000 0.9998 0.0205
vn -0.0000 0.9998 -0.0221
vn -0.0000 0.9979 -0.0648
vn 0.9124 -0.0000 0.4092
vn 0.5965 -0.0000 0.8026
vn -0.9124 -0.0000 0.4092
vn -0.5965 -0.0000 -0.8026
vn -0.7897 -0.0000 -0.6135
vn 0.5965 -0.0000 -0.8026
vn 0.7897 -0.0000 -0.6135
vn -0.0000 0.9730 -0.2307
vn 0.1479 0.9688 -0.1990
vn 0.2539 0.9605 -0.1139
vn 0.2920 0.9564 -0.0000
vn 0.2539 0.9605 0.1139
vn 0.1479 0.9688 0.1990
vn -0.0000 0.9730 0.2307
vn -0.1479 0.9688 0.1990
vn -0.2539 0.9605 0.1139
vn -0.2920 0.9564 -0.0000
vn -0.2539 0.9605 -0.1139
vn -0.1479 0.9688 -0.1990
vn -0.5965 -0.0000 0.8026
vn -0.0000 -0.7391 0.6736
vn -0.0000 -0.3208 0.9471
vn -0.0000 0.7391 -0.6736
vn -0.0000 0.3208 -0.9471
vn -0.0000 0.2417 0.9703
vn -0.0000 -0.2417 -0.9703
vn -0.0000 -0.6917 -0.7221
vn -0.0000 0.6917 0.7221
vn -0.0000 -0.9264 -0.3767
vn -0.0000 0.9264 0.3767
vn -0.0000 -0.9997 -0.0257
vn -0.0000 0.9997 0.0257
vn -0.0000 -0.9459 0.3246
vn -0.0000 0.9459 -0.3246
s 1
usemtl body_skin
f 8974//1889 8977//1889 8983//1889 8981//1889
f 8975//1889 8979//1889 8977//1889 8974//1889
f 8977//1889 8986//1889 8984//1889 8983//1889
f 8988//1890 8996//1890 8998//1890 8991//1890
f 8989//1890 8988//1890 8991//1890 8994//1890
f 8991//1890 8998//1890 9003//1890 9007//1890
f 6811//1891 6815//1891 8990//1892 8976//1892
f 8985//1893 9001//1893 8999//1894 6809//1894
f 8987//1895 9004//1895 9000//1895 6813//1895
f 6809//1894 8999//1894 8997//1896 8982//1896
f 8980//1897 8995//1897 8993//1897 8978//1897
f 6812//1898 8992//1898 9005//1898 6814//1898
f 6807//1899 6819//1899 6815//1891 6811//1891
f 6808//1900 6816//1900 6818//1900 6810//1900
f 9002//1893 6918//1893 6917//1893 6820//1893
f 6817//1898 6916//1898 6919//1898 9006//1898
f 6822//1901 9009//1901 9008//1901 6821//1901
f 9010//1902 9015//1903 9017//1904 6830//1905
f 6830//1905 9017//1904 9022//1906 9018//1907
f 9013//1908 6830//1905 9018//1907 9020//1909
f 9011//1910 9010//1902 6830//1905 9013//1908
f 9018//1907 9022//1906 9025//1911 9023//1912
f 9023//1912 9025//1911 9026//1889 9028//1889
f 9021//1913 6842//1913 6838//1913 9014//1913
f 6825//1914 9030//1914 6837//1914 9012//1914
f 9029//1915 6847//1915 6845//1915 9024//1915
f 6826//1916 6840//1916 6843//1917 6828//1917
f 6833//1918 9033//1918 6841//1918 9019//1918
f 9016//1919 9036//1919 6840//1916 6826//1916
f 6832//1920 6844//1920 6846//1921 9027//1921
f 6823//1922 9032//1922 6836//1922 6829//1922
f 6829//1922 6836//1922 6839//1922 6824//1922
f 6828//1917 6843//1917 6844//1920 6832//1920
f 6831//1901 9035//1901 9031//1901 6827//1901
f 6834//1923 9037//1923 9034//1923 6835//1923
f 9202//1924 6955//1924 7110//1925 9411//1926
f 9043//1927 9044//1927 9046//1927 9057//1927
f 9412//1928 7107//1929 6952//1930 9207//1931
f 9049//1932 9047//1933 9038//1934 6855//1935
f 9051//1936 9052//1937 9045//1938 9042//1939
f 9210//1940 9203//1941 7112//1942 9415//1943
f 9211//1944 7104//1945 7102//1946 6949//1944
f 6849//1947 6848//1948 9055//1949 6851//1949
f 9056//1950 9054//1950 9053//1950 6863//1950
f 7099//1951 6946//1952 6945//1953 7097//1954
f 6859//1955 9410//1956 7109//1957 6858//1955
f 9040//1958 9039//1959 9041//1959 6854//1960
f 6850//1961 6862//1961 9050//1961 9048//1961
f 9047//1933 9051//1936 9042//1939 9038//1934
f 6857//1962 6861//1962 6860//1962 6856//1962
f 9058//1963 9064//1963 9062//1963 9060//1963
f 9061//1964 9063//1964 9068//1964 9066//1964
f 9067//1965 9069//1965 9072//1965 9070//1965
f 9071//1966 9073//1966 9076//1966 9074//1966
f 9078//1967 9080//1967 9082//1967 9084//1967
f 9081//1968 9086//1968 9088//1968 9083//1968
f 9087//1969 9090//1969 9092//1969 9089//1969
f 9091//1970 9094//1970 9096//1970 9093//1970
f 6865//1915 6871//1915 6873//1915 6867//1915
f 9075//1971 9095//1971 6874//1972 6868//1973
f 6864//1974 6870//1975 9079//1976 9059//1976
f 6868//1973 6874//1972 6872//1977 6866//1977
f 6866//1977 6872//1977 6870//1975 6864//1974
f 6869//1915 6875//1915 9097//1915 9077//1915
f 9065//1915 9085//1915 6871//1915 6865//1915
f 6867//1915 6873//1915 6875//1915 6869//1915
f 9100//1915 9102//1915 9104//1915 9098//1915
f 9108//1915 9110//1915 9112//1915 9106//1915
f 9116//1915 9118//1915 9120//1915 9114//1915
f 9123//1978 9122//1978 9117//1978 9115//1978
f 6882//1979 9124//1979 9111//1979 9109//1979
f 6885//1980 9126//1980 9105//1980 9103//1980
f 6886//1981 9128//1981 9119//1981 6897//1981
f 6877//1982 9129//1982 9113//1982 6894//1982
f 6884//1983 6879//1983 9099//1983 6891//1983
f 6881//1984 9131//1984 9121//1984 6898//1984
f 9130//1985 9132//1985 9101//1985 6888//1985
f 6876//1986 6883//1986 9107//1986 6895//1986
f 9133//1987 9125//1987 6893//1987 6892//1987
f 6880//1988 6887//1988 6896//1988 6899//1988
f 6878//1989 9127//1989 6890//1989 6889//1989
f 9134//1890 9141//1890 9143//1890 9137//1890
f 9135//1890 9134//1890 9137//1890 9139//1890
f 9137//1890 9143//1890 9144//1890 9146//1890
f 9148//1889 9151//1889 9158//1889 9156//1889
f 9149//1889 9154//1889 9151//1889 9148//1889
f 9151//1889 6915//1889 6914//1889 9158//1889
f 6904//1891 9136//1892 9150//1892 6908//1891
f 9145//1893 6902//1894 9159//1894 9161//1893
f 9147//1990 6906//1990 9160//1990 9164//1990
f 6902//1894 9142//1896 9157//1896 9159//1894
f 9140//1897 9138//1897 9153//1897 9155//1897
f 6905//1898 6907//1898 9165//1898 9152//1898
f 6900//1899 6904//1891 6908//1891 6912//1899
f 6901//1900 6903//1900 6911//1900 6909//1900
f 9162//1893 6913//1893 6917//1893 6918//1893
f 6910//1898 9166//1898 6919//1898 6916//1898
f 9167//1901 9163//1901 9008//1901 9009//1901
f 9168//1991 6927//1992 9175//1993 9173//1994
f 6927//1992 9176//1995 9180//1996 9175//1993
f 9171//1997 9178//1998 9176//1995 6927//1992
f 9169//1999 9171//1997 6927//1992 9168//1991
f 9176//1995 9181//2000 9183//2001 9180//1996
f 9181//2000 9186//1890 9184//1890 9183//2001
f 9179//1913 9172//1913 6935//1913 6939//1913
f 6922//1914 9170//1914 6934//1914 9188//1914
f 9187//1915 9182//1915 6942//1915 6944//1915
f 6923//1916 6925//1917 6940//1917 6937//1916
f 6930//1918 9177//1918 6938//1918 9191//1918
f 9174//1919 6923//1916 6937//1916 9194//1919
f 6929//1920 9185//1921 6943//1921 6941//1920
f 6920//1922 6926//1922 6933//1922 9190//1922
f 6926//1922 6921//1922 6936//1922 6933//1922
f 6925//1917 6929//1920 6941//1920 6940//1917
f 6928//1901 6924//1901 9189//1901 9193//1901
f 6931//1923 6932//1923 9192//1923 9195//1923
f 9201//2002 9215//2002 9204//2002 6956//2002
f 6853//2003 6852//2003 7101//2004 7103//2005
f 9207//1931 6952//1930 9196//2006 9205//2007
f 9209//2008 9200//2009 9203//1941 9210//1940
f 9408//2010 7105//2011 6951//2012 9198//2013
f 9052//1937 9414//2014 7111//2015 9045//1938
f 6946//1952 6948//2016 9213//2016 6945//1953
f 9214//2017 6960//2017 6950//2017 9212//2017
f 9413//2018 9049//1932 6855//1935 7108//2019
f 9409//2020 9040//1958 6854//1960 7106//2021
f 9198//2013 6951//2012 9199//2022 9197//2022
f 6947//2023 9206//2023 9208//2023 6959//2023
f 9205//2007 9196//2006 9200//2009 9209//2008
f 6954//2024 6953//2024 6957//2024 6958//2024
f 7100//2025 7098//2026 6848//1948 6849//1947
f 6961//2027 9216//2027 9218//2027 6962//2027
f 9217//1969 9220//1969 9222//1969 9219//1969
f 9221//1968 9224//1968 9226//1968 9223//1968
f 9225//2028 6969//2028 6970//2028 9227//2028
f 6971//2029 6974//2029 9230//2029 9228//2029
f 9229//1965 9231//1965 9234//1965 9232//1965
f 9233//1964 9235//1964 9238//1964 9236//1964
f 9237//2030 9239//2030 6980//2030 6979//2030
f 6964//1915 6966//1915 6976//1915 6973//1915
f 9075//1971 6967//2031 6977//2032 9095//1971
f 6963//2033 9059//1976 9079//1976 6972//2034
f 6967//2031 6965//2035 6975//2035 6977//2032
f 6965//2035 6963//2033 6972//2034 6975//2035
f 6968//1915 9077//1915 9097//1915 6978//1915
f 9065//1915 6964//1915 6973//1915 9085//1915
f 6966//1915 6968//1915 6978//1915 6976//1915
f 9242//1915 9240//1915 9246//1915 9244//1915
f 9250//1915 9248//1915 9254//1915 9252//1915
f 9258//1915 9256//1915 9262//1915 9260//1915
f 9265//2036 9257//2036 9259//2036 9264//2036
f 6987//2037 9251//2037 9253//2037 9266//2037
f 6990//2038 9245//2038 9247//2038 9268//2038
f 6991//2039 7002//2039 9261//2039 9270//2039
f 6982//2040 6999//2040 9255//2040 9271//2040
f 6989//1983 6996//1983 9241//1983 6984//1983
f 6986//2041 7003//2041 9263//2041 9273//2041
f 9272//2042 6993//2042 9243//2042 9274//2042
f 6981//2043 7000//2043 9249//2043 6988//2043
f 9275//2044 6997//2044 6998//2044 9267//2044
f 6985//2045 7004//2045 7001//2045 6992//2045
f 6983//1989 6994//1989 6995//1989 9269//1989
f 9280//2046 9278//2046 9276//2046 9282//2046
f 9280//2046 9282//2046 9284//2046 9286//2046
f 9297//1915 9295//1915 9427//1915 9428//1915
f 9288//1915 9290//1915 9422//1915 9420//1915
f 9285//2047 9283//2047 7011//2047 7015//2047
f 9287//2048 7010//2048 9296//2048 9298//2048
f 9279//2049 9281//2049 9292//2049 9291//2049
f 7007//2050 7009//2050 9299//2050 9293//2050
f 7008//2051 9277//2051 9289//2051 9294//2051
f 7006//2052 7005//2052 7014//2052 7013//2052
f 9305//2053 9303//2053 9301//2053 9300//2053
f 9307//2046 7018//2046 9302//2046 9304//2046
f 7019//2054 7020//2054 7024//2054 7021//2054
f 9306//2055 7017//2055 7022//2055 7023//2055
f 9310//2056 7031//2056 9318//2056 9308//2056
f 7037//1915 9314//1915 9316//1915 9317//1915 9309//1915 7044//1915 9320//1915 9319//1915 9321//1915 9322//1915 9312//1915 9311//1915
f 7032//2057 7033//1889 7046//1889 7045//2057
f 9323//2058 7025//2058 7038//2058 9313//2058
f 7033//1889 7034//2059 7047//2059 7046//1889
f 7026//2060 7027//1890 7040//1890 9315//2060
f 7027//1890 7028//2061 7041//2061 7040//1890
f 7035//2062 7036//2062 7039//2062 7048//2062
f 7029//2063 7030//2063 7043//2063 7042//2063
f 9325//2064 9327//2064 9329//2065 9324//2065
f 9329//2065 9330//2066 9331//2066 9324//2065
f 9330//2066 9332//2067 9334//2067 9331//2066
f 9338//2068 9336//2068 9342//2068 9340//2068
f 9337//2069 9347//2069 9355//2069 7066//2069
f 9344//2070 9346//2070 9350//2070 9348//2070
f 9333//2071 7054//2071 9345//2071 9349//2071
f 7049//2069 7053//2069 9347//2069 9337//2069
f 9326//2069 7049//2069 9337//2069 9339//2069
f 7053//2069 9335//2069 9351//2069 9347//2069
f 7055//2072 7056//2072 7063//2072 7064//2072
f 7054//2071 7052//2071 9343//2071 9345//2071
f 7052//2071 9328//2071 9341//2071 9343//2071
f 7051//2073 7050//2073 7058//2073 7059//2073
f 9356//2074 9357//2074 9354//2075 9352//2075
f 7067//2076 7068//2076 9360//2076 9358//2076
f 7065//2071 9343//2071 9363//2071
f 9345//2071 9343//2071 7065//2071 9353//2071
f 7060//2077 7057//2077 9364//2077 9362//2077
f 9345//2071 9353//2071 9359//2071
f 9355//2069 9347//2069 9361//2069
f 9337//2069 7066//2069 9365//2069
f 9357//2074 9356//2074 7071//2078 7072//2078
f 7062//2079 7061//2079 7069//2079 7070//2079
f 9367//2080 9366//2081 9371//2081 9369//2080
f 9371//2081 9366//2081 9373//2082 9372//2082
f 9372//2082 9373//2082 9376//2083 9374//2083
f 9380//2084 9382//2084 9384//2084 9378//2084
f 9379//2085 7090//2085 9397//2085 9389//2085
f 9386//2086 9390//2086 9392//2086 9388//2086
f 9375//2087 9391//2087 9387//2087 7078//2087
f 7073//2085 9379//2085 9389//2085 7077//2085
f 9368//2085 9381//2085 9379//2085 7073//2085
f 7077//2085 9389//2085 9393//2085 9377//2085
f 7079//2088 7088//2088 7087//2088 7080//2088
f 7078//2087 9387//2087 9385//2087 7076//2087
f 7076//2087 9385//2087 9383//2087 9370//2087
f 7075//2089 7083//2089 7082//2089 7074//2089
f 9398//2090 9394//2091 9396//2091 9399//2090
f 7091//2092 9400//2092 9402//2092 7092//2092
f 7089//2087 9405//2087 9385//2087
f 9387//2087 9395//2087 7089//2087 9385//2087
f 7084//2093 9404//2093 9406//2093 7081//2093
f 9387//2087 9401//2087 9395//2087
f 9397//2085 9403//2085 9389//2085
f 9379//2085 9407//2085 7090//2085
f 9399//2090 7096//2094 7095//2094 9398//2090
f 7086//2095 7094//2095 7093//2095 7085//2095
f 7105//2011 9408//2010 9409//2020 7106//2021
f 9411//1926 7110//1925 7109//1957 9410//1956
f 7107//1929 9412//1928 9413//2018 7108//2019
f 9415//1943 7112//1942 7111//2015 9414//2014
f 7098//2026 7100//2025 7099//1951 7097//1954
f 7103//2005 7101//2004 7102//1946 7104//1945
f 9426//2096 9421//2096 9431//2096 9437//2096
f 9425//2097 9416//2097 9418//2097 9435//2097
f 7016//1915 9297//1915 9428//1915 9417//1915
f 9290//1915 7012//1915 9424//1915 9422//1915
f 7012//1915 7016//1915 9417//1915 9424//1915
f 9295//1915 9288//1915 9420//1915 9427//1915
f 9434//1915 9436//1915 9430//1915 9432//1915
f 9434//1915 9419//1915 9438//1915 9436//1915
f 7115//1889 9423//1889 9433//1889 7121//1889
f 9429//2098 7113//2098 7119//2098 9439//2098
f 7118//1890 7117//1890 7123//1890 7124//1890
f 7116//2099 7114//2099 7120//2099 7122//2099
f 9444//2046 9442//2046 9440//2046 9446//2046
f 9444//2046 9446//2046 9448//2046 9450//2046
f 9456//1915 9458//1915 9452//1915 9454//1915
f 9456//1915 9462//1915 9460//1915 9458//1915
f 9447//2100 9441//2100 9453//2100 9459//2100
f 7127//1889 9443//1889 9455//1889 7133//1889
f 9449//2101 7125//2101 7131//2101 9461//2101
f 9451//1890 7129//1890 7135//1890 9463//1890
f 7128//2102 9445//2102 9457//2102 7134//2102
f 7126//2103 7130//2103 7136//2103 7132//2103
f 9468//2046 9466//2046 9464//2046 9470//2046
f 9468//2046 9470//2046 9472//2046 9474//2046
f 9480//1915 9482//1915 9476//1915 9478//1915
f 9480//1915 9486//1915 9484//1915 9482//1915
f 9471//2100 9465//2100 9477//2100 9483//2100
f 7139//1889 9467//1889 9479//1889 7145//1889
f 9473//2101 7137//2101 7143//2101 9485//2101
f 9475//1890 7141//1890 7147//1890 9487//1890
f 7140//2102 9469//2102 9481//2102 7146//2102
f 7138//2103 7142//2103 7148//2103 7144//2103
f 7155//1891 9501//1891 9491//1891 9492//1891
f 7149//2046 9507//2046 9503//2046 9504//2046
f 7153//1915 9489//1915 9498//1915 7152//1915
f 9490//2104 9488//2104 9493//2104 7154//2104
f 9494//2105 9499//2105 9497//2105 9495//2105
f 9502//2106 9500//2106 9505//2106 7156//2106
f 9506//2107 9511//2107 9509//2107 9508//2107
f 7151//1901 9496//1901 9510//1901 7150//1901
f 7328//1901 9516//1901 9515//1901 9525//1901
f 7330//1915 9528//1915 9527//1915 9531//1915
f 7324//2046 7325//2046 9522//2046 9513//2046
f 9514//2108 7323//2108 9517//2108 9512//2108
f 9518//2109 9519//2109 9521//2109 9523//2109
f 9526//2110 7327//2110 9529//2110 9524//2110
f 9530//2111 9532//2111 9533//2111 9535//2111
f 7326//1891 7329//1891 9534//1891 9520//1891
f 7160//1889 7159//1889 7168//1889 7167//1889
f 7159//1889 7162//1889 7165//1889 7168//1889
f 7158//1889 7157//1889 7172//1889 7171//1889
f 7162//1889 7161//1889 7166//1889 7165//1889
f 7164//1889 7163//1889 7170//1889 7169//1889
f 7161//1889 7164//1889 7169//1889 7166//1889
f 7157//1889 7160//1889 7167//1889 7172//1889
f 7163//1889 7158//1889 7171//1889 7170//1889
f 9538//1915 9536//1915 9540//1915 9542//1915
f 7176//1901 7174//1901 9539//1901 9543//1901
f 9546//1889 9545//1889 7180//1889 9541//1889
f 7173//1891 7175//1891 7179//1891 9537//1891
f 9544//1890 9547//1890 7177//1890 7178//1890
f 9550//1890 9548//2112 9554//2113 9552//1890
f 9877//2046 9881//2046 9921//2046 9917//2046
f 9553//1915 9555//1915 9557//1915 9565//1915
f 9549//2046 9551//2046 9563//2046 9560//2046
f 9572//1889 9611//1889 9616//1889 9567//1889
f 9552//1890 9568//1890 9570//1890 9550//1890
f 7335//2114 9566//2114 9569//2114 7182//2114
f 9562//1889 9572//1889 9567//1889 9564//1889
f 7181//2115 9571//2115 9573//2115 7336//2115
f 9576//1891 9574//1891 9578//1891 9580//1891
f 9548//2112 9575//2116 9577//2116 9554//2113
f 9561//2117 9579//2117 7194//2117 7184//2117
f 9556//2118 9581//2118 7195//2118 9559//2118
f 7183//2119 7193//2119 7196//2119 7337//2119
f 9584//1890 9582//1890 9588//1890 9586//1890
f 9843//1915 9847//1915 9887//1915 9883//1915
f 9587//1915 9589//1915 9599//1915 9591//1915
f 9583//2046 9585//2046 9594//2046 9597//2046
f 9601//1889 9605//1889 9624//1889 9623//1889
f 9586//1890 9603//1890 9608//1890 9584//1890
f 9592//2114 9600//2114 9604//2114 7198//2114
f 9593//2120 9607//2120 9602//2120 9590//2120
f 7197//2115 9609//2115 9606//2115 7340//2115
f 7189//2046 9613//2046 9610//2046 7192//2046
f 9582//1890 9612//1890 9614//1890 9588//1890
f 7342//2117 7211//2117 7210//2117 7200//2117
f 9598//1889 9616//1889 9611//1889 9596//1889
f 7199//2119 9615//2119 9617//2119 7341//2119
f 7191//1915 7212//1915 7209//1915 7190//1915
f 9568//1890 9614//1890 9612//1890 9570//1890
f 9620//1901 9618//1901 9622//1901 9625//1901
f 9608//1890 9603//1890 9619//1890 9621//1890
f 7208//2046 7205//2046 7214//2046 7216//2046
f 7206//1915 7207//1915 7215//1915 7213//1915
f 9631//2046 9632//2121 9638//2121 9630//2046
f 9644//1890 9654//2122 7222//2123 9640//1890
f 7222//2123 9654//2122 9664//2124 9661//2125
f 9636//2126 9642//1889 9633//1889 7221//2127
f 9634//1901 9643//1901 9645//1901 9641//1901
f 9639//2128 9635//2128 7225//2129 7226//2129
f 9628//2046 9631//2046 9630//2046 9626//2046
f 9638//2121 9632//2121 9648//2130 9646//2130
f 9656//1889 7220//1889 9647//1889 9652//1889
f 7227//1901 9649//1901 9650//1901 9653//1901
f 7219//1890 7224//1890 9644//1890 9657//1890
f 9627//1889 7223//1889 9642//1889 9636//2126
f 9629//1891 7218//1891 9637//1891 9655//1891
f 7223//1889 7220//1889 9656//1889 9642//1889
f 7219//1890 9657//1890 9651//1890 7228//1890
f 7224//1890 7217//1890 9654//2122 9644//1890
f 7236//2131 7235//2131 7230//2132 7231//2132
f 7234//2133 7233//2133 7231//2132 7230//2132
f 9665//2046 9663//2046 9666//2046 9668//2046
f 9635//2128 9639//2128 9660//2134 9658//2134
f 9636//2126 7221//2127 9659//2135 9662//2136
f 7229//2137 7232//2137 7240//2137 7239//2137
f 9662//2136 9659//2135 9836//2138 9834//2138 9667//2138
f 9661//2125 9664//2124 9669//2139 9840//2139 9839//2139
f 7241//2140 7242//2140 9835//2140 9841//2140
f 9672//1890 9674//1890 9676//1890 9670//1890
f 9861//2046 9865//2046 9905//2046 9901//2046
f 9675//1915 9683//1915 9685//1915 9677//1915
f 9671//2046 9679//2046 9681//2046 9673//2046
f 9692//1889 9687//1889 9744//1889 9739//1889
f 9674//1890 9672//1890 9690//1890 9688//1890
f 7343//2119 7244//2119 9689//2119 9686//2119
f 9680//1889 9682//1889 9687//1889 9692//1889
f 7243//2117 7344//2117 9693//2117 9691//2117
f 7255//2141 7258//2141 7257//2141 7256//2141
f 9670//1890 9676//1890 9698//1890 9694//1890
f 7346//2142 7246//2142 9695//2142 9702//2142
f 9684//1889 9678//1889 9703//1889 9706//1889
f 7245//2143 7345//2143 9707//2143 9699//2143
f 9712//1890 9714//1890 9716//1890 9710//1890
f 9880//1901 9878//1901 9918//1901 9920//1901
f 9715//1915 9719//1915 9727//1915 9717//1915
f 9711//2046 9725//2046 9722//2046 9713//2046
f 9729//1889 9751//1889 9752//1889 9733//1889
f 9714//1890 9712//1890 9736//1890 9731//1890
f 9720//2119 7260//2119 9732//2119 9728//2119
f 9721//2144 9718//2144 9730//2144 9735//2144
f 7259//2117 7348//2117 9734//2117 9737//2117
f 7251//2046 7254//2046 9738//2046 9741//2046
f 9710//1890 9716//1890 9742//1890 9740//1890
f 7350//2115 7262//2115 7272//2115 7273//2115
f 9726//1889 9724//1889 9739//1889 9744//1889
f 7261//2114 7349//2114 9745//2114 9743//2114
f 7253//1915 7252//1915 7271//1915 7274//1915
f 9688//1890 9690//1890 9740//1890 9742//1890
f 9748//1891 9753//1891 9750//1891 9746//1891
f 9736//1890 9749//1890 9747//1890 9731//1890
f 7270//2046 7278//2046 7276//2046 7267//2046
f 7268//1915 7275//1915 7277//1915 7269//1915
f 9759//2046 9758//2046 9766//2145 9760//2145
f 9772//1890 9768//1890 7284//1890 9782//1890
f 7284//1890 9789//1890 9792//1890 9782//1890
f 9764//1889 7283//1889 9761//1889 9770//1889
f 9762//1891 9769//1891 9773//1891 9771//1891
f 9767//2146 7288//2147 7287//2147 9763//2146
f 9756//2046 9754//2046 9758//2046 9759//2046
f 9766//2145 9774//2148 9776//2148 9760//2145
f 9784//1889 9780//1889 9775//1889 7282//1889
f 7289//1891 9781//1891 9778//1891 9777//1891
f 7281//1890 9785//1890 9772//1890 7286//1890
f 9755//1889 9764//1889 9770//1889 7285//1889
f 9757//1901 9783//1901 9765//1901 7280//1901
f 7285//1889 9770//1889 9784//1889 7282//1889
f 7281//1890 7290//1890 9779//1890 9785//1890
f 7286//1890 9772//1890 9782//1890 7279//1890
f 7298//2149 7293//2150 7292//2150 7297//2149
f 7296//2151 7292//2150 7293//2150 7295//2151
f 9793//2046 9799//2046 9801//2046 9791//2046
f 9763//2146 9786//2152 9788//2152 9767//2146
f 9764//1889 9790//1889 9787//1889 7283//1889
f 7291//2153 7301//2153 7302//2153 7294//2153
f 9798//2154 9796//2154 9794//2154 9800//2154
f 9789//1890 9797//1890 7305//1890 9792//1890
f 9790//1889 7306//1889 9795//1889 9787//1889
f 7299//1915 7303//1915 7304//1915 7300//1915
f 9804//1890 9806//1890 9808//1890 9802//1890
f 9849//2046 9845//2046 9885//2046 9889//2046
f 9807//1915 9815//1915 9817//1915 9809//1915
f 9803//2046 9811//2046 9813//2046 9805//2046
f 9824//1889 9819//1889 9708//1889 9704//1889
f 9806//1890 9804//1890 9822//1890 9820//1890
f 7351//2119 7308//2119 9821//2119 9818//2119
f 9812//1889 9814//1889 9819//1889 9824//1889
f 7307//2117 7352//2117 9825//2117 9823//2117
f 9828//1901 9832//1901 9830//1901 9826//1901
f 9802//1890 9808//1890 9829//1890 9827//1890
f 7354//2115 7310//2115 7320//2115 9831//2115
f 9816//1889 9810//1889 7321//1889 9833//1889
f 7309//2114 7353//2114 7322//2114 7319//2114
f 7315//2046 7318//2046 9705//2046 9696//2046
f 7317//1915 7316//1915 9700//1915 9709//1915
f 9820//1890 9822//1890 9697//1890 9701//1890
f 9837//2155 9838//2155 7333//2155 7332//2155
f 7237//1915 7238//1915 7334//1915 7331//1915
f 9842//1889 9844//1889 9562//1889 9564//1889
f 9848//1889 9846//1889 9558//1889 7338//1889
f 9844//1889 9848//1889 7338//1889 9562//1889
f 9846//1889 9842//1889 9564//1889 9558//1889
f 9850//1889 9852//1889 9595//1889 7339//1889
f 9856//1889 9854//1889 9598//1889 9596//1889
f 9852//1889 9856//1889 9596//1889 9595//1889
f 9854//1889 9850//1889 7339//1889 9598//1889
f 9860//1889 9858//1889 9682//1889 9680//1889
f 9862//1889 9864//1889 9678//1889 9684//1889
f 9864//1889 9860//1889 9680//1889 9678//1889
f 9858//1889 9862//1889 9684//1889 9682//1889
f 9868//1889 9866//1889 7347//1889 9723//1889
f 9870//1889 9872//1889 9724//1889 9726//1889
f 9872//1889 9868//1889 9723//1889 9724//1889
f 9866//1889 9870//1889 9726//1889 7347//1889
f 9876//1889 9874//1889 9814//1889 9812//1889
f 9879//1889 7314//1889 9810//1889 9816//1889
f 7314//1889 9876//1889 9812//1889 9810//1889
f 9874//1889 9879//1889 9816//1889 9814//1889
f 9884//1889 9882//1889 9886//1889 9888//1889
f 9892//1889 9890//1889 9894//1889 9896//1889
f 9900//1889 9904//1889 9902//1889 9898//1889
f 9908//1889 9912//1889 9910//1889 9906//1889
f 9916//1889 7374//1889 9919//1889 9914//1889
f 9863//1915 9859//1915 9899//1915 9903//1915
f 9853//1901 9851//1901 9891//1901 9893//1901
f 7313//1915 9875//1915 9915//1915 7373//1915
f 9867//1891 9869//1891 9909//1891 9907//1891
f 9855//1891 9857//1891 9897//1891 9895//1891
f 9873//1901 9871//1901 9911//1901 9913//1901
f 7204//2046 7202//2046 7360//2046 7362//2046
f 7264//2046 7266//2046 7370//2046 7368//2046
f 7201//1915 7203//1915 7361//1915 7359//1915
f 7186//1901 7185//1901 7355//1901 7356//1901
f 7265//1915 7263//1915 7367//1915 7369//1915
f 7247//1891 7248//1891 7364//1891 7363//1891
f 7187//1891 7188//1891 7358//1891 7357//1891
f 7311//1891 7312//1891 7372//1891 7371//1891
f 7250//1901 7249//1901 7365//1901 7366//1901
f 7381//1891 9926//1891 9925//1891 9935//1891
f 7375//2046 9938//2046 9937//2046 9941//2046
f 7379//1915 7378//1915 9932//1915 9923//1915
f 9924//2104 7380//2104 9927//2104 9922//2104
f 9928//2105 9929//2105 9931//2105 9933//2105
f 9936//2106 7382//2106 9939//2106 9934//2106
f 9940//2107 9942//2107 9943//2107 9945//2107
f 7377//1901 7376//1901 9944//1901 9930//1901
f 7554//1901 9959//1901 9949//1901 9950//1901
f 7556//1915 9965//1915 9961//1915 9962//1915
f 7550//2046 9947//2046 9956//2046 7551//2046
f 9948//2108 9946//2108 9951//2108 7549//2108
f 9952//2109 9957//2109 9955//2109 9953//2109
f 9960//2110 9958//2110 9963//2110 7553//2110
f 9964//2111 9969//2111 9967//2111 9966//2111
f 7552//1891 9954//1891 9968//1891 7555//1891
f 7386//1890 7393//1890 7394//1890 7385//1890
f 7385//1890 7394//1890 7391//1890 7388//1890
f 7384//1890 7397//1890 7398//1890 7383//1890
f 7388//1890 7391//1890 7392//1890 7387//1890
f 7390//1890 7395//1890 7396//1890 7389//1890
f 7387//1890 7392//1890 7395//1890 7390//1890
f 7383//1890 7398//1890 7393//1890 7386//1890
f 7389//1890 7396//1890 7397//1890 7384//1890
f 9972//1915 9976//1915 9974//1915 9970//1915
f 7402//1901 9977//1901 9973//1901 7400//1901
f 9980//1890 9975//1890 7406//1890 9979//1890
f 7399//1891 9971//1891 7405//1891 7401//1891
f 9978//1889 7404//1889 7403//1889 9981//1889
f 9984//1889 9986//1889 9988//2156 9982//2157
f 10311//2046 10351//2046 10355//2046 10315//2046
f 9987//1915 9999//1915 9991//1915 9989//1915
f 9983//2046 9994//2046 9997//2046 9985//2046
f 10006//1890 10001//1890 10050//1890 10045//1890
f 9986//1889 9984//1889 10004//1889 10002//1889
f 7561//2114 7408//2114 10003//2114 10000//2114
f 9996//1890 9998//1890 10001//1890 10006//1890
f 7407//2115 7562//2115 10007//2115 10005//2115
f 10010//1891 10014//1891 10012//1891 10008//1891
f 9982//2157 9988//2156 10011//2158 10009//2158
f 9995//2117 7410//2117 7420//2117 10013//2117
f 9990//2159 9993//2159 7421//2159 10015//2159
f 7409//2119 7563//2119 7422//2119 7419//2119
f 10018//1889 10020//1889 10022//1889 10016//1889
f 10277//1915 10317//1915 10321//1915 10281//1915
f 10021//1915 10025//1915 10033//1915 10023//1915
f 10017//2046 10031//2046 10028//2046 10019//2046
f 10035//1890 10057//1890 10058//1890 10039//1890
f 10020//1889 10018//1889 10042//1889 10037//1889
f 10026//2114 7424//2114 10038//2114 10034//2114
f 10027//2160 10024//2160 10036//2160 10041//2160
f 7423//2115 7566//2115 10040//2115 10043//2115
f 7415//2046 7418//2046 10044//2046 10047//2046
f 10016//1889 10022//1889 10048//1889 10046//1889
f 7568//2117 7426//2117 7436//2117 7437//2117
f 10032//1890 10030//1890 10045//1890 10050//1890
f 7425//2119 7567//2119 10051//2119 10049//2119
f 7417//1915 7416//1915 7435//1915 7438//1915
f 10002//1889 10004//1889 10046//1889 10048//1889
f 10054//1901 10059//1901 10056//1901 10052//1901
f 10042//1889 10055//1889 10053//1889 10037//1889
f 7434//2046 7442//2046 7440//2046 7431//2046
f 7432//1915 7439//1915 7441//1915 7433//1915
f 10065//2046 10064//2046 10072//2121 10066//2121
f 10078//1889 10074//1889 7448//2127 10088//2126
f 7448//2127 10095//2135 10098//2136 10088//2126
f 10070//2122 7447//2123 10067//1890 10076//1890
f 10068//1901 10075//1901 10079//1901 10077//1901
f 10073//2128 7452//2129 7451//2129 10069//2128
f 10062//2046 10060//2046 10064//2046 10065//2046
f 10072//2121 10080//2130 10082//2130 10066//2121
f 10090//1890 10086//1890 10081//1890 7446//1890
f 7453//1901 10087//1901 10084//1901 10083//1901
f 7445//1889 10091//1889 10078//1889 7450//1889
f 10061//1890 10070//2122 10076//1890 7449//1890
f 10063//1891 10089//1891 10071//1891 7444//1891
f 7449//1890 10076//1890 10090//1890 7446//1890
f 7445//1889 7454//1889 10085//1889 10091//1889
f 7450//1889 10078//1889 10088//2126 7443//1889
f 7462//2131 7457//2132 7456//2132 7461//2131
f 7460//2133 7456//2132 7457//2132 7459//2133
f 10099//2046 10102//2046 10100//2046 10097//2046
f 10069//2128 10092//2134 10094//2134 10073//2128
f 10070//2122 10096//2124 10093//2125 7447//2123
f 7455//2137 7465//2137 7466//2137 7458//2137
f 10096//2124 10101//2139 10268//2139 10270//2139 10093//2125
f 10095//2135 10273//2138 10274//2138 10103//2138 10098//2136
f 7467//2140 10275//2140 10269//2140 7468//2140
f 10106//1889 10104//1889 10110//1889 10108//1889
f 10295//2046 10335//2046 10339//2046 10299//2046
f 10109//1915 10111//1915 10119//1915 10117//1915
f 10105//2046 10107//2046 10115//2046 10113//2046
f 10126//1890 10173//1890 10178//1890 10121//1890
f 10108//1889 10122//1889 10124//1889 10106//1889
f 7569//2119 10120//2119 10123//2119 7470//2119
f 10114//1890 10126//1890 10121//1890 10116//1890
f 7469//2117 10125//2117 10127//2117 7570//2117
f 7481//2161 7482//2161 7483//2161 7484//2161
f 10104//1889 10128//1889 10132//1889 10110//1889
f 7572//2162 10136//2162 10129//2162 7472//2162
f 10118//1890 10140//1890 10137//1890 10112//1890
f 7471//2163 10133//2163 10141//2163 7571//2163
f 10146//1889 10144//1889 10150//1889 10148//1889
f 10314//1901 10354//1901 10352//1901 10312//1901
f 10149//1915 10151//1915 10161//1915 10153//1915
f 10145//2046 10147//2046 10156//2046 10159//2046
f 10163//1890 10167//1890 10186//1890 10185//1890
f 10148//1889 10165//1889 10170//1889 10146//1889
f 10154//2119 10162//2119 10166//2119 7486//2119
f 10155//2164 10169//2164 10164//2164 10152//2164
f 7485//2117 10171//2117 10168//2117 7574//2117
f 7477//2046 10175//2046 10172//2046 7480//2046
f 10144//1889 10174//1889 10176//1889 10150//1889
f 7576//2115 7499//2115 7498//2115 7488//2115
f 10160//1890 10178//1890 10173//1890 10158//1890
f 7487//2114 10177//2114 10179//2114 7575//2114
f 7479//1915 7500//1915 7497//1915 7478//1915
f 10122//1889 10176//1889 10174//1889 10124//1889
f 10182//1891 10180//1891 10184//1891 10187//1891
f 10170//1889 10165//1889 10181//1889 10183//1889
f 7496//2046 7493//2046 7502//2046 7504//2046
f 7494//1915 7495//1915 7503//1915 7501//1915
f 10193//2046 10194//2145 10200//2145 10192//2046
f 10206//1889 10216//1889 7510//1889 10202//1889
f 7510//1889 10216//1889 10226//1889 10223//1889
f 10198//1890 10204//1890 10195//1890 7509//1890
f 10196//1891 10205//1891 10207//1891 10203//1891
f 10201//2146 10197//2146 7513//2147 7514//2147
f 10190//2046 10193//2046 10192//2046 10188//2046
f 10200//2145 10194//2145 10210//2148 10208//2148
f 10218//1890 7508//1890 10209//1890 10214//1890
f 7515//1891 10211//1891 10212//1891 10215//1891
f 7507//1889 7512//1889 10206//1889 10219//1889
f 10189//1890 7511//1890 10204//1890 10198//1890
f 10191//1901 7506//1901 10199//1901 10217//1901
f 7511//1890 7508//1890 10218//1890 10204//1890
f 7507//1889 10219//1889 10213//1889 7516//1889
f 7512//1889 7505//1889 10216//1889 10206//1889
f 7524//2149 7523//2149 7518//2150 7519//2150
f 7522//2151 7521//2151 7519//2150 7518//2150
f 10227//2046 10225//2046 10235//2046 10233//2046
f 10197//2146 10201//2146 10222//2152 10220//2152
f 10198//1890 7509//1890 10221//1890 10224//1890
f 7517//2153 7520//2153 7528//2153 7527//2153
f 10232//2154 10234//2154 10228//2154 10230//2154
f 10223//1889 10226//1889 7531//1889 10231//1889
f 10224//1890 10221//1890 10229//1890 7532//1890
f 7525//1915 7526//1915 7530//1915 7529//1915
f 10238//1889 10236//1889 10242//1889 10240//1889
f 10283//2046 10323//2046 10319//2046 10279//2046
f 10241//1915 10243//1915 10251//1915 10249//1915
f 10237//2046 10239//2046 10247//2046 10245//2046
f 10258//1890 10138//1890 10142//1890 10253//1890
f 10240//1889 10254//1889 10256//1889 10238//1889
f 7577//2119 10252//2119 10255//2119 7534//2119
f 10246//1890 10258//1890 10253//1890 10248//1890
f 7533//2117 10257//2117 10259//2117 7578//2117
f 10262//1901 10260//1901 10264//1901 10266//1901
f 10236//1889 10261//1889 10263//1889 10242//1889
f 7580//2115 10265//2115 7546//2115 7536//2115
f 10250//1890 10267//1890 7547//1890 10244//1890
f 7535//2114 7545//2114 7548//2114 7579//2114
f 7541//2046 10130//2046 10139//2046 7544//2046
f 7543//1915 10143//1915 10134//1915 7542//1915
f 10254//1889 10135//1889 10131//1889 10256//1889
f 10271//2155 7558//2155 7559//2155 10272//2155
f 7463//1915 7557//1915 7560//1915 7464//1915
f 10276//1890 9998//1890 9996//1890 10278//1890
f 10282//1890 7564//1890 9992//1890 10280//1890
f 10278//1890 9996//1890 7564//1890 10282//1890
f 10280//1890 9992//1890 9998//1890 10276//1890
f 10284//1890 7565//1890 10029//1890 10286//1890
f 10290//1890 10030//1890 10032//1890 10288//1890
f 10286//1890 10029//1890 10030//1890 10290//1890
f 10288//1890 10032//1890 7565//1890 10284//1890
f 10294//1890 10114//1890 10116//1890 10292//1890
f 10296//1890 10118//1890 10112//1890 10298//1890
f 10298//1890 10112//1890 10114//1890 10294//1890
f 10292//1890 10116//1890 10118//1890 10296//1890
f 10302//1890 10157//1890 7573//1890 10300//1890
f 10304//1890 10160//1890 10158//1890 10306//1890
f 10306//1890 10158//1890 10157//1890 10302//1890
f 10300//1890 7573//1890 10160//1890 10304//1890
f 10310//1890 10246//1890 10248//1890 10308//1890
f 10313//1890 10250//1890 10244//1890 7540//1890
f 7540//1890 10244//1890 10246//1890 10310//1890
f 10308//1890 10248//1890 10250//1890 10313//1890
f 10318//1890 10322//1890 10320//1890 10316//1890
f 10326//1890 10330//1890 10328//1890 10324//1890
f 10334//1890 10332//1890 10336//1890 10338//1890
f 10342//1890 10340//1890 10344//1890 10346//1890
f 10350//1890 10348//1890 10353//1890 7600//1890
f 10297//1915 10337//1915 10333//1915 10293//1915
f 10287//1901 10327//1901 10325//1901 10285//1901
f 7539//1915 7599//1915 10349//1915 10309//1915
f 10301//1891 10341//1891 10343//1891 10303//1891
f 10289//1891 10329//1891 10331//1891 10291//1891
f 10307//1901 10347//1901 10345//1901 10305//1901
f 7430//2046 7588//2046 7586//2046 7428//2046
f 7490//2046 7594//2046 7596//2046 7492//2046
f 7427//1915 7585//1915 7587//1915 7429//1915
f 7412//1901 7582//1901 7581//1901 7411//1901
f 7491//1915 7595//1915 7593//1915 7489//1915
f 7473//1891 7589//1891 7590//1891 7474//1891
f 7413//1891 7583//1891 7584//1891 7414//1891
f 7537//1891 7597//1891 7598//1891 7538//1891
f 7476//1901 7592//1901 7591//1901 7475//1901
f 10362//1901 10364//1901 10356//1901 10359//1901
f 7643//2165 10367//2166 10368//2167 10444//2167
f 10371//2168 10373//2169 10375//2170 10369//2168
f 10370//1891 10376//1891 10381//1891 10372//1891
f 10382//2171 10385//2172 10377//2172
f 10462//1891 10392//1891 10394//1891 10390//1891
f 10403//1891 10400//1891 10397//1891 10405//1891
f 7645//2173 10445//2174 10409//2174 10408//2175
f 10361//2176 10402//2176 10404//2176 10363//2176
f 10468//2177 10472//2178 10470//2179 10473//2177
f 10366//2180 10407//2181 10401//2182 10360//2182
f 10365//2183 10406//2183 10398//2183 10357//2183
f 7644//2184 7646//2185 7623//2186 7606//2186
f 10412//2187 10413//2188 10414//2189 10410//2190
f 10413//2188 10412//2187 10420//2191 10415//2191
f 10421//2192 10416//2193 7686//2194
f 10383//2195 10380//2195 10419//2195 10422//2195
f 10374//2196 7608//2197 7626//2198 10411//2196
f 10437//2046 7634//2046 7637//2199 10434//2200
f 10379//2201 7607//2202 7625//2203 7683//2201
f 7607//2202 7610//2204 7628//2205 7625//2203
f 7608//2197 7660//2206 7684//2206 7626//2198
f 7648//2207 7710//2208 7688//2209 7631//2209
f 10358//2210 10399//2210 7646//2185 7644//2184
f 10430//2211 10427//2212 7630//2213 7632//2213
f 10424//2214 7650//2214 10447//2214 10426//2214
f 7649//2215 7648//2207 10446//2216 10428//2216
f 10432//2217 10431//2218 10436//2219 10433//2219
f 7697//2220 7638//2221 7635//1915 7693//1915
f 10387//2222 10384//2222 10431//2218 10432//2217
f 7611//2223 10423//2223 10434//2200 7637//2199
f 7638//2221 7697//2220 10386//2224
f 10435//2225 7629//2225 10440//2225 10438//2225
f 10443//2226 10439//2227 7704//2228 7703//2229
f 10442//2230 7704//2228 10439//2227 10441//2231
f 7639//2232 7636//2232 7641//2232 7642//2232
f 10421//2192 7686//2194 7700//2233 7640//2234
f 7605//2235 7624//2235 10407//2181 10366//2180
f 7622//2236 7645//2173 10408//2175 7621//2236
f 7603//2237 7604//2237 10367//2166 7643//2165
f 10375//2170 10373//2169 7648//2207 7649//2215
f 10410//2190 10414//2189 10429//2238 10425//2239
f 7628//2205 7610//2204 10427//2212 10430//2211
f 7653//2240 10471//2241 7672//2241 7651//2242
f 10451//2243 10449//2243 10455//2244 10453//2245
f 10450//1891 10452//1891 10381//1891 10376//1891
f 10456//2246 10377//2172 10385//2172
f 7652//2247 10465//2248 10466//2249 10448//2249
f 10467//2250 10459//2250 10461//2250 10391//2250
f 10460//1901 7706//1901 10475//1901 10464//1901
f 10503//2251 7654//2252 10388//2253 7671//2251
f 7654//2252 10469//2254 10389//2254 10388//2253
f 10478//2255 10476//2256 10480//2257 10479//2258
f 10479//2258 10415//2191 10420//2191 10478//2255
f 10481//2259 7686//2194 10416//2193
f 10457//2260 10482//2260 10417//2260 10378//2260
f 10454//2261 10477//2261 7680//2262 7656//2263
f 10497//2046 10494//2264 7695//2265 7691//2046
f 7659//2266 10418//2266 7679//2267 7655//2268
f 7655//2268 7679//2267 7682//2269 7658//2270
f 7656//2263 7680//2262 7684//2206 7660//2206
f 7633//2271 7690//2271 10484//2271 7647//2271
f 10474//2272 7653//2240 7651//2242 10395//2272
f 10490//2273 7689//2274 7687//2274 10487//2275
f 7709//2276 10486//2276 10505//2276 7712//2276
f 7711//2277 10488//2278 10504//2278 7710//2208
f 10492//2279 10493//2280 10496//2280 10491//2281
f 7697//2220 7693//1915 7692//1915 7696//2282
f 7662//2283 10492//2279 10491//2281 10458//2283
f 7661//2284 7695//2265 10494//2264 10483//2284
f 7696//2282 10386//2224 7697//2220
f 10495//2285 10498//2285 10500//2285 7685//2285
f 10502//2286 7703//2229 7704//2228 10499//2287
f 10442//2230 10501//2288 10499//2287 7704//2228
f 7698//2289 7702//2289 7701//2289 7694//2289
f 10481//2259 7699//2290 7700//2233 7686//2194
f 10463//2291 7705//2291 7674//2291 10393//2291
f 10472//2178 7678//2292 7677//2292 10470//2179
f 7673//2293 10396//2293 10465//2248 7652//2247
f 10455//2244 7711//2277 7710//2208 10453//2245
f 10476//2256 10485//2294 10489//2295 10480//2257
f 7682//2269 10490//2273 10487//2275 7658//2270
f 10425//2239 10485//2294 10476//2256 10410//2190
f 10527//2046 10528//2046 10506//2046 10508//2046
f 7668//2296 7667//2297 10523//2297 10524//2296
f 7669//2298 7668//2296 10524//2296 10525//2298
f 7613//2299 7614//2300 10511//2301 10507//2299
f 7614//2300 7615//2302 10512//2302 10511//2301
f 7670//2303 7669//2298 10525//2298 10526//2303
f 7663//1915 7670//2303 10526//2303 10516//1915
f 7615//2302 7616//2304 10513//2304 10512//2302
f 7616//2304 7617//2305 10514//2305 10513//2304
f 10529//2046 10530//2046 10519//2046 10517//2046
f 7617//2305 7618//2306 10515//2306 10514//2305
f 7666//2307 7665//2308 10518//2308 10522//2309
f 7618//2306 7663//1915 10516//1915 10515//2306
f 7667//2297 7666//2307 10522//2309 10523//2297
f 7717//1891 7718//1891 7733//1891 7732//1891
f 7727//1891 7726//1891 7741//1891 7742//1891
f 7718//1891 7719//1891 7734//1891 7733//1891
f 7728//1891 7727//1891 7742//1891 7743//1891
f 7719//1891 7720//1891 7735//1891 7734//1891
f 7729//1891 7728//1891 7743//1891 7744//1891
f 7720//1891 7721//1891 7736//1891 7735//1891
f 7722//1891 7729//1891 7744//1891 7737//1891
f 7721//1891 7722//1891 7737//1891 7736//1891
f 7724//1891 10520//1891 7738//1891 7739//1891
f 10509//1891 7716//1891 7731//1891 7730//1891
f 7725//1891 7724//1891 7739//1891 7740//1891
f 7716//1891 7717//1891 7732//1891 7731//1891
f 7726//1891 7725//1891 7740//1891 7741//1891
f 10520//1891 10509//1891 7730//1891 7738//1891
f 10531//2310 10510//2310 10521//2310 10532//2310
f 7664//1890 7714//1890 7746//1890 7723//1890
f 7612//1889 7715//1889 7745//1889 7713//1889
f 7627//2311 7681//2311 7657//2311 7609//2311
f 7648//2207 10373//2169 10453//2245 7710//2208
f 7601//2046 7620//2046 7675//2046 7708//2046
f 10403//1891 10405//1891 10392//1891 10462//1891
f 7619//1915 7602//1915 7707//1915 7676//1915
f 10364//1901 10362//1901 10460//1901 10464//1901
f 10536//2046 10535//2046 10533//2046 10534//2046
f 7747//1889 7752//1889 7751//1889 7748//1889
f 7750//1890 7754//1890 7753//1890 7749//1890
f 7763//2312 10538//2313 10544//2313 7761//2314
f 10539//2315 10540//2316 10546//2317 7755//2315
f 10548//2318 10726//2319 10718//2319 7760//2320
f 10540//2316 10717//2321 10722//2322 10546//2317
f 7756//2323 10548//2318 7760//2320 7757//2323
f 10545//2324 7758//2325 7759//2326 10547//2324
f 7764//2327 10542//2327 7762//2328 10543//2329
f 7765//2330 7766//2330 10537//2331 10541//2332
f 7769//2333 10565//2333 10553//2333 10552//2333
f 7772//1890 10567//1890 10563//1890 10562//1890
f 7767//1915 10569//1915 10559//1915 10558//1915
f 7770//1889 10571//1889 10555//1889 10554//1889
f 10572//2046 10566//2046 10551//2046 10549//2046
f 7774//2334 7773//2334 10550//2334 10564//2334
f 7771//2335 10568//2335 10561//2335 10560//2335
f 7768//2336 10570//2336 10557//2336 10556//2336
f 7776//1891 7775//1891 7783//1891 7784//1891
f 7777//1891 7776//1891 7784//1891 7785//1891
f 7778//1891 7777//1891 7785//1891 7786//1891
f 7779//1891 7778//1891 7786//1891 7787//1891
f 7780//1891 7779//1891 7787//1891 7788//1891
f 7781//1891 7780//1891 7788//1891 7789//1891
f 7782//1891 7781//1891 7789//1891 7790//1891
f 7775//1891 7782//1891 7790//1891 7783//1891
f 10575//1915 10573//1915 10577//1915 10579//1915
f 10580//1891 10578//1891 10581//1891 10583//1891
f 10584//2046 10582//2046 10586//2337 10585//2337
f 10574//1890 7797//1890 7795//1890 7793//1890
f 7794//1889 7796//1889 7798//1889 10576//1889
f 7792//2338 10585//2337 10586//2337 7791//2338
f 7758//2325 7898//2339 10725//2340 7759//2326
f 10724//2341 10541//2332 10537//2331 10720//2341
f 7897//2342 10543//2329 7762//2328 10723//2343
f 10588//1889 10587//1889 7806//1889 7800//1889
f 7803//2344 10589//2344 10590//2344 7809//2344
f 7801//1890 7799//1890 7805//1890 7807//1890
f 10594//2345 10591//2345 10592//2345 10593//2345
f 7903//1890 7802//1890 7808//1890 7905//1890
f 7904//1889 7800//1889 7806//1889 7906//1889
f 7813//2346 7814//2346 10602//2346 10606//2346
f 10599//1890 10608//1890 10605//1890 7820//1890 10598//1890
f 7812//2347 7811//2347 10597//2347 10595//2347
f 10596//2348 7816//2348 10604//2349 10603//2349
f 10603//2349 10604//2349 7819//2350 10601//2350
f 10607//1889 10600//1889 7815//1889 7817//1889 7818//1889
f 7823//2346 10620//2346 10616//2346 7824//2346
f 10613//1889 10612//1889 7830//1889 10619//1889 10622//1889
f 7822//2347 10609//2347 10611//2347 7821//2347
f 10610//2348 10617//2349 10618//2349 7826//2348
f 10617//2349 10615//2350 7829//2350 10618//2349
f 10621//1890 7828//1890 7827//1890 7825//1890 10614//1890
f 7833//2351 7834//2351 10631//2351 10629//2351
f 10627//1889 10634//1889 10630//1889 10626//1889
f 7832//2352 7831//2352 10625//2352 10623//2352
f 10643//2353 10641//2353 10637//2353 10635//2353
f 10633//1890 10628//1890 10624//1890 10632//1890
f 7841//2351 10642//2351 10644//2351 7842//2351
f 10639//1890 10638//1890 7846//1890 10646//1890
f 7840//2352 10636//2352 7844//2352 7839//2352
f 10645//1889 7845//1889 7843//1889 10640//1889
f 7838//2353 7837//2353 7835//2353 7836//2353
f 7850//1890 7849//1890 7853//1890 7854//1890
f 10647//2046 7848//2046 7852//2046 10648//2046
f 7847//1915 10650//1915 10649//1915 7851//1915
f 10651//1889 10654//1889 10653//1889 10652//1889
f 7858//1889 7862//1889 7861//1889 7857//1889
f 10655//2046 10656//2046 7860//2046 7856//2046
f 7855//1915 7859//1915 10657//1915 10658//1915
f 10659//1890 10660//1890 10661//1890 10662//1890
f 10667//2354 10663//2354 10665//2354 10669//2354
f 10711//2355 10713//2355 10715//2355 10709//2355
f 10664//2356 10673//2356 10671//2356 10666//2356
f 10668//1889 10674//1889 7863//1889
f 10670//1890 7865//1890 10672//1890
s 0
f 10676//1890 10678//1890 10680//1890 10679//1890 10675//1890
f 10683//1889 10682//1889 10686//1889 10687//1889 10685//1889
f 7873//1891 10681//1891 10688//1891 7876//1891
f 7874//2357 7870//2357 7877//2357 7878//2357
f 7870//2046 10677//2046 10684//2046 7877//2046
f 7872//1901 7871//1901 7869//1901 7875//1901
s 1
f 10690//1891 10689//1891 10692//1891 10693//1891
f 10691//2046 10694//2046 10696//2046 10695//2046
f 7881//1890 7882//1890 7884//1890
f 7880//1889 7883//1889 7879//1889
f 10698//1891 10697//1891 10700//1891 10701//1891
f 10699//2046 10702//2046 10704//2046 10703//2046
f 7887//1890 7888//1890 7890//1890
f 7886//1889 7889//1889 7885//1889
f 10710//2354 10705//2354 10707//2354 10712//2354
f 7866//2355 7868//2355 7867//2355 7864//2355
f 10706//2356 10716//2356 10714//2356 10708//2356
f 7892//1889 7895//1889 7891//1889
f 7894//1890 7893//1890 7896//1890
f 10719//2358 10721//2359 10722//2322 10717//2321
f 7897//2342 10723//2343 10725//2340 7898//2339
f 7901//2360 7900//2360 7899//2360 7902//2360
f 10719//2358 7763//2312 7761//2314 10721//2359
f 7804//1889 7904//1889 7906//1889 7810//1889
f 7799//1890 7903//1890 7905//1890 7805//1890
f 10727//2361 10735//2046 10736//2046 10729//2361
f 10731//2362 10733//2362 10736//2046 10735//2046
f 10737//2363 10739//2363 10746//1915 10745//1915
f 10741//2364 10745//1915 10746//1915 10743//2364
f 7912//1891 7917//1891 10742//2365 10732//2365
f 7911//1901 7918//1901 10740//2366 10730//2366
f 7907//1889 7914//1889 10738//1889 10728//1889
f 10734//2367 10744//2367 7918//1901 7911//1901
f 7908//2368 7913//2368 7917//1891 7912//1891
f 7910//1890 7915//1890 7916//1890 7909//1890
s 0
f 7921//1889 7923//1889 10754//1889 10751//1889 10750//1889 10747//1889 10748//1889 10753//1889
f 7927//1890 10761//1890 10756//1890 10755//1890 10758//1890 10759//1890 10762//1890 7931//1890
f 10772//2369 10776//2369 10778//2369 10774//2369
f 10764//1890 10771//1890 10773//1890 10768//1890
f 10752//2370 10760//2370 7932//2370 7924//2370
f 7924//2371 7932//2371 7929//2371 7922//2371
f 7922//2372 7929//2372 10757//2372 10749//2372
f 10763//2373 7919//2373 7935//2373 7920//2373
f 7926//2374 7937//2374 7925//2374 10767//2374
f 10775//2373 7939//2373 7928//2373 10765//2373
f 10769//2374 7933//2374 7941//2374 10777//2374
f 10765//2373 7928//2373 7919//2373 10763//2373
f 7920//2373 7935//2373 7939//2373 10775//2373
f 10767//2374 7925//2374 7933//2374 10769//2374
f 10777//2374 7941//2374 7937//2374 7926//2374
f 7930//1889 10766//1889 10770//1889 7934//1889
f 7940//2371 7936//2371 7938//2371 7942//2371
f 7945//1889 7947//1889 10786//1889 10783//1889 10782//1889 10779//1889 10780//1889 10785//1889
f 7951//1890 10793//1890 10788//1890 10787//1890 10790//1890 10791//1890 10794//1890 7955//1890
f 10804//2369 10808//2369 10810//2369 10806//2369
f 10796//1890 10803//1890 10805//1890 10800//1890
f 10784//2370 10792//2370 7956//2370 7948//2370
f 7948//2371 7956//2371 7953//2371 7946//2371
f 7946//2372 7953//2372 10789//2372 10781//2372
f 10795//2373 7943//2373 7959//2373 7944//2373
f 7950//2374 7961//2374 7949//2374 10799//2374
f 10807//2373 7963//2373 7952//2373 10797//2373
f 10801//2374 7957//2374 7965//2374 10809//2374
f 10797//2373 7952//2373 7943//2373 10795//2373
f 7944//2373 7959//2373 7963//2373 10807//2373
f 10799//2374 7949//2374 7957//2374 10801//2374
f 10809//2374 7965//2374 7961//2374 7950//2374
f 7954//1889 10798//1889 10802//1889 7958//1889
f 7964//2371 7960//2371 7962//2371 7966//2371
f 7969//1889 7971//1889 10818//1889 10815//1889 10814//1889 10811//1889 10812//1889 10817//1889
f 7975//1890 10825//1890 10820//1890 10819//1890 10822//1890 10823//1890 10826//1890 7979//1890
f 10836//2369 10840//2369 10842//2369 10838//2369
f 10828//1890 10835//1890 10837//1890 10832//1890
f 10816//2370 10824//2370 7980//2370 7972//2370
f 7972//2371 7980//2371 7977//2371 7970//2371
f 7970//2372 7977//2372 10821//2372 10813//2372
f 10827//2373 7967//2373 7983//2373 7968//2373
f 7974//2374 7985//2374 7973//2374 10831//2374
f 10839//2373 7987//2373 7976//2373 10829//2373
f 10833//2374 7981//2374 7989//2374 10841//2374
f 10829//2373 7976//2373 7967//2373 10827//2373
f 7968//2373 7983//2373 7987//2373 10839//2373
f 10831//2374 7973//2374 7981//2374 10833//2374
f 10841//2374 7989//2374 7985//2374 7974//2374
f 7978//1889 10830//1889 10834//1889 7982//1889
f 7988//2371 7984//2371 7986//2371 7990//2371
f 7993//1889 7995//1889 10850//1889 10847//1889 10846//1889 10843//1889 10844//1889 10849//1889
f 7999//1890 10857//1890 10852//1890 10851//1890 10854//1890 10855//1890 10858//1890 8003//1890
f 10868//2369 10872//2369 10874//2369 10870//2369
f 10860//1890 10867//1890 10869//1890 10864//1890
f 10848//2370 10856//2370 8004//2370 7996//2370
f 7996//2371 8004//2371 8001//2371 7994//2371
f 7994//2372 8001//2372 10853//2372 10845//2372
f 10859//2373 7991//2373 8007//2373 7992//2373
f 7998//2374 8009//2374 7997//2374 10863//2374
f 10871//2373 8011//2373 8000//2373 10861//2373
f 10865//2374 8005//2374 8013//2374 10873//2374
f 10861//2373 8000//2373 7991//2373 10859//2373
f 7992//2373 8007//2373 8011//2373 10871//2373
f 10863//2374 7997//2374 8005//2374 10865//2374
f 10873//2374 8013//2374 8009//2374 7998//2374
f 8002//1889 10862//1889 10866//1889 8006//1889
f 8012//2371 8008//2371 8010//2371 8014//2371
f 8017//1889 8019//1889 10882//1889 10879//1889 10878//1889 10875//1889 10876//1889 10881//1889
f 8023//1890 10889//1890 10884//1890 10883//1890 10886//1890 10887//1890 10890//1890 8027//1890
f 10900//2369 10904//2369 10906//2369 10902//2369
f 10892//1890 10899//1890 10901//1890 10896//1890
f 10880//2370 10888//2370 8028//2370 8020//2370
f 8020//2371 8028//2371 8025//2371 8018//2371
f 8018//2372 8025//2372 10885//2372 10877//2372
f 10891//2373 8015//2373 8031//2373 8016//2373
f 8022//2374 8033//2374 8021//2374 10895//2374
f 10903//2373 8035//2373 8024//2373 10893//2373
f 10897//2374 8029//2374 8037//2374 10905//2374
f 10893//2373 8024//2373 8015//2373 10891//2373
f 8016//2373 8031//2373 8035//2373 10903//2373
f 10895//2374 8021//2374 8029//2374 10897//2374
f 10905//2374 8037//2374 8033//2374 8022//2374
f 8026//1889 10894//1889 10898//1889 8030//1889
f 8036//2371 8032//2371 8034//2371 8038//2371
f 8041//1889 8043//1889 10916//1889 10913//1889 10911//1889 10907//1889 10909//1889 10915//1889
f 8047//1890 10925//1890 10919//1890 10917//1890 10921//1890 10923//1890 10926//1890 8051//1890
f 10936//2375 10940//2375 10942//2375 10938//2375
f 10928//1890 10935//1890 10937//1890 10932//1890
f 10914//2376 10924//2376 10922//2376 10912//2376
f 8044//2377 8052//2377 10918//2377 10908//2377
f 8042//2378 8049//2378 10920//2378 10910//2378
f 10927//2379 8039//2379 8055//2379 8040//2379
f 8046//2380 8057//2380 8045//2380 10931//2380
f 10939//2381 8059//2381 8048//2381 10929//2381
f 10933//2382 8053//2382 8061//2382 10941//2382
f 10929//2383 8048//2383 8039//2383 10927//2383
f 8040//2383 8055//2383 8059//2383 10939//2383
f 10931//2384 8045//2384 8053//2384 10933//2384
f 10941//2384 8061//2384 8057//2384 8046//2384
f 8050//1889 10930//1889 10934//1889 8054//1889
f 8060//2385 8056//2385 8058//2385 8062//2385
f 8065//1889 8067//1889 10952//1889 10949//1889 10947//1889 10943//1889 10945//1889 10951//1889
f 8071//1890 10961//1890 10955//1890 10953//1890 10957//1890 10959//1890 10962//1890 8075//1890
f 10972//2375 10976//2375 10978//2375 10974//2375
f 10964//1890 10971//1890 10973//1890 10968//1890
f 10950//2376 10960//2376 10958//2376 10948//2376
f 8068//2377 8076//2377 10954//2377 10944//2377
f 8066//2378 8073//2378 10956//2378 10946//2378
f 10963//2379 8063//2379 8079//2379 8064//2379
f 8070//2380 8081//2380 8069//2380 10967//2380
f 10975//2381 8083//2381 8072//2381 10965//2381
f 10969//2382 8077//2382 8085//2382 10977//2382
f 10965//2383 8072//2383 8063//2383 10963//2383
f 8064//2383 8079//2383 8083//2383 10975//2383
f 10967//2384 8069//2384 8077//2384 10969//2384
f 10977//2384 8085//2384 8081//2384 8070//2384
f 8074//1889 10966//1889 10970//1889 8078//1889
f 8084//2385 8080//2385 8082//2385 8086//2385
s 1
f 11053//2386 11033//2387 11036//2387 11051//2386
f 11052//1915 11049//2388 8127//2388 8098//1915
f 11054//2389 11047//2390 8129//2390 8099//2389
f 11055//2391 11045//2392 8131//2392 8100//2391
f 11056//2393 11043//2394 8133//2394 8101//2393
f 11057//2395 11041//2396 8135//2396 8102//2395
f 11058//2397 11039//2398 8137//2398 8103//2397
f 10997//2399 10999//2399 11017//2399 11015//2399
f 11059//2400 11037//2401 8139//2401 8104//2400
f 8096//2399 8124//2402 8125//2402 8097//2399
f 11050//2403 10980//2404 10983//2404 8128//2403
f 11038//2405 10994//2406 10995//2406 8140//2405
f 11040//2407 10992//2408 10993//2408 8138//2407
f 11042//2409 10990//2410 10991//2410 8136//2409
f 11044//2411 10988//2412 10989//2412 8134//2411
f 11046//2413 10986//2414 10987//2414 8132//2413
f 11048//2415 10984//2416 10985//2416 8130//2415
f 8123//2417 10981//2418 10979//2418 8126//2417
f 11000//1891 10998//1891 8105//1891 10982//1891
f 10998//1891 11001//1891 8107//1891 8105//1891
f 11001//1891 11003//1891 8108//1891 8107//1891
f 11003//1891 11005//1891 8109//1891 8108//1891
f 11005//1891 11007//1891 8110//1891 8109//1891
f 11007//1891 11009//1891 8111//1891 8110//1891
f 11009//1891 11011//1891 8112//1891 8111//1891
f 11011//1891 11013//1891 10996//1891 8112//1891
f 11013//1891 11000//1891 10982//1891 10996//1891
f 11070//2419 11069//2419 11087//2419 11088//2419
f 11014//2400 11012//2400 11030//2400 11031//2400
f 11008//2393 11006//2393 11024//2393 11025//2393
f 11002//1915 8088//1915 11016//1915 11019//1915
f 8087//2386 8095//2386 11032//2386 11018//2386
f 11010//2395 8092//2395 11026//2395 11027//2395
f 11004//2389 8089//2389 11020//2389 11021//2389
f 8094//2397 8093//2397 11028//2397 11029//2397
f 8091//2391 8090//2391 11022//2391 11023//2391
f 11034//2420 11035//2420 11036//2387 11033//2387
f 11038//2405 8140//2405 8139//2401 11037//2401
f 11040//2407 8138//2407 8137//2398 11039//2398
f 11042//2409 8136//2409 8135//2396 11041//2396
f 11044//2411 8134//2411 8133//2394 11043//2394
f 11046//2413 8132//2413 8131//2392 11045//2392
f 11048//2415 8130//2415 8129//2390 11047//2390
f 11050//2403 8128//2403 8127//2388 11049//2388
f 8123//2417 8126//2417 8125//2402 8124//2402
f 11034//2420 8113//2421 8106//2421 11035//2420
f 11062//1891 11060//1891 8141//1891 8142//1891
f 11060//1891 11064//1891 8143//1891 8141//1891
f 11064//1891 11066//1891 8144//1891 8143//1891
f 11066//1891 11068//1891 8145//1891 8144//1891
f 11068//1891 11071//1891 8146//1891 8145//1891
f 11071//1891 11072//1891 8147//1891 8146//1891
f 11072//1891 11074//1891 8148//1891 8147//1891
f 11074//1891 11076//1891 8149//1891 8148//1891
f 11076//1891 11062//1891 8142//1891 8149//1891
f 11078//1891 11080//1891 11094//1891 11092//1891 11090//1891 11089//1891 11086//1891 11084//1891 11082//1891
f 11065//2046 11061//2046 11079//2046 11083//2046
f 11063//2422 11077//2422 11095//2422 11081//2422
f 11073//2423 8119//2423 8155//2423 11091//2423
f 11067//2424 8116//2424 8152//2424 11085//2424
f 11075//2425 8120//2425 8156//2425 11093//2425
f 8118//2426 8117//2426 8153//2426 8154//2426
f 8114//2427 8115//2427 8151//2427 8150//2427
f 8122//2428 8121//2428 8157//2428 8158//2428
f 11096//2429 11098//2429 11102//2429 11100//2429
f 11104//2430 11108//2430 11110//2430 11106//2430
f 11111//2431 11109//2431 11101//2431 11103//2431
f 8163//2432 11105//2432 11097//2432 8165//2432
f 11107//2433 8164//2433 8166//2433 11099//2433
f 11112//2434 11114//2434 11118//2434 11116//2434
f 11120//2435 11124//2435 11126//2435 11122//2435
f 11127//2436 11125//2436 11117//2436 11119//2436
f 8171//2437 11121//2437 11113//2437 8173//2437
f 11123//2438 8172//2438 8174//2438 11115//2438
f 11128//2439 11130//2439 11134//2439 11132//2439
f 11136//2440 11140//2440 11142//2440 11138//2440
f 11143//2441 11141//2441 11133//2441 11135//2441
f 8179//2442 11137//2442 11129//2442 8181//2442
f 11139//2443 8180//2443 8182//2443 11131//2443
f 11144//2444 11146//2444 11150//2444 11148//2444
f 11152//2445 11156//2445 11158//2445 11154//2445
f 11159//2446 11157//2446 11149//2446 11151//2446
f 8187//2447 11153//2447 11145//2447 8189//2447
f 11155//2448 8188//2448 8190//2448 11147//2448
f 11160//2449 11162//2449 11166//2449 11164//2449
f 11168//2450 11172//2450 11174//2450 11170//2450
f 11175//2451 11173//2451 11165//2451 11167//2451
f 8195//2452 11169//2452 11161//2452 8197//2452
f 11171//2453 8196//2453 8198//2453 11163//2453
f 11176//2454 11178//2454 11182//2454 11180//2454
f 11184//2455 11188//2455 11190//2455 11186//2455
f 11191//2456 11189//2456 11181//2456 11183//2456
f 8203//2457 11185//2457 11177//2457 8205//2457
f 11187//2458 8204//2458 8206//2458 11179//2458
f 11192//2459 11194//2459 11198//2459 11196//2459
f 11200//2460 11204//2460 11206//2460 11202//2460
f 11207//2461 11205//2461 11197//2461 11199//2461
f 8211//2462 11201//2462 11193//2462 8213//2462
f 11203//2463 8212//2463 8214//2463 11195//2463
f 11208//2464 11210//2464 11214//2464 11212//2464
f 11216//2465 11220//2465 11222//2465 11218//2465
f 11223//2466 11221//2466 11213//2466 11215//2466
f 8219//2467 11217//2467 11209//2467 8221//2467
f 11219//2468 8220//2468 8222//2468 11211//2468
f 11224//2469 11226//2469 11230//2469 11228//2469
f 11232//2470 11236//2470 11238//2470 11234//2470
f 11239//2471 11237//2471 11229//2471 11231//2471
f 8227//2472 11233//2472 11225//2472 8229//2472
f 11235//2473 8228//2473 8230//2473 11227//2473
f 11240//2474 11242//2474 11246//2474 11244//2474
f 11248//2475 11252//2475 11254//2475 11250//2475
f 11255//2476 11253//2476 11245//2476 11247//2476
f 8235//2477 11249//2477 11241//2477 8237//2477
f 11251//2478 8236//2478 8238//2478 11243//2478
f 8159//2456 8160//2456 8161//2456 8162//2456
f 8167//2461 8168//2461 8169//2461 8170//2461
f 8175//2466 8176//2466 8177//2466 8178//2466
f 8183//2471 8184//2471 8185//2471 8186//2471
f 8191//2476 8192//2476 8193//2476 8194//2476
f 8199//2431 8200//2431 8201//2431 8202//2431
f 8207//2436 8208//2436 8209//2436 8210//2436
f 8215//2441 8216//2441 8217//2441 8218//2441
f 8223//2446 8224//2446 8225//2446 8226//2446
f 8231//2451 8232//2451 8233//2451 8234//2451
f 11256//2430 11260//2430 11262//2430 11258//2430
f 11264//2429 11266//2429 11270//2429 11268//2429
f 11271//2431 11263//2431 11261//2431 11269//2431
f 8243//2432 8245//2432 11257//2432 11265//2432
f 11267//2433 11259//2433 8246//2433 8244//2433
f 11272//2435 11276//2435 11278//2435 11274//2435
f 11280//2434 11282//2434 11286//2434 11284//2434
f 11287//2436 11279//2436 11277//2436 11285//2436
f 8251//2437 8253//2437 11273//2437 11281//2437
f 11283//2438 11275//2438 8254//2438 8252//2438
f 11288//2440 11292//2440 11294//2440 11290//2440
f 11296//2439 11298//2439 11302//2439 11300//2439
f 11303//2441 11295//2441 11293//2441 11301//2441
f 8259//2442 8261//2442 11289//2442 11297//2442
f 11299//2443 11291//2443 8262//2443 8260//2443
f 11304//2445 11308//2445 11310//2445 11306//2445
f 11312//2444 11314//2444 11318//2444 11316//2444
f 11319//2446 11311//2446 11309//2446 11317//2446
f 8267//2447 8269//2447 11305//2447 11313//2447
f 11315//2448 11307//2448 8270//2448 8268//2448
f 11320//2479 11324//2479 11326//2479 11322//2479
f 11328//2449 11330//2449 11334//2449 11332//2449
f 11335//2451 11327//2451 11325//2451 11333//2451
f 8275//2452 8277//2452 11321//2452 11329//2452
f 11331//2453 11323//2453 8278//2453 8276//2453
f 11336//2455 11340//2455 11342//2455 11338//2455
f 11344//2454 11346//2454 11350//2454 11348//2454
f 11351//2456 11343//2456 11341//2456 11349//2456
f 8283//2457 8285//2457 11337//2457 11345//2457
f 11347//2458 11339//2458 8286//2458 8284//2458
f 11352//2460 11356//2460 11358//2460 11354//2460
f 11360//2459 11362//2459 11366//2459 11364//2459
f 11367//2461 11359//2461 11357//2461 11365//2461
f 8291//2462 8293//2462 11353//2462 11361//2462
f 11363//2463 11355//2463 8294//2463 8292//2463
f 11368//2465 11372//2465 11374//2465 11370//2465
f 11376//2464 11378//2464 11382//2464 11380//2464
f 11383//2466 11375//2466 11373//2466 11381//2466
f 8299//2467 8301//2467 11369//2467 11377//2467
f 11379//2468 11371//2468 8302//2468 8300//2468
f 11384//2470 11388//2470 11390//2470 11386//2470
f 11392//2469 11394//2469 11398//2469 11396//2469
f 11399//2471 11391//2471 11389//2471 11397//2471
f 8307//2472 8309//2472 11385//2472 11393//2472
f 11395//2473 11387//2473 8310//2473 8308//2473
f 11400//2475 11404//2475 11406//2475 11402//2475
f 11408//2480 11410//2480 11414//2480 11412//2480
f 11415//2476 11407//2476 11405//2476 11413//2476
f 8315//2477 8317//2477 11401//2477 11409//2477
f 11411//2478 11403//2478 8318//2478 8316//2478
f 8239//2456 8242//2456 8241//2456 8240//2456
f 8247//2461 8250//2461 8249//2461 8248//2461
f 8255//2466 8258//2466 8257//2466 8256//2466
f 8263//2471 8266//2471 8265//2471 8264//2471
f 8271//2476 8274//2476 8273//2476 8272//2476
f 8279//2431 8282//2431 8281//2431 8280//2431
f 8287//2436 8290//2436 8289//2436 8288//2436
f 8295//2441 8298//2441 8297//2441 8296//2441
f 8303//2446 8306//2446 8305//2446 8304//2446
f 8311//2451 8314//2451 8313//2451 8312//2451
f 11466//2481 11432//2481 11434//2481 11464//2481
f 11442//2482 11456//2482 11458//2482 11444//2482
f 11422//2483 11420//2483 11448//2483 11436//2483
f 11438//2484 11472//2484 11474//2484 11440//2484
f 11468//2485 11476//2485 11478//2485 11470//2485
f 11450//2486 11460//2486 11462//2486 11452//2486
f 11454//2487 11428//2487 11426//2487 11424//2487
f 11446//2488 11430//2488 11418//2488 11416//2488
f 11504//2489 11506//2489 11538//2489 11536//2489
f 11480//2490 11482//2490 11514//2490 11512//2490
f 11500//2491 11502//2491 11534//2491 11532//2491
f 11492//2492 11494//2492 11526//2492 11524//2492
f 11488//2493 11490//2493 11522//2493 11520//2493
f 11484//2494 11486//2494 11518//2494 11516//2494
f 11508//2495 11510//2495 11542//2495 11540//2495
f 11496//2496 11498//2496 11530//2496 11528//2496
f 11513//2497 11433//2497 11467//2497 11481//2497
f 11483//2498 11465//2498 11435//2498 11515//2498
f 11533//2499 11421//2499 11423//2499 11501//2499
f 11503//2500 11437//2500 11449//2500 11535//2500
f 8352//2501 8368//2501 8367//2501 8351//2501
f 11525//2502 11431//2502 11447//2502 11493//2502
f 11519//2503 11479//2503 11477//2503 11517//2503
f 11495//2504 11417//2504 11419//2504 11527//2504
f 11523//2505 11475//2505 11473//2505 11521//2505
f 8355//2506 8371//2506 11439//2506 11489//2506
f 8358//2507 8374//2507 8373//2507 8357//2507
f 11491//2508 11441//2508 8372//2508 8356//2508
f 11531//2509 11459//2509 11457//2509 11529//2509
f 8353//2510 8369//2510 11469//2510 11485//2510
f 8362//2511 8378//2511 8377//2511 8361//2511
f 11487//2512 11471//2512 8370//2512 8354//2512
f 11539//2513 11427//2513 11429//2513 11537//2513
f 11541//2514 11461//2514 11451//2514 11509//2514
f 11543//2515 11463//2515 8381//2515 8365//2515
f 11511//2516 11453//2516 8382//2516 8366//2516
f 8363//2517 8379//2517 11455//2517 11505//2517
f 8359//2518 8375//2518 11443//2518 11497//2518
f 11507//2519 11425//2519 8380//2519 8364//2519
f 11499//2520 11445//2520 8376//2520 8360//2520
f 8323//2521 8346//2521 8345//2521 8324//2521
f 8329//2522 8340//2522 8339//2522 8330//2522
f 8325//2503 8344//2503 8343//2503 8326//2503
f 8327//2501 8342//2501 8341//2501 8328//2501
f 8319//2511 8350//2511 8349//2511 8320//2511
f 8321//2523 8348//2523 8347//2523 8322//2523
f 8331//2509 8338//2509 8337//2509 8332//2509
f 8333//2507 8336//2507 8335//2507 8334//2507
f 11547//1889 11553//1889 11575//1889 11569//1889
f 11565//1889 11566//1889 11583//1889 11577//1889
f 11574//1915 11552//1915 11550//1915 11554//1915 11573//1915
f 11570//2046 11548//2046 11544//2046 11546//2046 11568//2046
f 11549//1890 11555//1890 11551//1890 11545//1890
f 8384//2524 8387//2524 8388//2524 8383//2524
f 11560//1890 11562//1890 11558//1890 11556//1890
f 11578//2046 11561//2046 11557//2046 11564//2046 11576//2046
f 11582//1915 11567//1915 11559//1915 11563//1915 11581//1915
f 11579//1891 11580//1891 8391//1891 8392//1891
f 8393//2524 8390//2524 8389//2524 8394//2524
f 11571//2525 8396//2525 8397//2525 11572//2525
f 8401//2525 8402//2525 8399//2525 8400//2525
f 8395//1891 8398//1891 8386//1891 8385//1891
f 11615//1890 11609//1890 11585//1890 11589//1890
f 11631//1890 11625//1890 11593//1890 11597//1890
f 11586//1891 11590//1891 11588//1891 11584//1891
f 11594//1891 11598//1891 11596//1891 11592//1891
f 11618//1915 11629//1915 11630//1915 8409//1915 11599//1915 11616//1915
f 11620//1901 11627//1901 11628//1901 11619//1901
f 11602//1915 11613//1915 11614//1915 8405//1915 11591//1915 11600//1915
f 11604//1901 11611//1901 11612//1901 11603//1901
f 11623//1889 11617//1889 8410//1889 11595//1889
f 11607//1889 11601//1889 8406//1889 11587//1889
f 11626//2046 11621//2046 11622//2046 8408//2046 8407//2046 11624//2046
f 8417//2526 8418//2526 11606//2526 11605//2526
f 11610//2527 11608//2527 8415//2527 8416//2527
f 8425//2526 8426//2526 8421//2526 8422//2526
f 8419//2527 8420//2527 8423//2527 8424//2527
f 8411//2046 8414//2046 8413//2046 8404//2046 8403//2046 8412//2046
f 11633//1890 11637//1890 11663//1890 11657//1890
f 11642//1901 11659//1901 11660//1901 11640//1901
f 11636//1915 11638//1915 11641//1915 11661//1915 11662//1915
f 11646//2046 11644//2046 11664//2046 11666//2046 11655//2046
f 11645//1890 11649//1890 11671//1890 11665//1890
f 11654//1901 11667//1901 11668//1901 11652//1901
f 11648//1915 11650//1915 11653//1915 11669//1915 11670//1915
f 11658//2527 11656//2527 8441//2527 8442//2527
f 8443//2527 8444//2527 8445//2527 8446//2527
f 11634//2046 11632//2046 8440//2046 8439//2046 11643//2046
f 11635//1891 11639//1891 8429//1891 8427//1891
f 11647//1891 11651//1891 8435//1891 8433//1891
f 8432//1889 8430//1889 8428//1889 8431//1889
f 8438//1889 8436//1889 8434//1889 8437//1889
f 11673//1889 11697//1889 11703//1889 11677//1889
f 11682//1901 11680//1901 11700//1901 11699//1901
f 11676//1915 11702//1915 11701//1915 11681//1915 11678//1915
f 11686//2046 11695//2046 11706//2046 11704//2046 11684//2046
f 11685//1889 11705//1889 11711//1889 11689//1889
f 11694//1901 11692//1901 11708//1901 11707//1901
f 11688//1915 11710//1915 11709//1915 11693//1915 11690//1915
f 11698//2526 8462//2526 8461//2526 11696//2526
f 8463//2526 8466//2526 8465//2526 8464//2526
f 11674//2046 11683//2046 8459//2046 8460//2046 11672//2046
f 11675//1891 8447//1891 8449//1891 11679//1891
f 11687//1891 8453//1891 8455//1891 11691//1891
f 8452//1890 8451//1890 8448//1890 8450//1890
f 8458//1890 8457//1890 8454//1890 8456//1890
f 8467//2335 11719//2335 11725//2335 11734//2335
f 11732//2528 8481//2528 11727//2528 11721//2528
f 11730//2333 8477//2333 11723//2333 11713//2333
f 11712//1891 11722//1891 11720//1891 11726//1891 11724//1891 11718//1891 11716//1891 11714//1891
f 11717//2529 8474//2529 11729//2529 11728//2529
f 8469//2530 11715//2530 11731//2530 8472//2530
f 8475//2531 8476//2531 11733//2531 8478//2531
f 8479//2532 8480//2532 11735//2532 8482//2532
f 8468//2533 8471//2533 8470//2533 8473//2533
f 11739//1890 11761//1890 11767//1890 11745//1890
f 11757//1890 11769//1890 11775//1890 11758//1890
f 11766//1915 11765//1915 11746//1915 11742//1915 11744//1915
f 11762//2046 11760//2046 11738//2046 11736//2046 11740//2046
f 11741//1889 11737//1889 11743//1889 11747//1889
f 8484//2534 8483//2534 8488//2534 8487//2534
f 11752//1889 11748//1889 11750//1889 11754//1889
f 11770//2046 11768//2046 11756//2046 11749//2046 11753//2046
f 11774//1915 11773//1915 11755//1915 11751//1915 11759//1915
f 11771//1891 8492//1891 8491//1891 11772//1891
f 8493//2534 8494//2534 8489//2534 8490//2534
f 11763//2535 11764//2535 8497//2535 8496//2535
f 8501//2535 8500//2535 8499//2535 8502//2535
f 8495//1891 8485//1891 8486//1891 8498//1891
f 11807//1889 11781//1889 11777//1889 11801//1889
f 11823//1889 11789//1889 11785//1889 11817//1889
f 11778//1891 11776//1891 11780//1891 11782//1891
f 11786//1891 11784//1891 11788//1891 11790//1891
f 11810//1915 11808//1915 11791//1915 8509//1915 11822//1915 11821//1915
f 11812//1901 11811//1901 11820//1901 11819//1901
f 11794//1915 11792//1915 11783//1915 8505//1915 11806//1915 11805//1915
f 11796//1901 11795//1901 11804//1901 11803//1901
f 11815//1890 11787//1890 8510//1890 11809//1890
f 11799//1890 11779//1890 8506//1890 11793//1890
f 11818//2046 11816//2046 8507//2046 8508//2046 11814//2046 11813//2046
f 8517//2527 11797//2527 11798//2527 8518//2527
f 11802//2526 8516//2526 8515//2526 11800//2526
f 8525//2527 8522//2527 8521//2527 8526//2527
f 8519//2526 8524//2526 8523//2526 8520//2526
f 8511//2046 8512//2046 8503//2046 8504//2046 8513//2046 8514//2046
f 11874//2490 11872//2490 11842//2490 11840//2490
f 11850//2496 11852//2496 11866//2496 11864//2496
f 11830//2491 11844//2491 11856//2491 11828//2491
f 11846//2493 11848//2493 11882//2493 11880//2493
f 11876//2494 11878//2494 11886//2494 11884//2494
f 11858//2495 11860//2495 11870//2495 11868//2495
f 11862//2489 11832//2489 11834//2489 11836//2489
f 11854//2492 11824//2492 11826//2492 11838//2492
f 11912//2487 11944//2487 11946//2487 11914//2487
f 11888//2481 11920//2481 11922//2481 11890//2481
f 11908//2483 11940//2483 11942//2483 11910//2483
f 11900//2488 11932//2488 11934//2488 11902//2488
f 11896//2484 11928//2484 11930//2484 11898//2484
f 11892//2485 11924//2485 11926//2485 11894//2485
f 11916//2486 11948//2486 11950//2486 11918//2486
f 11904//2482 11936//2482 11938//2482 11906//2482
f 11921//2497 11889//2497 11875//2497 11841//2497
f 11891//2498 11923//2498 11843//2498 11873//2498
f 11941//2499 11909//2499 11831//2499 11829//2499
f 11911//2500 11943//2500 11857//2500 11845//2500
f 8560//2501 8559//2501 8575//2501 8576//2501
f 11933//2502 11901//2502 11855//2502 11839//2502
f 11927//2503 11925//2503 11885//2503 11887//2503
f 11903//2504 11935//2504 11827//2504 11825//2504
f 11931//2505 11929//2505 11881//2505 11883//2505
f 8563//2506 11897//2506 11847//2506 8579//2506
f 8566//2507 8565//2507 8581//2507 8582//2507
f 11899//2508 8564//2508 8580//2508 11849//2508
f 11939//2509 11937//2509 11865//2509 11867//2509
f 8561//2510 11893//2510 11877//2510 8577//2510
f 8570//2511 8569//2511 8585//2511 8586//2511
f 11895//2512 8562//2512 8578//2512 11879//2512
f 11947//2513 11945//2513 11837//2513 11835//2513
f 11949//2514 11917//2514 11859//2514 11869//2514
f 11951//2515 8573//2515 8589//2515 11871//2515
f 11919//2516 8574//2516 8590//2516 11861//2516
f 8571//2517 11913//2517 11863//2517 8587//2517
f 8567//2518 11905//2518 11851//2518 8583//2518
f 11915//2519 8572//2519 8588//2519 11833//2519
f 11907//2520 8568//2520 8584//2520 11853//2520
f 8531//2521 8532//2521 8553//2521 8554//2521
f 8537//2522 8538//2522 8547//2522 8548//2522
f 8533//2503 8534//2503 8551//2503 8552//2503
f 8535//2501 8536//2501 8549//2501 8550//2501
f 8527//2511 8528//2511 8557//2511 8558//2511
f 8529//2523 8530//2523 8555//2523 8556//2523
f 8539//2509 8540//2509 8545//2509 8546//2509
f 8541//2507 8542//2507 8543//2507 8544//2507
f 11952//2536 11953//2536 8594//2537 8593//2537
f 8593//2537 8594//2537 11954//2538 11955//2538
f 8595//2539 8596//2539 8598//2540 8597//2540
f 8597//2540 8598//2540 11956//2541 11957//2541
f 8599//2542 8600//2542 8602//2543 8601//2543
f 8601//2543 8602//2543 8604//2544 8603//2544
f 8603//2544 8604//2544 8606//2545 8605//2545
f 8605//2545 8606//2545 8608//2546 8607//2546
f 8607//2546 8608//2546 8610//2547 8609//2547
f 8609//2547 8610//2547 8612//2548 8611//2548
f 8611//2548 8612//2548 11958//2549 11959//2549
f 8613//2550 8614//2550 8592//2550 8591//2550
f 8621//2551 8620//2552 11965//2552 11966//2551
f 8618//2553 8617//2554 11962//2554 11963//2553
f 8625//2555 8624//2556 11969//2556 11970//2555
f 8622//2557 8621//2551 11966//2551 11967//2557
f 8619//2558 8618//2553 11963//2553 11964//2558
f 8626//2559 8625//2555 11970//2555 11971//2559
f 8615//2560 8616//2561 11961//2561 11960//2560
f 8623//2562 8622//2557 11967//2557 11968//2562
f 8620//2552 8619//2558 11964//2558 11965//2552
f 8616//2561 8626//2559 11971//2559 11961//2561
f 8617//2554 8615//2560 11960//2560 11962//2554
f 8624//2556 8623//2562 11968//2562 11969//2556
f 8635//2563 11980//2563 11981//2564 8636//2564
f 8632//2565 11977//2565 11978//2566 8633//2566
f 8629//2567 8641//2567 11975//2568 8630//2568
f 8636//2564 11981//2564 11982//2569 8637//2569
f 8633//2566 11978//2566 11979//2570 8634//2570
f 8630//2568 11975//2568 11976//2571 8631//2571
f 8637//2569 11982//2569 11983//2572 8638//2572
f 8628//2573 11973//2573 11972//2574 8627//2574
f 8634//2570 11979//2570 11980//2563 8635//2563
f 8631//2571 11976//2571 11977//2565 8632//2565
f 8638//2572 11983//2572 11973//2573 8628//2573
f 8652//2575 8651//2576 8639//2576 8640//2575
f 8651//2576 8653//2577 11974//2577 8639//2576
f 8653//2577 8654//2578 8642//2578 11974//2577
f 8654//2578 8655//2579 8643//2579 8642//2578
f 8655//2579 8656//2580 8644//2580 8643//2579
f 8656//2580 8657//2581 8645//2581 8644//2580
f 8657//2581 8658//2582 8646//2582 8645//2581
f 8658//2582 8659//2583 8647//2583 8646//2582
f 8659//2583 8660//2584 8648//2584 8647//2583
f 8660//2584 8661//2585 8649//2585 8648//2584
f 8661//2585 8662//2586 8650//2586 8649//2585
f 8662//2586 8652//2575 8640//2575 8650//2586
f 8627//2574 11972//2574 8641//2567 8629//2567
f 11984//1889 11985//1889 11986//1889 11987//1889 11988//1889 11992//1889 11999//1889 11995//1889 11996//1889 11997//1889 11998//1889 11991//1889 11990//1889 11994//1889
f 12013//2587 8672//2587 8671//2588 12012//2588
f 12004//2589 11989//2589 8666//2590 12003//2590
f 12015//2591 8675//2591 11993//2592 12009//2592
f 12006//2593 8668//2593 8676//2594 12007//2594
f 12007//2594 8676//2594 8673//2595 12014//2595
f 12008//2596 8674//2596 8667//2596 12005//2596
f 12011//2597 8670//2597 8675//2591 12015//2591
f 12010//2598 8669//2598 8668//2593 12006//2593
f 8677//2599 8663//2599 8669//2598 12010//2598
f 12012//2588 8671//2588 8670//2597 12011//2597
f 12002//2600 8665//2600 8664//2601 8678//2601
f 12014//2595 8673//2595 8672//2587 12013//2587
f 12003//2590 8666//2590 8665//2600 12002//2600
f 12000//1890 8683//1890 8682//1890 8690//1890 8687//1890 8686//1890 8685//1890 8684//1890 8689//1890 8688//1890 8681//1890 8680//1890 8679//1890 12001//1890
f 8678//2601 8664//2601 8663//2599 8677//2599
f 8699//2602 8695//2603 8696//2603 8698//2603 8697//2603 8702//2604
f 8699//2602 8702//2604 8701//2605 8700//2606
f 8700//2606 8701//2605 8693//2607 8694//2607 8692//2607 8691//2607
f 8728//2608 8727//2608 8730//2608 8729//2608
f 8732//2609 8731//2609 8734//2609 8733//2609
f 8712//2610 8713//2610 8714//2610 8711//2610
f 8708//2611 8709//2611 8710//2611 8707//2611
f 8703//2612 8704//2612 8705//2612 8706//2612
f 8723//2613 8726//2613 8725//2613 8724//2613
f 8769//2614 8765//2615 12017//2616 12016//2617
f 8771//2618 8760//2619 8759//2620 12018//2621
f 8770//2622 8766//2623 8767//2624 8773//2625
f 8774//2626 8757//2627 8756//2628 8775//2629
f 8776//2630 8763//2631 8764//2632 8777//2633
f 8778//2634 8761//2635 8760//2619 8771//2618
f 8773//2625 8767//2624 8768//2636 8779//2637
f 8780//2638 8758//2639 8757//2627 8774//2626
f 8777//2633 8764//2632 8765//2615 8769//2614
f 8781//2640 8762//2641 8761//2635 8778//2634
f 8779//2637 8768//2636 8762//2641 8781//2640
f 8772//2642 12019//2643 8758//2639 8780//2638
f 12021//2644 8772//2642 8780//2638 8745//2645
f 8755//2646 8779//2637 8781//2640 8749//2647
f 8749//2647 8781//2640 8778//2634 8748//2648
f 8751//2649 8777//2633 8769//2614 8752//2650
f 8745//2645 8780//2638 8774//2626 8744//2651
f 8754//2652 8773//2625 8779//2637 8755//2646
f 8748//2648 8778//2634 8771//2618 8747//2653
f 8750//2654 8776//2630 8777//2633 8751//2649
f 8744//2651 8774//2626 8775//2629 8743//2655
f 8753//2656 8770//2622 8773//2625 8754//2652
f 8747//2653 8771//2618 12018//2621 8746//2657
f 8752//2650 8769//2614 12016//2617 12020//2658
f 8792//2659 8790//2660 8791//2660 8794//2659
f 8797//2661 8796//2661 8793//2661 8795//2661
f 8715//1889 8720//1889 8719//1889 8722//1889 8721//1889 8718//1889 8717//1889 8716//1889
f 8735//1890 8736//1890 8737//1890 8738//1890 8741//1890 8742//1890 8739//1890 8740//1890
f 8788//1901 8787//1901 8786//1901 8782//1901 8783//1901 8784//1901 8785//1901 8789//1901
f 8791//2660 8790//2660 8796//2661 8797//2661
f 12078//2060 12077//2060 8843//2060 12082//2060
f 12053//2046 12038//2046 12040//2046 12041//2046 12043//2046 12044//2046 12045//2046 12046//2046 12047//2046 12049//2046 12050//2046 12051//2046
f 12153//2662 8814//2662 8813//1890 12139//1890
f 12151//2663 8815//2663 8814//2662 12153//2662
f 8876//1901 8816//1901 8815//2663 12151//2663
f 12130//2062 12048//2062 8816//1901 8876//1901
f 12147//2664 8818//2664 8817//2526 12131//2526
f 12145//1889 8819//1889 8818//2664 12147//2664
f 12133//2057 12052//2057 8819//1889 12145//1889
f 8886//2665 8821//2665 8820//2666 8884//2666
f 12141//2667 8811//2667 12039//2063 12058//2063
f 12059//2056 8810//2056 8821//2665 8886//2665
f 12137//2668 12042//2668 8811//2667 12141//2667
f 12139//1890 8813//1890 8812//2061 8892//2061
f 12062//2669 12064//2670 12024//2670 12022//2669
f 12064//2670 12065//2671 12025//2671 12024//2670
f 12065//2671 12067//2672 12027//2672 12025//2671
f 12067//2672 12068//2673 12028//2673 12027//2672
f 12068//2673 12070//2674 12029//2674 12028//2673
f 12070//2674 12071//2675 12030//2675 12029//2674
f 12071//2675 12073//2676 12031//2676 12030//2675
f 12073//2676 12074//2677 12033//2677 12031//2676
f 12074//2677 12076//2678 12034//2678 12033//2677
f 12076//2678 12079//2679 12035//2679 12034//2678
f 12079//2679 12080//2680 12037//2680 12035//2679
f 12080//2680 12062//2669 12022//2669 12037//2680
f 8809//2663 8808//2527 8844//2527 8845//2663
f 12063//2058 8809//2663 8845//2663 8834//2058
f 8799//2681 8798//2062 12083//2062 8835//2681
f 12066//2526 8799//2681 8835//2681 12084//2526
f 8801//1889 8800//2059 8836//2059 8837//1889
f 12069//2057 8801//1889 8837//1889 12085//2057
f 8803//2665 8802//2666 8838//2666 8839//2665
f 12072//2056 8803//2665 8839//2665 12086//2056
f 8805//2667 8804//2063 8840//2063 8841//2667
f 12075//2668 8805//2667 8841//2667 12087//2668
f 8807//2061 8806//2061 8842//2061 12081//2061
f 12096//2681 12101//2681 8855//2681 12095//2681
f 12098//1889 12102//1889 8856//1889 12097//1889
f 12089//2665 8852//2665 8857//2665 12099//2665
f 12090//2667 12104//2667 12103//2667 12088//2667
f 12092//1890 12105//1890 8853//1890 12091//1890
f 12094//2663 12100//2663 8854//2663 12093//2663
f 12116//1890 12115//1890 12127//1890 12128//1890
f 12106//1915 12108//1915 8859//1915 8858//1915
f 12108//1915 12110//1915 8860//1915 8859//1915
f 12110//1915 12112//1915 8861//1915 8860//1915
f 12112//1915 12114//1915 8862//1915 8861//1915
f 12114//1915 12117//1915 8863//1915 8862//1915
f 12117//1915 12106//1915 8858//1915 8863//1915
f 12118//1915 12129//1915 12126//1915 12124//1915 12122//1915 12120//1915
f 12113//2665 12111//2665 12123//2665 12125//2665
f 12109//2681 12107//2681 12119//2681 12121//2681
f 8846//2663 8851//2663 8869//2663 8864//2663
f 8850//2667 8849//2667 8867//2667 8868//2667
f 8848//1889 8847//1889 8865//1889 8866//1889
f 8825//1890 12138//1890 12060//2061 12026//2061
f 8887//1915 12135//1915 12171//1915 12182//1915
f 8824//2668 8893//2668 12140//2667 8823//2667
f 12132//2046 8882//2046 8906//2046 12166//2046
f 12023//2056 12134//2056 12142//2665 8833//2665
f 8875//1915 8877//1915 12186//1915 8899//1915
f 8823//2667 12140//2667 8888//2063 8822//2063
f 12136//2046 8890//2046 8914//2046 12174//2046
f 8833//2665 12142//2665 12056//2666 12036//2666
f 8883//1915 12057//1915 12168//1915 8907//1915
f 8832//2057 8885//2057 12144//1889 8831//1889
f 8878//2046 12149//2046 12187//2046 12159//2046
f 8831//1889 12144//1889 12146//2664 8830//2664
f 8891//1915 12061//1915 12176//1915 12180//1915
f 8830//2664 12146//2664 12054//2526 12032//2526
f 12143//2046 12132//2046 12166//2046 12183//2046
f 8829//2062 8879//2062 12148//1901 8828//1901
f 8877//1915 12055//1915 12160//1915 12186//1915
f 8828//1901 12148//1901 12150//2663 8827//2663
f 8871//2046 12136//2046 12174//2046 12179//2046
f 8827//2663 12150//2663 12152//2662 8826//2662
f 8872//2046 8871//2046 12179//2046 12154//2046
f 8826//2662 12152//2662 12138//1890 8825//1890
f 12057//1915 8887//1915 12182//1915 12168//1915
f 12178//1890 8895//1890 12175//2061 12177//2061
f 8917//2668 8916//2668 12181//2667 8915//2667
f 12170//2056 12172//2056 8910//2665 8911//2665
f 8915//2667 12181//2667 12173//2063 8912//2063
f 8911//2665 8910//2665 12167//2666 12169//2666
f 8909//2057 8908//2057 12185//1889 12184//1889
f 12184//1889 12185//1889 12162//2059 12164//2059
f 12165//2526 12163//2526 12158//2526 12161//2526
f 8903//2062 8902//2062 8900//1901 8901//1901
f 8901//1901 8900//1901 12189//2663 12188//2663
f 12188//2663 12189//2663 12155//2527 12156//2527
f 12157//2060 8896//2060 8895//1890 12178//1890
f 12149//2046 8874//2046 8898//2046 12187//2046
f 8881//1915 8883//1915 8907//1915 8905//1915
f 8889//2046 12143//2046 12183//2046 8913//2046
f 8873//1915 8875//1915 8899//1915 8897//1915
f 8882//2046 8880//2046 8904//2046 8906//2046
f 12135//1915 8891//1915 12180//1915 12171//1915
f 8874//2046 8872//2046 12154//2046 8898//2046
f 12055//1915 8881//1915 8905//1915 12160//1915
f 8890//2046 8889//2046 8913//2046 8914//2046
f 8870//1915 8873//1915 8897//1915 8894//1915
f 12061//1915 8870//1915 8894//1915 12176//1915
f 8880//2046 8878//2046 12159//2046 8904//2046
f 8930//2682 8931//2683 12203//2683 12202//2682
f 8923//2684 8924//2685 12196//2685 12195//2684
f 8931//2683 8918//2686 12191//2686 12203//2683
f 8924//2685 8925//2687 12197//2687 12196//2685
f 8925//2687 8926//2688 12198//2688 12197//2687
f 8918//2686 8919//2689 12190//2689 12191//2686
f 8926//2688 8927//2690 12199//2690 12198//2688
f 8919//2689 8920//2691 12192//2691 12190//2689
f 8927//2690 8928//2692 12200//2692 12199//2690
f 8920//2691 8921//2693 12193//2693 12192//2691
f 8928//2692 8929//2694 12201//2694 12200//2692
f 8921//2693 8922//2695 12194//2695 12193//2693
f 8929//2694 8930//2682 12202//2682 12201//2694
f 8922//2695 8923//2684 12195//2684 12194//2695
f 8933//1889 8934//1889 8935//1889 8936//1889 8937//1889 8938//1889 8939//1889 8940//1889 8941//1889 8942//1889 8943//1889 8944//1889 8945//1889 8932//1889
f 8958//2682 12216//2682 12217//2683 8959//2683
f 8951//2684 12209//2684 12210//2685 8952//2685
f 8959//2683 12217//2683 12205//2686 8946//2686
f 8952//2685 12210//2685 12211//2687 8953//2687
f 8953//2687 12211//2687 12212//2688 8954//2688
f 8946//2686 12205//2686 12204//2689 8947//2689
f 8954//2688 12212//2688 12213//2690 8955//2690
f 8947//2689 12204//2689 12206//2691 8948//2691
f 8955//2690 12213//2690 12214//2692 8956//2692
f 8948//2691 12206//2691 12207//2693 8949//2693
f 8956//2692 12214//2692 12215//2694 8957//2694
f 8949//2693 12207//2693 12208//2695 8950//2695
f 8957//2694 12215//2694 12216//2682 8958//2682
f 8950//2695 12208//2695 12209//2684 8951//2684
f 8961//1890 8960//1890 8973//1890 8972//1890 8971//1890 8970//1890 8969//1890 8968//1890 8967//1890 8966//1890 8965//1890 8964//1890 8963//1890 8962//1890
o barrel
v -0.722390 1.659891 1.244784
v -0.726137 1.657433 1.264430
v -0.736961 1.650999 1.276940
v -0.750728 1.643046 1.277535
v -0.762181 1.636611 1.265989
v -0.766943 1.634154 1.246711
v -0.763197 1.636611 1.227065
v -0.752372 1.643046 1.214555
v -0.738605 1.650999 1.213960
v -0.727153 1.657433 1.225506
v -0.670995 1.561871 1.262045
v -0.667248 1.564328 1.242399
v -0.681819 1.555436 1.274554
v -0.695586 1.547483 1.275150
v -0.707039 1.541049 1.263604
v -0.711801 1.538591 1.244326
v -0.708054 1.541049 1.224680
v -0.697231 1.547483 1.212170
v -0.683463 1.555436 1.211575
v -0.672011 1.561871 1.223121
v -0.628028 1.731680 1.018092
v -0.643119 1.729223 1.023739
v -0.656947 1.722788 1.017927
v -0.664232 1.714835 1.002877
v -0.662190 1.708401 0.984337
v -0.651601 1.705944 0.969389
v -0.636511 1.708401 0.963743
v -0.622682 1.714835 0.969554
v -0.615398 1.722788 0.984604
v -0.617440 1.729223 1.003144
v -0.613943 1.633660 1.084017
v -0.598853 1.636118 1.078370
v -0.627772 1.627226 1.078206
v -0.635056 1.619273 1.063155
v -0.633014 1.612839 1.044616
v -0.622426 1.610381 1.029668
v -0.607335 1.612839 1.024021
v -0.593507 1.619273 1.029833
v -0.586222 1.627226 1.044883
v -0.588264 1.633660 1.063423
v 0.722390 1.659891 1.244784
v 0.726137 1.657433 1.264430
v 0.736961 1.650999 1.276940
v 0.750729 1.643046 1.277535
v 0.762181 1.636611 1.265989
v 0.766943 1.634154 1.246711
v 0.763197 1.636611 1.227065
v 0.752373 1.643046 1.214555
v 0.738605 1.650999 1.213960
v 0.727153 1.657433 1.225506
v 0.670995 1.561871 1.262045
v 0.667249 1.564328 1.242399
v 0.681819 1.555436 1.274554
v 0.695587 1.547483 1.275150
v 0.707039 1.541049 1.263604
v 0.711801 1.538591 1.244326
v 0.708055 1.541049 1.224680
v 0.697231 1.547483 1.212170
v 0.683463 1.555436 1.211574
v 0.672011 1.561871 1.223121
v 0.628028 1.731680 1.018092
v 0.643119 1.729223 1.023739
v 0.656948 1.722788 1.017927
v 0.664232 1.714835 1.002877
v 0.662190 1.708401 0.984337
v 0.651601 1.705944 0.969389
v 0.636511 1.708401 0.963742
v 0.622682 1.714835 0.969554
v 0.615398 1.722788 0.984604
v 0.617440 1.729223 1.003144
v 0.613943 1.633660 1.084017
v 0.598853 1.636118 1.078370
v 0.627772 1.627226 1.078206
v 0.635056 1.619273 1.063155
v 0.633014 1.612839 1.044615
v 0.622426 1.610381 1.029668
v 0.607335 1.612839 1.024021
v 0.593507 1.619273 1.029832
v 0.586222 1.627226 1.044883
v 0.588264 1.633660 1.063422
v -0.965021 0.242644 2.528202
v -0.965021 0.061510 1.790646
v -0.965021 0.061510 0.567732
v -0.965021 0.176105 0.220368
v -0.965021 0.676997 2.528202
v -0.965021 0.676997 1.790646
v -0.965021 0.676997 0.567732
v -0.965021 0.447806 0.220368
v -0.965021 0.242644 -2.642332
v -0.965021 0.061510 -1.904777
v -0.965021 0.061510 -1.129948
v -0.965021 0.176105 -0.782583
v -0.965021 0.676997 -2.642332
v -0.965021 0.676997 -1.904777
v -0.965021 0.676997 -1.129948
v -0.965021 0.447806 -0.782583
v -0.828009 0.242644 2.528202
v -0.828009 0.061510 1.790646
v -0.828009 0.061510 0.567732
v -0.828009 0.176105 0.220368
v -0.828009 0.676997 2.528202
v -0.828009 0.676997 1.790646
v -0.828009 0.676997 0.567732
v -0.828009 0.447806 0.220368
v -0.828009 0.242644 -2.642332
v -0.828009 0.061510 -1.904777
v -0.828009 0.061510 -1.129948
v -0.828009 0.176105 -0.782583
v -0.828009 0.676997 -2.642332
v -0.828009 0.676997 -1.904777
v -0.828009 0.676997 -1.129948
v -0.828009 0.447806 -0.782583
v 0.965021 0.242644 2.528202
v 0.965021 0.061510 1.790646
v 0.965021 0.061510 0.567732
v 0.965021 0.176105 0.220367
v 0.965021 0.676997 2.528202
v 0.965021 0.676997 1.790646
v 0.965021 0.676997 0.567732
v 0.965021 0.447806 0.220367
v 0.965021 0.242644 -2.642332
v 0.965021 0.061510 -1.904777
v 0.965021 0.061510 -1.129948
v 0.965021 0.176105 -0.782583
v 0.965021 0.676997 -2.642332
v 0.965021 0.676997 -1.904777
v 0.965021 0.676997 -1.129948
v 0.965021 0.447806 -0.782583
v 0.828009 0.242644 2.528202
v 0.828009 0.061510 1.790646
v 0.828009 0.061510 0.567732
v 0.828009 0.176105 0.220367
v 0.828009 0.676997 2.528202
v 0.828009 0.676997 1.790646
v 0.828009 0.676997 0.567732
v 0.828009 0.447806 0.220367
v 0.828009 0.242644 -2.642332
v 0.828009 0.061510 -1.904777
v 0.828009 0.061510 -1.129948
v 0.828009 0.176105 -0.782583
v 0.828009 0.676997 -2.642332
v 0.828009 0.676997 -1.904777
v 0.828009 0.676997 -1.129948
v 0.828009 0.447806 -0.782583
v -0.965021 0.467239 -2.819905
v -0.965021 0.368129 -2.831038
v -0.828009 0.368129 -2.831037
v -0.828009 0.467239 -2.819905
v 0.965021 0.368129 -2.831038
v 0.965021 0.467239 -2.819905
v 0.828009 0.467239 -2.819905
v 0.828009 0.368129 -2.831037
v -0.965021 0.353963 2.687028
v -0.965021 0.512491 2.669222
v -0.828009 0.512491 2.669222
v -0.828009 0.353963 2.687028
v 0.965021 0.512491 2.669222
v 0.965021 0.353963 2.687028
v 0.828009 0.353963 2.687028
v 0.828009 0.512491 2.669222
v -0.358657 0.503238 -2.177231
v -0.419383 0.503238 -2.177231
v -0.468842 0.553507 -2.177231
v -0.468842 0.652229 -2.177231
v -0.419383 0.702498 -2.177231
v -0.358657 0.702498 -2.177231
v -0.309199 0.652229 -2.177231
v -0.309199 0.553507 -2.177231
v -0.358657 0.503238 -2.038948
v -0.419383 0.503238 -2.038948
v -0.468842 0.553507 -2.038948
v -0.468842 0.652229 -2.038948
v -0.419383 0.702498 -2.038948
v -0.358657 0.702498 -2.038948
v -0.309199 0.652229 -2.038948
v -0.309199 0.553507 -2.038948
v 0.669655 0.777606 1.863109
v 0.732643 0.777606 1.884834
v 0.778754 0.777606 1.944189
v 0.795631 0.777606 2.025270
v 0.778754 0.777606 2.106350
v 0.732643 0.777606 2.165704
v 0.669655 0.777606 2.187430
v 0.606667 0.777606 2.165704
v 0.560557 0.777606 2.106350
v 0.543679 0.777606 2.025270
v 0.560557 0.777606 1.944189
v 0.606667 0.777606 1.884834
v -1.228610 0.418845 2.618251
v -1.228610 0.369915 2.648609
v -1.228610 0.472292 2.605790
v -1.228610 0.498015 2.544208
v -1.228610 0.535565 2.493687
v -1.228610 0.528256 2.424403
v -1.228610 0.535565 2.355121
v -1.228610 0.498015 2.304600
v -1.228610 0.472292 2.243019
v -1.228610 0.418845 2.230558
v -1.228610 0.369915 2.200199
v -1.228610 0.320984 2.230558
v -1.228610 0.267537 2.243019
v -1.228610 0.241814 2.304600
v -1.228610 0.204264 2.355121
v -1.228610 0.211573 2.424404
v -1.228610 0.204264 2.493687
v -1.228610 0.241814 2.544209
v -1.228610 0.267537 2.605790
v -1.228610 0.320985 2.618251
v 1.228610 0.418845 2.618251
v 1.228610 0.369915 2.648609
v 1.228610 0.472292 2.605790
v 1.228610 0.498015 2.544208
v 1.228610 0.535565 2.493687
v 1.228610 0.528256 2.424403
v 1.228610 0.535565 2.355121
v 1.228610 0.498015 2.304600
v 1.228610 0.472292 2.243019
v 1.228610 0.418845 2.230558
v 1.228610 0.369915 2.200199
v 1.228610 0.320984 2.230558
v 1.228610 0.267537 2.243019
v 1.228610 0.241814 2.304600
v 1.228610 0.204264 2.355121
v 1.228610 0.211573 2.424404
v 1.228610 0.204264 2.493687
v 1.228610 0.241814 2.544209
v 1.228610 0.267537 2.605790
v 1.228610 0.320985 2.618251
v 1.228607 0.517663 -2.571287
v 1.228607 0.494134 -2.637096
v 1.228607 0.474621 -2.705048
v 1.228607 0.421832 -2.730166
v 1.228607 0.266794 -2.705048
v 1.228607 0.247280 -2.637096
v 1.228607 0.223751 -2.571287
v 1.228607 0.247280 -2.505476
v 1.228607 0.266794 -2.437526
v 1.228607 0.319582 -2.412408
v 1.228607 0.370707 -2.382120
v 1.228607 0.421832 -2.412408
v 1.228607 0.474621 -2.437526
v 1.228607 0.494134 -2.505476
v 1.228607 0.370707 -2.760454
v 1.228607 0.319582 -2.730166
v 1.189967 0.529126 -1.308287
v 1.189967 0.570762 -1.322648
v 1.189967 0.601242 -1.361882
v 1.189967 0.612398 -1.415478
v 1.189967 0.601242 -1.469073
v 1.189967 0.570762 -1.508308
v 1.189967 0.529126 -1.522669
v 1.189967 0.487490 -1.508308
v 1.189967 0.457010 -1.469073
v 1.189967 0.445854 -1.415478
v 1.189967 0.457010 -1.361882
v 1.189967 0.487490 -1.322648
v 1.189967 0.529126 -1.688961
v 1.189967 0.570762 -1.703321
v 1.189967 0.601242 -1.742556
v 1.189967 0.612398 -1.796152
v 1.189967 0.601242 -1.849747
v 1.189967 0.570762 -1.888982
v 1.189967 0.529126 -1.903343
v 1.189967 0.487490 -1.888982
v 1.189967 0.457010 -1.849747
v 1.189967 0.445854 -1.796152
v 1.189967 0.457010 -1.742556
v 1.189967 0.487490 -1.703321
v 1.189967 0.266957 -1.811439
v 1.189967 0.250080 -1.892519
v 1.189967 0.203969 -1.951874
v 1.189967 0.140981 -1.973599
v 1.189967 0.077993 -1.951874
v 1.189967 0.250080 -1.730359
v 1.189967 0.203969 -1.671003
v 1.189967 0.140981 -1.649278
v 1.189967 0.031883 -1.892519
v 1.189967 0.077993 -1.671003
v 1.189967 0.031883 -1.730358
v 1.189967 0.015005 -1.811439
v 1.189967 0.140981 -1.233491
v 1.189967 0.203969 -1.255216
v 1.189967 0.250080 -1.314571
v 1.189967 0.266957 -1.395651
v 1.189967 0.250080 -1.476732
v 1.189967 0.203969 -1.536087
v 1.189967 0.140981 -1.557812
v 1.189967 0.077993 -1.536087
v 1.189967 0.031883 -1.476732
v 1.189967 0.015005 -1.395651
v 1.189967 0.031883 -1.314571
v 1.189967 0.077993 -1.255216
v 1.189967 0.624622 0.910607
v 1.189967 0.666258 0.896246
v 1.189967 0.696738 0.857011
v 1.189967 0.707894 0.803415
v 1.189967 0.696738 0.749820
v 1.189967 0.666258 0.710585
v 1.189967 0.624622 0.696224
v 1.189967 0.582986 0.710585
v 1.189967 0.552506 0.749820
v 1.189967 0.541350 0.803415
v 1.189967 0.552506 0.857012
v 1.189967 0.582986 0.896245
v 1.189968 0.624622 1.687818
v 1.189968 0.666258 1.673458
v 1.189968 0.696738 1.634223
v 1.189968 0.707894 1.580627
v 1.189968 0.696738 1.527031
v 1.189968 0.666258 1.487796
v 1.189968 0.624622 1.473436
v 1.189968 0.582986 1.487796
v 1.189968 0.552506 1.527031
v 1.189968 0.541350 1.580627
v 1.189968 0.552506 1.634223
v 1.189968 0.582986 1.673457
v 1.189968 0.624622 1.289695
v 1.189968 0.666258 1.275334
v 1.189968 0.696738 1.236100
v 1.189968 0.707894 1.182504
v 1.189968 0.696738 1.128908
v 1.189968 0.666258 1.089673
v 1.189968 0.624622 1.075313
v 1.189968 0.582986 1.089673
v 1.189968 0.552506 1.128908
v 1.189968 0.541350 1.182504
v 1.189968 0.552506 1.236100
v 1.189968 0.582986 1.275334
v 1.194463 0.291063 -1.077247
v 1.194463 0.234503 -1.093864
v 1.194463 0.336421 -1.030686
v 1.194463 0.361592 -0.963403
v 1.194463 0.361592 -0.888724
v 1.194463 0.336421 -0.821441
v 1.194463 0.291063 -0.774880
v 1.194463 0.234503 -0.758263
v 1.194463 0.177943 -0.774880
v 1.194463 0.132586 -0.821441
v 1.194463 0.107414 -0.888724
v 1.194463 0.107414 -0.963403
v 1.194463 0.132586 -1.030686
v 1.194463 0.177943 -1.077247
v 1.189967 0.140981 0.672210
v 1.189967 0.203969 0.693935
v 1.189967 0.250080 0.753290
v 1.189967 0.266957 0.834370
v 1.189967 0.250080 0.915451
v 1.189967 0.203969 0.974806
v 1.189967 0.140981 0.996531
v 1.189967 0.077993 0.974806
v 1.189967 0.031883 0.915451
v 1.189967 0.015005 0.834370
v 1.189967 0.031883 0.753290
v 1.189967 0.077993 0.693935
v 1.189968 0.077993 1.109723
v 1.189968 0.140981 1.087997
v 1.189968 0.031883 1.169077
v 1.189968 0.015005 1.250158
v 1.189968 0.031883 1.331239
v 1.189968 0.077993 1.390593
v 1.189968 0.140981 1.412319
v 1.189968 0.203969 1.390593
v 1.189968 0.250080 1.331239
v 1.189968 0.266957 1.250158
v 1.189968 0.250080 1.169077
v 1.189968 0.203969 1.109723
v 1.189968 0.140981 1.503785
v 1.189968 0.203969 1.525510
v 1.189968 0.250080 1.584865
v 1.189968 0.266957 1.665946
v 1.189968 0.250080 1.747026
v 1.189968 0.203969 1.806380
v 1.189968 0.140981 1.828106
v 1.189968 0.077993 1.806380
v 1.189968 0.031883 1.747026
v 1.189968 0.015005 1.665946
v 1.189968 0.031883 1.584865
v 1.189968 0.077993 1.525510
v -1.189967 0.624622 0.910607
v -1.189967 0.666258 0.896246
v -1.189967 0.696738 0.857011
v -1.189967 0.707894 0.803415
v -1.189967 0.696738 0.749820
v -1.189967 0.666258 0.710585
v -1.189967 0.624622 0.696224
v -1.189967 0.582986 0.710585
v -1.189967 0.552506 0.749820
v -1.189967 0.541350 0.803415
v -1.189967 0.552506 0.857012
v -1.189967 0.582986 0.896246
v -1.189967 0.624622 1.289695
v -1.189967 0.666258 1.275335
v -1.189967 0.696738 1.236100
v -1.189967 0.707894 1.182504
v -1.189967 0.696738 1.128908
v -1.189967 0.666258 1.089674
v -1.189967 0.624622 1.075313
v -1.189967 0.582986 1.089674
v -1.189967 0.552506 1.128908
v -1.189967 0.541350 1.182504
v -1.189967 0.552506 1.236100
v -1.189967 0.582986 1.275334
v -1.189967 0.624622 1.687818
v -1.189967 0.666258 1.673458
v -1.189967 0.696738 1.634223
v -1.189967 0.707894 1.580627
v -1.189967 0.696738 1.527031
v -1.189967 0.666258 1.487797
v -1.189967 0.624622 1.473436
v -1.189967 0.582986 1.487797
v -1.189967 0.552506 1.527031
v -1.189967 0.541350 1.580627
v -1.189967 0.552506 1.634223
v -1.189967 0.582986 1.673457
v -1.189967 0.140981 1.503785
v -1.189967 0.203969 1.525510
v -1.189967 0.250080 1.584865
v -1.189967 0.266957 1.665946
v -1.189967 0.250080 1.747026
v -1.189967 0.203969 1.806381
v -1.189967 0.140981 1.828106
v -1.189967 0.077993 1.806381
v -1.189967 0.031883 1.747026
v -1.189967 0.015005 1.665946
v -1.189967 0.031883 1.584865
v -1.189967 0.077993 1.525510
v -1.189967 0.077993 1.109723
v -1.189967 0.140981 1.087998
v -1.189967 0.031883 1.169077
v -1.189967 0.015005 1.250158
v -1.189967 0.031883 1.331239
v -1.189967 0.077993 1.390593
v -1.189967 0.140981 1.412319
v -1.189967 0.203969 1.390593
v -1.189967 0.250080 1.331239
v -1.189967 0.266957 1.250158
v -1.189967 0.250080 1.169077
v -1.189967 0.203969 1.109723
v -1.189967 0.140981 0.672210
v -1.189967 0.203969 0.693935
v -1.189967 0.250080 0.753290
v -1.189967 0.266957 0.834370
v -1.189967 0.250080 0.915451
v -1.189967 0.203969 0.974806
v -1.189967 0.140981 0.996532
v -1.189967 0.077993 0.974806
v -1.189967 0.031883 0.915451
v -1.189967 0.015005 0.834370
v -1.189967 0.031883 0.753290
v -1.189967 0.077993 0.693935
v -1.194463 0.291063 0.198243
v -1.194463 0.234503 0.181625
v -1.194463 0.336421 0.244804
v -1.194463 0.361592 0.312087
v -1.194463 0.361592 0.386765
v -1.194463 0.336421 0.454048
v -1.194463 0.291063 0.500610
v -1.194463 0.234503 0.517227
v -1.194463 0.177943 0.500610
v -1.194463 0.132586 0.454048
v -1.194463 0.107414 0.386765
v -1.194463 0.107414 0.312087
v -1.194463 0.132586 0.244804
v -1.194463 0.177943 0.198243
v -1.194463 0.291063 -1.077246
v -1.194463 0.234503 -1.093864
v -1.194463 0.336421 -1.030685
v -1.194463 0.361592 -0.963402
v -1.194463 0.361592 -0.888724
v -1.194463 0.336421 -0.821441
v -1.194463 0.291063 -0.774880
v -1.194463 0.234503 -0.758263
v -1.194463 0.177943 -0.774880
v -1.194463 0.132586 -0.821441
v -1.194463 0.107414 -0.888724
v -1.194463 0.107414 -0.963403
v -1.194463 0.132586 -1.030685
v -1.194463 0.177943 -1.077247
v -1.189968 0.529126 -1.688961
v -1.189968 0.570762 -1.703321
v -1.189968 0.601242 -1.742556
v -1.189968 0.612398 -1.796152
v -1.189968 0.601242 -1.849747
v -1.189968 0.570762 -1.888982
v -1.189968 0.529126 -1.903343
v -1.189968 0.487490 -1.888982
v -1.189968 0.457010 -1.849747
v -1.189968 0.445854 -1.796152
v -1.189968 0.457010 -1.742556
v -1.189968 0.487490 -1.703321
v -1.189968 0.529126 -1.308286
v -1.189968 0.570762 -1.322647
v -1.189968 0.601242 -1.361882
v -1.189968 0.612398 -1.415478
v -1.189968 0.601242 -1.469073
v -1.189968 0.570762 -1.508308
v -1.189968 0.529126 -1.522669
v -1.189968 0.487490 -1.508308
v -1.189968 0.457010 -1.469073
v -1.189968 0.445854 -1.415478
v -1.189968 0.457010 -1.361882
v -1.189968 0.487490 -1.322647
v -1.189968 0.140981 -1.233490
v -1.189968 0.203969 -1.255216
v -1.189968 0.250080 -1.314571
v -1.189968 0.266957 -1.395651
v -1.189968 0.250080 -1.476731
v -1.189968 0.203969 -1.536086
v -1.189968 0.140981 -1.557812
v -1.189968 0.077993 -1.536086
v -1.189968 0.031883 -1.476731
v -1.189968 0.015005 -1.395651
v -1.189968 0.031883 -1.314571
v -1.189968 0.077993 -1.255216
v -1.189968 0.266957 -1.811439
v -1.189968 0.250080 -1.892519
v -1.189968 0.203969 -1.951874
v -1.189968 0.140981 -1.973599
v -1.189968 0.077993 -1.951874
v -1.189968 0.250080 -1.730359
v -1.189968 0.203969 -1.671003
v -1.189968 0.140981 -1.649278
v -1.189968 0.031883 -1.892519
v -1.189968 0.077993 -1.671003
v -1.189968 0.031883 -1.730358
v -1.189968 0.015005 -1.811439
v -1.228608 0.517663 -2.571287
v -1.228608 0.494134 -2.637096
v -1.228608 0.474621 -2.705048
v -1.228608 0.421832 -2.730166
v -1.228608 0.266794 -2.705048
v -1.228608 0.247280 -2.637096
v -1.228608 0.223751 -2.571287
v -1.228608 0.247280 -2.505476
v -1.228608 0.266794 -2.437526
v -1.228608 0.319582 -2.412408
v -1.228608 0.370707 -2.382120
v -1.228608 0.421832 -2.412408
v -1.228608 0.474621 -2.437526
v -1.228608 0.494134 -2.505476
v -1.228608 0.370707 -2.760454
v -1.228608 0.319582 -2.730166
v -0.000000 1.681800 -0.451626
v -0.048035 1.668929 -0.451626
v -0.083200 1.633765 -0.451626
v -0.096071 1.585730 -0.451626
v -0.083200 1.537694 -0.451626
v -0.048035 1.502530 -0.451626
v -0.000000 1.489659 -0.451626
v 0.048035 1.502530 -0.451626
v 0.083200 1.537694 -0.451626
v 0.096071 1.585730 -0.451626
v 0.083200 1.633765 -0.451626
v 0.048035 1.668929 -0.451626
v -0.024098 1.627471 -2.232897
v -0.000000 1.633928 -2.232897
v -0.041739 1.609830 -2.232897
v -0.048196 1.585733 -2.232897
v -0.041739 1.561635 -2.232897
v -0.024098 1.543994 -2.232897
v -0.000000 1.537537 -2.232897
v 0.024097 1.543994 -2.232897
v 0.041738 1.561635 -2.232897
v 0.048195 1.585733 -2.232897
v 0.041738 1.609830 -2.232897
v 0.024097 1.627471 -2.232897
v -0.021489 1.622946 -0.063088
v -0.000001 1.628704 -0.063088
v -0.037220 1.607215 -0.063089
v -0.042978 1.585727 -0.063089
v -0.037220 1.564238 -0.063089
v -0.021489 1.548508 -0.063089
v -0.000001 1.542750 -0.063089
v 0.021488 1.548508 -0.063089
v 0.037219 1.564238 -0.063089
v 0.042976 1.585727 -0.063089
v 0.037219 1.607215 -0.063088
v 0.021488 1.622946 -0.063089
v -0.670995 1.561871 1.262045
v -0.670995 1.561871 1.262045
v -0.667248 1.564328 1.242399
v -0.667248 1.564328 1.242399
v -0.681819 1.555436 1.274554
v -0.681819 1.555436 1.274554
v -0.695586 1.547483 1.275150
v -0.695586 1.547483 1.275150
v -0.707039 1.541049 1.263604
v -0.707039 1.541049 1.263604
v -0.711801 1.538591 1.244326
v -0.711801 1.538591 1.244326
v -0.708054 1.541049 1.224680
v -0.708054 1.541049 1.224680
v -0.697231 1.547483 1.212170
v -0.697231 1.547483 1.212170
v -0.683463 1.555436 1.211575
v -0.683463 1.555436 1.211575
v -0.672011 1.561871 1.223121
v -0.672011 1.561871 1.223121
v -0.763197 1.636611 1.227065
v -0.752372 1.643046 1.214555
v -0.750728 1.643046 1.277535
v -0.762181 1.636611 1.265989
v -0.722390 1.659891 1.244784
v -0.726137 1.657433 1.264430
v -0.738605 1.650999 1.213960
v -0.766943 1.634154 1.246711
v -0.736961 1.650999 1.276940
v -0.727153 1.657433 1.225506
v -0.613943 1.633660 1.084017
v -0.613943 1.633660 1.084017
v -0.598853 1.636118 1.078370
v -0.598853 1.636118 1.078370
v -0.627772 1.627226 1.078206
v -0.627772 1.627226 1.078206
v -0.635056 1.619273 1.063155
v -0.635056 1.619273 1.063155
v -0.633014 1.612839 1.044616
v -0.633014 1.612839 1.044616
v -0.622426 1.610381 1.029668
v -0.622426 1.610381 1.029668
v -0.607335 1.612839 1.024021
v -0.607335 1.612839 1.024021
v -0.593507 1.619273 1.029833
v -0.593507 1.619273 1.029833
v -0.586222 1.627226 1.044883
v -0.586222 1.627226 1.044883
v -0.588264 1.633660 1.063423
v -0.588264 1.633660 1.063423
v -0.636511 1.708401 0.963743
v -0.622682 1.714835 0.969554
v -0.664232 1.714835 1.002877
v -0.662190 1.708401 0.984337
v -0.628028 1.731680 1.018092
v -0.643119 1.729223 1.023739
v -0.615398 1.722788 0.984604
v -0.651601 1.705944 0.969389
v -0.656947 1.722788 1.017927
v -0.617440 1.729223 1.003144
v 0.670995 1.561871 1.262045
v 0.670995 1.561871 1.262045
v 0.667249 1.564328 1.242399
v 0.667249 1.564328 1.242399
v 0.681819 1.555436 1.274554
v 0.681819 1.555436 1.274554
v 0.695587 1.547483 1.275150
v 0.695587 1.547483 1.275150
v 0.707039 1.541049 1.263604
v 0.707039 1.541049 1.263604
v 0.711801 1.538591 1.244326
v 0.711801 1.538591 1.244326
v 0.708055 1.541049 1.224680
v 0.708055 1.541049 1.224680
v 0.697231 1.547483 1.212170
v 0.697231 1.547483 1.212170
v 0.683463 1.555436 1.211574
v 0.683463 1.555436 1.211574
v 0.672011 1.561871 1.223121
v 0.672011 1.561871 1.223121
v 0.763197 1.636611 1.227065
v 0.752373 1.643046 1.214555
v 0.750729 1.643046 1.277535
v 0.762181 1.636611 1.265989
v 0.722390 1.659891 1.244784
v 0.726137 1.657433 1.264430
v 0.738605 1.650999 1.213960
v 0.766943 1.634154 1.246711
v 0.736961 1.650999 1.276940
v 0.727153 1.657433 1.225506
v 0.613943 1.633660 1.084017
v 0.613943 1.633660 1.084017
v 0.598853 1.636118 1.078370
v 0.598853 1.636118 1.078370
v 0.627772 1.627226 1.078206
v 0.627772 1.627226 1.078206
v 0.635056 1.619273 1.063155
v 0.635056 1.619273 1.063155
v 0.633014 1.612839 1.044615
v 0.633014 1.612839 1.044615
v 0.622426 1.610381 1.029668
v 0.622426 1.610381 1.029668
v 0.607335 1.612839 1.024021
v 0.607335 1.612839 1.024021
v 0.593507 1.619273 1.029832
v 0.593507 1.619273 1.029832
v 0.586222 1.627226 1.044883
v 0.586222 1.627226 1.044883
v 0.588264 1.633660 1.063422
v 0.588264 1.633660 1.063422
v 0.636511 1.708401 0.963742
v 0.622682 1.714835 0.969554
v 0.664232 1.714835 1.002877
v 0.662190 1.708401 0.984337
v 0.628028 1.731680 1.018092
v 0.643119 1.729223 1.023739
v 0.615398 1.722788 0.984604
v 0.651601 1.705944 0.969389
v 0.656948 1.722788 1.017927
v 0.617440 1.729223 1.003144
v -0.965021 0.242644 2.528202
v -0.965021 0.061510 1.790646
v -0.965021 0.061510 0.567732
v -0.965021 0.176105 0.220368
v -0.965021 0.176105 0.220368
v -0.965021 0.676997 2.528202
v -0.965021 0.676997 2.528202
v -0.965021 0.676997 1.790646
v -0.965021 0.676997 0.567732
v -0.965021 0.676997 0.567732
v -0.965021 0.447806 0.220368
v -0.965021 0.447806 0.220368
v -0.965021 0.242644 -2.642332
v -0.965021 0.061510 -1.904777
v -0.965021 0.061510 -1.129948
v -0.965021 0.176105 -0.782583
v -0.965021 0.176105 -0.782583
v -0.965021 0.676997 -2.642332
v -0.965021 0.676997 -2.642332
v -0.965021 0.676997 -1.904777
v -0.965021 0.676997 -1.129948
v -0.965021 0.676997 -1.129948
v -0.965021 0.447806 -0.782583
v -0.965021 0.447806 -0.782583
v -0.828009 0.242644 2.528202
v -0.828009 0.061510 1.790646
v -0.828009 0.061510 0.567732
v -0.828009 0.176105 0.220368
v -0.828009 0.176105 0.220368
v -0.828009 0.676997 2.528202
v -0.828009 0.676997 2.528202
v -0.828009 0.676997 1.790646
v -0.828009 0.676997 0.567732
v -0.828009 0.676997 0.567732
v -0.828009 0.447806 0.220368
v -0.828009 0.447806 0.220368
v -0.828009 0.242644 -2.642332
v -0.828009 0.061510 -1.904777
v -0.828009 0.061510 -1.129948
v -0.828009 0.176105 -0.782583
v -0.828009 0.176105 -0.782583
v -0.828009 0.676997 -2.642332
v -0.828009 0.676997 -2.642332
v -0.828009 0.676997 -1.904777
v -0.828009 0.676997 -1.129948
v -0.828009 0.676997 -1.129948
v -0.828009 0.447806 -0.782583
v -0.828009 0.447806 -0.782583
v 0.965021 0.242644 2.528202
v 0.965021 0.061510 1.790646
v 0.965021 0.061510 0.567732
v 0.965021 0.176105 0.220367
v 0.965021 0.176105 0.220367
v 0.965021 0.676997 2.528202
v 0.965021 0.676997 2.528202
v 0.965021 0.676997 1.790646
v 0.965021 0.676997 0.567732
v 0.965021 0.676997 0.567732
v 0.965021 0.447806 0.220367
v 0.965021 0.447806 0.220367
v 0.965021 0.242644 -2.642332
v 0.965021 0.061510 -1.904777
v 0.965021 0.061510 -1.129948
v 0.965021 0.176105 -0.782583
v 0.965021 0.176105 -0.782583
v 0.965021 0.676997 -2.642332
v 0.965021 0.676997 -2.642332
v 0.965021 0.676997 -1.904777
v 0.965021 0.676997 -1.129948
v 0.965021 0.676997 -1.129948
v 0.965021 0.447806 -0.782583
v 0.965021 0.447806 -0.782583
v 0.828009 0.242644 2.528202
v 0.828009 0.061510 1.790646
v 0.828009 0.061510 0.567732
v 0.828009 0.176105 0.220367
v 0.828009 0.176105 0.220367
v 0.828009 0.676997 2.528202
v 0.828009 0.676997 2.528202
v 0.828009 0.676997 1.790646
v 0.828009 0.676997 0.567732
v 0.828009 0.676997 0.567732
v 0.828009 0.447806 0.220367
v 0.828009 0.447806 0.220367
v 0.828009 0.242644 -2.642332
v 0.828009 0.061510 -1.904777
v 0.828009 0.061510 -1.129948
v 0.828009 0.176105 -0.782583
v 0.828009 0.176105 -0.782583
v 0.828009 0.676997 -2.642332
v 0.828009 0.676997 -2.642332
v 0.828009 0.676997 -1.904777
v 0.828009 0.676997 -1.129948
v 0.828009 0.676997 -1.129948
v 0.828009 0.447806 -0.782583
v 0.828009 0.447806 -0.782583
v -0.965021 0.368129 -2.831038
v -0.965021 0.368129 -2.831038
v -0.965021 0.467239 -2.819905
v -0.828009 0.467239 -2.819905
v -0.828009 0.368129 -2.831037
v -0.828009 0.368129 -2.831037
v 0.965021 0.467239 -2.819905
v 0.965021 0.368129 -2.831038
v 0.965021 0.368129 -2.831038
v 0.828009 0.368129 -2.831037
v 0.828009 0.368129 -2.831037
v 0.828009 0.467239 -2.819905
v -0.965021 0.512491 2.669222
v -0.965021 0.353963 2.687028
v -0.965021 0.353963 2.687028
v -0.828009 0.353963 2.687028
v -0.828009 0.353963 2.687028
v -0.828009 0.512491 2.669222
v 0.965021 0.353963 2.687028
v 0.965021 0.353963 2.687028
v 0.965021 0.512491 2.669222
v 0.828009 0.512491 2.669222
v 0.828009 0.353963 2.687028
v 0.828009 0.353963 2.687028
v -0.419383 0.702498 -2.177231
v -0.419383 0.702498 -2.038948
v -0.468842 0.652229 -2.038948
v -0.468842 0.652229 -2.177231
v -0.468842 0.553507 -2.177231
v -0.468842 0.553507 -2.038948
v -0.419383 0.503238 -2.038948
v -0.419383 0.503238 -2.177231
v -0.309199 0.553507 -2.177231
v -0.309199 0.553507 -2.038948
v -0.309199 0.652229 -2.038948
v -0.309199 0.652229 -2.177231
v -0.358657 0.702498 -2.177231
v -0.358657 0.702498 -2.038948
v -0.358657 0.503238 -2.038948
v -0.358657 0.503238 -2.177231
vn -0.8317 -0.4866 0.2675
vn -0.6182 -0.3390 -0.7092
vn -0.0432 -0.0000 -0.9991
vn 0.5638 0.3440 -0.7509
vn 0.8317 0.4866 -0.2675
vn 0.8469 0.4832 0.2219
vn 0.6182 0.3390 0.7092
vn 0.0432 -0.0000 0.9991
vn -0.5638 -0.3440 0.7509
vn -0.7413 -0.5051 -0.4420
vn 0.4965 -0.3496 -0.7945
vn 0.9001 -0.0000 -0.4357
vn 0.9558 0.2939 0.0033
vn 0.7412 0.5051 0.4420
vn 0.2064 0.5663 0.7979
vn -0.4965 0.3496 0.7945
vn -0.9001 -0.0000 0.4357
vn -0.9558 -0.2939 -0.0033
vn 0.8317 -0.4866 0.2675
vn 0.6182 -0.3390 -0.7092
vn 0.0432 -0.0000 -0.9991
vn -0.5638 0.3440 -0.7509
vn -0.8317 0.4866 -0.2675
vn -0.8469 0.4832 0.2219
vn -0.6182 0.3390 0.7092
vn -0.0432 -0.0000 0.9991
vn 0.5638 -0.3440 0.7509
vn 0.7412 -0.5051 -0.4420
vn -0.4965 -0.3496 -0.7945
vn -0.9001 -0.0000 -0.4357
vn -0.9558 0.2939 0.0033
vn -0.7412 0.5051 0.4420
vn -0.2064 0.5663 0.7979
vn 0.4965 0.3496 0.7945
vn 0.9001 -0.0000 0.4357
vn 0.9558 -0.2939 -0.0033
vn 0.7413 -0.5051 -0.4420
vn -0.0000 -0.9137 0.4065
vn -0.0000 -0.9929 0.1190
vn -0.0000 -0.9877 -0.1562
vn -0.0000 -0.0000 -1.0000
vn -0.0000 1.0000 -0.0000
vn -0.0000 0.8347 -0.5507
vn -0.0000 -0.9181 -0.3962
vn -0.0000 -0.9929 -0.1190
vn -0.0000 -0.9877 0.1562
vn -0.0000 -0.0000 1.0000
vn -0.0000 0.8347 0.5507
vn -0.0000 0.4083 -0.9129
vn -0.0000 -0.8327 -0.5537
vn 1.0000 -0.0000 -0.0000
vn -0.0000 0.1116 -0.9938
vn -0.0000 -0.8189 0.5739
vn -0.0000 0.4114 0.9114
vn -0.0000 0.1116 0.9938
vn -1.0000 -0.0000 -0.0000
vn -0.7128 0.7013 -0.0000
vn 0.7128 0.7013 -0.0000
vn 0.7128 -0.7013 -0.0000
vn -0.0000 -1.0000 -0.0000
vn -0.7128 -0.7013 -0.0000
vn 0.5000 -0.8660 -0.0024
vn -0.0000 -1.0000 -0.0024
vn 0.8660 -0.5000 -0.0024
vn 1.0000 -0.0000 -0.0024
vn 0.8660 0.5000 -0.0024
vn 0.5000 0.8660 -0.0024
vn -0.0000 1.0000 -0.0024
vn -0.5000 0.8660 -0.0024
vn -0.8660 0.5000 -0.0024
vn -1.0000 -0.0000 -0.0024
vn -0.8660 -0.5000 -0.0024
vn -0.5000 -0.8660 -0.0024
vn -0.4997 0.8661 0.0130
vn -0.8469 -0.4832 -0.2219
vn -0.2744 0.8987 -0.3421
vn -0.2064 -0.5663 -0.7979
vn 0.4997 0.8661 0.0130
vn 0.8469 -0.4832 -0.2219
vn 0.2744 0.8987 -0.3421
vn 0.2064 -0.5663 -0.7979
vn -0.0000 -0.9497 -0.3133
vn -0.0000 0.6508 0.7592
vn -0.0000 -0.9497 0.3133
vn -0.0000 0.6461 -0.7632
s 1
usemtl darkmetal
f 12817//2702 12224//2702 12809//2702 12810//2702
f 12796//2769 12798//2769 12814//2769 12812//2769 12811//2769 12808//2769 12806//2769 12804//2769 12802//2769 12800//2769
f 12819//2699 12221//2699 12803//2699 12805//2699
f 12821//2770 12820//2770 12799//2770 12797//2770
f 12822//2703 12225//2703 12235//2703 12813//2703
f 12823//2700 12222//2700 12232//2700 12807//2700
f 12824//2697 12219//2697 12228//2697 12801//2697
f 12825//2704 12226//2704 12236//2704 12815//2704
f 12816//2701 12223//2701 12233//2701 12234//2701
f 12818//2698 12220//2698 12230//2698 12231//2698
f 12218//2696 12227//2696 12237//2696 12229//2696
f 12847//2711 12244//2711 12839//2711 12840//2711
f 12826//2771 12828//2771 12844//2771 12842//2771 12841//2771 12838//2771 12836//2771 12834//2771 12832//2771 12830//2771
f 12849//2708 12241//2708 12833//2708 12835//2708
f 12851//2772 12850//2772 12829//2772 12827//2772
f 12852//2712 12245//2712 12255//2712 12843//2712
f 12853//2709 12242//2709 12252//2709 12837//2709
f 12854//2706 12239//2706 12248//2706 12831//2706
f 12855//2713 12246//2713 12256//2713 12845//2713
f 12846//2710 12243//2710 12253//2710 12254//2710
f 12848//2707 12240//2707 12250//2707 12251//2707
f 12238//2705 12247//2705 12257//2705 12249//2705
f 12877//2720 12870//2720 12869//2720 12264//2720
f 12856//2773 12860//2773 12862//2773 12864//2773 12866//2773 12868//2773 12871//2773 12872//2773 12874//2773 12858//2773
f 12879//2717 12865//2717 12863//2717 12261//2717
f 12881//2774 12857//2774 12859//2774 12880//2774
f 12882//2721 12873//2721 12275//2721 12265//2721
f 12883//2718 12867//2718 12272//2718 12262//2718
f 12884//2715 12861//2715 12268//2715 12259//2715
f 12885//2722 12875//2722 12276//2722 12266//2722
f 12876//2719 12274//2719 12273//2719 12263//2719
f 12878//2716 12271//2716 12270//2716 12260//2716
f 12258//2714 12269//2714 12277//2714 12267//2714
f 12907//2729 12900//2729 12899//2729 12284//2729
f 12886//2775 12890//2775 12892//2775 12894//2775 12896//2775 12898//2775 12901//2775 12902//2775 12904//2775 12888//2775
f 12909//2726 12895//2726 12893//2726 12281//2726
f 12911//2776 12887//2776 12889//2776 12910//2776
f 12912//2730 12903//2730 12295//2730 12285//2730
f 12913//2727 12897//2727 12292//2727 12282//2727
f 12914//2724 12891//2724 12288//2724 12279//2724
f 12915//2731 12905//2731 12296//2731 12286//2731
f 12906//2728 12294//2728 12293//2728 12283//2728
f 12908//2725 12291//2725 12290//2725 12280//2725
f 12278//2723 12289//2732 12297//2723 12287//2723
f 12917//2751 12923//2751 12924//2751 12918//2751
f 12371//2749 12372//2749 12946//2778 12922//2778
f 12918//2751 12924//2751 12926//2751 12919//2751
f 12916//2751 12921//2751 12923//2751 12917//2751
f 12929//2751 12930//2751 12936//2751 12935//2751
f 12934//2780 12958//2780 13015//2744 12362//2744
f 12930//2751 12931//2751 12938//2751 12936//2751
f 12928//2751 12929//2751 12935//2751 12933//2751
f 12941//2746 12942//2746 12948//2746 12947//2746
f 12330//2733 13031//2748 13035//2748 12346//2733
f 12942//2746 12943//2746 12950//2746 12948//2746
f 12940//2746 12941//2746 12947//2746 12945//2746
f 12953//2746 12959//2746 12960//2746 12954//2746
f 13020//2745 12338//2739 12354//2739 13021//2745
f 12954//2746 12960//2746 12962//2746 12955//2746
f 12952//2746 12957//2746 12959//2746 12953//2746
f 12303//2737 12319//2737 12949//2737 12925//2737
f 12306//2739 12322//2739 12323//2740 12307//2740
f 12304//2738 12320//2738 12951//2738 12927//2738
f 12307//2740 12323//2740 12324//2741 12308//2741
f 13016//2746 12365//2746 12957//2746 12952//2746
f 13025//2751 13024//2751 12921//2751 12916//2751
f 12308//2741 12324//2741 12956//2779 12932//2779
f 12309//2742 12325//2742 12963//2742 12939//2742
f 12299//2734 12315//2734 12314//2733 12298//2733
f 12311//2737 12327//2737 12326//2737 12310//2737
f 12300//2735 12316//2735 12315//2734 12299//2734
f 12937//2737 12961//2737 12327//2737 12311//2737
f 13029//2746 13028//2746 12940//2746 12945//2746
f 12920//2777 12944//2777 12316//2735 12300//2735
f 12313//2743 12329//2743 12328//2743 12312//2743
f 12305//2736 12321//2736 12317//2736 12301//2736
f 12302//2737 12318//2737 12319//2737 12303//2737
f 13014//2751 13012//2751 12928//2751 12933//2751
f 12965//2746 12966//2746 12972//2746 12971//2746
f 12374//2749 12970//2778 12994//2778 13033//2749
f 12966//2746 12967//2746 12974//2746 12972//2746
f 12964//2746 12965//2746 12971//2746 12969//2746
f 12977//2746 12983//2746 12984//2746 12978//2746
f 12982//2780 12367//2744 12368//2744 13006//2780
f 12978//2746 12984//2746 12986//2746 12979//2746
f 12976//2746 12981//2746 12983//2746 12977//2746
f 12989//2751 12995//2751 12996//2751 12990//2751
f 12990//2751 12996//2751 12998//2751 12991//2751
f 12988//2751 12993//2751 12995//2751 12989//2751
f 13001//2751 13002//2751 13008//2751 13007//2751
f 13002//2751 13003//2751 13010//2751 13008//2751
f 13000//2751 13001//2751 13007//2751 13005//2751
f 12335//2737 12973//2737 12997//2737 12351//2737
f 12338//2739 12339//2740 12355//2740 12354//2739
f 12336//2738 12975//2738 12999//2738 12352//2738
f 12339//2740 12340//2741 12356//2741 12355//2740
f 13023//2751 13022//2751 13000//2751 13005//2751
f 13032//2746 13030//2746 12964//2746 12969//2746
f 12340//2741 12980//2779 13004//2779 12356//2741
f 12341//2742 12987//2742 13011//2742 12357//2742
f 12331//2734 12330//2733 12346//2733 12347//2734
f 12343//2737 12342//2737 12358//2737 12359//2737
f 12332//2735 12331//2734 12347//2734 12348//2735
f 12985//2737 12343//2737 12359//2737 13009//2737
f 13034//2751 12377//2751 12993//2751 12988//2751
f 12968//2777 12332//2735 12348//2735 12992//2777
f 12345//2743 12344//2743 12360//2743 12361//2743
f 12337//2736 12333//2736 12349//2736 12353//2736
f 12334//2737 12335//2737 12351//2737 12350//2737
f 13019//2746 13018//2746 12981//2746 12976//2746
f 12362//2744 13015//2744 13017//2747 13013//2747
f 12366//2747 12369//2747 12368//2744 12367//2744
f 12363//2745 12364//2745 12322//2739 12306//2739
f 13026//2750 13027//2750 12372//2749 12371//2749
f 12374//2749 13033//2749 12376//2750 12375//2750
f 12298//2733 12314//2733 12373//2748 12370//2748
f 12381//2754 13036//2754 13037//2754 12389//2754
f 12379//2753 13040//2753 13041//2753 12387//2753
f 12384//2751 13044//2751 13045//2751 12392//2751
f 12382//2755 13048//2755 13049//2755 12390//2755
f 12380//2746 13039//2746 13038//2746 12388//2746
f 13051//2737 13043//2737 13042//2737 13050//2737
f 12385//2752 12378//2752 12386//2752 12393//2752
f 12383//2756 13047//2756 13046//2756 12391//2756
f 12395//2737 12394//2737 12405//2737 12404//2737 12403//2737 12402//2737 12401//2737 12400//2737 12399//2737 12398//2737 12397//2737 12396//2737
f 12406//2751 12408//2751 12409//2751 12410//2751 12411//2751 12412//2751 12413//2751 12414//2751 12415//2751 12416//2751 12417//2751 12418//2751 12419//2751 12420//2751 12421//2751 12422//2751 12423//2751 12424//2751 12425//2751 12407//2751
f 12426//2746 12427//2746 12445//2746 12444//2746 12443//2746 12442//2746 12441//2746 12440//2746 12439//2746 12438//2746 12437//2746 12436//2746 12435//2746 12434//2746 12433//2746 12432//2746 12431//2746 12430//2746 12429//2746 12428//2746
f 12455//2746 12454//2746 12453//2746 12452//2746 12451//2746 12450//2746 12461//2746 12460//2746 12449//2746 12448//2746 12447//2746 12446//2746 12459//2746 12458//2746 12457//2746 12456//2746
f 12462//2746 12473//2746 12472//2746 12471//2746 12470//2746 12469//2746 12468//2746 12467//2746 12466//2746 12465//2746 12464//2746 12463//2746
f 12474//2746 12485//2746 12484//2746 12483//2746 12482//2746 12481//2746 12480//2746 12479//2746 12478//2746 12477//2746 12476//2746 12475//2746
f 12486//2746 12491//2746 12492//2746 12493//2746 12495//2746 12496//2746 12497//2746 12494//2746 12490//2746 12489//2746 12488//2746 12487//2746
f 12498//2746 12509//2746 12508//2746 12507//2746 12506//2746 12505//2746 12504//2746 12503//2746 12502//2746 12501//2746 12500//2746 12499//2746
f 12510//2746 12521//2746 12520//2746 12519//2746 12518//2746 12517//2746 12516//2746 12515//2746 12514//2746 12513//2746 12512//2746 12511//2746
f 12522//2746 12533//2746 12532//2746 12531//2746 12530//2746 12529//2746 12528//2746 12527//2746 12526//2746 12525//2746 12524//2746 12523//2746
f 12534//2746 12545//2746 12544//2746 12543//2746 12542//2746 12541//2746 12540//2746 12539//2746 12538//2746 12537//2746 12536//2746 12535//2746
f 12546//2746 12548//2746 12549//2746 12550//2746 12551//2746 12552//2746 12553//2746 12554//2746 12555//2746 12556//2746 12557//2746 12558//2746 12559//2746 12547//2746
f 12561//2746 12562//2746 12563//2746 12564//2746 12565//2746 12566//2746 12567//2746 12568//2746 12569//2746 12570//2746 12571//2746 12560//2746
f 12573//2746 12583//2746 12582//2746 12581//2746 12580//2746 12579//2746 12578//2746 12577//2746 12576//2746 12575//2746 12574//2746 12572//2746
f 12585//2746 12586//2746 12587//2746 12588//2746 12589//2746 12590//2746 12591//2746 12592//2746 12593//2746 12594//2746 12595//2746 12584//2746
f 12596//2751 12597//2751 12598//2751 12599//2751 12600//2751 12601//2751 12602//2751 12603//2751 12604//2751 12605//2751 12606//2751 12607//2751
f 12608//2751 12609//2751 12610//2751 12611//2751 12612//2751 12613//2751 12614//2751 12615//2751 12616//2751 12617//2751 12618//2751 12619//2751
f 12620//2751 12621//2751 12622//2751 12623//2751 12624//2751 12625//2751 12626//2751 12627//2751 12628//2751 12629//2751 12630//2751 12631//2751
f 12633//2751 12632//2751 12643//2751 12642//2751 12641//2751 12640//2751 12639//2751 12638//2751 12637//2751 12636//2751 12635//2751 12634//2751
f 12645//2751 12644//2751 12646//2751 12647//2751 12648//2751 12649//2751 12650//2751 12651//2751 12652//2751 12653//2751 12654//2751 12655//2751
f 12657//2751 12656//2751 12667//2751 12666//2751 12665//2751 12664//2751 12663//2751 12662//2751 12661//2751 12660//2751 12659//2751 12658//2751
f 12668//2751 12669//2751 12681//2751 12680//2751 12679//2751 12678//2751 12677//2751 12676//2751 12675//2751 12674//2751 12673//2751 12672//2751 12671//2751 12670//2751
f 12682//2751 12683//2751 12695//2751 12694//2751 12693//2751 12692//2751 12691//2751 12690//2751 12689//2751 12688//2751 12687//2751 12686//2751 12685//2751 12684//2751
f 12696//2751 12697//2751 12698//2751 12699//2751 12700//2751 12701//2751 12702//2751 12703//2751 12704//2751 12705//2751 12706//2751 12707//2751
f 12708//2751 12709//2751 12710//2751 12711//2751 12712//2751 12713//2751 12714//2751 12715//2751 12716//2751 12717//2751 12718//2751 12719//2751
f 12720//2751 12721//2751 12722//2751 12723//2751 12724//2751 12725//2751 12726//2751 12727//2751 12728//2751 12729//2751 12730//2751 12731//2751
f 12732//2751 12733//2751 12734//2751 12735//2751 12736//2751 12740//2751 12743//2751 12742//2751 12741//2751 12739//2751 12738//2751 12737//2751
f 12753//2751 12754//2751 12755//2751 12756//2751 12757//2751 12744//2751 12745//2751 12746//2751 12747//2751 12758//2751 12759//2751 12748//2751 12749//2751 12750//2751 12751//2751 12752//2751
f 12760//2742 12761//2742 12762//2742 12763//2742 12764//2742 12765//2742 12766//2742 12767//2742 12768//2742 12769//2742 12770//2742 12771//2742
f 12780//2765 12792//2765 12793//2766 12781//2766
f 12772//2757 12784//2757 12786//2759 12774//2759
f 12774//2759 12786//2759 12787//2760 12775//2760
f 12775//2760 12787//2760 12788//2761 12776//2761
f 12776//2761 12788//2761 12789//2762 12777//2762
f 12777//2762 12789//2762 12790//2763 12778//2763
f 12778//2763 12790//2763 12791//2764 12779//2764
f 12780//2765 12779//2764 12791//2764 12792//2765
f 12781//2766 12793//2766 12794//2767 12782//2767
f 12782//2767 12794//2767 12795//2768 12783//2768
f 12783//2768 12795//2768 12785//2758 12773//2758
f 12773//2758 12785//2758 12784//2757 12772//2757
f 1733//86 1732//86 5056//86 5057//86
f 1745//1038 1757//1039 1758//1040 5058//1041
f 1732//86 1731//86 5055//86 5056//86
f 1731//86 1730//86 5054//86 5055//86
f 1727//86 1738//86 5062//86 5052//86
f 1728//86 1727//86 5052//86 5051//86
f 1730//86 1729//86 5053//86 5054//86
f 1738//86 1737//86 5061//86 5062//86
f 1729//86 1728//86 5051//86 5053//86
f 1737//86 1736//86 5060//86 5061//86
f 1736//86 1735//86 5059//86 5060//86
f 1735//86 1734//86 1746//86 5059//86
f 1734//86 1733//86 5057//86 1746//86
f 1748//1042 1760//1043 1761//1044 1749//1045
f 1742//1046 1754//1047 1755//1048 1743//1049
f 1749//1045 1761//1044 1762//1050 1750//1051
f 5058//1041 1758//1040 1759//1052 1747//1053
f 1743//1049 1755//1048 1756//1054 1744//1055
f 1750//1051 1762//1050 1752//1056 1740//1057
f 1739//1058 1751//1059 1753//1060 1741//1061
f 1748//1042 1747//1053 1759//1052 1760//1043
f 1744//1055 1756//1054 1757//1039 1745//1038
f 1741//1061 1753//1060 1754//1047 1742//1046
f 1753//1060 1751//1059 5063//1062 5065//1063
f 1767//1064 5115//1064 5116//1065 5068//1065
f 1760//1043 1759//1052 5071//1066 5072//1067
f 1757//1039 1756//1054 1768//1068 5069//1069
f 1754//1047 1753//1060 5065//1063 5066//1070
f 1761//1044 1760//1043 5072//1067 5073//1071
f 1758//1040 1757//1039 5069//1069 5070//1072
f 1755//1048 1754//1047 5066//1070 5067//1073
f 1762//1050 1761//1044 5073//1071 5074//1074
f 1751//1059 1752//1056 5064//1075 5063//1062
f 1759//1052 1758//1040 5070//1072 5071//1066
f 1756//1054 1755//1048 5067//1073 1768//1068
f 1752//1056 1762//1050 5074//1074 5064//1075
f 1766//1076 5114//1076 5115//1064 1767//1064
f 1765//1077 5113//1077 5114//1076 1766//1076
f 5078//1078 5077//1079 5089//1079 5090//1078
f 5085//1080 5084//1081 5096//1081 5097//1080
f 5082//1082 5081//1083 5093//1083 5094//1082
f 5079//1084 5078//1078 5090//1078 5091//1084
f 5086//1085 5085//1080 5097//1080 5098//1085
f 5075//1086 5076//1087 5088//1087 5087//1086
f 5083//1088 5082//1082 5094//1082 5095//1088
f 5080//1089 5079//1084 5091//1084 5092//1089
f 5076//1087 5086//1085 5098//1085 5088//1087
f 5077//1079 5075//1086 5087//1086 5089//1079
f 5084//1081 5083//1088 5095//1088 5096//1081
f 5081//1083 5080//1089 5092//1089 5093//1083
f 1763//1090 5111//1090 5113//1077 1765//1077
f 5110//1091 5109//1092 1821//1092 1822//1091
f 5099//1093 5100//1094 1812//1094 1811//1093
f 5107//1095 5106//1096 1818//1096 1819//1095
f 5104//1097 5103//1098 1815//1098 1816//1097
f 5100//1094 5110//1091 1822//1091 1812//1094
f 5101//1099 5099//1093 1811//1093 1813//1099
f 5108//1100 5107//1095 1819//1095 1820//1100
f 5105//1101 5104//1097 1816//1097 1817//1101
f 5102//1102 5101//1099 1813//1099 1814//1102
f 5109//1092 5108//1100 1820//1100 1821//1092
f 5106//1096 5105//1101 1817//1101 1818//1096
f 5103//1098 5102//1102 1814//1102 1815//1098
f 5068//1065 5116//1065 5117//1103 1769//1103
f 1769//1103 5117//1103 5118//1104 1770//1104
f 1770//1104 5118//1104 5119//1105 1771//1105
f 1771//1105 5119//1105 5120//1106 1772//1106
f 1772//1106 5120//1106 5121//1107 1773//1107
f 1773//1107 5121//1107 5122//1108 1774//1108
f 1774//1108 5122//1108 5112//1109 1764//1109
f 1764//1109 5112//1109 5111//1090 1763//1090
f 1776//1110 1824//1110 1834//1111 1786//1111
f 1786//1111 1834//1111 1833//1112 1785//1112
f 1785//1112 1833//1112 1832//1113 1784//1113
f 1784//1113 1832//1113 1831//1114 1783//1114
f 1783//1114 1831//1114 1830//1115 1782//1115
f 1782//1115 1830//1115 1829//1116 1781//1116
f 1781//1116 1829//1116 1828//1117 1780//1117
f 1780//1117 1828//1117 1827//1118 1779//1118
f 1779//1118 1827//1118 1826//1119 1778//1119
f 1778//1119 1826//1119 1825//1120 1777//1120
f 1777//1120 1825//1120 1823//1121 1775//1121
f 1775//1121 1823//1121 1824//1110 1776//1110
f 1787//1122 5123//1122 5125//1123 1789//1123
f 1789//1123 5125//1123 5126//1124 1790//1124
f 1790//1124 5126//1124 5127//1125 1791//1125
f 1791//1125 5127//1125 5128//1126 1792//1126
f 1792//1126 5128//1126 5129//1127 1793//1127
f 1793//1127 5129//1127 5130//1128 1794//1128
f 1794//1128 5130//1128 5131//1129 1795//1129
f 1795//1129 5131//1129 5132//1130 1796//1130
f 1796//1130 5132//1130 5133//1131 1797//1131
f 1797//1131 5133//1131 5134//1132 1798//1132
f 1798//1132 5134//1132 5124//1133 1788//1133
f 1788//1133 5124//1133 5123//1122 1787//1122
f 1800//1134 1836//1134 1846//1135 1810//1135
f 1810//1135 1846//1135 1845//1136 1809//1136
f 1809//1136 1845//1136 1844//1137 1808//1137
f 1808//1137 1844//1137 1843//1138 1807//1138
f 1807//1138 1843//1138 1842//1139 1806//1139
f 1806//1139 1842//1139 1841//1140 1805//1140
f 1805//1140 1841//1140 1840//1141 1804//1141
f 1804//1141 1840//1141 1839//1142 1803//1142
f 1803//1142 1839//1142 1838//1143 1802//1143
f 1802//1143 1838//1143 1837//1144 1801//1144
f 1801//1144 1837//1144 1835//1145 1799//1145
f 1799//1145 1835//1145 1836//1134 1800//1134
f 1740//1057 1752//1056 1751//1059 1739//1058
o ltread
v -1.335845 0.536097 -2.809100
v -1.335845 0.591090 -2.711719
v -1.335845 0.612096 -2.614895
v -1.335845 0.615005 -2.489027
v -1.335845 0.622032 -2.337911
v -1.335845 0.631293 -2.206030
v -1.335845 0.643495 -2.039525
v -1.335845 0.656204 -1.860922
v -1.335845 0.665841 -1.698821
v -1.335845 0.668138 -1.552912
v -1.335845 0.656967 -1.408383
v -1.335845 0.621311 -1.241068
v -1.335845 0.545030 -1.033584
v -1.335845 0.433074 -0.827541
v -1.335845 0.333705 -0.709681
v -1.335845 0.270591 -0.672869
v -1.335845 0.231100 -0.670603
v -1.335845 0.197246 -0.676410
v -1.335845 0.152343 -0.695685
v -1.335845 0.094692 -0.745843
v -1.335845 0.049201 -0.828175
v -1.335845 0.026951 -0.920660
v -1.335845 0.012792 -1.017578
v -1.335845 -0.005763 -1.131498
v -1.335845 -0.024396 -1.253281
v -1.335845 -0.036328 -1.367965
v -1.335845 -0.037648 -1.464204
v -1.335845 -0.033623 -1.545029
v -1.335845 -0.030755 -1.617085
v -1.335845 -0.032761 -1.686311
v -1.335845 -0.036950 -1.750559
v -1.335845 -0.039366 -1.806604
v -1.335845 -0.035859 -1.854132
v -1.335845 -0.024574 -1.906435
v -1.335845 -0.003994 -1.987307
v -1.335845 0.097581 -2.447177
v -1.335845 0.121154 -2.584501
v -1.335845 0.150960 -2.707401
v -1.335845 0.207178 -2.808956
v -1.335845 0.278427 -2.864709
v -1.335845 0.333160 -2.881687
v -1.335845 0.371698 -2.883733
v -1.335845 0.410235 -2.881687
v -1.335845 0.464967 -2.864709
v -1.335845 0.515749 -2.780600
v -1.335845 0.563989 -2.694947
v -1.335845 0.582355 -2.609178
v -1.335845 0.584963 -2.487338
v -1.335845 0.592046 -2.335014
v -1.335845 0.601350 -2.202471
v -1.335845 0.613554 -2.035942
v -1.335845 0.626240 -1.857678
v -1.335845 0.635806 -1.696944
v -1.335845 0.638089 -1.554422
v -1.335845 0.627399 -1.415433
v -1.335845 0.593114 -1.254517
v -1.335845 0.519025 -1.053019
v -1.335845 0.410416 -0.852988
v -1.335845 0.317044 -0.741904
v -1.335845 0.263725 -0.710555
v -1.335845 0.232592 -0.709263
v -1.335845 0.203959 -0.714140
v -1.335845 0.165558 -0.730454
v -1.335845 0.115682 -0.773562
v -1.335845 0.076195 -0.845233
v -1.335845 0.056156 -0.929881
v -1.335845 0.042287 -1.025114
v -1.335845 0.023704 -1.139211
v -1.335845 0.005270 -1.259603
v -1.335845 -0.006343 -1.370882
v -1.335845 -0.007586 -1.463294
v -1.335845 -0.003602 -1.542803
v -1.335845 -0.000685 -1.616819
v -1.335845 -0.002745 -1.688642
v -1.335845 -0.006954 -1.753285
v -1.335845 -0.009301 -1.805900
v -1.335845 -0.006294 -1.847062
v -1.335845 0.004197 -1.895176
v -1.335845 0.024664 -1.975581
v -1.335845 0.126817 -2.438120
v -1.335845 0.150228 -2.574618
v -1.335845 0.177935 -2.690294
v -1.335845 0.227646 -2.780598
v -1.335845 0.289797 -2.828874
v -1.335845 0.337217 -2.843332
v -1.335845 0.371698 -2.845024
v -1.335845 0.406178 -2.843332
v -1.335845 0.453598 -2.828875
v -0.960016 0.453598 -2.828875
v -0.960016 0.406178 -2.843332
v -0.960016 0.371698 -2.845024
v -0.960016 0.337217 -2.843332
v -0.960016 0.289797 -2.828874
v -0.960016 0.227646 -2.780598
v -0.960016 0.177935 -2.690294
v -0.960016 0.150228 -2.574618
v -0.960016 0.126817 -2.438120
v -0.960016 0.024664 -1.975581
v -0.960016 0.004197 -1.895176
v -0.960016 -0.006294 -1.847062
v -0.960016 -0.009301 -1.805900
v -0.960016 -0.006954 -1.753285
v -0.960016 -0.002745 -1.688642
v -0.960016 -0.000685 -1.616819
v -0.960016 -0.003602 -1.542803
v -0.960016 -0.007586 -1.463294
v -0.960016 -0.006343 -1.370882
v -0.960016 0.005270 -1.259603
v -0.960016 0.023704 -1.139211
v -0.960016 0.042287 -1.025114
v -0.960016 0.056156 -0.929881
v -0.960016 0.076195 -0.845233
v -0.960016 0.115682 -0.773562
v -0.960016 0.165558 -0.730454
v -0.960016 0.203959 -0.714140
v -0.960016 0.232592 -0.709263
v -0.960016 0.263725 -0.710555
v -0.960016 0.317044 -0.741904
v -0.960016 0.410416 -0.852988
v -0.960016 0.519025 -1.053019
v -0.960016 0.593114 -1.254517
v -0.960016 0.627399 -1.415433
v -0.960016 0.638089 -1.554422
v -0.960016 0.635806 -1.696944
v -0.960016 0.626240 -1.857678
v -0.960016 0.613554 -2.035943
v -0.960016 0.601350 -2.202471
v -0.960016 0.592046 -2.335014
v -0.960016 0.584963 -2.487338
v -0.960016 0.582355 -2.609178
v -0.960016 0.563989 -2.694947
v -0.960016 0.515749 -2.780600
v -0.960016 0.464967 -2.864709
v -0.960016 0.410235 -2.881687
v -0.960016 0.371698 -2.883733
v -0.960016 0.333160 -2.881687
v -0.960016 0.278427 -2.864709
v -0.960016 0.207178 -2.808956
v -0.960016 0.150960 -2.707401
v -0.960016 0.121154 -2.584501
v -0.960016 0.097581 -2.447177
v -0.960016 -0.003994 -1.987307
v -0.960016 -0.024574 -1.906435
v -0.960016 -0.035859 -1.854132
v -0.960016 -0.039366 -1.806604
v -0.960016 -0.036950 -1.750560
v -0.960016 -0.032761 -1.686311
v -0.960016 -0.030755 -1.617085
v -0.960016 -0.033623 -1.545029
v -0.960016 -0.037648 -1.464204
v -0.960016 -0.036328 -1.367965
v -0.960016 -0.024396 -1.253281
v -0.960016 -0.005763 -1.131498
v -0.960016 0.012792 -1.017578
v -0.960016 0.026951 -0.920660
v -0.960016 0.049201 -0.828175
v -0.960016 0.094692 -0.745843
v -0.960016 0.152343 -0.695685
v -0.960016 0.197246 -0.676410
v -0.960015 0.231100 -0.670603
v -0.960016 0.270591 -0.672869
v -0.960016 0.333705 -0.709681
v -0.960016 0.433074 -0.827541
v -0.960016 0.545030 -1.033584
v -0.960016 0.621311 -1.241068
v -0.960016 0.656967 -1.408383
v -0.960016 0.668138 -1.552912
v -0.960016 0.665841 -1.698821
v -0.960016 0.656204 -1.860922
v -0.960016 0.643495 -2.039525
v -0.960016 0.631293 -2.206030
v -0.960016 0.622032 -2.337912
v -0.960016 0.615005 -2.489027
v -0.960016 0.612096 -2.614896
v -0.960016 0.591090 -2.711719
v -0.960016 0.536097 -2.809100
v -1.335845 0.538919 2.683194
v -1.335845 0.600976 2.572813
v -1.335845 0.464268 2.743479
v -0.960015 0.538919 2.683194
v -1.335845 0.518374 2.654930
v -1.335845 0.574172 2.555267
v -1.335845 0.452503 2.707857
v -0.960015 0.518374 2.654930
v -0.960015 0.452503 2.707857
v -0.960015 0.574172 2.555267
v -0.960015 0.600976 2.572813
v -0.960015 0.607464 2.424392
v -1.335845 0.607464 2.424392
v -0.960015 0.636472 2.434591
v -0.960015 0.634646 2.265583
v -1.335845 0.634646 2.265583
v -0.960015 0.669781 2.069128
v -0.960015 0.663981 2.274089
v -1.335845 0.663981 2.274089
v -0.960015 0.699133 2.077543
v -1.335845 0.699133 2.077543
v -0.960015 0.734167 1.867966
v -1.335845 0.734167 1.867966
v -0.960015 0.704612 1.860833
v -0.960015 0.758776 1.669806
v -1.335845 0.758776 1.669806
v -0.960015 0.766635 1.497035
v -0.960015 0.728882 1.665614
v -1.335845 0.728882 1.665614
v -0.960015 0.736571 1.496226
v -1.335845 0.736571 1.496226
v -0.960015 0.734593 1.341866
v -1.335845 0.734593 1.341866
v -0.960015 0.764659 1.341203
v -0.960015 0.732540 1.193173
v -1.335845 0.732540 1.193173
v -0.960015 0.737155 1.048123
v -0.960015 0.762609 1.193621
v -1.335845 0.762609 1.193621
v -0.960015 0.767207 1.049499
v -1.335845 0.767207 1.049499
v -0.960015 0.770476 0.906901
v -1.335845 0.770476 0.906902
v -0.960015 0.740431 0.908519
v -0.960015 0.757331 0.761180
v -1.335845 0.757331 0.761180
v -0.960015 0.706730 0.601324
v -0.960015 0.728199 0.770779
v -1.335845 0.728199 0.770779
v -0.960015 0.680442 0.620118
v -1.335845 0.680442 0.620118
v -0.960015 0.578389 0.438618
v -1.335845 0.578389 0.438618
v -0.960015 0.601148 0.413319
v -0.960015 0.436449 0.260488
v -1.335845 0.436449 0.260488
v -0.960015 0.323570 0.161854
v -0.960015 0.455463 0.230501
v -1.335845 0.455463 0.230501
v -0.960015 0.337246 0.127382
v -1.335845 0.337246 0.127382
v -0.960015 0.269922 0.096181
v -1.335845 0.269922 0.096181
v -0.960015 0.264409 0.134233
v -0.960015 0.230929 0.094729
v -1.335845 0.230929 0.094729
v -0.960015 0.197246 0.100524
v -0.960015 0.232592 0.133377
v -1.335845 0.232592 0.133377
v -0.960015 0.203959 0.138255
v -1.335845 0.203959 0.138255
v -0.960015 0.165558 0.154568
v -1.335845 0.165558 0.154568
v -0.960015 0.152343 0.119799
v -0.960015 0.115682 0.197676
v -1.335845 0.115682 0.197676
v -0.960015 0.076268 0.268711
v -0.960015 0.094728 0.169912
v -1.335845 0.094728 0.169912
v -0.960015 0.049343 0.251476
v -1.335845 0.049343 0.251476
v -0.960015 0.027380 0.340558
v -1.335845 0.027381 0.340558
v -0.960015 0.056540 0.350011
v -0.960015 0.013690 0.431533
v -1.335845 0.013690 0.431533
v -0.960015 -0.004688 0.539389
v -0.960015 0.043141 0.439348
v -1.335845 0.043141 0.439348
v -0.960015 0.024726 0.547431
v -1.335845 0.024726 0.547431
v -0.960015 0.005932 0.665122
v -1.335845 0.005932 0.665122
v -0.960015 -0.023713 0.658636
v -0.960015 -0.005786 0.776980
v -1.335845 -0.005786 0.776980
v -0.960015 -0.005769 0.870211
v -0.960015 -0.035789 0.774393
v -1.335845 -0.035789 0.774393
v -0.960015 -0.035807 0.872034
v -1.335845 -0.035807 0.872034
v -0.960015 -0.029957 0.952322
v -1.335845 -0.029957 0.952322
v -0.960015 0.000021 0.949276
v -0.960015 -0.026460 1.021742
v -1.335845 -0.026460 1.021742
v -0.960015 -0.030097 1.089774
v -0.960015 0.003611 1.021821
v -1.335845 0.003611 1.021821
v -0.960015 -0.000165 1.093487
v -1.335845 -0.000165 1.093487
v -0.960015 -0.007195 1.165841
v -1.335845 -0.007195 1.165841
v -0.960015 -0.037117 1.162008
v -0.960015 -0.011410 1.239050
v -1.335845 -0.011410 1.239051
v -0.960015 -0.009040 1.312730
v -0.960015 -0.041476 1.238421
v -1.335845 -0.041476 1.238421
v -0.960015 -0.039044 1.315304
v -1.335845 -0.039044 1.315304
v -0.960015 -0.033772 1.389106
v -1.335845 -0.033772 1.389106
v -0.960015 -0.003782 1.386281
v -0.960015 -0.030754 1.459886
v -1.335845 -0.030754 1.459886
v -0.960015 -0.032761 1.529041
v -0.960015 -0.000685 1.459549
v -1.335845 -0.000685 1.459549
v -0.960015 -0.002745 1.531372
v -1.335845 -0.002745 1.531372
v -0.960015 -0.006954 1.596015
v -1.335845 -0.006954 1.596015
v -0.960015 -0.036950 1.593289
v -0.960015 -0.009301 1.648629
v -1.335845 -0.009301 1.648629
v -0.960015 -0.006397 1.689834
v -0.960015 -0.039367 1.649270
v -1.335845 -0.039367 1.649270
v -0.960015 -0.036025 1.696450
v -1.335845 -0.036025 1.696450
v -0.960015 -0.025674 1.748472
v -1.335845 -0.025674 1.748472
v -0.960015 0.003331 1.738261
v -0.960015 -0.007430 1.829861
v -1.335845 -0.007430 1.829861
v -0.960015 0.099813 2.441917
v -0.960015 0.021561 1.819583
v -1.335845 0.021561 1.819583
v -0.960015 0.129069 2.432968
v -1.335845 0.129069 2.432968
v -0.960015 0.157098 2.556462
v -1.335845 0.157098 2.556462
v -0.960015 0.130021 2.573298
v -0.960015 0.211219 2.654929
v -1.335845 0.211219 2.654929
v -0.960015 0.279291 2.707857
v -0.960015 0.190739 2.683271
v -1.335845 0.190739 2.683271
v -0.960015 0.267891 2.743675
v -1.335845 0.267891 2.743675
v -0.960015 0.326784 2.762055
v -1.335845 0.326784 2.762055
v -0.960015 0.330882 2.723708
v -0.960015 0.367707 2.764270
v -1.335845 0.367707 2.764270
v -0.960015 0.407740 2.762021
v -0.960015 0.367690 2.725563
v -1.335845 0.367690 2.725563
v -0.960015 0.403452 2.723707
v -1.335845 0.403452 2.723707
v -1.335845 0.407740 2.762021
v -1.335845 0.330882 2.723708
v -1.335845 0.279291 2.707857
v -0.960015 0.464268 2.743479
v -1.335845 0.130021 2.573298
v -1.335845 0.099813 2.441917
v -1.335845 0.003331 1.738261
v -1.335845 -0.006397 1.689834
v -1.335845 -0.036950 1.593290
v -1.335845 -0.032761 1.529041
v -1.335845 -0.003782 1.386281
v -1.335845 -0.009040 1.312730
v -1.335845 -0.037117 1.162009
v -1.335845 -0.030097 1.089774
v -1.335845 0.000021 0.949276
v -1.335845 -0.005769 0.870211
v -1.335845 -0.023713 0.658636
v -1.335845 -0.004688 0.539389
v -1.335845 0.056540 0.350011
v -1.335845 0.076268 0.268711
v -1.335845 0.152343 0.119799
v -1.335845 0.197246 0.100524
v -1.335845 0.264409 0.134233
v -1.335845 0.323570 0.161854
v -1.335845 0.601148 0.413319
v -1.335845 0.706730 0.601324
v -1.335845 0.740431 0.908519
v -1.335845 0.737155 1.048123
v -1.335845 0.764659 1.341204
v -1.335845 0.766635 1.497036
v -1.335845 0.704612 1.860833
v -1.335845 0.669781 2.069128
v -1.335845 0.636472 2.434591
v -1.334119 0.369915 2.648609
v -1.334119 0.418845 2.618251
v -1.334119 0.472292 2.605790
v -1.334119 0.498015 2.544208
v -1.334119 0.535565 2.493687
v -1.334119 0.528256 2.424403
v -1.334120 0.535565 2.355121
v -1.334120 0.498015 2.304600
v -1.334120 0.472292 2.243019
v -1.334120 0.418845 2.230558
v -1.334120 0.369915 2.200199
v -1.334120 0.320984 2.230558
v -1.334120 0.267537 2.243019
v -1.334120 0.241814 2.304600
v -1.334120 0.204264 2.355121
v -1.334119 0.211573 2.424404
v -1.334119 0.204264 2.493687
v -1.334119 0.241814 2.544209
v -1.334119 0.267537 2.605790
v -1.334119 0.320985 2.618251
v -0.977340 0.369915 2.706449
v -0.977340 0.437623 2.692645
v -0.977340 0.498703 2.652583
v -0.977340 0.547177 2.590185
v -0.977340 0.578299 2.511561
v -0.977340 0.589023 2.424403
v -0.977340 0.578299 2.337247
v -0.977340 0.547177 2.258623
v -0.977340 0.498703 2.196225
v -0.977340 0.437623 2.156164
v -0.977340 0.369915 2.142359
v -0.977340 0.302206 2.156164
v -0.977340 0.241126 2.196225
v -0.977340 0.192652 2.258623
v -0.977340 0.161530 2.337248
v -0.977340 0.150806 2.424404
v -0.977340 0.161530 2.511561
v -0.977340 0.192652 2.590186
v -0.977340 0.241126 2.652583
v -0.977340 0.302207 2.692645
v -1.334119 0.437623 2.692645
v -1.334119 0.369915 2.706449
v -1.334119 0.498703 2.652583
v -1.334119 0.547177 2.590185
v -1.334119 0.578299 2.511561
v -1.334119 0.589023 2.424403
v -1.334120 0.578299 2.337247
v -1.334120 0.547177 2.258623
v -1.334120 0.498703 2.196225
v -1.334120 0.437623 2.156164
v -1.334120 0.369915 2.142359
v -1.334120 0.302206 2.156164
v -1.334120 0.241126 2.196225
v -1.334120 0.192652 2.258623
v -1.334120 0.161530 2.337248
v -1.334119 0.150806 2.424404
v -1.334119 0.161530 2.511561
v -1.334119 0.192652 2.590186
v -1.334119 0.241126 2.652583
v -1.334119 0.302207 2.692645
v -1.228610 0.418845 2.618251
v -1.228610 0.369915 2.648609
v -1.228610 0.472292 2.605790
v -1.228610 0.498015 2.544208
v -1.228610 0.535565 2.493687
v -1.228610 0.528256 2.424403
v -1.228610 0.535565 2.355121
v -1.228610 0.498015 2.304600
v -1.228610 0.472292 2.243019
v -1.228610 0.418845 2.230558
v -1.228610 0.369915 2.200199
v -1.228610 0.320984 2.230558
v -1.228610 0.267537 2.243019
v -1.228610 0.241814 2.304600
v -1.228610 0.204264 2.355121
v -1.228610 0.211573 2.424404
v -1.228610 0.204264 2.493687
v -1.228610 0.241814 2.544209
v -1.228610 0.267537 2.605790
v -1.228610 0.320985 2.618251
v -1.275627 0.405935 2.567106
v -1.275627 0.369915 2.574450
v -1.275627 0.438430 2.545794
v -1.275627 0.464217 2.512599
v -1.275627 0.480774 2.470771
v -1.275627 0.486479 2.424403
v -1.275627 0.480774 2.378037
v -1.275627 0.464217 2.336209
v -1.275627 0.438430 2.303014
v -1.275627 0.405935 2.281702
v -1.275627 0.369915 2.274358
v -1.275627 0.333894 2.281702
v -1.275627 0.301400 2.303014
v -1.275627 0.275612 2.336209
v -1.275627 0.259055 2.378037
v -1.275627 0.253350 2.424404
v -1.275627 0.259055 2.470771
v -1.275627 0.275612 2.512599
v -1.275627 0.301400 2.545794
v -1.275627 0.333894 2.567106
v -0.960221 0.405935 2.567106
v -0.960221 0.369915 2.574450
v -0.960221 0.438430 2.545794
v -0.960221 0.464217 2.512599
v -0.960221 0.480774 2.470771
v -0.960221 0.486479 2.424403
v -0.960221 0.480774 2.378037
v -0.960221 0.464217 2.336209
v -0.960221 0.438430 2.303014
v -0.960221 0.405935 2.281702
v -0.960221 0.369915 2.274358
v -0.960221 0.333894 2.281702
v -0.960221 0.301400 2.303014
v -0.960221 0.275612 2.336209
v -0.960221 0.259055 2.378037
v -0.960221 0.253350 2.424404
v -0.960221 0.259055 2.470771
v -0.960221 0.275612 2.512599
v -0.960221 0.301400 2.545794
v -0.960221 0.333894 2.567106
v -1.246684 0.386466 2.489975
v -1.246684 0.401397 2.480182
v -1.246684 0.413247 2.464929
v -1.246684 0.420854 2.445709
v -1.246684 0.423476 2.424403
v -1.246684 0.420854 2.403098
v -1.246684 0.413247 2.383878
v -1.246684 0.401397 2.368625
v -1.246684 0.386466 2.358832
v -1.246684 0.353363 2.358832
v -1.246684 0.338432 2.368625
v -1.246684 0.326583 2.383878
v -1.246684 0.318975 2.403098
v -1.246684 0.316353 2.424403
v -1.246684 0.318975 2.445709
v -1.246684 0.326583 2.464929
v -1.246684 0.338432 2.480182
v -1.246684 0.353363 2.489975
v -1.425193 0.386466 2.489975
v -1.425193 0.401397 2.480181
v -1.425193 0.413247 2.464928
v -1.425193 0.401561 2.445709
v -1.425193 0.403181 2.424403
v -1.425193 0.401561 2.403098
v -1.425194 0.413247 2.383878
v -1.425194 0.401397 2.368624
v -1.425194 0.386466 2.358832
v -1.425194 0.353363 2.358832
v -1.425194 0.338432 2.368624
v -1.425194 0.326583 2.383878
v -1.425193 0.338571 2.403098
v -1.425193 0.336951 2.424403
v -1.425193 0.338571 2.445709
v -1.425193 0.326583 2.464929
v -1.425193 0.338432 2.480181
v -1.425193 0.353363 2.489975
v -1.341773 0.624622 0.910607
v -1.341773 0.666258 0.896246
v -1.341773 0.696738 0.857011
v -1.341773 0.707894 0.803415
v -1.341773 0.696738 0.749820
v -1.341773 0.666258 0.710585
v -1.341773 0.624622 0.696224
v -1.341773 0.582986 0.710585
v -1.341773 0.552506 0.749820
v -1.341773 0.541350 0.803415
v -1.341773 0.552506 0.857012
v -1.341773 0.582986 0.896246
v -0.977238 0.624622 0.939777
v -0.977238 0.677589 0.921508
v -0.977238 0.716363 0.871596
v -0.977238 0.730555 0.803415
v -0.977238 0.716363 0.735235
v -0.977238 0.677588 0.685323
v -0.977238 0.624622 0.667054
v -0.977238 0.571655 0.685323
v -0.977238 0.532881 0.735235
v -0.977238 0.518689 0.803415
v -0.977238 0.532881 0.871596
v -0.977238 0.571655 0.921508
v -1.334117 0.624622 0.939777
v -1.334117 0.677589 0.921508
v -1.334117 0.716363 0.871596
v -1.334117 0.730555 0.803415
v -1.334117 0.716363 0.735235
v -1.334117 0.677588 0.685323
v -1.334117 0.624622 0.667054
v -1.334117 0.571655 0.685323
v -1.334117 0.532881 0.735235
v -1.334117 0.518689 0.803415
v -1.334117 0.532881 0.871596
v -1.334117 0.571655 0.921508
v -1.189967 0.624622 0.910607
v -1.189967 0.666258 0.896246
v -1.189967 0.696738 0.857011
v -1.189967 0.707894 0.803415
v -1.189967 0.696738 0.749820
v -1.189967 0.666258 0.710585
v -1.189967 0.624622 0.696224
v -1.189967 0.582986 0.710585
v -1.189967 0.552506 0.749820
v -1.189967 0.541350 0.803415
v -1.189967 0.552506 0.857012
v -1.189967 0.582986 0.896246
v -1.385382 0.641044 0.840030
v -1.385382 0.657466 0.803415
v -1.385382 0.641044 0.766801
v -1.385382 0.608200 0.766801
v -1.385382 0.591778 0.803415
v -1.385382 0.608200 0.840029
v -0.960260 0.657466 0.803415
v -0.960260 0.641044 0.766801
v -0.960260 0.608200 0.766801
v -0.960260 0.591778 0.803415
v -0.960260 0.608200 0.840029
v -0.960260 0.641044 0.840030
v -1.341772 0.624622 1.289695
v -1.341772 0.666258 1.275335
v -1.341772 0.696738 1.236100
v -1.341772 0.707894 1.182504
v -1.341772 0.696738 1.128908
v -1.341772 0.666258 1.089674
v -1.341772 0.624622 1.075313
v -1.341772 0.582986 1.089674
v -1.341772 0.552506 1.128908
v -1.341772 0.541350 1.182504
v -1.341772 0.552506 1.236100
v -1.341772 0.582986 1.275334
v -0.977238 0.624622 1.318865
v -0.977238 0.677589 1.300596
v -0.977238 0.716363 1.250684
v -0.977238 0.730555 1.182504
v -0.977238 0.716363 1.114324
v -0.977238 0.677588 1.064412
v -0.977238 0.624622 1.046143
v -0.977238 0.571655 1.064412
v -0.977238 0.532881 1.114324
v -0.977238 0.518689 1.182504
v -0.977238 0.532881 1.250685
v -0.977238 0.571655 1.300596
v -1.334117 0.624622 1.318865
v -1.334117 0.677589 1.300596
v -1.334117 0.716363 1.250684
v -1.334117 0.730555 1.182504
v -1.334117 0.716363 1.114324
v -1.334117 0.677588 1.064412
v -1.334117 0.624622 1.046143
v -1.334117 0.571655 1.064412
v -1.334117 0.532881 1.114324
v -1.334117 0.518689 1.182504
v -1.334117 0.532881 1.250685
v -1.334117 0.571655 1.300596
v -1.189967 0.624622 1.289695
v -1.189967 0.666258 1.275335
v -1.189967 0.696738 1.236100
v -1.189967 0.707894 1.182504
v -1.189967 0.696738 1.128908
v -1.189967 0.666258 1.089674
v -1.189967 0.624622 1.075313
v -1.189967 0.582986 1.089674
v -1.189967 0.552506 1.128908
v -1.189967 0.541350 1.182504
v -1.189967 0.552506 1.236100
v -1.189967 0.582986 1.275334
v -1.385382 0.641044 1.219118
v -1.385382 0.657466 1.182504
v -1.385382 0.641044 1.145890
v -1.385382 0.608200 1.145890
v -1.385382 0.591778 1.182504
v -1.385382 0.608200 1.219118
v -0.960260 0.657466 1.182504
v -0.960260 0.641044 1.145890
v -0.960260 0.608200 1.145890
v -0.960260 0.591778 1.182504
v -0.960260 0.608200 1.219118
v -0.960260 0.641044 1.219118
v -1.341772 0.624622 1.687818
v -1.341772 0.666258 1.673458
v -1.341772 0.696738 1.634223
v -1.341772 0.707894 1.580627
v -1.341772 0.696738 1.527031
v -1.341772 0.666258 1.487797
v -1.341772 0.624622 1.473436
v -1.341772 0.582986 1.487797
v -1.341772 0.552506 1.527031
v -1.341772 0.541350 1.580627
v -1.341772 0.552506 1.634223
v -1.341772 0.582986 1.673457
v -0.977238 0.624622 1.716988
v -0.977238 0.677589 1.698719
v -0.977238 0.716363 1.648808
v -0.977238 0.730555 1.580627
v -0.977238 0.716363 1.512447
v -0.977238 0.677588 1.462535
v -0.977238 0.624622 1.444266
v -0.977238 0.571655 1.462535
v -0.977238 0.532881 1.512447
v -0.977238 0.518689 1.580627
v -0.977238 0.532881 1.648808
v -0.977238 0.571655 1.698719
v -1.334117 0.624622 1.716988
v -1.334117 0.677589 1.698719
v -1.334117 0.716363 1.648808
v -1.334117 0.730555 1.580627
v -1.334117 0.716363 1.512447
v -1.334117 0.677588 1.462535
v -1.334117 0.624622 1.444266
v -1.334117 0.571655 1.462535
v -1.334117 0.532881 1.512447
v -1.334117 0.518689 1.580627
v -1.334117 0.532881 1.648808
v -1.334117 0.571655 1.698719
v -1.189967 0.624622 1.687818
v -1.189967 0.666258 1.673458
v -1.189967 0.696738 1.634223
v -1.189967 0.707894 1.580627
v -1.189967 0.696738 1.527031
v -1.189967 0.666258 1.487797
v -1.189967 0.624622 1.473436
v -1.189967 0.582986 1.487797
v -1.189967 0.552506 1.527031
v -1.189967 0.541350 1.580627
v -1.189967 0.552506 1.634223
v -1.189967 0.582986 1.673457
v -1.385382 0.641044 1.617241
v -1.385382 0.657466 1.580627
v -1.385382 0.641044 1.544013
v -1.385382 0.608200 1.544013
v -1.385382 0.591778 1.580627
v -1.385382 0.608200 1.617241
v -0.960260 0.657466 1.580627
v -0.960260 0.641044 1.544013
v -0.960260 0.608200 1.544013
v -0.960260 0.591778 1.580627
v -0.960260 0.608200 1.617241
v -0.960260 0.641044 1.617241
v -1.341772 0.140981 1.503785
v -1.341772 0.203969 1.525510
v -1.341772 0.250080 1.584865
v -1.341772 0.266957 1.665946
v -1.341772 0.250080 1.747026
v -1.341772 0.203969 1.806381
v -1.341772 0.140981 1.828106
v -1.341772 0.077993 1.806381
v -1.341772 0.031883 1.747026
v -1.341772 0.015005 1.665946
v -1.341772 0.031883 1.584865
v -1.341772 0.077993 1.525510
v -0.977238 0.140981 1.474615
v -0.977238 0.215300 1.500249
v -0.977238 0.269704 1.570280
v -0.977238 0.289618 1.665946
v -0.977238 0.269704 1.761611
v -0.977238 0.215300 1.831643
v -0.977238 0.140981 1.857276
v -0.977238 0.066663 1.831643
v -0.977238 0.012258 1.761611
v -0.977238 -0.007656 1.665946
v -0.977238 0.012258 1.570280
v -0.977238 0.066663 1.500249
v -1.334117 0.140981 1.474615
v -1.334117 0.215300 1.500249
v -1.334117 0.269704 1.570280
v -1.334117 0.289618 1.665946
v -1.334117 0.269704 1.761611
v -1.334117 0.215300 1.831643
v -1.334117 0.140981 1.857276
v -1.334117 0.066663 1.831643
v -1.334117 0.012258 1.761611
v -1.334117 -0.007656 1.665946
v -1.334117 0.012258 1.570280
v -1.334117 0.066663 1.500249
v -1.189967 0.140981 1.503785
v -1.189967 0.203969 1.525510
v -1.189967 0.250080 1.584865
v -1.189967 0.266957 1.665946
v -1.189967 0.250080 1.747026
v -1.189967 0.203969 1.806381
v -1.189967 0.140981 1.828106
v -1.189967 0.077993 1.806381
v -1.189967 0.031883 1.747026
v -1.189967 0.015005 1.665946
v -1.189967 0.031883 1.584865
v -1.189967 0.077993 1.525510
v -1.399938 0.140981 1.620252
v -1.399938 0.171723 1.643098
v -1.399938 0.171723 1.688793
v -1.399938 0.140981 1.711640
v -1.399938 0.110239 1.688793
v -1.399938 0.110239 1.643098
v -0.960260 0.140981 1.620252
v -0.960260 0.171723 1.643098
v -0.960260 0.171723 1.688793
v -0.960260 0.140981 1.711640
v -0.960260 0.110239 1.688793
v -0.960260 0.110239 1.643098
v -1.341772 0.077993 1.109723
v -1.341772 0.140981 1.087998
v -1.341772 0.031883 1.169077
v -1.341772 0.015005 1.250158
v -1.341772 0.031883 1.331239
v -1.341772 0.077993 1.390593
v -1.341772 0.140981 1.412319
v -1.341772 0.203969 1.390593
v -1.341772 0.250080 1.331239
v -1.341772 0.266957 1.250158
v -1.341772 0.250080 1.169077
v -1.341772 0.203969 1.109723
v -0.977238 0.066663 1.084461
v -0.977238 0.140981 1.058828
v -0.977238 0.012258 1.154493
v -0.977238 -0.007656 1.250158
v -0.977238 0.012258 1.345824
v -0.977238 0.066663 1.415856
v -0.977238 0.140981 1.441489
v -0.977238 0.215300 1.415856
v -0.977238 0.269704 1.345824
v -0.977238 0.289618 1.250158
v -0.977238 0.269704 1.154493
v -0.977238 0.215300 1.084461
v -1.334117 0.066663 1.084461
v -1.334117 0.140981 1.058828
v -1.334117 0.012258 1.154493
v -1.334117 -0.007656 1.250158
v -1.334117 0.012258 1.345824
v -1.334117 0.066663 1.415856
v -1.334117 0.140981 1.441489
v -1.334117 0.215300 1.415856
v -1.334117 0.269704 1.345824
v -1.334117 0.289618 1.250158
v -1.334117 0.269704 1.154493
v -1.334117 0.215300 1.084461
v -1.189967 0.077993 1.109723
v -1.189967 0.140981 1.087998
v -1.189967 0.031883 1.169077
v -1.189967 0.015005 1.250158
v -1.189967 0.031883 1.331239
v -1.189967 0.077993 1.390593
v -1.189967 0.140981 1.412319
v -1.189967 0.203969 1.390593
v -1.189967 0.250080 1.331239
v -1.189967 0.266957 1.250158
v -1.189967 0.250080 1.169077
v -1.189967 0.203969 1.109723
v -1.399938 0.140981 1.204465
v -1.399938 0.110239 1.227312
v -1.399938 0.110239 1.273006
v -1.399938 0.140981 1.295852
v -1.399938 0.171723 1.273006
v -1.399938 0.171723 1.227312
v -0.960260 0.110239 1.227312
v -0.960260 0.140981 1.204465
v -0.960260 0.110239 1.273006
v -0.960260 0.140981 1.295852
v -0.960260 0.171723 1.273006
v -0.960260 0.171723 1.227312
v -1.341773 0.140981 0.672210
v -1.341773 0.203969 0.693935
v -1.341773 0.250080 0.753290
v -1.341773 0.266957 0.834371
v -1.341773 0.250080 0.915451
v -1.341773 0.203969 0.974806
v -1.341773 0.140981 0.996532
v -1.341773 0.077993 0.974806
v -1.341773 0.031883 0.915451
v -1.341773 0.015005 0.834371
v -1.341773 0.031883 0.753290
v -1.341773 0.077993 0.693935
v -0.977238 0.140981 0.643040
v -0.977238 0.215300 0.668673
v -0.977238 0.269704 0.738706
v -0.977238 0.289618 0.834370
v -0.977238 0.269704 0.930036
v -0.977238 0.215300 1.000068
v -0.977238 0.140981 1.025702
v -0.977238 0.066663 1.000068
v -0.977238 0.012258 0.930036
v -0.977238 -0.007655 0.834370
v -0.977238 0.012258 0.738706
v -0.977238 0.066663 0.668673
v -1.334117 0.140981 0.643040
v -1.334117 0.215300 0.668673
v -1.334117 0.269704 0.738706
v -1.334117 0.289618 0.834371
v -1.334117 0.269704 0.930036
v -1.334117 0.215300 1.000068
v -1.334117 0.140981 1.025702
v -1.334117 0.066663 1.000068
v -1.334117 0.012258 0.930036
v -1.334117 -0.007655 0.834371
v -1.334117 0.012258 0.738706
v -1.334117 0.066663 0.668673
v -1.189967 0.140981 0.672210
v -1.189967 0.203969 0.693935
v -1.189967 0.250080 0.753290
v -1.189967 0.266957 0.834370
v -1.189967 0.250080 0.915451
v -1.189967 0.203969 0.974806
v -1.189967 0.140981 0.996532
v -1.189967 0.077993 0.974806
v -1.189967 0.031883 0.915451
v -1.189967 0.015005 0.834370
v -1.189967 0.031883 0.753290
v -1.189967 0.077993 0.693935
v -1.399938 0.140981 0.788677
v -1.399938 0.171723 0.811524
v -1.399938 0.171723 0.857218
v -1.399938 0.140981 0.880065
v -1.399938 0.110239 0.857218
v -1.399938 0.110239 0.811524
v -0.960260 0.140981 0.788677
v -0.960260 0.171723 0.811524
v -0.960260 0.171723 0.857218
v -0.960260 0.140981 0.880065
v -0.960260 0.110239 0.857218
v -0.960260 0.110239 0.811524
v -1.354162 0.234503 0.181625
v -1.354162 0.291063 0.198243
v -1.354162 0.336421 0.244804
v -1.354162 0.361592 0.312087
v -1.354162 0.361592 0.386765
v -1.354162 0.336421 0.454048
v -1.354162 0.291063 0.500610
v -1.354162 0.234503 0.517227
v -1.354162 0.177943 0.500610
v -1.354162 0.132586 0.454048
v -1.354162 0.107414 0.386765
v -1.354162 0.107414 0.312087
v -1.354162 0.132586 0.244804
v -1.354162 0.177943 0.198243
v -0.977238 0.306779 0.156235
v -0.977238 0.234503 0.135001
v -0.977238 0.364739 0.215734
v -0.977238 0.396905 0.301712
v -0.977238 0.396905 0.397140
v -0.977238 0.364739 0.483118
v -0.977238 0.306779 0.542617
v -0.977238 0.234503 0.563851
v -0.977238 0.162228 0.542617
v -0.977238 0.104267 0.483118
v -0.977238 0.072102 0.397140
v -0.977238 0.072102 0.301712
v -0.977238 0.104267 0.215734
v -0.977238 0.162228 0.156235
v -1.334117 0.306779 0.156235
v -1.334117 0.234503 0.135001
v -1.334117 0.364739 0.215734
v -1.334117 0.396905 0.301712
v -1.334117 0.396905 0.397140
v -1.334117 0.364739 0.483118
v -1.334117 0.306779 0.542617
v -1.334117 0.234503 0.563851
v -1.334117 0.162228 0.542617
v -1.334117 0.104267 0.483118
v -1.334117 0.072102 0.397140
v -1.334117 0.072102 0.301712
v -1.334117 0.104267 0.215734
v -1.334117 0.162228 0.156235
v -1.194463 0.291063 0.198243
v -1.194463 0.234503 0.181625
v -1.194463 0.336421 0.244804
v -1.194463 0.361592 0.312087
v -1.194463 0.361592 0.386765
v -1.194463 0.336421 0.454048
v -1.194463 0.291063 0.500610
v -1.194463 0.234503 0.517227
v -1.194463 0.177943 0.500610
v -1.194463 0.132586 0.454048
v -1.194463 0.107414 0.386765
v -1.194463 0.107414 0.312087
v -1.194463 0.132586 0.244804
v -1.194463 0.177943 0.198243
v -0.960849 0.193736 0.307577
v -1.432809 0.234503 0.282306
v -1.432809 0.275270 0.307578
v -0.960849 0.183668 0.364361
v -1.432809 0.285339 0.364362
v -0.960849 0.211879 0.409898
v -1.432809 0.257127 0.409899
v -0.960849 0.257127 0.409898
v -1.432809 0.211879 0.409899
v -0.960849 0.285339 0.364361
v -1.432809 0.183668 0.364362
v -0.960849 0.234503 0.282305
v -1.432809 0.193736 0.307578
v -0.960849 0.275270 0.307577
v -1.354162 0.234503 -1.093864
v -1.354162 0.291063 -1.077246
v -1.354162 0.336421 -1.030685
v -1.354162 0.361592 -0.963402
v -1.354162 0.361592 -0.888724
v -1.354162 0.336421 -0.821441
v -1.354162 0.291063 -0.774880
v -1.354162 0.234503 -0.758263
v -1.354162 0.177943 -0.774880
v -1.354162 0.132586 -0.821441
v -1.354162 0.107414 -0.888724
v -1.354162 0.107414 -0.963403
v -1.354162 0.132586 -1.030685
v -1.354162 0.177943 -1.077247
v -0.977238 0.306779 -1.119254
v -0.977238 0.234503 -1.140488
v -0.977238 0.364739 -1.059755
v -0.977238 0.396905 -0.973777
v -0.977238 0.396905 -0.878349
v -0.977238 0.364739 -0.792371
v -0.977238 0.306779 -0.732873
v -0.977238 0.234503 -0.711638
v -0.977238 0.162228 -0.732873
v -0.977238 0.104267 -0.792371
v -0.977238 0.072102 -0.878349
v -0.977238 0.072102 -0.973778
v -0.977238 0.104267 -1.059755
v -0.977238 0.162228 -1.119254
v -1.334117 0.306779 -1.119254
v -1.334117 0.234503 -1.140488
v -1.334117 0.364739 -1.059755
v -1.334117 0.396905 -0.973777
v -1.334117 0.396905 -0.878349
v -1.334117 0.364739 -0.792371
v -1.334117 0.306779 -0.732873
v -1.334117 0.234503 -0.711638
v -1.334117 0.162228 -0.732873
v -1.334117 0.104267 -0.792371
v -1.334117 0.072102 -0.878349
v -1.334117 0.072102 -0.973778
v -1.334117 0.104267 -1.059755
v -1.334117 0.162228 -1.119254
v -1.194463 0.291063 -1.077246
v -1.194463 0.234503 -1.093864
v -1.194463 0.336421 -1.030685
v -1.194463 0.361592 -0.963402
v -1.194463 0.361592 -0.888724
v -1.194463 0.336421 -0.821441
v -1.194463 0.291063 -0.774880
v -1.194463 0.234503 -0.758263
v -1.194463 0.177943 -0.774880
v -1.194463 0.132586 -0.821441
v -1.194463 0.107414 -0.888724
v -1.194463 0.107414 -0.963403
v -1.194463 0.132586 -1.030685
v -1.194463 0.177943 -1.077247
v -0.960849 0.193736 -0.967913
v -1.432809 0.234503 -0.993184
v -1.432809 0.275270 -0.967912
v -0.960849 0.183668 -0.911129
v -1.432809 0.285339 -0.911127
v -0.960849 0.211879 -0.865591
v -1.432809 0.257127 -0.865590
v -0.960849 0.257127 -0.865591
v -1.432809 0.211879 -0.865590
v -0.960849 0.285339 -0.911129
v -1.432809 0.183668 -0.911127
v -0.960849 0.234503 -0.993185
v -1.432809 0.193736 -0.967912
v -0.960849 0.275270 -0.967913
v -1.341773 0.529126 -1.688961
v -1.341773 0.570762 -1.703321
v -1.341773 0.601242 -1.742556
v -1.341773 0.612398 -1.796152
v -1.341773 0.601242 -1.849747
v -1.341773 0.570762 -1.888982
v -1.341773 0.529126 -1.903343
v -1.341773 0.487490 -1.888982
v -1.341773 0.457010 -1.849747
v -1.341773 0.445854 -1.796152
v -1.341773 0.457010 -1.742556
v -1.341773 0.487490 -1.703321
v -0.977238 0.529126 -1.659791
v -0.977238 0.582093 -1.678060
v -0.977238 0.620867 -1.727971
v -0.977238 0.635059 -1.796152
v -0.977238 0.620867 -1.864332
v -0.977238 0.582093 -1.914244
v -0.977238 0.529126 -1.932513
v -0.977238 0.476159 -1.914244
v -0.977238 0.437385 -1.864332
v -0.977238 0.423193 -1.796152
v -0.977238 0.437385 -1.727971
v -0.977238 0.476159 -1.678060
v -1.334117 0.529126 -1.659791
v -1.334117 0.582093 -1.678060
v -1.334117 0.620867 -1.727971
v -1.334117 0.635059 -1.796152
v -1.334117 0.620867 -1.864332
v -1.334117 0.582093 -1.914244
v -1.334117 0.529126 -1.932513
v -1.334117 0.476159 -1.914244
v -1.334117 0.437385 -1.864332
v -1.334117 0.423193 -1.796152
v -1.334117 0.437385 -1.727971
v -1.334117 0.476159 -1.678060
v -1.189968 0.529126 -1.688961
v -1.189968 0.570762 -1.703321
v -1.189968 0.601242 -1.742556
v -1.189968 0.612398 -1.796152
v -1.189968 0.601242 -1.849747
v -1.189968 0.570762 -1.888982
v -1.189968 0.529126 -1.903343
v -1.189968 0.487490 -1.888982
v -1.189968 0.457010 -1.849747
v -1.189968 0.445854 -1.796152
v -1.189968 0.457010 -1.742556
v -1.189968 0.487490 -1.703321
v -1.385382 0.545548 -1.759537
v -1.385382 0.561970 -1.796151
v -1.385382 0.545548 -1.832765
v -1.385382 0.512704 -1.832765
v -1.385382 0.496282 -1.796151
v -1.385382 0.512704 -1.759537
v -0.960261 0.561970 -1.796152
v -0.960261 0.545548 -1.832766
v -0.960261 0.512704 -1.832766
v -0.960261 0.496282 -1.796152
v -0.960261 0.512704 -1.759538
v -0.960261 0.545548 -1.759538
v -1.341773 0.529126 -1.308286
v -1.341773 0.570762 -1.322647
v -1.341773 0.601242 -1.361882
v -1.341773 0.612398 -1.415478
v -1.341773 0.601242 -1.469073
v -1.341773 0.570762 -1.508308
v -1.341773 0.529126 -1.522669
v -1.341773 0.487490 -1.508308
v -1.341773 0.457010 -1.469073
v -1.341773 0.445854 -1.415478
v -1.341773 0.457010 -1.361882
v -1.341773 0.487490 -1.322647
v -0.977238 0.529126 -1.279117
v -0.977238 0.582093 -1.297385
v -0.977238 0.620867 -1.347297
v -0.977238 0.635059 -1.415478
v -0.977238 0.620867 -1.483658
v -0.977238 0.582093 -1.533570
v -0.977238 0.529126 -1.551839
v -0.977238 0.476159 -1.533570
v -0.977238 0.437385 -1.483658
v -0.977238 0.423193 -1.415478
v -0.977238 0.437385 -1.347297
v -0.977238 0.476159 -1.297385
v -1.334117 0.529126 -1.279117
v -1.334117 0.582093 -1.297385
v -1.334117 0.620867 -1.347297
v -1.334117 0.635059 -1.415478
v -1.334117 0.620867 -1.483658
v -1.334117 0.582093 -1.533570
v -1.334117 0.529126 -1.551839
v -1.334117 0.476159 -1.533570
v -1.334117 0.437385 -1.483658
v -1.334117 0.423193 -1.415478
v -1.334117 0.437385 -1.347297
v -1.334117 0.476159 -1.297385
v -1.189968 0.529126 -1.308286
v -1.189968 0.570762 -1.322647
v -1.189968 0.601242 -1.361882
v -1.189968 0.612398 -1.415478
v -1.189968 0.601242 -1.469073
v -1.189968 0.570762 -1.508308
v -1.189968 0.529126 -1.522669
v -1.189968 0.487490 -1.508308
v -1.189968 0.457010 -1.469073
v -1.189968 0.445854 -1.415478
v -1.189968 0.457010 -1.361882
v -1.189968 0.487490 -1.322647
v -1.385382 0.545548 -1.378864
v -1.385382 0.561970 -1.415478
v -1.385382 0.545548 -1.452092
v -1.385382 0.512704 -1.452092
v -1.385382 0.496282 -1.415478
v -1.385382 0.512704 -1.378864
v -0.960261 0.561970 -1.415478
v -0.960261 0.545548 -1.452092
v -0.960261 0.512704 -1.452092
v -0.960261 0.496282 -1.415478
v -0.960261 0.512704 -1.378864
v -0.960261 0.545548 -1.378864
v -1.341773 0.140981 -1.233490
v -1.341773 0.203969 -1.255216
v -1.341773 0.250080 -1.314571
v -1.341773 0.266957 -1.395651
v -1.341773 0.250080 -1.476731
v -1.341773 0.203969 -1.536086
v -1.341773 0.140981 -1.557812
v -1.341773 0.077993 -1.536086
v -1.341773 0.031883 -1.476731
v -1.341773 0.015005 -1.395651
v -1.341773 0.031883 -1.314571
v -1.341773 0.077993 -1.255216
v -0.977238 0.140981 -1.204320
v -0.977238 0.215300 -1.229954
v -0.977238 0.269704 -1.299986
v -0.977238 0.289618 -1.395651
v -0.977238 0.269704 -1.491316
v -0.977238 0.215300 -1.561348
v -0.977238 0.140981 -1.586982
v -0.977238 0.066663 -1.561348
v -0.977238 0.012258 -1.491316
v -0.977238 -0.007655 -1.395651
v -0.977238 0.012258 -1.299986
v -0.977238 0.066663 -1.229954
v -1.334117 0.140981 -1.204320
v -1.334117 0.215300 -1.229954
v -1.334117 0.269704 -1.299986
v -1.334117 0.289618 -1.395651
v -1.334117 0.269704 -1.491316
v -1.334117 0.215300 -1.561348
v -1.334117 0.140981 -1.586982
v -1.334117 0.066663 -1.561348
v -1.334117 0.012258 -1.491316
v -1.334117 -0.007655 -1.395651
v -1.334117 0.012258 -1.299986
v -1.334117 0.066663 -1.229954
v -1.189968 0.140981 -1.233490
v -1.189968 0.203969 -1.255216
v -1.189968 0.250080 -1.314571
v -1.189968 0.266957 -1.395651
v -1.189968 0.250080 -1.476731
v -1.189968 0.203969 -1.536086
v -1.189968 0.140981 -1.557812
v -1.189968 0.077993 -1.536086
v -1.189968 0.031883 -1.476731
v -1.189968 0.015005 -1.395651
v -1.189968 0.031883 -1.314571
v -1.189968 0.077993 -1.255216
v -1.399938 0.171723 -1.372804
v -1.399938 0.171723 -1.418498
v -1.399938 0.140981 -1.441345
v -1.399938 0.110239 -1.418498
v -1.399938 0.110239 -1.372804
v -1.399938 0.140981 -1.349957
v -0.960261 0.171723 -1.418498
v -0.960261 0.140981 -1.441345
v -0.960261 0.110239 -1.418498
v -0.960261 0.110239 -1.372804
v -0.960261 0.140981 -1.349957
v -0.960261 0.171723 -1.372804
v -1.341773 0.266957 -1.811439
v -1.341773 0.250080 -1.892519
v -1.341773 0.203969 -1.951874
v -1.341773 0.140981 -1.973599
v -1.341773 0.077993 -1.951874
v -1.341773 0.250080 -1.730359
v -1.341773 0.203969 -1.671003
v -1.341773 0.140981 -1.649278
v -1.341773 0.031883 -1.892519
v -1.341773 0.077993 -1.671003
v -1.341773 0.031883 -1.730358
v -1.341773 0.015005 -1.811439
v -0.977238 0.289618 -1.811439
v -0.977238 0.269704 -1.907104
v -0.977238 0.215299 -1.977136
v -0.977238 0.140981 -2.002769
v -0.977238 0.066663 -1.977136
v -0.977238 0.269704 -1.715774
v -0.977238 0.215300 -1.645741
v -0.977238 0.140981 -1.620108
v -0.977238 0.012258 -1.907104
v -0.977238 0.066663 -1.645741
v -0.977238 0.012258 -1.715773
v -0.977238 -0.007656 -1.811439
v -1.334117 0.289618 -1.811439
v -1.334117 0.269704 -1.907104
v -1.334117 0.215299 -1.977136
v -1.334117 0.140981 -2.002769
v -1.334117 0.066663 -1.977136
v -1.334117 0.269704 -1.715774
v -1.334117 0.215300 -1.645741
v -1.334117 0.140981 -1.620108
v -1.334117 0.012258 -1.907104
v -1.334117 0.066663 -1.645741
v -1.334117 0.012258 -1.715773
v -1.334117 -0.007656 -1.811439
v -1.189968 0.266957 -1.811439
v -1.189968 0.250080 -1.892519
v -1.189968 0.203969 -1.951874
v -1.189968 0.140981 -1.973599
v -1.189968 0.077993 -1.951874
v -1.189968 0.250080 -1.730359
v -1.189968 0.203969 -1.671003
v -1.189968 0.140981 -1.649278
v -1.189968 0.031883 -1.892519
v -1.189968 0.077993 -1.671003
v -1.189968 0.031883 -1.730358
v -1.189968 0.015005 -1.811439
v -1.399938 0.171723 -1.834285
v -1.399938 0.140981 -1.857132
v -1.399938 0.171723 -1.788591
v -1.399938 0.140981 -1.765744
v -1.399938 0.110239 -1.834285
v -1.399938 0.110239 -1.788591
v -0.960261 0.171723 -1.788592
v -0.960261 0.171723 -1.834285
v -0.960261 0.140981 -1.857132
v -0.960261 0.140981 -1.765744
v -0.960261 0.110239 -1.834285
v -0.960261 0.110239 -1.788592
v -1.334117 0.517663 -2.571287
v -1.334117 0.494134 -2.637096
v -1.334117 0.474621 -2.705048
v -1.334117 0.421832 -2.730166
v -1.334117 0.266794 -2.705048
v -1.334117 0.247280 -2.637096
v -1.334117 0.223751 -2.571287
v -1.334117 0.247280 -2.505476
v -1.334117 0.266794 -2.437526
v -1.334117 0.319582 -2.412408
v -1.334117 0.370707 -2.382120
v -1.334117 0.421832 -2.412408
v -1.334117 0.474621 -2.437526
v -1.334117 0.494134 -2.505476
v -1.334117 0.370707 -2.760454
v -1.334117 0.319582 -2.730166
v -0.977238 0.563255 -2.571287
v -0.977238 0.548598 -2.666136
v -0.977238 0.506859 -2.746547
v -0.977238 0.444392 -2.800274
v -0.977238 0.234555 -2.746547
v -0.977238 0.192816 -2.666136
v -0.977238 0.178160 -2.571287
v -0.977238 0.192816 -2.476437
v -0.977238 0.234555 -2.396028
v -0.977238 0.297022 -2.342299
v -0.977238 0.370707 -2.323432
v -0.977238 0.444392 -2.342299
v -0.977238 0.506859 -2.396028
v -0.977238 0.548598 -2.476437
v -0.977238 0.370707 -2.819142
v -0.977238 0.297022 -2.800274
v -1.334117 0.563255 -2.571287
v -1.334117 0.548598 -2.666136
v -1.334117 0.506859 -2.746547
v -1.334117 0.444392 -2.800274
v -1.334117 0.234555 -2.746547
v -1.334117 0.192816 -2.666136
v -1.334117 0.178160 -2.571287
v -1.334117 0.192816 -2.476437
v -1.334117 0.234555 -2.396028
v -1.334117 0.297022 -2.342299
v -1.334117 0.370707 -2.323432
v -1.334117 0.444392 -2.342299
v -1.334117 0.506859 -2.396028
v -1.334117 0.548598 -2.476437
v -1.334117 0.370707 -2.819142
v -1.334117 0.297022 -2.800274
v -1.228608 0.517663 -2.571287
v -1.228608 0.494134 -2.637096
v -1.228608 0.474621 -2.705048
v -1.228608 0.421832 -2.730166
v -1.228608 0.266794 -2.705048
v -1.228608 0.247280 -2.637096
v -1.228608 0.223751 -2.571287
v -1.228608 0.247280 -2.505476
v -1.228608 0.266794 -2.437526
v -1.228608 0.319582 -2.412408
v -1.228608 0.370707 -2.382120
v -1.228608 0.421832 -2.412408
v -1.228608 0.474621 -2.437526
v -1.228608 0.494134 -2.505476
v -1.228608 0.370707 -2.760454
v -1.228608 0.319582 -2.730166
v -1.275624 0.473141 -2.571287
v -1.275624 0.465344 -2.621746
v -1.275624 0.443139 -2.664524
v -1.275624 0.409907 -2.693107
v -1.275624 0.298275 -2.664524
v -1.275624 0.276070 -2.621746
v -1.275624 0.268273 -2.571287
v -1.275624 0.276070 -2.520827
v -1.275624 0.298275 -2.478050
v -1.275624 0.331507 -2.449467
v -1.275624 0.370707 -2.439430
v -1.275624 0.409907 -2.449467
v -1.275624 0.443139 -2.478050
v -1.275624 0.465344 -2.520827
v -1.275624 0.370707 -2.703144
v -1.275624 0.331507 -2.693107
v -0.960219 0.473141 -2.571287
v -0.960219 0.465344 -2.621746
v -0.960219 0.443139 -2.664524
v -0.960219 0.409907 -2.693107
v -0.960219 0.298275 -2.664524
v -0.960219 0.276070 -2.621746
v -0.960219 0.268273 -2.571287
v -0.960219 0.276070 -2.520827
v -0.960219 0.298275 -2.478050
v -0.960219 0.331507 -2.449467
v -0.960219 0.370707 -2.439430
v -0.960219 0.409907 -2.449467
v -0.960219 0.443139 -2.478050
v -0.960219 0.465344 -2.520827
v -0.960219 0.370707 -2.703144
v -0.960219 0.331507 -2.693107
v -1.246682 0.417776 -2.571287
v -1.246682 0.414193 -2.594473
v -1.246682 0.403990 -2.614130
v -1.246682 0.388719 -2.627263
v -1.246682 0.337425 -2.614130
v -1.246682 0.327222 -2.594473
v -1.246682 0.323639 -2.571287
v -1.246682 0.327222 -2.548101
v -1.246682 0.337425 -2.528445
v -1.246682 0.352695 -2.515311
v -1.246682 0.370707 -2.510699
v -1.246682 0.388719 -2.515311
v -1.246682 0.403990 -2.528445
v -1.246682 0.414193 -2.548101
v -1.246682 0.370707 -2.631876
v -1.246682 0.352695 -2.627263
v -1.425194 0.396565 -2.571287
v -1.425194 0.394585 -2.594473
v -1.425194 0.403990 -2.614130
v -1.425194 0.388719 -2.627264
v -1.425194 0.337425 -2.614130
v -1.425194 0.346527 -2.594473
v -1.425194 0.344547 -2.571287
v -1.425194 0.346527 -2.548101
v -1.425194 0.337425 -2.528445
v -1.425194 0.352695 -2.515311
v -1.425194 0.370707 -2.510699
v -1.425194 0.388719 -2.515311
v -1.425194 0.403990 -2.528445
v -1.425194 0.394585 -2.548101
v -1.425194 0.370707 -2.631876
v -1.425194 0.352695 -2.627264
v -1.335845 0.536097 -2.809100
v -1.335845 0.591090 -2.711719
v -1.335845 0.612096 -2.614895
v -1.335845 0.615005 -2.489027
v -1.335845 0.622032 -2.337911
v -1.335845 0.631293 -2.206030
v -1.335845 0.643495 -2.039525
v -1.335845 0.656204 -1.860922
v -1.335845 0.665841 -1.698821
v -1.335845 0.668138 -1.552912
v -1.335845 0.656967 -1.408383
v -1.335845 0.621311 -1.241068
v -1.335845 0.545030 -1.033584
v -1.335845 0.433074 -0.827541
v -1.335845 0.333705 -0.709681
v -1.335845 0.270591 -0.672869
v -1.335845 0.231100 -0.670603
v -1.335845 0.197246 -0.676410
v -1.335845 0.152343 -0.695685
v -1.335845 0.094692 -0.745843
v -1.335845 0.049201 -0.828175
v -1.335845 0.026951 -0.920660
v -1.335845 0.012792 -1.017578
v -1.335845 -0.005763 -1.131498
v -1.335845 -0.024396 -1.253281
v -1.335845 -0.036328 -1.367965
v -1.335845 -0.037648 -1.464204
v -1.335845 -0.033623 -1.545029
v -1.335845 -0.030755 -1.617085
v -1.335845 -0.032761 -1.686311
v -1.335845 -0.036950 -1.750559
v -1.335845 -0.039366 -1.806604
v -1.335845 -0.035859 -1.854132
v -1.335845 -0.024574 -1.906435
v -1.335845 -0.003994 -1.987307
v -1.335845 0.097581 -2.447177
v -1.335845 0.121154 -2.584501
v -1.335845 0.150960 -2.707401
v -1.335845 0.207178 -2.808956
v -1.335845 0.278427 -2.864709
v -1.335845 0.333160 -2.881687
v -1.335845 0.371698 -2.883733
v -1.335845 0.410235 -2.881687
v -1.335845 0.464967 -2.864709
v -1.335845 0.515749 -2.780600
v -1.335845 0.563989 -2.694947
v -1.335845 0.582355 -2.609178
v -1.335845 0.584963 -2.487338
v -1.335845 0.592046 -2.335014
v -1.335845 0.601350 -2.202471
v -1.335845 0.613554 -2.035942
v -1.335845 0.626240 -1.857678
v -1.335845 0.635806 -1.696944
v -1.335845 0.638089 -1.554422
v -1.335845 0.627399 -1.415433
v -1.335845 0.593114 -1.254517
v -1.335845 0.519025 -1.053019
v -1.335845 0.410416 -0.852988
v -1.335845 0.317044 -0.741904
v -1.335845 0.263725 -0.710555
v -1.335845 0.232592 -0.709263
v -1.335845 0.203959 -0.714140
v -1.335845 0.165558 -0.730454
v -1.335845 0.115682 -0.773562
v -1.335845 0.076195 -0.845233
v -1.335845 0.056156 -0.929881
v -1.335845 0.042287 -1.025114
v -1.335845 0.023704 -1.139211
v -1.335845 0.005270 -1.259603
v -1.335845 -0.006343 -1.370882
v -1.335845 -0.007586 -1.463294
v -1.335845 -0.003602 -1.542803
v -1.335845 -0.000685 -1.616819
v -1.335845 -0.002745 -1.688642
v -1.335845 -0.006954 -1.753285
v -1.335845 -0.009301 -1.805900
v -1.335845 -0.006294 -1.847062
v -1.335845 0.004197 -1.895176
v -1.335845 0.024664 -1.975581
v -1.335845 0.126817 -2.438120
v -1.335845 0.150228 -2.574618
v -1.335845 0.177935 -2.690294
v -1.335845 0.227646 -2.780598
v -1.335845 0.289797 -2.828874
v -1.335845 0.337217 -2.843332
v -1.335845 0.371698 -2.845024
v -1.335845 0.406178 -2.843332
v -1.335845 0.453598 -2.828875
v -0.960016 0.453598 -2.828875
v -0.960016 0.515749 -2.780600
v -0.960016 0.371698 -2.845024
v -0.960016 0.406178 -2.843332
v -0.960016 0.289797 -2.828874
v -0.960016 0.337217 -2.843332
v -0.960016 0.177935 -2.690294
v -0.960016 0.227646 -2.780598
v -0.960016 0.126817 -2.438120
v -0.960016 0.150228 -2.574618
v -0.960016 0.004197 -1.895176
v -0.960016 0.024664 -1.975581
v -0.960016 -0.009301 -1.805900
v -0.960016 -0.006294 -1.847062
v -0.960016 -0.002745 -1.688642
v -0.960016 -0.006954 -1.753285
v -0.960016 -0.003602 -1.542803
v -0.960016 -0.000685 -1.616819
v -0.960016 -0.006343 -1.370882
v -0.960016 -0.007586 -1.463294
v -0.960016 0.023704 -1.139211
v -0.960016 0.005270 -1.259603
v -0.960016 0.056156 -0.929881
v -0.960016 0.042287 -1.025114
v -0.960016 0.115682 -0.773562
v -0.960016 0.076195 -0.845233
v -0.960016 0.203959 -0.714140
v -0.960016 0.165558 -0.730454
v -0.960016 0.263725 -0.710555
v -0.960016 0.232592 -0.709263
v -0.960016 0.410416 -0.852988
v -0.960016 0.317044 -0.741904
v -0.960016 0.593114 -1.254517
v -0.960016 0.519025 -1.053019
v -0.960016 0.638089 -1.554422
v -0.960016 0.627399 -1.415433
v -0.960016 0.613554 -2.035943
v -0.960016 0.626240 -1.857678
v -0.960016 0.584963 -2.487338
v -0.960016 0.592046 -2.335014
v -0.960016 0.563989 -2.694947
v -0.960016 0.582355 -2.609178
v -0.960016 0.410235 -2.881687
v -0.960016 0.464967 -2.864709
v -0.960016 0.333160 -2.881687
v -0.960016 0.371698 -2.883733
v -0.960016 0.207178 -2.808956
v -0.960016 0.278427 -2.864709
v -0.960016 0.121154 -2.584501
v -0.960016 0.150960 -2.707401
v -0.960016 -0.003994 -1.987307
v -0.960016 0.097581 -2.447177
v -0.960016 -0.035859 -1.854132
v -0.960016 -0.024574 -1.906435
v -0.960016 -0.036950 -1.750560
v -0.960016 -0.039366 -1.806604
v -0.960016 -0.030755 -1.617085
v -0.960016 -0.032761 -1.686311
v -0.960016 -0.037648 -1.464204
v -0.960016 -0.033623 -1.545029
v -0.960016 -0.024396 -1.253281
v -0.960016 -0.036328 -1.367965
v -0.960016 0.012792 -1.017578
v -0.960016 -0.005763 -1.131498
v -0.960016 0.049201 -0.828175
v -0.960016 0.026951 -0.920660
v -0.960016 0.152343 -0.695685
v -0.960016 0.094692 -0.745843
v -0.960015 0.231100 -0.670603
v -0.960016 0.197246 -0.676410
v -0.960016 0.333705 -0.709681
v -0.960016 0.270591 -0.672869
v -0.960016 0.545030 -1.033584
v -0.960016 0.433074 -0.827541
v -0.960016 0.656967 -1.408383
v -0.960016 0.621311 -1.241068
v -0.960016 0.665841 -1.698821
v -0.960016 0.668138 -1.552912
v -0.960016 0.643495 -2.039525
v -0.960016 0.656204 -1.860922
v -0.960016 0.622032 -2.337912
v -0.960016 0.631293 -2.206030
v -0.960016 0.612096 -2.614896
v -0.960016 0.615005 -2.489027
v -0.960016 0.601350 -2.202471
v -0.960016 0.536097 -2.809100
v -0.960016 0.635806 -1.696944
v -0.960016 0.591090 -2.711719
v -1.335845 0.538919 2.683194
v -1.335845 0.600976 2.572813
v -1.335845 0.464268 2.743479
v -1.335845 0.518374 2.654930
v -1.335845 0.574172 2.555267
v -1.335845 0.452503 2.707857
v -0.960015 0.452503 2.707857
v -0.960015 0.518374 2.654930
v -0.960015 0.574172 2.555267
v -0.960015 0.607464 2.424392
v -0.960015 0.634646 2.265583
v -0.960015 0.669781 2.069128
v -0.960015 0.636472 2.434591
v -0.960015 0.663981 2.274089
v -0.960015 0.699133 2.077543
v -0.960015 0.734167 1.867966
v -0.960015 0.758776 1.669806
v -0.960015 0.766635 1.497035
v -0.960015 0.704612 1.860833
v -0.960015 0.728882 1.665614
v -0.960015 0.736571 1.496226
v -0.960015 0.734593 1.341866
v -0.960015 0.732540 1.193173
v -0.960015 0.737155 1.048123
v -0.960015 0.764659 1.341203
v -0.960015 0.762609 1.193621
v -0.960015 0.767207 1.049499
v -0.960015 0.770476 0.906901
v -0.960015 0.757331 0.761180
v -0.960015 0.706730 0.601324
v -0.960015 0.740431 0.908519
v -0.960015 0.728199 0.770779
v -0.960015 0.680442 0.620118
v -0.960015 0.578389 0.438618
v -0.960015 0.436449 0.260488
v -0.960015 0.323570 0.161854
v -0.960015 0.601148 0.413319
v -0.960015 0.455463 0.230501
v -0.960015 0.337246 0.127382
v -0.960015 0.269922 0.096181
v -0.960015 0.230929 0.094729
v -0.960015 0.197246 0.100524
v -0.960015 0.264409 0.134233
v -0.960015 0.232592 0.133377
v -0.960015 0.203959 0.138255
v -0.960015 0.165558 0.154568
v -0.960015 0.115682 0.197676
v -0.960015 0.076268 0.268711
v -0.960015 0.152343 0.119799
v -0.960015 0.094728 0.169912
v -0.960015 0.049343 0.251476
v -0.960015 0.027380 0.340558
v -0.960015 0.013690 0.431533
v -0.960015 -0.004688 0.539389
v -0.960015 0.056540 0.350011
v -0.960015 0.043141 0.439348
v -0.960015 0.024726 0.547431
v -0.960015 0.005932 0.665122
v -0.960015 -0.005786 0.776980
v -0.960015 -0.005769 0.870211
v -0.960015 -0.023713 0.658636
v -0.960015 -0.035789 0.774393
v -0.960015 -0.035807 0.872034
v -0.960015 -0.029957 0.952322
v -0.960015 -0.026460 1.021742
v -0.960015 -0.030097 1.089774
v -0.960015 0.000021 0.949276
v -0.960015 0.003611 1.021821
v -0.960015 -0.000165 1.093487
v -0.960015 -0.007195 1.165841
v -0.960015 -0.011410 1.239050
v -0.960015 -0.009040 1.312730
v -0.960015 -0.037117 1.162008
v -0.960015 -0.041476 1.238421
v -0.960015 -0.039044 1.315304
v -0.960015 -0.033772 1.389106
v -0.960015 -0.030754 1.459886
v -0.960015 -0.032761 1.529041
v -0.960015 -0.003782 1.386281
v -0.960015 -0.000685 1.459549
v -0.960015 -0.002745 1.531372
v -0.960015 -0.006954 1.596015
v -0.960015 -0.009301 1.648629
v -0.960015 -0.006397 1.689834
v -0.960015 -0.036950 1.593289
v -0.960015 -0.039367 1.649270
v -0.960015 -0.036025 1.696450
v -0.960015 -0.025674 1.748472
v -0.960015 -0.007430 1.829861
v -0.960015 0.099813 2.441917
v -0.960015 0.003331 1.738261
v -0.960015 0.021561 1.819583
v -0.960015 0.129069 2.432968
v -0.960015 0.157098 2.556462
v -0.960015 0.211219 2.654929
v -0.960015 0.279291 2.707857
v -0.960015 0.130021 2.573298
v -0.960015 0.190739 2.683271
v -0.960015 0.267891 2.743675
v -0.960015 0.326784 2.762055
v -0.960015 0.367707 2.764270
v -0.960015 0.407740 2.762021
v -0.960015 0.330882 2.723708
v -0.960015 0.367690 2.725563
v -0.960015 0.403452 2.723707
v -1.335845 0.367690 2.725563
v -1.335845 0.403452 2.723707
v -1.335845 0.367707 2.764270
v -1.335845 0.407740 2.762021
v -1.335845 0.330882 2.723708
v -1.335845 0.279291 2.707857
v -1.335845 0.211219 2.654929
v -0.960015 0.464268 2.743479
v -0.960015 0.538919 2.683194
v -1.335845 0.326784 2.762055
v -1.335845 0.267891 2.743675
v -1.335845 0.190739 2.683271
v -1.335845 0.130021 2.573298
v -1.335845 0.099813 2.441917
v -1.335845 -0.007430 1.829861
v -1.335845 0.157098 2.556462
v -1.335845 0.129069 2.432968
v -1.335845 0.021561 1.819583
v -1.335845 0.003331 1.738261
v -1.335845 -0.006397 1.689834
v -1.335845 -0.009301 1.648629
v -1.335845 -0.025674 1.748472
v -1.335845 -0.036025 1.696450
v -1.335845 -0.039367 1.649270
v -1.335845 -0.036950 1.593290
v -1.335845 -0.032761 1.529041
v -1.335845 -0.030754 1.459886
v -1.335845 -0.006954 1.596015
v -1.335845 -0.002745 1.531372
v -1.335845 -0.000685 1.459549
v -1.335845 -0.003782 1.386281
v -1.335845 -0.009040 1.312730
v -1.335845 -0.011410 1.239051
v -1.335845 -0.033772 1.389106
v -1.335845 -0.039044 1.315304
v -1.335845 -0.041476 1.238421
v -1.335845 -0.037117 1.162009
v -1.335845 -0.030097 1.089774
v -1.335845 -0.026460 1.021742
v -1.335845 -0.007195 1.165841
v -1.335845 -0.000165 1.093487
v -1.335845 0.003611 1.021821
v -1.335845 0.000021 0.949276
v -1.335845 -0.005769 0.870211
v -1.335845 -0.005786 0.776980
v -1.335845 -0.029957 0.952322
v -1.335845 -0.035807 0.872034
v -1.335845 -0.035789 0.774393
v -1.335845 -0.023713 0.658636
v -1.335845 -0.004688 0.539389
v -1.335845 0.013690 0.431533
v -1.335845 0.005932 0.665122
v -1.335845 0.024726 0.547431
v -1.335845 0.043141 0.439348
v -1.335845 0.056540 0.350011
v -1.335845 0.076268 0.268711
v -1.335845 0.115682 0.197676
v -1.335845 0.027381 0.340558
v -1.335845 0.049343 0.251476
v -1.335845 0.094728 0.169912
v -1.335845 0.152343 0.119799
v -1.335845 0.197246 0.100524
v -1.335845 0.230929 0.094729
v -1.335845 0.165558 0.154568
v -1.335845 0.203959 0.138255
v -1.335845 0.232592 0.133377
v -1.335845 0.264409 0.134233
v -1.335845 0.323570 0.161854
v -1.335845 0.436449 0.260488
v -1.335845 0.269922 0.096181
v -1.335845 0.337246 0.127382
v -1.335845 0.455463 0.230501
v -1.335845 0.601148 0.413319
v -1.335845 0.706730 0.601324
v -1.335845 0.757331 0.761180
v -1.335845 0.578389 0.438618
v -1.335845 0.680442 0.620118
v -1.335845 0.728199 0.770779
v -1.335845 0.740431 0.908519
v -1.335845 0.737155 1.048123
v -1.335845 0.732540 1.193173
v -1.335845 0.770476 0.906902
v -1.335845 0.767207 1.049499
v -1.335845 0.762609 1.193621
v -1.335845 0.764659 1.341204
v -1.335845 0.766635 1.497036
v -1.335845 0.758776 1.669806
v -1.335845 0.734593 1.341866
v -1.335845 0.736571 1.496226
v -1.335845 0.728882 1.665614
v -1.335845 0.704612 1.860833
v -1.335845 0.669781 2.069128
v -1.335845 0.634646 2.265583
v -1.335845 0.734167 1.867966
v -1.335845 0.699133 2.077543
v -1.335845 0.663981 2.274089
v -1.335845 0.636472 2.434591
v -1.335845 0.607464 2.424392
v -0.960015 0.600976 2.572813
v -1.334119 0.437623 2.692645
v -1.334119 0.369915 2.706449
v -1.334119 0.498703 2.652583
v -1.334119 0.547177 2.590185
v -1.334119 0.578299 2.511561
v -1.334119 0.589023 2.424403
v -1.334120 0.578299 2.337247
v -1.334120 0.547177 2.258623
v -1.334120 0.498703 2.196225
v -1.334120 0.437623 2.156164
v -1.334120 0.369915 2.142359
v -1.334120 0.302206 2.156164
v -1.334120 0.241126 2.196225
v -1.334120 0.192652 2.258623
v -1.334120 0.161530 2.337248
v -1.334119 0.150806 2.424404
v -1.334119 0.161530 2.511561
v -1.334119 0.192652 2.590186
v -1.334119 0.241126 2.652583
v -1.334119 0.302207 2.692645
v -0.977340 0.437623 2.692645
v -0.977340 0.369915 2.706449
v -0.977340 0.498703 2.652583
v -0.977340 0.547177 2.590185
v -0.977340 0.578299 2.511561
v -0.977340 0.589023 2.424403
v -0.977340 0.578299 2.337247
v -0.977340 0.547177 2.258623
v -0.977340 0.498703 2.196225
v -0.977340 0.437623 2.156164
v -0.977340 0.369915 2.142359
v -0.977340 0.302206 2.156164
v -0.977340 0.241126 2.196225
v -0.977340 0.192652 2.258623
v -0.977340 0.161530 2.337248
v -0.977340 0.150806 2.424404
v -0.977340 0.161530 2.511561
v -0.977340 0.192652 2.590186
v -0.977340 0.241126 2.652583
v -0.977340 0.302207 2.692645
v -1.334119 0.418845 2.618251
v -1.334119 0.369915 2.648609
v -1.334119 0.369915 2.648609
v -1.334119 0.472292 2.605790
v -1.334119 0.472292 2.605790
v -1.334119 0.498015 2.544208
v -1.334119 0.535565 2.493687
v -1.334119 0.535565 2.493687
v -1.334119 0.528256 2.424403
v -1.334120 0.535565 2.355121
v -1.334120 0.535565 2.355121
v -1.334120 0.498015 2.304600
v -1.334120 0.472292 2.243019
v -1.334120 0.472292 2.243019
v -1.334120 0.418845 2.230558
v -1.334120 0.369915 2.200199
v -1.334120 0.369915 2.200199
v -1.334120 0.320984 2.230558
v -1.334120 0.267537 2.243019
v -1.334120 0.267537 2.243019
v -1.334120 0.241814 2.304600
v -1.334120 0.204264 2.355121
v -1.334120 0.204264 2.355121
v -1.334119 0.211573 2.424404
v -1.334119 0.204264 2.493687
v -1.334119 0.204264 2.493687
v -1.334119 0.241814 2.544209
v -1.334119 0.267537 2.605790
v -1.334119 0.267537 2.605790
v -1.334119 0.320985 2.618251
v -1.228610 0.369915 2.648609
v -1.228610 0.535565 2.355121
v -1.228610 0.472292 2.243019
v -1.228610 0.369915 2.200199
v -1.228610 0.267537 2.243019
v -1.228610 0.204264 2.355121
v -1.228610 0.472292 2.605790
v -1.228610 0.204264 2.493687
v -1.228610 0.535565 2.493687
v -1.228610 0.267537 2.605790
v -1.275627 0.405935 2.567106
v -1.275627 0.369915 2.574450
v -1.275627 0.438430 2.545794
v -1.275627 0.464217 2.512599
v -1.275627 0.480774 2.470771
v -1.275627 0.486479 2.424403
v -1.275627 0.480774 2.378037
v -1.275627 0.464217 2.336209
v -1.275627 0.438430 2.303014
v -1.275627 0.405935 2.281702
v -1.275627 0.369915 2.274358
v -1.275627 0.333894 2.281702
v -1.275627 0.301400 2.303014
v -1.275627 0.275612 2.336209
v -1.275627 0.259055 2.378037
v -1.275627 0.253350 2.424404
v -1.275627 0.259055 2.470771
v -1.275627 0.275612 2.512599
v -1.275627 0.301400 2.545794
v -1.275627 0.333894 2.567106
v -1.425193 0.401397 2.480181
v -1.425193 0.386466 2.489975
v -1.425193 0.413247 2.464928
v -1.425193 0.413247 2.464928
v -1.425193 0.401561 2.445709
v -1.425193 0.403181 2.424403
v -1.425193 0.401561 2.403098
v -1.425194 0.413247 2.383878
v -1.425194 0.413247 2.383878
v -1.425194 0.401397 2.368624
v -1.425194 0.386466 2.358832
v -1.425194 0.353363 2.358832
v -1.425194 0.338432 2.368624
v -1.425194 0.326583 2.383878
v -1.425194 0.326583 2.383878
v -1.425193 0.338571 2.403098
v -1.425193 0.336951 2.424403
v -1.425193 0.338571 2.445709
v -1.425193 0.326583 2.464929
v -1.425193 0.326583 2.464929
v -1.425193 0.338432 2.480181
v -1.425193 0.353363 2.489975
v -1.246684 0.413247 2.383878
v -1.246684 0.326583 2.383878
v -1.246684 0.413247 2.464929
v -1.246684 0.326583 2.464929
v -1.334117 0.624622 0.939777
v -1.334117 0.624622 0.939777
v -1.334117 0.677589 0.921508
v -1.334117 0.677589 0.921508
v -1.334117 0.716363 0.871596
v -1.334117 0.730555 0.803415
v -1.334117 0.716363 0.735235
v -1.334117 0.677588 0.685323
v -1.334117 0.677588 0.685323
v -1.334117 0.624622 0.667054
v -1.334117 0.624622 0.667054
v -1.334117 0.571655 0.685323
v -1.334117 0.571655 0.685323
v -1.334117 0.532881 0.735235
v -1.334117 0.518689 0.803415
v -1.334117 0.532881 0.871596
v -1.334117 0.532881 0.871596
v -1.334117 0.571655 0.921508
v -0.977238 0.624622 0.939777
v -0.977238 0.624622 0.939777
v -0.977238 0.677589 0.921508
v -0.977238 0.677589 0.921508
v -0.977238 0.716363 0.871596
v -0.977238 0.730555 0.803415
v -0.977238 0.716363 0.735235
v -0.977238 0.677588 0.685323
v -0.977238 0.677588 0.685323
v -0.977238 0.624622 0.667054
v -0.977238 0.624622 0.667054
v -0.977238 0.571655 0.685323
v -0.977238 0.571655 0.685323
v -0.977238 0.532881 0.735235
v -0.977238 0.518689 0.803415
v -0.977238 0.532881 0.871596
v -0.977238 0.532881 0.871596
v -0.977238 0.571655 0.921508
v -1.341773 0.624622 0.910607
v -1.341773 0.666258 0.896246
v -1.341773 0.666258 0.896246
v -1.341773 0.696738 0.857011
v -1.341773 0.696738 0.857011
v -1.341773 0.707894 0.803415
v -1.341773 0.696738 0.749820
v -1.341773 0.666258 0.710585
v -1.341773 0.666258 0.710585
v -1.341773 0.624622 0.696224
v -1.341773 0.582986 0.710585
v -1.341773 0.582986 0.710585
v -1.341773 0.552506 0.749820
v -1.341773 0.541350 0.803415
v -1.341773 0.552506 0.857012
v -1.341773 0.552506 0.857012
v -1.341773 0.582986 0.896246
v -1.189967 0.666258 0.896246
v -1.189967 0.696738 0.857011
v -1.189967 0.666258 0.710585
v -1.189967 0.582986 0.710585
v -1.189967 0.552506 0.857012
v -1.385382 0.641044 0.766801
v -0.960260 0.641044 0.766801
v -0.960260 0.657466 0.803415
v -1.385382 0.657466 0.803415
v -1.385382 0.608200 0.766801
v -0.960260 0.608200 0.766801
v -1.385382 0.591778 0.803415
v -0.960260 0.591778 0.803415
v -1.385382 0.608200 0.840029
v -0.960260 0.608200 0.840029
v -1.385382 0.641044 0.840030
v -0.960260 0.641044 0.840030
v -1.334117 0.624622 1.318865
v -1.334117 0.624622 1.318865
v -1.334117 0.677589 1.300596
v -1.334117 0.677589 1.300596
v -1.334117 0.716363 1.250684
v -1.334117 0.730555 1.182504
v -1.334117 0.716363 1.114324
v -1.334117 0.677588 1.064412
v -1.334117 0.677588 1.064412
v -1.334117 0.624622 1.046143
v -1.334117 0.624622 1.046143
v -1.334117 0.571655 1.064412
v -1.334117 0.571655 1.064412
v -1.334117 0.532881 1.114324
v -1.334117 0.518689 1.182504
v -1.334117 0.532881 1.250685
v -1.334117 0.532881 1.250685
v -1.334117 0.571655 1.300596
v -0.977238 0.624622 1.318865
v -0.977238 0.624622 1.318865
v -0.977238 0.677589 1.300596
v -0.977238 0.677589 1.300596
v -0.977238 0.716363 1.250684
v -0.977238 0.730555 1.182504
v -0.977238 0.716363 1.114324
v -0.977238 0.677588 1.064412
v -0.977238 0.677588 1.064412
v -0.977238 0.624622 1.046143
v -0.977238 0.624622 1.046143
v -0.977238 0.571655 1.064412
v -0.977238 0.571655 1.064412
v -0.977238 0.532881 1.114324
v -0.977238 0.518689 1.182504
v -0.977238 0.532881 1.250685
v -0.977238 0.532881 1.250685
v -0.977238 0.571655 1.300596
v -1.341772 0.624622 1.289695
v -1.341772 0.666258 1.275335
v -1.341772 0.666258 1.275335
v -1.341772 0.696738 1.236100
v -1.341772 0.696738 1.236100
v -1.341772 0.707894 1.182504
v -1.341772 0.696738 1.128908
v -1.341772 0.666258 1.089674
v -1.341772 0.666258 1.089674
v -1.341772 0.624622 1.075313
v -1.341772 0.582986 1.089674
v -1.341772 0.582986 1.089674
v -1.341772 0.552506 1.128908
v -1.341772 0.541350 1.182504
v -1.341772 0.552506 1.236100
v -1.341772 0.552506 1.236100
v -1.341772 0.582986 1.275334
v -1.189967 0.552506 1.236100
v -1.189967 0.696738 1.236100
v -1.189967 0.666258 1.275335
v -1.189967 0.666258 1.089674
v -1.189967 0.582986 1.089674
v -1.385382 0.591778 1.182504
v -0.960260 0.591778 1.182504
v -0.960260 0.608200 1.145890
v -1.385382 0.608200 1.145890
v -1.385382 0.608200 1.219118
v -0.960260 0.608200 1.219118
v -1.385382 0.641044 1.219118
v -0.960260 0.641044 1.219118
v -1.385382 0.657466 1.182504
v -0.960260 0.657466 1.182504
v -1.385382 0.641044 1.145890
v -0.960260 0.641044 1.145890
v -1.334117 0.624622 1.716988
v -1.334117 0.624622 1.716988
v -1.334117 0.677589 1.698719
v -1.334117 0.677589 1.698719
v -1.334117 0.716363 1.648808
v -1.334117 0.730555 1.580627
v -1.334117 0.716363 1.512447
v -1.334117 0.677588 1.462535
v -1.334117 0.677588 1.462535
v -1.334117 0.624622 1.444266
v -1.334117 0.624622 1.444266
v -1.334117 0.571655 1.462535
v -1.334117 0.571655 1.462535
v -1.334117 0.532881 1.512447
v -1.334117 0.518689 1.580627
v -1.334117 0.532881 1.648808
v -1.334117 0.532881 1.648808
v -1.334117 0.571655 1.698719
v -0.977238 0.624622 1.716988
v -0.977238 0.624622 1.716988
v -0.977238 0.677589 1.698719
v -0.977238 0.677589 1.698719
v -0.977238 0.716363 1.648808
v -0.977238 0.730555 1.580627
v -0.977238 0.716363 1.512447
v -0.977238 0.677588 1.462535
v -0.977238 0.677588 1.462535
v -0.977238 0.624622 1.444266
v -0.977238 0.624622 1.444266
v -0.977238 0.571655 1.462535
v -0.977238 0.571655 1.462535
v -0.977238 0.532881 1.512447
v -0.977238 0.518689 1.580627
v -0.977238 0.532881 1.648808
v -0.977238 0.532881 1.648808
v -0.977238 0.571655 1.698719
v -1.341772 0.624622 1.687818
v -1.341772 0.666258 1.673458
v -1.341772 0.666258 1.673458
v -1.341772 0.696738 1.634223
v -1.341772 0.696738 1.634223
v -1.341772 0.707894 1.580627
v -1.341772 0.696738 1.527031
v -1.341772 0.666258 1.487797
v -1.341772 0.666258 1.487797
v -1.341772 0.624622 1.473436
v -1.341772 0.582986 1.487797
v -1.341772 0.582986 1.487797
v -1.341772 0.552506 1.527031
v -1.341772 0.541350 1.580627
v -1.341772 0.552506 1.634223
v -1.341772 0.552506 1.634223
v -1.341772 0.582986 1.673457
v -1.189967 0.666258 1.673458
v -1.189967 0.696738 1.634223
v -1.189967 0.666258 1.487797
v -1.189967 0.582986 1.487797
v -1.189967 0.552506 1.634223
v -1.385382 0.641044 1.544013
v -0.960260 0.641044 1.544013
v -0.960260 0.657466 1.580627
v -1.385382 0.657466 1.580627
v -1.385382 0.608200 1.544013
v -0.960260 0.608200 1.544013
v -1.385382 0.591778 1.580627
v -0.960260 0.591778 1.580627
v -1.385382 0.608200 1.617241
v -0.960260 0.608200 1.617241
v -1.385382 0.641044 1.617241
v -0.960260 0.641044 1.617241
v -1.334117 0.140981 1.474615
v -1.334117 0.140981 1.474615
v -1.334117 0.215300 1.500249
v -1.334117 0.269704 1.570280
v -1.334117 0.269704 1.570280
v -1.334117 0.289618 1.665946
v -1.334117 0.269704 1.761611
v -1.334117 0.215300 1.831643
v -1.334117 0.215300 1.831643
v -1.334117 0.140981 1.857276
v -1.334117 0.066663 1.831643
v -1.334117 0.012258 1.761611
v -1.334117 -0.007656 1.665946
v -1.334117 -0.007656 1.665946
v -1.334117 0.012258 1.570280
v -1.334117 0.012258 1.570280
v -1.334117 0.066663 1.500249
v -0.977238 0.140981 1.474615
v -0.977238 0.140981 1.474615
v -0.977238 0.215300 1.500249
v -0.977238 0.269704 1.570280
v -0.977238 0.269704 1.570280
v -0.977238 0.289618 1.665946
v -0.977238 0.269704 1.761611
v -0.977238 0.215300 1.831643
v -0.977238 0.215300 1.831643
v -0.977238 0.140981 1.857276
v -0.977238 0.066663 1.831643
v -0.977238 0.012258 1.761611
v -0.977238 -0.007656 1.665946
v -0.977238 -0.007656 1.665946
v -0.977238 0.012258 1.570280
v -0.977238 0.012258 1.570280
v -0.977238 0.066663 1.500249
v -1.341772 0.140981 1.503785
v -1.341772 0.140981 1.503785
v -1.341772 0.203969 1.525510
v -1.341772 0.250080 1.584865
v -1.341772 0.250080 1.584865
v -1.341772 0.266957 1.665946
v -1.341772 0.250080 1.747026
v -1.341772 0.250080 1.747026
v -1.341772 0.203969 1.806381
v -1.341772 0.140981 1.828106
v -1.341772 0.140981 1.828106
v -1.341772 0.077993 1.806381
v -1.341772 0.031883 1.747026
v -1.341772 0.031883 1.747026
v -1.341772 0.015005 1.665946
v -1.341772 0.031883 1.584865
v -1.341772 0.031883 1.584865
v -1.341772 0.077993 1.525510
v -1.189967 0.031883 1.584865
v -1.189967 0.140981 1.503785
v -1.189967 0.250080 1.584865
v -1.189967 0.250080 1.747026
v -1.189967 0.140981 1.828106
v -1.189967 0.031883 1.747026
v -1.399938 0.140981 1.620252
v -1.399938 0.140981 1.620252
v -1.399938 0.171723 1.643098
v -1.399938 0.171723 1.643098
v -1.399938 0.171723 1.688793
v -1.399938 0.171723 1.688793
v -1.399938 0.140981 1.711640
v -1.399938 0.140981 1.711640
v -1.399938 0.110239 1.688793
v -1.399938 0.110239 1.688793
v -1.399938 0.110239 1.643098
v -1.399938 0.110239 1.643098
v -0.960260 0.140981 1.711640
v -0.960260 0.110239 1.688793
v -0.960260 0.110239 1.643098
v -0.960260 0.140981 1.620252
v -0.960260 0.171723 1.643098
v -0.960260 0.171723 1.688793
v -1.334117 0.066663 1.084461
v -1.334117 0.140981 1.058828
v -1.334117 0.012258 1.154493
v -1.334117 0.012258 1.154493
v -1.334117 -0.007656 1.250158
v -1.334117 0.012258 1.345824
v -1.334117 0.012258 1.345824
v -1.334117 0.066663 1.415856
v -1.334117 0.140981 1.441489
v -1.334117 0.215300 1.415856
v -1.334117 0.269704 1.345824
v -1.334117 0.269704 1.345824
v -1.334117 0.289618 1.250158
v -1.334117 0.269704 1.154493
v -1.334117 0.269704 1.154493
v -1.334117 0.215300 1.084461
v -1.334117 0.215300 1.084461
v -0.977238 0.066663 1.084461
v -0.977238 0.140981 1.058828
v -0.977238 0.012258 1.154493
v -0.977238 0.012258 1.154493
v -0.977238 -0.007656 1.250158
v -0.977238 0.012258 1.345824
v -0.977238 0.012258 1.345824
v -0.977238 0.066663 1.415856
v -0.977238 0.140981 1.441489
v -0.977238 0.215300 1.415856
v -0.977238 0.269704 1.345824
v -0.977238 0.269704 1.345824
v -0.977238 0.289618 1.250158
v -0.977238 0.269704 1.154493
v -0.977238 0.269704 1.154493
v -0.977238 0.215300 1.084461
v -0.977238 0.215300 1.084461
v -1.341772 0.077993 1.109723
v -1.341772 0.140981 1.087998
v -1.341772 0.140981 1.087998
v -1.341772 0.031883 1.169077
v -1.341772 0.031883 1.169077
v -1.341772 0.015005 1.250158
v -1.341772 0.031883 1.331239
v -1.341772 0.031883 1.331239
v -1.341772 0.077993 1.390593
v -1.341772 0.140981 1.412319
v -1.341772 0.140981 1.412319
v -1.341772 0.203969 1.390593
v -1.341772 0.250080 1.331239
v -1.341772 0.250080 1.331239
v -1.341772 0.266957 1.250158
v -1.341772 0.250080 1.169077
v -1.341772 0.250080 1.169077
v -1.341772 0.203969 1.109723
v -1.189967 0.031883 1.169077
v -1.189967 0.031883 1.331239
v -1.189967 0.140981 1.412319
v -1.189967 0.250080 1.331239
v -1.189967 0.250080 1.169077
v -1.189967 0.140981 1.087998
v -1.399938 0.110239 1.227312
v -1.399938 0.110239 1.227312
v -1.399938 0.140981 1.204465
v -1.399938 0.140981 1.204465
v -1.399938 0.110239 1.273006
v -1.399938 0.110239 1.273006
v -1.399938 0.140981 1.295852
v -1.399938 0.140981 1.295852
v -1.399938 0.171723 1.273006
v -1.399938 0.171723 1.273006
v -1.399938 0.171723 1.227312
v -1.399938 0.171723 1.227312
v -0.960260 0.110239 1.227312
v -0.960260 0.140981 1.204465
v -0.960260 0.110239 1.273006
v -0.960260 0.140981 1.295852
v -0.960260 0.171723 1.273006
v -0.960260 0.171723 1.227312
v -1.334117 0.140981 0.643040
v -1.334117 0.215300 0.668673
v -1.334117 0.215300 0.668673
v -1.334117 0.269704 0.738706
v -1.334117 0.289618 0.834371
v -1.334117 0.269704 0.930036
v -1.334117 0.269704 0.930036
v -1.334117 0.215300 1.000068
v -1.334117 0.140981 1.025702
v -1.334117 0.140981 1.025702
v -1.334117 0.066663 1.000068
v -1.334117 0.012258 0.930036
v -1.334117 0.012258 0.930036
v -1.334117 -0.007655 0.834371
v -1.334117 0.012258 0.738706
v -1.334117 0.066663 0.668673
v -1.334117 0.066663 0.668673
v -0.977238 0.140981 0.643040
v -0.977238 0.215300 0.668673
v -0.977238 0.215300 0.668673
v -0.977238 0.269704 0.738706
v -0.977238 0.289618 0.834370
v -0.977238 0.269704 0.930036
v -0.977238 0.269704 0.930036
v -0.977238 0.215300 1.000068
v -0.977238 0.140981 1.025702
v -0.977238 0.140981 1.025702
v -0.977238 0.066663 1.000068
v -0.977238 0.012258 0.930036
v -0.977238 0.012258 0.930036
v -0.977238 -0.007655 0.834370
v -0.977238 0.012258 0.738706
v -0.977238 0.066663 0.668673
v -0.977238 0.066663 0.668673
v -1.341773 0.140981 0.672210
v -1.341773 0.140981 0.672210
v -1.341773 0.203969 0.693935
v -1.341773 0.250080 0.753290
v -1.341773 0.250080 0.753290
v -1.341773 0.266957 0.834371
v -1.341773 0.250080 0.915451
v -1.341773 0.250080 0.915451
v -1.341773 0.203969 0.974806
v -1.341773 0.140981 0.996532
v -1.341773 0.140981 0.996532
v -1.341773 0.077993 0.974806
v -1.341773 0.031883 0.915451
v -1.341773 0.031883 0.915451
v -1.341773 0.015005 0.834371
v -1.341773 0.031883 0.753290
v -1.341773 0.031883 0.753290
v -1.341773 0.077993 0.693935
v -1.189967 0.140981 0.672210
v -1.189967 0.250080 0.753290
v -1.189967 0.250080 0.915451
v -1.189967 0.140981 0.996532
v -1.189967 0.031883 0.915451
v -1.189967 0.031883 0.753290
v -1.399938 0.140981 0.788677
v -1.399938 0.140981 0.788677
v -1.399938 0.171723 0.811524
v -1.399938 0.171723 0.811524
v -1.399938 0.171723 0.857218
v -1.399938 0.171723 0.857218
v -1.399938 0.140981 0.880065
v -1.399938 0.140981 0.880065
v -1.399938 0.110239 0.857218
v -1.399938 0.110239 0.857218
v -1.399938 0.110239 0.811524
v -1.399938 0.110239 0.811524
v -0.960260 0.110239 0.811524
v -0.960260 0.140981 0.788677
v -0.960260 0.171723 0.811524
v -0.960260 0.171723 0.857218
v -0.960260 0.140981 0.880065
v -0.960260 0.110239 0.857218
v -1.334117 0.306779 0.156235
v -1.334117 0.234503 0.135001
v -1.334117 0.364739 0.215734
v -1.334117 0.396905 0.301712
v -1.334117 0.396905 0.397140
v -1.334117 0.364739 0.483118
v -1.334117 0.306779 0.542617
v -1.334117 0.234503 0.563851
v -1.334117 0.162228 0.542617
v -1.334117 0.104267 0.483118
v -1.334117 0.072102 0.397140
v -1.334117 0.072102 0.301712
v -1.334117 0.104267 0.215734
v -1.334117 0.162228 0.156235
v -0.977238 0.306779 0.156235
v -0.977238 0.234503 0.135001
v -0.977238 0.364739 0.215734
v -0.977238 0.396905 0.301712
v -0.977238 0.396905 0.397140
v -0.977238 0.364739 0.483118
v -0.977238 0.306779 0.542617
v -0.977238 0.234503 0.563851
v -0.977238 0.162228 0.542617
v -0.977238 0.104267 0.483118
v -0.977238 0.072102 0.397140
v -0.977238 0.072102 0.301712
v -0.977238 0.104267 0.215734
v -0.977238 0.162228 0.156235
v -1.354162 0.291063 0.198243
v -1.354162 0.234503 0.181625
v -1.354162 0.336421 0.244804
v -1.354162 0.361592 0.312087
v -1.354162 0.361592 0.386765
v -1.354162 0.336421 0.454048
v -1.354162 0.291063 0.500610
v -1.354162 0.234503 0.517227
v -1.354162 0.177943 0.500610
v -1.354162 0.132586 0.454048
v -1.354162 0.107414 0.386765
v -1.354162 0.107414 0.312087
v -1.354162 0.132586 0.244804
v -1.354162 0.177943 0.198243
v -1.432809 0.275270 0.307578
v -1.432809 0.275270 0.307578
v -1.432809 0.234503 0.282306
v -1.432809 0.234503 0.282306
v -1.432809 0.285339 0.364362
v -1.432809 0.285339 0.364362
v -1.432809 0.257127 0.409899
v -1.432809 0.257127 0.409899
v -1.432809 0.211879 0.409899
v -1.432809 0.211879 0.409899
v -1.432809 0.183668 0.364362
v -1.432809 0.183668 0.364362
v -1.432809 0.193736 0.307578
v -1.432809 0.193736 0.307578
v -0.960849 0.234503 0.282305
v -0.960849 0.275270 0.307577
v -0.960849 0.211879 0.409898
v -0.960849 0.183668 0.364361
v -0.960849 0.285339 0.364361
v -0.960849 0.193736 0.307577
v -0.960849 0.257127 0.409898
v -1.334117 0.306779 -1.119254
v -1.334117 0.234503 -1.140488
v -1.334117 0.364739 -1.059755
v -1.334117 0.396905 -0.973777
v -1.334117 0.396905 -0.878349
v -1.334117 0.364739 -0.792371
v -1.334117 0.306779 -0.732873
v -1.334117 0.234503 -0.711638
v -1.334117 0.162228 -0.732873
v -1.334117 0.104267 -0.792371
v -1.334117 0.072102 -0.878349
v -1.334117 0.072102 -0.973778
v -1.334117 0.104267 -1.059755
v -1.334117 0.162228 -1.119254
v -0.977238 0.306779 -1.119254
v -0.977238 0.234503 -1.140488
v -0.977238 0.364739 -1.059755
v -0.977238 0.396905 -0.973777
v -0.977238 0.396905 -0.878349
v -0.977238 0.364739 -0.792371
v -0.977238 0.306779 -0.732873
v -0.977238 0.234503 -0.711638
v -0.977238 0.162228 -0.732873
v -0.977238 0.104267 -0.792371
v -0.977238 0.072102 -0.878349
v -0.977238 0.072102 -0.973778
v -0.977238 0.104267 -1.059755
v -0.977238 0.162228 -1.119254
v -1.354162 0.291063 -1.077246
v -1.354162 0.234503 -1.093864
v -1.354162 0.336421 -1.030685
v -1.354162 0.361592 -0.963402
v -1.354162 0.361592 -0.888724
v -1.354162 0.336421 -0.821441
v -1.354162 0.291063 -0.774880
v -1.354162 0.234503 -0.758263
v -1.354162 0.177943 -0.774880
v -1.354162 0.132586 -0.821441
v -1.354162 0.107414 -0.888724
v -1.354162 0.107414 -0.963403
v -1.354162 0.132586 -1.030685
v -1.354162 0.177943 -1.077247
v -1.432809 0.275270 -0.967912
v -1.432809 0.275270 -0.967912
v -1.432809 0.234503 -0.993184
v -1.432809 0.234503 -0.993184
v -1.432809 0.285339 -0.911127
v -1.432809 0.285339 -0.911127
v -1.432809 0.257127 -0.865590
v -1.432809 0.257127 -0.865590
v -1.432809 0.211879 -0.865590
v -1.432809 0.211879 -0.865590
v -1.432809 0.183668 -0.911127
v -1.432809 0.183668 -0.911127
v -1.432809 0.193736 -0.967912
v -1.432809 0.193736 -0.967912
v -0.960849 0.211879 -0.865591
v -0.960849 0.183668 -0.911129
v -0.960849 0.275270 -0.967913
v -0.960849 0.285339 -0.911129
v -0.960849 0.193736 -0.967913
v -0.960849 0.257127 -0.865591
v -0.960849 0.234503 -0.993185
v -1.334117 0.529126 -1.659791
v -1.334117 0.529126 -1.659791
v -1.334117 0.582093 -1.678060
v -1.334117 0.582093 -1.678060
v -1.334117 0.620867 -1.727971
v -1.334117 0.635059 -1.796152
v -1.334117 0.620867 -1.864332
v -1.334117 0.582093 -1.914244
v -1.334117 0.582093 -1.914244
v -1.334117 0.529126 -1.932513
v -1.334117 0.529126 -1.932513
v -1.334117 0.476159 -1.914244
v -1.334117 0.476159 -1.914244
v -1.334117 0.437385 -1.864332
v -1.334117 0.423193 -1.796152
v -1.334117 0.423193 -1.796152
v -1.334117 0.437385 -1.727971
v -1.334117 0.437385 -1.727971
v -1.334117 0.476159 -1.678060
v -0.977238 0.529126 -1.659791
v -0.977238 0.529126 -1.659791
v -0.977238 0.582093 -1.678060
v -0.977238 0.582093 -1.678060
v -0.977238 0.620867 -1.727971
v -0.977238 0.635059 -1.796152
v -0.977238 0.620867 -1.864332
v -0.977238 0.582093 -1.914244
v -0.977238 0.582093 -1.914244
v -0.977238 0.529126 -1.932513
v -0.977238 0.529126 -1.932513
v -0.977238 0.476159 -1.914244
v -0.977238 0.476159 -1.914244
v -0.977238 0.437385 -1.864332
v -0.977238 0.423193 -1.796152
v -0.977238 0.423193 -1.796152
v -0.977238 0.437385 -1.727971
v -0.977238 0.437385 -1.727971
v -0.977238 0.476159 -1.678060
v -1.341773 0.529126 -1.688961
v -1.341773 0.570762 -1.703321
v -1.341773 0.570762 -1.703321
v -1.341773 0.601242 -1.742556
v -1.341773 0.612398 -1.796152
v -1.341773 0.601242 -1.849747
v -1.341773 0.570762 -1.888982
v -1.341773 0.570762 -1.888982
v -1.341773 0.529126 -1.903343
v -1.341773 0.487490 -1.888982
v -1.341773 0.487490 -1.888982
v -1.341773 0.457010 -1.849747
v -1.341773 0.445854 -1.796152
v -1.341773 0.457010 -1.742556
v -1.341773 0.457010 -1.742556
v -1.341773 0.487490 -1.703321
v -1.341773 0.487490 -1.703321
v -1.189968 0.570762 -1.703321
v -1.189968 0.570762 -1.888982
v -1.189968 0.487490 -1.888982
v -1.189968 0.457010 -1.742556
v -1.189968 0.487490 -1.703321
v -1.385382 0.545548 -1.832765
v -0.960261 0.545548 -1.832766
v -0.960261 0.561970 -1.796152
v -1.385382 0.561970 -1.796151
v -1.385382 0.512704 -1.832765
v -0.960261 0.512704 -1.832766
v -1.385382 0.496282 -1.796151
v -0.960261 0.496282 -1.796152
v -1.385382 0.512704 -1.759537
v -0.960261 0.512704 -1.759538
v -1.385382 0.545548 -1.759537
v -0.960261 0.545548 -1.759538
v -1.334117 0.529126 -1.279117
v -1.334117 0.529126 -1.279117
v -1.334117 0.582093 -1.297385
v -1.334117 0.582093 -1.297385
v -1.334117 0.620867 -1.347297
v -1.334117 0.635059 -1.415478
v -1.334117 0.620867 -1.483658
v -1.334117 0.582093 -1.533570
v -1.334117 0.582093 -1.533570
v -1.334117 0.529126 -1.551839
v -1.334117 0.529126 -1.551839
v -1.334117 0.476159 -1.533570
v -1.334117 0.476159 -1.533570
v -1.334117 0.437385 -1.483658
v -1.334117 0.423193 -1.415478
v -1.334117 0.423193 -1.415478
v -1.334117 0.437385 -1.347297
v -1.334117 0.437385 -1.347297
v -1.334117 0.476159 -1.297385
v -0.977238 0.529126 -1.279117
v -0.977238 0.529126 -1.279117
v -0.977238 0.582093 -1.297385
v -0.977238 0.582093 -1.297385
v -0.977238 0.620867 -1.347297
v -0.977238 0.635059 -1.415478
v -0.977238 0.620867 -1.483658
v -0.977238 0.582093 -1.533570
v -0.977238 0.582093 -1.533570
v -0.977238 0.529126 -1.551839
v -0.977238 0.529126 -1.551839
v -0.977238 0.476159 -1.533570
v -0.977238 0.476159 -1.533570
v -0.977238 0.437385 -1.483658
v -0.977238 0.423193 -1.415478
v -0.977238 0.423193 -1.415478
v -0.977238 0.437385 -1.347297
v -0.977238 0.437385 -1.347297
v -0.977238 0.476159 -1.297385
v -1.341773 0.529126 -1.308286
v -1.341773 0.570762 -1.322647
v -1.341773 0.570762 -1.322647
v -1.341773 0.601242 -1.361882
v -1.341773 0.612398 -1.415478
v -1.341773 0.601242 -1.469073
v -1.341773 0.570762 -1.508308
v -1.341773 0.570762 -1.508308
v -1.341773 0.529126 -1.522669
v -1.341773 0.487490 -1.508308
v -1.341773 0.487490 -1.508308
v -1.341773 0.457010 -1.469073
v -1.341773 0.445854 -1.415478
v -1.341773 0.457010 -1.361882
v -1.341773 0.457010 -1.361882
v -1.341773 0.487490 -1.322647
v -1.341773 0.487490 -1.322647
v -1.189968 0.570762 -1.322647
v -1.189968 0.570762 -1.508308
v -1.189968 0.487490 -1.508308
v -1.189968 0.457010 -1.361882
v -1.189968 0.487490 -1.322647
v -1.385382 0.545548 -1.452092
v -0.960261 0.545548 -1.452092
v -0.960261 0.561970 -1.415478
v -1.385382 0.561970 -1.415478
v -1.385382 0.512704 -1.452092
v -0.960261 0.512704 -1.452092
v -1.385382 0.496282 -1.415478
v -0.960261 0.496282 -1.415478
v -1.385382 0.512704 -1.378864
v -0.960261 0.512704 -1.378864
v -1.385382 0.545548 -1.378864
v -0.960261 0.545548 -1.378864
v -1.334117 0.140981 -1.204320
v -1.334117 0.215300 -1.229954
v -1.334117 0.215300 -1.229954
v -1.334117 0.269704 -1.299986
v -1.334117 0.289618 -1.395651
v -1.334117 0.269704 -1.491316
v -1.334117 0.215300 -1.561348
v -1.334117 0.140981 -1.586982
v -1.334117 0.140981 -1.586982
v -1.334117 0.066663 -1.561348
v -1.334117 0.012258 -1.491316
v -1.334117 -0.007655 -1.395651
v -1.334117 0.012258 -1.299986
v -1.334117 0.012258 -1.299986
v -1.334117 0.066663 -1.229954
v -1.334117 0.066663 -1.229954
v -0.977238 0.140981 -1.204320
v -0.977238 0.215300 -1.229954
v -0.977238 0.215300 -1.229954
v -0.977238 0.269704 -1.299986
v -0.977238 0.289618 -1.395651
v -0.977238 0.269704 -1.491316
v -0.977238 0.215300 -1.561348
v -0.977238 0.140981 -1.586982
v -0.977238 0.140981 -1.586982
v -0.977238 0.066663 -1.561348
v -0.977238 0.012258 -1.491316
v -0.977238 -0.007655 -1.395651
v -0.977238 0.012258 -1.299986
v -0.977238 0.012258 -1.299986
v -0.977238 0.066663 -1.229954
v -0.977238 0.066663 -1.229954
v -1.341773 0.140981 -1.233490
v -1.341773 0.203969 -1.255216
v -1.341773 0.203969 -1.255216
v -1.341773 0.250080 -1.314571
v -1.341773 0.266957 -1.395651
v -1.341773 0.266957 -1.395651
v -1.341773 0.250080 -1.476731
v -1.341773 0.203969 -1.536086
v -1.341773 0.140981 -1.557812
v -1.341773 0.140981 -1.557812
v -1.341773 0.077993 -1.536086
v -1.341773 0.031883 -1.476731
v -1.341773 0.015005 -1.395651
v -1.341773 0.031883 -1.314571
v -1.341773 0.077993 -1.255216
v -1.341773 0.077993 -1.255216
v -1.189968 0.203969 -1.255216
v -1.189968 0.266957 -1.395651
v -1.189968 0.140981 -1.557812
v -1.189968 0.077993 -1.255216
v -1.399938 0.171723 -1.418498
v -1.399938 0.171723 -1.418498
v -1.399938 0.140981 -1.441345
v -1.399938 0.140981 -1.441345
v -1.399938 0.110239 -1.418498
v -1.399938 0.110239 -1.418498
v -1.399938 0.110239 -1.372804
v -1.399938 0.110239 -1.372804
v -1.399938 0.140981 -1.349957
v -1.399938 0.140981 -1.349957
v -1.399938 0.171723 -1.372804
v -1.399938 0.171723 -1.372804
v -0.960261 0.140981 -1.441345
v -0.960261 0.171723 -1.418498
v -0.960261 0.110239 -1.418498
v -0.960261 0.110239 -1.372804
v -0.960261 0.140981 -1.349957
v -0.960261 0.171723 -1.372804
v -1.334117 0.289618 -1.811439
v -1.334117 0.269704 -1.907104
v -1.334117 0.269704 -1.907104
v -1.334117 0.215299 -1.977136
v -1.334117 0.140981 -2.002769
v -1.334117 0.066663 -1.977136
v -1.334117 0.269704 -1.715774
v -1.334117 0.215300 -1.645741
v -1.334117 0.215300 -1.645741
v -1.334117 0.140981 -1.620108
v -1.334117 0.012258 -1.907104
v -1.334117 0.012258 -1.907104
v -1.334117 0.066663 -1.645741
v -1.334117 0.066663 -1.645741
v -1.334117 0.012258 -1.715773
v -1.334117 0.012258 -1.715773
v -1.334117 -0.007656 -1.811439
v -0.977238 0.289618 -1.811439
v -0.977238 0.269704 -1.907104
v -0.977238 0.269704 -1.907104
v -0.977238 0.215299 -1.977136
v -0.977238 0.140981 -2.002769
v -0.977238 0.066663 -1.977136
v -0.977238 0.269704 -1.715774
v -0.977238 0.215300 -1.645741
v -0.977238 0.215300 -1.645741
v -0.977238 0.140981 -1.620108
v -0.977238 0.012258 -1.907104
v -0.977238 0.012258 -1.907104
v -0.977238 0.066663 -1.645741
v -0.977238 0.066663 -1.645741
v -0.977238 0.012258 -1.715773
v -0.977238 0.012258 -1.715773
v -0.977238 -0.007656 -1.811439
v -1.341773 0.266957 -1.811439
v -1.341773 0.250080 -1.892519
v -1.341773 0.250080 -1.892519
v -1.341773 0.203969 -1.951874
v -1.341773 0.203969 -1.951874
v -1.341773 0.140981 -1.973599
v -1.341773 0.077993 -1.951874
v -1.341773 0.077993 -1.951874
v -1.341773 0.250080 -1.730359
v -1.341773 0.203969 -1.671003
v -1.341773 0.203969 -1.671003
v -1.341773 0.140981 -1.649278
v -1.341773 0.031883 -1.892519
v -1.341773 0.077993 -1.671003
v -1.341773 0.077993 -1.671003
v -1.341773 0.031883 -1.730358
v -1.341773 0.015005 -1.811439
v -1.341773 0.015005 -1.811439
v -1.189968 0.077993 -1.671003
v -1.189968 0.250080 -1.892519
v -1.189968 0.203969 -1.951874
v -1.189968 0.015005 -1.811439
v -1.189968 0.077993 -1.951874
v -1.189968 0.203969 -1.671003
v -1.399938 0.171723 -1.788591
v -1.399938 0.171723 -1.788591
v -1.399938 0.171723 -1.834285
v -1.399938 0.171723 -1.834285
v -1.399938 0.140981 -1.857132
v -1.399938 0.140981 -1.857132
v -1.399938 0.140981 -1.765744
v -1.399938 0.140981 -1.765744
v -1.399938 0.110239 -1.834285
v -1.399938 0.110239 -1.834285
v -1.399938 0.110239 -1.788591
v -1.399938 0.110239 -1.788591
v -0.960261 0.140981 -1.765744
v -0.960261 0.110239 -1.788592
v -0.960261 0.110239 -1.834285
v -0.960261 0.171723 -1.834285
v -0.960261 0.171723 -1.788592
v -0.960261 0.140981 -1.857132
v -1.334117 0.563255 -2.571287
v -1.334117 0.548598 -2.666136
v -1.334117 0.506859 -2.746547
v -1.334117 0.444392 -2.800274
v -1.334117 0.234555 -2.746547
v -1.334117 0.192816 -2.666136
v -1.334117 0.178160 -2.571287
v -1.334117 0.192816 -2.476437
v -1.334117 0.234555 -2.396028
v -1.334117 0.297022 -2.342299
v -1.334117 0.370707 -2.323432
v -1.334117 0.444392 -2.342299
v -1.334117 0.506859 -2.396028
v -1.334117 0.548598 -2.476437
v -1.334117 0.370707 -2.819142
v -1.334117 0.297022 -2.800274
v -0.977238 0.563255 -2.571287
v -0.977238 0.548598 -2.666136
v -0.977238 0.506859 -2.746547
v -0.977238 0.444392 -2.800274
v -0.977238 0.234555 -2.746547
v -0.977238 0.192816 -2.666136
v -0.977238 0.178160 -2.571287
v -0.977238 0.192816 -2.476437
v -0.977238 0.234555 -2.396028
v -0.977238 0.297022 -2.342299
v -0.977238 0.370707 -2.323432
v -0.977238 0.444392 -2.342299
v -0.977238 0.506859 -2.396028
v -0.977238 0.548598 -2.476437
v -0.977238 0.370707 -2.819142
v -0.977238 0.297022 -2.800274
v -1.334117 0.517663 -2.571287
v -1.334117 0.517663 -2.571287
v -1.334117 0.494134 -2.637096
v -1.334117 0.474621 -2.705048
v -1.334117 0.474621 -2.705048
v -1.334117 0.421832 -2.730166
v -1.334117 0.266794 -2.705048
v -1.334117 0.266794 -2.705048
v -1.334117 0.247280 -2.637096
v -1.334117 0.223751 -2.571287
v -1.334117 0.223751 -2.571287
v -1.334117 0.247280 -2.505476
v -1.334117 0.266794 -2.437526
v -1.334117 0.266794 -2.437526
v -1.334117 0.319582 -2.412408
v -1.334117 0.370707 -2.382120
v -1.334117 0.370707 -2.382120
v -1.334117 0.421832 -2.412408
v -1.334117 0.474621 -2.437526
v -1.334117 0.474621 -2.437526
v -1.334117 0.494134 -2.505476
v -1.334117 0.370707 -2.760454
v -1.334117 0.370707 -2.760454
v -1.334117 0.319582 -2.730166
v -1.228608 0.370707 -2.382120
v -1.228608 0.474621 -2.437526
v -1.228608 0.370707 -2.760454
v -1.228608 0.517663 -2.571287
v -1.228608 0.474621 -2.705048
v -1.228608 0.266794 -2.705048
v -1.228608 0.223751 -2.571287
v -1.228608 0.266794 -2.437526
v -1.275624 0.473141 -2.571287
v -1.275624 0.465344 -2.621746
v -1.275624 0.443139 -2.664524
v -1.275624 0.409907 -2.693107
v -1.275624 0.298275 -2.664524
v -1.275624 0.276070 -2.621746
v -1.275624 0.268273 -2.571287
v -1.275624 0.276070 -2.520827
v -1.275624 0.298275 -2.478050
v -1.275624 0.331507 -2.449467
v -1.275624 0.370707 -2.439430
v -1.275624 0.409907 -2.449467
v -1.275624 0.443139 -2.478050
v -1.275624 0.465344 -2.520827
v -1.275624 0.370707 -2.703144
v -1.275624 0.331507 -2.693107
v -1.425194 0.396565 -2.571287
v -1.425194 0.394585 -2.594473
v -1.425194 0.403990 -2.614130
v -1.425194 0.403990 -2.614130
v -1.425194 0.388719 -2.627264
v -1.425194 0.337425 -2.614130
v -1.425194 0.337425 -2.614130
v -1.425194 0.346527 -2.594473
v -1.425194 0.344547 -2.571287
v -1.425194 0.346527 -2.548101
v -1.425194 0.337425 -2.528445
v -1.425194 0.337425 -2.528445
v -1.425194 0.352695 -2.515311
v -1.425194 0.370707 -2.510699
v -1.425194 0.388719 -2.515311
v -1.425194 0.403990 -2.528445
v -1.425194 0.403990 -2.528445
v -1.425194 0.394585 -2.548101
v -1.425194 0.370707 -2.631876
v -1.425194 0.352695 -2.627264
v -1.246682 0.337425 -2.528445
v -1.246682 0.403990 -2.528445
v -1.246682 0.403990 -2.614130
v -1.246682 0.337425 -2.614130
vn -0.0000 0.9896 -0.1441
vn -0.0000 0.8759 -0.4826
vn -0.0000 0.9773 -0.2120
vn -0.0000 0.9992 0.0394
vn -0.0000 0.9987 0.0500
vn -0.0000 0.9999 -0.0134
vn -0.0000 0.9946 -0.1038
vn -0.0000 0.9885 -0.1513
vn -0.0000 0.9870 -0.1608
vn -0.0000 0.9979 -0.0650
vn -0.0000 -0.6163 -0.7875
vn -0.0000 -0.8749 -0.4843
vn -0.0000 -0.9718 -0.2357
vn -0.0000 -0.9856 -0.1692
vn -0.0000 -0.9765 -0.2157
vn -0.0000 -0.9691 -0.2466
vn -0.0000 -0.9775 -0.2109
vn -0.0000 -0.9973 -0.0736
vn -0.0000 0.6159 -0.7878
vn -0.0000 -0.9991 0.0431
vn -0.0000 0.2963 -0.9551
vn -0.0000 0.0530 -0.9986
vn -0.0000 -0.0530 -0.9986
vn -0.0000 -0.2963 -0.9551
vn -1.0000 -0.0000 -0.0000
vn -0.0000 0.9973 0.0728
vn -0.0000 0.9990 -0.0446
vn -0.0000 0.9997 -0.0231
vn -0.0000 0.9996 -0.0287
vn -0.0000 0.8708 -0.4917
vn -0.0000 0.9731 -0.2304
vn -0.0000 0.6539 -0.7566
vn -0.0000 0.3910 -0.9204
vn -0.0000 0.1679 -0.9858
vn -0.0000 -0.0415 -0.9991
vn -0.0000 -0.5068 -0.8620
vn -0.0000 -0.7655 -0.6434
vn -0.0000 -0.8788 -0.4772
vn -0.0000 -0.9386 -0.3451
vn -0.0000 -0.9780 -0.2084
vn -0.0000 -0.9971 -0.0767
vn -0.0000 -0.9999 0.0160
vn -0.0000 -0.9982 0.0594
vn -0.0000 -0.9975 0.0710
vn -0.0000 -0.9973 0.0731
vn -0.0000 0.9989 -0.0465
vn -0.0000 -0.9989 0.0464
vn -0.0000 -0.9998 0.0214
vn -0.0000 -0.9778 0.2094
vn -0.0000 -0.8713 0.4907
vn -0.0000 -0.9975 0.0700
vn -0.0000 -0.9895 0.1446
vn -0.0000 -0.9723 0.2339
vn -0.0000 -0.8753 0.4836
vn -0.0000 -0.6564 0.7544
vn -0.0000 -0.3945 0.9189
vn -0.0000 -0.1691 0.9856
vn -0.0000 -0.6134 0.7898
vn -0.0000 0.0573 0.9984
vn -0.0000 -0.2916 0.9565
vn -0.0000 0.5038 0.8638
vn -0.0000 -0.0490 0.9988
vn -0.0000 0.7645 0.6446
vn -0.0000 0.0490 0.9988
vn -0.0000 0.8787 0.4774
vn -0.0000 0.2916 0.9565
vn -0.0000 0.9386 0.3451
vn -0.0000 0.6134 0.7897
vn -0.0000 0.9780 0.2084
vn -0.0000 0.8760 0.4822
vn -0.0000 0.9970 0.0771
vn -0.0000 0.9725 0.2329
vn -0.0000 0.9999 -0.0157
vn 1.0000 -0.0000 -0.0000
vn -0.0000 0.9856 0.1690
vn -0.0000 0.9982 -0.0593
vn -0.0000 0.9765 0.2157
vn -0.0000 0.9975 -0.0710
vn -0.0000 0.9691 0.2467
vn -0.0000 0.9973 -0.0731
vn -0.0000 0.9975 -0.0700
vn -0.0000 0.9770 0.2130
vn -0.0000 -0.9979 0.0651
vn -0.0000 -0.9999 0.0137
vn -0.0000 -0.9885 0.1512
vn -0.0000 -0.9992 -0.0398
vn -0.0000 -0.9996 0.0290
vn -0.0000 -0.9988 -0.0497
vn -0.0000 -0.9946 0.1035
vn -0.0000 -0.9870 0.1608
vn -0.0000 0.8717 0.4901
vn -0.0000 0.6283 0.7780
vn -0.0000 -0.8726 -0.4885
vn -0.0000 -0.6264 -0.7795
vn -0.0000 -0.9691 -0.2465
vn -0.0000 -0.9857 -0.1687
vn -0.0000 -0.9844 -0.1761
vn -0.0000 0.9856 0.1689
vn -0.0000 0.9844 0.1761
vn -0.0000 0.9863 0.1649
vn -0.0000 0.9924 0.1232
vn -0.0000 0.9990 0.0454
vn -0.0000 -0.9924 -0.1234
vn -0.0000 -0.9990 -0.0453
vn -0.0000 -0.9999 0.0128
vn -0.0000 -0.9999 0.0138
vn -0.0000 -0.9995 -0.0318
vn -0.0000 0.9999 -0.0139
vn -0.0000 0.9995 0.0319
vn -0.0000 0.9997 0.0229
vn -0.0000 0.9960 -0.0898
vn -0.0000 0.9534 -0.3018
vn -0.0000 -0.9961 0.0885
vn -0.0000 -0.9533 0.3022
vn -0.0000 -0.8717 0.4901
vn -0.0000 -0.7821 0.6232
vn -0.0000 -0.6580 0.7530
vn -0.0000 0.7821 -0.6232
vn -0.0000 0.6573 -0.7536
vn -0.0000 0.4205 -0.9073
vn -0.0000 0.0372 -0.9993
vn -0.0000 -0.1696 -0.9855
vn -0.0000 -0.0269 0.9996
vn -0.0000 0.1679 0.9858
vn -0.0000 0.3910 0.9204
vn -0.0000 0.6539 0.7566
vn -0.0000 0.8744 0.4852
vn -0.0000 -0.6563 -0.7545
vn -0.0000 -0.8738 -0.4862
vn -0.0000 -0.9709 -0.2394
vn -0.0000 -0.9889 -0.1488
vn -0.0000 -0.9858 -0.1680
vn -0.0000 0.9889 0.1483
vn -0.0000 0.9858 0.1680
vn -0.0000 0.9875 0.1577
vn -0.0000 0.9946 0.1042
vn -0.0000 1.0000 -0.0002
vn -0.0000 -0.9946 -0.1038
vn -0.0000 -1.0000 -0.0002
vn -0.0000 -0.9974 0.0727
vn -0.0000 -0.9987 0.0503
vn -0.0000 -0.9986 -0.0534
vn -0.0000 0.9988 -0.0494
vn -0.0000 0.9986 0.0526
vn -0.0000 0.9953 0.0967
vn -0.0000 0.9983 0.0575
vn -0.0000 0.9995 -0.0321
vn -0.0000 -0.9984 -0.0569
vn -0.0000 -0.9995 0.0316
vn -0.0000 -0.9975 0.0712
vn -0.0000 -0.9991 0.0426
vn -0.0000 -0.9996 -0.0290
vn -0.0000 0.9991 -0.0422
vn -0.0000 0.9996 0.0287
vn -0.0000 0.9979 0.0650
vn -0.0000 0.9990 0.0446
vn -0.0000 0.9975 -0.0703
vn -0.0000 -0.9991 -0.0431
vn -0.0000 -0.9975 0.0707
vn -0.0000 -0.9808 0.1951
vn -0.0000 -0.9758 0.2187
vn -0.0000 -0.9850 0.1726
vn -0.0000 0.9758 -0.2187
vn -0.0000 0.9850 -0.1726
vn -0.0000 0.9752 -0.2213
vn -0.0000 0.8763 -0.4817
vn -0.0000 0.6138 -0.7894
vn -0.0000 -0.8754 0.4833
vn -0.0000 -0.6165 0.7874
vn -0.0000 -0.2979 0.9546
vn -0.0000 -0.0540 0.9985
vn -0.0000 0.0561 0.9984
vn -0.0000 0.0503 -0.9987
vn -0.0000 -0.0518 -0.9987
vn -0.0000 -0.3075 -0.9516
vn -0.0000 0.3117 0.9502
vn -0.0000 0.2937 -0.9559
vn -0.0000 -0.9746 0.2241
vn -0.0000 0.9804 -0.1970
vn -0.0000 -0.9979 -0.0651
vn -0.0000 0.9975 -0.0713
vn -0.0000 -0.9953 -0.0967
vn -0.0000 0.9973 -0.0730
vn -0.0000 -0.9875 -0.1576
vn -0.0000 0.9718 0.2358
vn -0.0000 -0.3945 -0.9189
vn -0.0000 -0.4230 0.9061
vn -0.0000 0.8719 -0.4897
vn -0.0000 -0.9997 -0.0235
vn -0.0000 0.9999 -0.0127
vn -0.0000 -0.9863 -0.1649
vn -0.0000 0.9686 0.2487
vn -0.0000 -0.8026 0.5965
vn -0.0000 -0.8709 0.4915
vn -0.0000 0.3859 -0.9226
vn -0.0000 0.5272 -0.8497
vn -0.0000 0.8709 -0.4915
vn -0.0000 0.6831 -0.7304
vn -0.0000 -0.0000 1.0000
vn -0.0000 0.3859 0.9226
vn -0.0000 -1.0000 -0.0000
vn -0.0000 -0.9696 0.2447
vn -0.0000 0.6831 0.7304
vn -0.0000 -0.0000 -1.0000
vn -0.0000 0.8709 0.4915
vn -0.0000 -0.6831 0.7304
vn -0.0000 -0.3859 -0.9226
vn -0.0000 0.9696 0.2447
vn -0.0000 -0.3859 0.9226
vn -0.0000 -0.6831 -0.7304
vn -0.0000 1.0000 -0.0000
vn -0.0000 -0.8709 -0.4915
vn -0.0000 0.9696 -0.2447
vn -0.0000 -0.9696 -0.2447
vn -0.0000 -0.9227 0.3854
vn -0.0000 -0.2271 0.9739
vn -0.0000 -0.5272 0.8497
vn -0.0000 0.5272 0.8497
vn -0.0000 0.2271 0.9739
vn -0.0000 0.9227 0.3854
vn -0.0000 0.8026 0.5965
vn -0.0000 -0.5272 -0.8497
vn -0.0000 0.9945 -0.1049
vn -0.0000 -0.2271 -0.9739
vn -0.0000 0.9945 0.1049
vn -0.0000 -0.9227 -0.3854
vn -0.0000 0.8026 -0.5965
vn -0.0000 -0.8026 -0.5965
vn -0.0000 0.9227 -0.3854
vn -0.0000 -0.9945 0.1049
vn -0.0000 0.2271 -0.9739
vn -0.0000 -0.9945 -0.1049
vn -0.0000 -0.2953 0.9554
vn -0.1102 0.9939 -0.0000
vn -0.0827 0.9966 0.0013
vn -0.0826 0.9966 0.0016
vn -0.0000 0.2952 -0.9554
vn -0.0000 -0.2952 -0.9554
vn -0.0537 0.9930 0.1053
vn -0.0000 0.7897 -0.6135
vn -0.0000 -0.7897 -0.6135
vn -0.0545 -0.9921 0.1131
vn -0.0840 -0.9965 0.0050
vn -0.0839 -0.9965 0.0053
vn -0.1119 -0.9937 -0.0000
vn -0.0000 0.2953 0.9554
vn -0.0840 -0.9965 -0.0050
vn -0.0839 -0.9965 -0.0053
vn -0.0000 0.7897 0.6135
vn -0.0545 -0.9921 -0.1131
vn -0.0537 0.9930 -0.1053
vn -0.0827 0.9966 -0.0013
vn -0.0826 0.9966 -0.0016
vn -0.0000 -0.7897 0.6135
vn -0.0000 0.3261 0.9453
vn -0.0000 0.9124 0.4092
vn -0.0000 0.9124 -0.4092
vn -0.0000 0.3261 -0.9453
vn -0.0000 -0.3261 -0.9453
vn -0.0000 -0.9124 -0.4092
vn -0.0000 -0.9790 0.2038
vn -0.0000 -0.5965 0.8026
vn -0.0000 -0.3261 0.9453
vn -0.9622 0.1625 0.2187
vn -0.9672 -0.0000 0.2539
vn -0.9474 0.3201 -0.0000
vn -0.9522 0.2786 0.1250
vn -0.9522 0.2786 -0.1250
vn -0.9622 0.1625 -0.2187
vn -0.9672 -0.0000 -0.2539
vn -0.9622 -0.1625 -0.2187
vn -0.9522 -0.2786 -0.1250
vn -0.9474 -0.3201 -0.0000
vn -0.9522 -0.2786 0.1250
vn -0.9622 -0.1625 0.2187
vn -0.0000 -0.9790 -0.2038
vn -0.0000 -0.9124 0.4092
vn -0.0000 0.9790 -0.2038
vn -0.0000 0.5965 -0.8026
vn -0.0000 0.9790 0.2038
vn -0.0000 -0.5965 -0.8026
vn -0.0000 0.5965 0.8026
vn -0.9672 -0.0000 0.2538
vn -0.0000 0.5269 -0.8499
vn -0.0000 0.8501 -0.5266
vn -0.0000 0.9846 -0.1746
vn -0.0000 0.9846 0.1746
vn -0.0000 0.8501 0.5266
vn -0.0000 0.5269 0.8499
vn -0.0000 -0.5269 0.8499
vn -0.0000 -0.8501 0.5266
vn -0.0000 -0.9846 0.1746
vn -0.0000 -0.9846 -0.1746
vn -0.0000 -0.8501 -0.5266
vn -0.0000 -0.5269 -0.8499
vn -0.9187 -0.0000 -0.3950
vn -0.9100 0.2185 -0.3525
vn -0.8912 0.3856 -0.2389
vn -0.8770 0.4732 -0.0839
vn -0.8770 0.4732 0.0839
vn -0.8912 0.3856 0.2389
vn -0.9100 0.2185 0.3525
vn -0.9187 -0.0000 0.3950
vn -0.9100 -0.2185 0.3525
vn -0.8912 -0.3856 0.2389
vn -0.8770 -0.4732 0.0839
vn -0.8770 -0.4732 -0.0839
vn -0.8912 -0.3856 -0.2389
vn -0.9100 -0.2185 -0.3525
vn -0.0000 -0.8501 0.5267
vn -0.0000 0.8501 0.5267
vn -0.0000 0.3261 0.9454
vn -0.0000 -0.4705 0.8824
vn -0.0000 0.4705 0.8824
vn -0.0000 0.9519 0.3063
vn -0.0000 0.4705 -0.8824
vn -0.0000 0.9519 -0.3063
vn -0.0000 -0.4705 -0.8824
vn -0.0000 -0.9519 -0.3063
vn -0.0000 -0.9519 0.3063
vn -0.0000 -0.5097 -0.8604
vn -0.0000 -0.4297 -0.9030
vn -0.0000 -0.9612 -0.2760
vn -0.0000 -0.5097 0.8604
vn -0.0000 -0.9416 -0.3367
vn -0.0000 -0.9416 0.3367
vn -0.0000 0.5097 0.8604
vn -0.0000 -0.4297 0.9030
vn -0.0000 0.4297 0.9030
vn -0.0000 -0.9612 0.2760
vn -0.0000 0.9612 0.2760
vn -0.0000 0.9416 0.3367
vn -0.0000 0.9416 -0.3367
vn -0.0000 0.9612 -0.2760
vn -0.0000 0.4297 -0.9030
vn -0.0000 0.5097 -0.8604
vn -0.0000 -0.6521 0.7581
vn -0.0000 0.6521 0.7581
vn -0.0548 0.9983 0.0203
vn -0.0846 0.9939 0.0706
vn -0.0843 0.9940 0.0700
vn -0.1136 0.9935 -0.0000
vn -0.0846 0.9939 -0.0706
vn -0.0843 0.9940 -0.0700
vn -0.0000 0.6521 -0.7582
vn -0.0000 -0.6521 -0.7582
vn -0.0548 0.9983 -0.0203
vn -0.0540 -0.9982 -0.0280
vn -0.0834 -0.9937 -0.0744
vn -0.0830 -0.9938 -0.0738
vn -0.0834 -0.9937 0.0744
vn -0.0830 -0.9938 0.0738
vn -0.0540 -0.9982 0.0280
s 0
usemtl treads
f 14521//2781 14566//2781 14567//2781 14522//2781
f 14519//2782 14568//2782 14569//2782 14520//2782
f 14458//2783 14626//2783 14631//2783 13053//2783
f 14527//2784 14560//2784 14561//2784 14528//2784
f 14526//2785 14563//2785 14560//2785 14527//2785
f 14525//2786 14562//2786 14563//2786 14526//2786
f 14524//2787 14565//2787 14562//2787 14525//2787
f 14523//2788 14564//2788 14565//2788 14524//2788
f 14522//2789 14567//2789 14564//2789 14523//2789
f 13125//2790 14558//2790 14559//2790 14530//2790
f 14495//2791 14591//2791 14590//2791 14494//2791
f 14494//2792 14590//2792 14593//2792 14493//2792
f 14493//2793 14593//2793 14592//2793 14492//2793
f 14492//2794 14592//2794 14595//2794 14491//2794
f 14491//2795 14595//2795 14594//2795 14490//2795
f 14490//2796 14594//2796 14597//2796 14489//2796
f 14489//2797 14597//2797 14596//2797 14488//2797
f 14488//2798 14596//2798 14599//2798 14487//2798
f 13052//2799 14629//2799 14587//2799 14499//2799
f 14487//2800 14599//2800 14598//2800 13082//2800
f 14499//2801 14587//2801 14586//2801 14498//2801
f 14498//2802 14586//2802 14589//2802 14497//2802
f 14497//2803 14589//2803 14588//2803 14496//2803
f 14496//2804 14588//2804 14591//2804 14495//2804
f 14457//2805 14456//2805 14500//2805 13097//2805
f 13054//2805 14457//2805 13097//2805 14502//2805
f 14459//2805 13054//2805 14502//2805 13099//2805
f 14460//2805 14459//2805 13099//2805 13100//2805
f 14461//2805 14460//2805 13100//2805 14505//2805
f 14462//2805 14461//2805 14505//2805 13102//2805
f 14463//2805 14462//2805 13102//2805 13103//2805
f 14464//2805 14463//2805 13103//2805 14508//2805
f 14465//2805 14464//2805 14508//2805 13105//2805
f 14466//2805 14465//2805 13105//2805 13106//2805
f 14467//2805 14466//2805 13106//2805 14511//2805
f 14468//2805 14467//2805 14511//2805 13108//2805
f 14469//2805 14468//2805 13108//2805 13109//2805
f 14470//2805 14469//2805 13109//2805 14514//2805
f 14471//2805 14470//2805 14514//2805 13111//2805
f 14472//2805 14471//2805 13111//2805 13112//2805
f 14473//2805 14472//2805 13112//2805 14517//2805
f 14474//2805 14473//2805 14517//2805 13114//2805
f 14475//2805 14474//2805 13114//2805 13115//2805
f 14476//2805 14475//2805 13115//2805 13116//2805
f 14477//2805 14476//2805 13116//2805 13117//2805
f 14478//2805 14477//2805 13117//2805 13118//2805
f 14479//2805 14478//2805 13118//2805 13119//2805
f 14480//2805 14479//2805 13119//2805 13120//2805
f 14481//2805 14480//2805 13120//2805 13121//2805
f 14482//2805 14481//2805 13121//2805 13122//2805
f 14483//2805 14482//2805 13122//2805 13123//2805
f 14484//2805 14483//2805 13123//2805 13124//2805
f 14485//2805 14484//2805 13124//2805 14529//2805
f 14486//2805 14485//2805 14529//2805 13126//2805
f 13083//2805 14486//2805 13126//2805 13127//2805
f 13084//2805 13083//2805 13127//2805 14532//2805
f 13085//2805 13084//2805 14532//2805 14533//2805
f 13086//2805 13085//2805 14533//2805 14534//2805
f 13086//2805 14534//2805 14535//2805 13087//2805
f 13088//2805 13087//2805 14535//2805 14536//2805
f 13089//2805 13088//2805 14536//2805 14537//2805
f 13090//2805 13089//2805 14537//2805 14538//2805
f 13091//2805 13090//2805 14538//2805 14539//2805
f 13092//2805 13091//2805 14539//2805 14540//2805
f 13093//2805 13092//2805 14540//2805 14541//2805
f 13094//2805 13093//2805 14541//2805 14542//2805
f 13095//2805 13094//2805 14542//2805 14543//2805
f 14456//2805 13095//2805 14543//2805 14500//2805
f 14531//2806 14556//2806 14557//2806 13128//2806
f 14530//2807 14559//2807 14556//2807 14531//2807
f 13055//2808 14627//2808 14626//2808 14458//2808
f 14528//2809 14561//2809 14558//2809 13125//2809
f 13053//2810 14631//2810 14629//2810 13052//2810
f 14520//2811 14569//2811 14566//2811 14521//2811
f 14518//2812 14571//2812 14568//2812 14519//2812
f 13113//2813 14570//2813 14571//2813 14518//2813
f 14516//2814 14573//2814 14570//2814 13113//2814
f 14515//2815 14572//2815 14573//2815 14516//2815
f 13110//2816 14575//2816 14572//2816 14515//2816
f 14513//2817 14574//2817 14575//2817 13110//2817
f 14512//2818 14577//2818 14574//2818 14513//2818
f 13107//2819 14576//2819 14577//2819 14512//2819
f 14510//2820 14579//2820 14576//2820 13107//2820
f 14509//2821 14578//2821 14579//2821 14510//2821
f 13104//2822 14630//2822 14578//2822 14509//2822
f 14507//2823 14581//2823 14630//2823 13104//2823
f 14506//2824 14580//2824 14581//2824 14507//2824
f 13101//2825 14628//2825 14580//2825 14506//2825
f 13056//2826 14624//2826 14627//2826 13055//2826
f 14503//2827 14582//2827 14583//2827 14504//2827
f 13098//2828 14585//2828 14582//2828 14503//2828
f 14501//2829 14584//2829 14585//2829 13098//2829
f 13096//2830 14545//2830 14584//2830 14501//2830
f 14504//2831 14583//2831 14628//2831 13101//2831
f 13074//2832 14606//2832 14609//2832 13073//2832
f 13073//2833 14609//2833 14608//2833 13072//2833
f 13072//2834 14608//2834 14611//2834 13071//2834
f 13071//2835 14611//2835 14610//2835 13070//2835
f 13070//2836 14610//2836 14613//2836 13069//2836
f 13069//2837 14613//2837 14612//2837 13068//2837
f 13139//2838 14544//2838 14545//2838 13096//2838
f 13068//2839 14612//2839 14615//2839 13067//2839
f 13138//2840 14547//2840 14544//2840 13139//2840
f 13067//2841 14615//2841 14614//2841 13066//2841
f 13137//2842 14546//2842 14547//2842 13138//2842
f 13066//2843 14614//2843 14617//2843 13065//2843
f 13136//2844 14549//2844 14546//2844 13137//2844
f 13065//2845 14617//2845 14616//2845 13064//2845
f 13135//2846 14548//2846 14549//2846 13136//2846
f 13064//2847 14616//2847 14619//2847 13063//2847
f 13134//2848 14551//2848 14548//2848 13135//2848
f 13063//2849 14619//2849 14618//2849 13062//2849
f 13133//2850 14550//2850 14551//2850 13134//2850
f 13062//2851 14618//2851 14621//2851 13061//2851
f 13132//2852 14553//2852 14550//2852 13133//2852
f 13061//2853 14621//2853 14620//2853 13060//2853
f 13220//2854 13176//2854 13177//2854 13221//2854
f 13131//2855 14552//2855 14553//2855 13132//2855
f 13060//2856 14620//2856 14623//2856 13059//2856
f 13130//2857 14555//2857 14552//2857 13131//2857
f 13059//2858 14623//2858 14622//2858 13058//2858
f 13129//2859 14554//2859 14555//2859 13130//2859
f 13058//2860 14622//2860 14625//2860 13057//2860
f 13057//2861 14625//2861 14624//2861 13056//2861
f 13128//2862 14557//2862 14554//2862 13129//2862
f 13082//2863 14598//2863 14601//2863 13081//2863
f 13078//2864 14602//2864 14605//2864 13077//2864
f 13076//2865 14604//2865 14607//2865 13075//2865
f 13080//2866 14600//2866 14603//2866 13079//2866
f 13194//2854 13150//2854 13151//2854 13195//2854
f 13195//2854 13151//2854 13152//2854 13196//2854
f 13196//2854 13152//2854 13153//2854 13197//2854
f 13197//2854 13153//2854 13154//2854 13198//2854
f 13198//2854 13154//2854 13155//2854 13199//2854
f 13199//2854 13155//2854 13156//2854 13200//2854
f 13200//2854 13156//2854 13157//2854 13201//2854
f 13201//2854 13157//2854 13158//2854 13202//2854
f 13202//2854 13158//2854 13159//2854 13203//2854
f 13203//2854 13159//2854 13160//2854 13204//2854
f 13204//2854 13160//2854 13161//2854 13205//2854
f 13205//2854 13161//2854 13162//2854 13206//2854
f 13206//2854 13162//2854 13163//2854 13207//2854
f 13207//2854 13163//2854 13164//2854 13208//2854
f 13208//2854 13164//2854 13165//2854 13209//2854
f 13209//2854 13165//2854 13166//2854 13210//2854
f 13210//2854 13166//2854 13167//2854 13211//2854
f 13211//2854 13167//2854 13168//2854 13212//2854
f 13212//2854 13168//2854 13169//2854 13213//2854
f 13213//2854 13169//2854 13170//2854 13214//2854
f 13214//2854 13170//2854 13171//2854 13215//2854
f 13215//2854 13171//2854 13172//2854 13216//2854
f 13216//2854 13172//2854 13173//2854 13217//2854
f 13217//2854 13173//2854 13174//2854 13218//2854
f 13218//2854 13174//2854 13175//2854 13219//2854
f 13219//2854 13175//2854 13176//2854 13220//2854
f 13221//2854 13177//2854 13178//2854 13222//2854
f 13222//2854 13178//2854 13179//2854 13223//2854
f 13223//2854 13179//2854 13180//2854 13224//2854
f 13224//2854 13180//2854 13181//2854 13225//2854
f 13225//2854 13181//2854 13182//2854 13226//2854
f 13226//2854 13182//2854 13183//2854 13227//2854
f 13227//2854 13183//2854 13140//2854 13184//2854
f 13184//2854 13140//2854 13141//2854 13185//2854
f 13185//2854 13141//2854 13142//2854 13186//2854
f 13186//2854 13142//2854 13143//2854 13187//2854
f 13187//2854 13143//2854 13144//2854 13188//2854
f 13188//2854 13144//2854 13145//2854 13189//2854
f 13189//2854 13145//2854 13146//2854 13190//2854
f 13190//2854 13146//2854 13147//2854 13191//2854
f 13191//2854 13147//2854 13148//2854 13192//2854
f 13193//2854 13192//2854 13148//2854 13149//2854
f 13193//2854 13149//2854 13150//2854 13194//2854
f 13081//2867 14601//2867 14600//2867 13080//2867
f 13079//2868 14603//2868 14602//2868 13078//2868
f 13077//2869 14605//2869 14604//2869 13076//2869
f 13075//2870 14607//2870 14606//2870 13074//2870
f 14632//2805 14633//2805 14636//2805 14635//2805
f 13228//2871 14745//2871 13238//2871 13229//2871
f 14634//2872 13402//2872 14745//2872 13228//2872
f 13230//2805 14632//2805 14635//2805 14637//2805
f 13233//2873 14640//2873 14639//2873 13232//2873
f 13232//2874 14639//2874 14638//2874 13234//2874
f 14744//2854 13236//2854 13235//2854 13231//2854
f 13231//2854 13235//2854 13237//2854 14835//2854
f 14834//2875 14641//2875 14640//2875 13233//2875
f 14835//2854 13237//2854 13239//2854 14644//2854
f 14829//2876 14642//2876 14641//2876 14834//2876
f 14644//2854 13239//2854 13242//2854 14645//2854
f 14828//2877 14643//2877 14642//2877 14829//2877
f 14645//2854 13242//2854 13244//2854 14646//2854
f 14833//2878 13241//2878 13245//2878 14832//2878
f 14832//2879 13245//2879 13247//2879 14831//2879
f 14831//2880 13247//2880 14647//2880 14830//2880
f 14646//2854 13244//2854 14650//2854 13249//2854
f 14830//2881 14647//2881 14648//2881 14823//2881
f 13249//2854 14650//2854 14651//2854 13252//2854
f 14823//2882 14648//2882 14649//2882 13428//2882
f 13252//2854 14651//2854 14652//2854 13254//2854
f 14826//2883 13255//2883 13251//2883 14827//2883
f 14825//2884 13257//2884 13255//2884 14826//2884
f 14824//2885 14653//2885 13257//2885 14825//2885
f 13254//2854 14652//2854 13259//2854 14656//2854
f 14817//2886 14654//2886 14653//2886 14824//2886
f 14656//2854 13259//2854 13262//2854 14657//2854
f 14816//2887 14655//2887 14654//2887 14817//2887
f 14657//2854 13262//2854 13264//2854 14658//2854
f 14821//2888 13261//2888 13265//2888 14820//2888
f 14820//2889 13265//2889 13267//2889 14819//2889
f 14819//2890 13267//2890 14659//2890 14818//2890
f 14658//2854 13264//2854 14662//2854 13269//2854
f 14818//2891 14659//2891 14660//2891 14811//2891
f 13269//2854 14662//2854 14663//2854 13272//2854
f 14811//2892 14660//2892 14661//2892 14810//2892
f 13272//2854 14663//2854 14664//2854 13274//2854
f 14814//2893 13275//2893 13271//2893 14815//2893
f 14813//2894 13277//2894 13275//2894 14814//2894
f 14812//2895 14665//2895 13277//2895 14813//2895
f 13274//2854 14664//2854 13279//2854 14668//2854
f 14805//2896 14666//2896 14665//2896 14812//2896
f 14668//2854 13279//2854 13282//2854 14669//2854
f 14804//2897 14667//2897 14666//2897 14805//2897
f 14669//2854 13282//2854 13284//2854 14670//2854
f 14809//2898 13281//2898 13285//2898 14808//2898
f 14808//2899 13285//2899 13287//2899 14807//2899
f 14807//2900 13287//2900 14671//2900 14806//2900
f 14670//2854 13284//2854 14674//2854 13289//2854
f 14806//2901 14671//2901 14672//2901 14799//2901
f 13289//2854 14674//2854 14675//2854 13292//2854
f 14799//2902 14672//2902 14673//2902 13420//2902
f 13292//2854 14675//2854 14676//2854 13294//2854
f 14802//2903 13295//2903 13291//2903 14803//2903
f 14801//2904 13297//2904 13295//2904 14802//2904
f 14800//2905 14677//2905 13297//2905 14801//2905
f 13294//2854 14676//2854 13299//2854 14680//2854
f 14793//2906 14678//2906 14677//2906 14800//2906
f 14680//2854 13299//2854 13302//2854 14681//2854
f 14792//2907 14679//2907 14678//2907 14793//2907
f 14681//2854 13302//2854 13304//2854 14682//2854
f 14797//2908 13301//2908 13305//2908 14796//2908
f 14796//2909 13305//2909 13307//2909 14795//2909
f 14795//2910 13307//2910 14683//2910 14794//2910
f 14682//2854 13304//2854 14686//2854 13309//2854
f 14794//2911 14683//2911 14684//2911 14787//2911
f 13309//2854 14686//2854 14687//2854 13312//2854
f 14787//2912 14684//2912 14685//2912 13416//2912
f 13312//2854 14687//2854 14688//2854 13314//2854
f 14790//2913 13315//2913 13311//2913 14791//2913
f 14789//2914 13317//2914 13315//2914 14790//2914
f 14788//2915 14689//2915 13317//2915 14789//2915
f 13314//2854 14688//2854 13319//2854 14692//2854
f 14781//2916 14690//2916 14689//2916 14788//2916
f 14692//2854 13319//2854 13322//2854 14693//2854
f 13414//2917 14691//2917 14690//2917 14781//2917
f 14693//2854 13322//2854 13324//2854 14694//2854
f 14785//2918 13321//2918 13325//2918 14784//2918
f 14784//2919 13325//2919 13327//2919 14783//2919
f 14783//2920 13327//2920 14695//2920 14782//2920
f 14694//2854 13324//2854 14698//2854 13329//2854
f 14782//2921 14695//2921 14696//2921 14775//2921
f 13329//2854 14698//2854 14699//2854 13332//2854
f 14775//2922 14696//2922 14697//2922 13412//2922
f 13332//2854 14699//2854 14700//2854 13334//2854
f 14778//2923 13335//2923 13331//2923 14779//2923
f 14777//2924 13337//2924 13335//2924 14778//2924
f 14776//2925 14701//2925 13337//2925 14777//2925
f 13334//2854 14700//2854 13339//2854 14704//2854
f 14769//2926 14702//2926 14701//2926 14776//2926
f 14704//2854 13339//2854 13342//2854 14705//2854
f 14768//2927 14703//2927 14702//2927 14769//2927
f 14705//2854 13342//2854 13344//2854 14706//2854
f 14773//2928 13341//2928 13345//2928 14772//2928
f 14772//2929 13345//2929 13347//2929 14771//2929
f 14771//2930 13347//2930 14707//2930 14770//2930
f 14706//2854 13344//2854 14710//2854 13349//2854
f 14770//2931 14707//2931 14708//2931 14763//2931
f 13349//2854 14710//2854 14711//2854 13352//2854
f 14763//2932 14708//2932 14709//2932 14762//2932
f 13352//2854 14711//2854 14712//2854 13354//2854
f 14766//2933 13355//2933 13351//2933 14767//2933
f 14765//2934 13357//2934 13355//2934 14766//2934
f 14764//2935 14713//2935 13357//2935 14765//2935
f 13354//2854 14712//2854 13359//2854 14716//2854
f 14757//2936 14714//2936 14713//2936 14764//2936
f 14716//2854 13359//2854 13362//2854 14717//2854
f 14756//2937 14715//2937 14714//2937 14757//2937
f 14717//2854 13362//2854 13364//2854 14718//2854
f 14761//2938 13361//2938 13365//2938 14760//2938
f 14760//2939 13365//2939 13367//2939 14759//2939
f 14759//2940 13367//2940 14719//2940 14758//2940
f 14718//2854 13364//2854 14722//2854 13369//2854
f 14758//2941 14719//2941 14720//2941 14751//2941
f 13369//2854 14722//2854 14723//2854 13372//2854
f 14751//2942 14720//2942 14721//2942 14750//2942
f 13372//2854 14723//2854 14724//2854 13374//2854
f 14754//2943 13375//2943 13371//2943 14755//2943
f 14753//2944 13377//2944 13375//2944 14754//2944
f 14752//2945 14725//2945 13377//2945 14753//2945
f 13374//2854 14724//2854 13379//2854 14728//2854
f 14743//2946 14726//2946 14725//2946 14752//2946
f 14728//2854 13379//2854 13382//2854 14729//2854
f 14742//2947 14727//2947 14726//2947 14743//2947
f 14729//2854 13382//2854 13384//2854 14730//2854
f 14749//2948 13381//2948 13385//2948 14748//2948
f 14748//2949 13385//2949 13387//2949 14747//2949
f 14747//2950 13387//2950 14731//2950 14746//2950
f 14730//2854 13384//2854 14734//2854 13389//2854
f 14746//2951 14731//2951 14732//2951 14739//2951
f 13389//2854 14734//2854 14735//2854 13392//2854
f 14739//2952 14732//2952 14733//2952 13399//2952
f 13392//2854 14735//2854 14736//2854 13394//2854
f 14737//2953 13395//2953 13391//2953 14741//2953
f 14738//2954 13397//2954 13395//2954 14737//2954
f 13234//2955 14638//2955 13397//2955 14738//2955
f 13394//2854 14736//2854 13236//2854 14744//2854
f 13393//2805 14740//2805 13398//2805 13396//2805
f 14740//2805 13230//2805 14637//2805 13398//2805
f 13399//2956 14733//2956 13402//2956 14634//2956
f 13390//2805 13393//2805 13396//2805 13400//2805
f 14741//2957 13391//2957 14727//2957 14742//2957
f 13388//2805 13390//2805 13400//2805 13401//2805
f 13386//2805 13388//2805 13401//2805 13383//2805
f 13403//2805 13386//2805 13383//2805 13380//2805
f 14750//2958 14721//2958 13381//2958 14749//2958
f 13404//2805 13403//2805 13380//2805 13378//2805
f 13373//2805 13404//2805 13378//2805 13376//2805
f 13370//2805 13373//2805 13376//2805 13405//2805
f 14755//2959 13371//2959 14715//2959 14756//2959
f 13368//2805 13370//2805 13405//2805 13406//2805
f 13366//2805 13368//2805 13406//2805 13363//2805
f 13407//2805 13366//2805 13363//2805 13360//2805
f 14762//2960 14709//2960 13361//2960 14761//2960
f 13408//2805 13407//2805 13360//2805 13358//2805
f 13353//2805 13408//2805 13358//2805 13356//2805
f 13350//2805 13353//2805 13356//2805 13409//2805
f 14767//2961 13351//2961 14703//2961 14768//2961
f 13348//2805 13350//2805 13409//2805 13410//2805
f 13346//2805 13348//2805 13410//2805 13343//2805
f 13411//2805 13346//2805 13343//2805 13340//2805
f 14774//2805 13411//2805 13340//2805 13338//2805
f 13412//2962 14697//2962 13341//2962 14773//2962
f 13333//2805 14774//2805 13338//2805 13336//2805
f 13330//2805 13333//2805 13336//2805 13413//2805
f 13328//2805 13330//2805 13413//2805 14780//2805
f 14779//2963 13331//2963 14691//2963 13414//2963
f 13326//2805 13328//2805 14780//2805 13323//2805
f 13415//2805 13326//2805 13323//2805 13320//2805
f 14786//2805 13415//2805 13320//2805 13318//2805
f 13416//2964 14685//2964 13321//2964 14785//2964
f 13313//2805 14786//2805 13318//2805 13316//2805
f 13310//2805 13313//2805 13316//2805 13417//2805
f 14791//2965 13311//2965 14679//2965 14792//2965
f 13308//2805 13310//2805 13417//2805 13418//2805
f 13306//2805 13308//2805 13418//2805 13303//2805
f 13419//2805 13306//2805 13303//2805 13300//2805
f 14798//2805 13419//2805 13300//2805 13298//2805
f 13420//2966 14673//2966 13301//2966 14797//2966
f 13293//2805 14798//2805 13298//2805 13296//2805
f 13290//2805 13293//2805 13296//2805 13421//2805
f 14803//2967 13291//2967 14667//2967 14804//2967
f 13288//2805 13290//2805 13421//2805 13422//2805
f 13286//2805 13288//2805 13422//2805 13283//2805
f 13423//2805 13286//2805 13283//2805 13280//2805
f 14810//2968 14661//2968 13281//2968 14809//2968
f 13424//2805 13423//2805 13280//2805 13278//2805
f 13273//2805 13424//2805 13278//2805 13276//2805
f 13270//2805 13273//2805 13276//2805 13425//2805
f 14815//2969 13271//2969 14655//2969 14816//2969
f 13268//2805 13270//2805 13425//2805 13426//2805
f 13266//2805 13268//2805 13426//2805 13263//2805
f 13427//2805 13266//2805 13263//2805 13260//2805
f 14822//2805 13427//2805 13260//2805 13258//2805
f 13428//2970 14649//2970 13261//2970 14821//2970
f 13253//2805 14822//2805 13258//2805 13256//2805
f 13250//2805 13253//2805 13256//2805 13429//2805
f 14827//2971 13251//2971 14643//2971 14828//2971
f 13248//2805 13250//2805 13429//2805 13430//2805
f 13246//2805 13248//2805 13430//2805 13243//2805
f 13431//2805 13246//2805 13243//2805 13240//2805
f 14633//2805 13431//2805 13240//2805 14636//2805
f 13229//2972 13238//2972 13241//2972 14833//2972
s 1
f 14886//2973 14887//2974 13499//2974 13498//2973
f 14856//2854 14857//2854 14875//2854 14874//2854 14873//2854 14872//2854 14871//2854 14870//2854 14869//2854 14868//2854 14867//2854 14866//2854 14865//2854 14864//2854 14863//2854 14862//2854 14861//2854 14860//2854 14859//2854 14858//2854
f 13451//2975 14878//2976 13493//2976 13511//2975
f 14843//2977 13459//2977 13460//2978 14844//2978
f 14837//2979 13452//2979 13453//2980 14836//2980
f 14851//2981 13467//2981 13468//2982 14852//2982
f 14844//2978 13460//2978 13461//2975 14845//2975
f 14836//2980 13453//2980 13454//2983 14838//2983
f 14852//2982 13468//2982 13469//2974 14853//2974
f 14845//2975 13461//2975 13462//2984 14846//2984
f 14838//2983 13454//2983 13455//2985 14839//2985
f 14853//2974 13469//2974 13470//2986 14854//2986
f 14846//2984 13462//2984 13463//2987 14847//2987
f 14839//2985 13455//2985 13456//2988 14840//2988
f 14854//2986 13470//2986 13471//2989 14855//2989
f 14847//2987 13463//2987 13464//2990 14848//2990
f 14840//2988 13456//2988 13457//2991 14841//2991
f 14855//2989 13471//2989 13452//2979 14837//2979
f 14848//2990 13464//2990 13465//2992 14849//2992
f 14841//2991 13457//2991 13458//2993 14842//2993
f 14849//2992 13465//2992 13466//2994 14850//2994
f 14842//2993 13458//2993 13459//2977 14843//2977
f 14850//2994 13466//2994 13467//2981 14851//2981
f 14876//2805 14877//2805 13473//2805 13472//2805
f 14879//2805 14876//2805 13472//2805 13474//2805
f 14881//2805 14879//2805 13474//2805 13475//2805
f 14882//2805 14881//2805 13475//2805 13476//2805
f 14884//2805 14882//2805 13476//2805 13477//2805
f 14885//2805 14884//2805 13477//2805 13478//2805
f 13439//2805 14885//2805 13478//2805 13479//2805
f 14888//2805 13439//2805 13479//2805 13480//2805
f 14890//2805 14888//2805 13480//2805 13481//2805
f 14891//2805 14890//2805 13481//2805 13482//2805
f 14893//2805 14891//2805 13482//2805 13483//2805
f 14894//2805 14893//2805 13483//2805 13484//2805
f 14896//2805 14894//2805 13484//2805 13485//2805
f 14897//2805 14896//2805 13485//2805 13486//2805
f 14899//2805 14897//2805 13486//2805 13487//2805
f 14900//2805 14899//2805 13487//2805 13488//2805
f 14902//2805 14900//2805 13488//2805 13489//2805
f 14903//2805 14902//2805 13489//2805 13490//2805
f 14905//2805 14903//2805 13490//2805 13491//2805
f 14877//2805 14905//2805 13491//2805 13473//2805
f 14887//2974 14889//2995 14908//2995 13499//2974
f 13440//2996 13441//2989 13501//2989 13500//2996
f 13441//2989 14892//2997 14909//2997 13501//2989
f 13442//2998 13443//2980 13503//2980 13502//2998
f 13443//2980 14895//2999 14910//2999 13503//2980
f 13444//3000 13445//2985 13505//2985 13504//3000
f 13445//2985 14898//3001 14911//3001 13505//2985
f 13432//3002 13433//2987 13492//2987 14906//3002
f 13446//3003 13447//2991 13507//2991 13506//3003
f 13433//2987 14880//3004 14912//3004 13492//2987
f 13447//2991 14901//3005 14913//3005 13507//2991
f 13434//3006 13435//2992 13495//2992 13494//3006
f 13448//3007 13449//2977 13509//2977 13508//3007
f 13435//2992 14883//3008 14914//3008 13495//2992
f 13449//2977 14904//3009 14915//3009 13509//2977
f 13436//3010 13437//2981 13497//2981 13496//3010
f 13450//3011 13451//2975 13511//2975 13510//3011
f 13437//2981 13438//3012 14907//3012 13497//2981
f 14916//2805 14918//2805 14919//2805 14920//2805 14921//2805 14922//2805 14923//2805 14924//2805 14925//2805 14926//2805 14927//2805 14928//2805 14929//2805 14930//2805 14931//2805 14932//2805 14933//2805 14934//2805 14935//2805 14917//2805
f 13531//2989 13551//2989 13533//2979 13513//2979
f 13518//2993 13538//2993 13539//2977 13519//2977
f 13519//2977 13539//2977 13540//2978 13520//2978
f 13520//2978 13540//2978 13541//2975 13521//2975
f 13521//2975 13541//2975 13542//2984 13522//2984
f 13522//2984 13542//2984 13543//2987 13523//2987
f 13523//2987 13543//2987 13544//2990 13524//2990
f 13524//2990 13544//2990 13545//2992 13525//2992
f 13525//2992 13545//2992 13546//2994 13526//2994
f 13513//2979 13533//2979 13532//2980 13512//2980
f 13526//2994 13546//2994 13547//2981 13527//2981
f 13512//2980 13532//2980 13534//2983 13514//2983
f 13527//2981 13547//2981 13548//2982 13528//2982
f 13514//2983 13534//2983 13535//2985 13515//2985
f 13528//2982 13548//2982 13549//2974 13529//2974
f 13515//2985 13535//2985 13536//2988 13516//2988
f 13529//2974 13549//2974 13550//2986 13530//2986
f 13516//2988 13536//2988 13537//2991 13517//2991
f 13530//2986 13550//2986 13551//2989 13531//2989
f 13517//2991 13537//2991 13538//2993 13518//2993
f 13568//2986 13569//3013 14957//3013 14956//2986
f 13556//3014 13557//3015 14942//3016 14941//3014
f 13560//3017 13561//3018 14947//3018 14946//3017
f 13557//3015 14958//3019 14943//3019 14942//3016
f 13558//3020 13559//2978 14945//2978 14944//3020
f 13559//2978 13560//3017 14946//3017 14945//2978
f 13561//3018 13562//2990 14948//2990 14947//3018
f 13562//2990 14959//3021 14949//3021 14948//2990
f 13563//3022 13564//3023 14951//3024 14950//3022
f 13564//3023 13565//3025 14952//3025 14951//3024
f 13552//3026 13553//2983 14936//2983 14937//3026
f 13565//3025 13566//3027 14953//3028 14952//3025
f 13553//2983 14960//3029 14938//3029 14936//2983
f 13566//3027 14961//3030 14954//3030 14953//3028
f 13554//3031 13555//3032 14940//3033 14939//3031
f 13567//3034 13568//2986 14956//2986 14955//3034
f 13555//3032 13556//3014 14941//3014 14940//3033
f 13570//2805 13571//2805 13572//2805 13573//2805 13574//2805 13575//2805 13576//2805 13577//2805 13578//2805 13579//2805 13580//2805 13581//2805 13582//2805 13583//2805 13584//2805 13585//2805 13586//2805 13587//2805
f 13552//3026 14937//3026 14957//3013 13569//3013
f 14997//2854 14995//2854 14994//2854 14993//2854 14991//2854 14989//2854 14987//2854 14986//2854 14985//2854 14984//2854 14982//2854 14980//2854
f 14962//3035 14981//3035 14983//3035 14964//3035
f 14966//3036 13602//3036 13603//2991 14967//2991
f 14967//2991 13603//2991 13604//3037 14968//3037
f 14968//3037 13604//3037 14988//3020 14969//3020
f 14970//3038 13605//3038 14990//3038 14971//3038
f 14972//3039 13606//3039 14992//3039 14973//3039
f 14974//3021 13607//3021 13608//3040 14975//3040
f 14975//3040 13608//3040 13609//2981 14976//2981
f 14976//2981 13609//2981 14996//3041 14977//3041
f 14978//3034 13610//3034 13611//3042 14979//3042
f 14979//3042 13611//3042 13600//3043 14963//3043
f 14965//3029 13601//3029 13602//3036 14966//3036
f 14999//3044 14998//3045 13612//3045 13613//3044
f 15003//3046 15001//3047 13614//3047 13615//3046
f 15004//3048 15003//3046 13615//3046 13616//3048
f 15005//3049 15004//3048 13616//3048 13617//3049
f 15007//3050 15005//3049 13617//3049 13618//3050
f 15008//3051 15007//3050 13618//3050 13619//3051
f 15010//3052 15008//3051 13619//3051 13620//3052
f 15011//3053 15010//3052 13620//3052 13621//3053
f 15012//3054 15011//3053 13621//3053 13622//3054
f 15014//3055 15012//3054 13622//3054 13623//3055
f 14998//3045 15014//3055 13623//3055 13612//3045
f 15001//3047 14999//3044 13613//3044 13614//3047
f 13588//2984 15000//3039 15015//3039 13624//2984
f 15002//3056 13591//2981 13627//2981 15016//3056
f 13591//2981 13592//3057 13628//3057 13627//2981
f 13592//3057 15006//3034 15017//3034 13628//3057
f 13593//3043 13594//2979 13630//2979 13629//3043
f 13594//2979 15009//3035 15018//3035 13630//2979
f 13595//3029 13596//3036 13632//3036 13631//3029
f 13596//3036 13597//2991 13633//2991 13632//3036
f 13597//2991 15013//3058 15019//3058 13633//2991
f 13598//3020 13599//3059 13635//3059 13634//3020
f 13599//3059 13588//2984 13624//2984 13635//3059
f 13589//3021 13590//3021 13626//3021 13625//3021
f 15023//3037 15022//3037 15021//3037 15020//3037
f 13638//2984 13643//2984 15025//2984 15024//2984
f 13639//3040 13644//3040 15027//3040 15026//3040
f 13640//3057 13645//3057 15029//3057 15028//3057
f 13641//2979 13646//2979 15031//2979 15030//2979
f 13636//3036 13647//3036 13642//3036 13637//3036
f 15070//3021 15072//3021 13686//3021 13685//3021
f 15084//3059 13648//2984 13684//2984 13695//3059
f 15067//2854 15065//2854 15064//2854 15063//2854 15061//2854 15059//2854 15057//2854 15056//2854 15055//2854 15054//2854 15052//2854 15050//2854
f 15032//3035 15051//3035 15053//3035 15034//3035
f 15036//3036 13662//3036 13663//2991 15037//2991
f 15037//2991 13663//2991 13664//3037 15038//3037
f 15038//3037 13664//3037 15058//3020 15039//3020
f 15040//3038 13665//3038 15060//3038 15041//3038
f 15042//3039 13666//3039 15062//3039 15043//3039
f 15044//3021 13667//3021 13668//3040 15045//3040
f 15045//3040 13668//3040 13669//2981 15046//2981
f 15046//2981 13669//2981 15066//3041 15047//3041
f 15048//3034 13670//3034 13671//3042 15049//3042
f 15049//3042 13671//3042 13660//3043 15033//3043
f 15035//3029 13661//3029 13662//3036 15036//3036
f 15083//3020 15084//3059 13695//3059 13694//3020
f 15069//3044 15068//3045 13672//3045 13673//3044
f 15073//3046 15071//3047 13674//3047 13675//3046
f 15074//3048 15073//3046 13675//3046 13676//3048
f 15075//3049 15074//3048 13676//3048 13677//3049
f 15077//3050 15075//3049 13677//3049 13678//3050
f 15078//3051 15077//3050 13678//3050 13679//3051
f 15080//3052 15078//3051 13679//3051 13680//3052
f 15081//3053 15080//3052 13680//3052 13681//3053
f 15082//3054 15081//3053 13681//3053 13682//3054
f 13659//3055 15082//3054 13682//3054 13683//3055
f 15068//3045 13659//3055 13683//3055 13672//3045
f 15071//3047 15069//3044 13673//3044 13674//3047
f 13648//2984 13649//3039 15087//3039 13684//2984
f 13650//3056 13651//2981 13687//2981 15086//3056
f 13651//2981 13652//3057 13688//3057 13687//2981
f 13652//3057 15076//3034 15088//3034 13688//3057
f 13653//3043 13654//2979 13690//2979 13689//3043
f 13654//2979 15079//3035 15089//3035 13690//2979
f 13655//3029 13656//3036 13692//3036 13691//3029
f 13656//3036 13657//2991 13693//2991 13692//3036
f 13657//2991 13658//3058 15085//3058 13693//2991
f 13699//3040 13704//3040 15091//3040 15090//3040
f 13700//3057 13705//3057 15095//3057 15094//3057
f 13701//2979 13706//2979 15097//2979 15096//2979
f 13696//3036 13707//3036 13702//3036 13697//3036
f 15098//3037 15099//3037 15101//3037 15100//3037
f 13698//2984 13703//2984 15092//2984 15093//2984
f 15137//2854 15135//2854 15134//2854 15133//2854 15131//2854 15129//2854 15127//2854 15126//2854 15125//2854 15124//2854 15122//2854 15120//2854
f 15102//3035 15121//3035 15123//3035 15104//3035
f 15106//3036 13722//3036 13723//2991 15107//2991
f 15107//2991 13723//2991 13724//3037 15108//3037
f 15108//3037 13724//3037 15128//3020 15109//3020
f 15110//3038 13725//3038 15130//3038 15111//3038
f 15112//3039 13726//3039 15132//3039 15113//3039
f 15114//3021 13727//3021 13728//3040 15115//3040
f 15115//3040 13728//3040 13729//2981 15116//2981
f 15116//2981 13729//2981 15136//3041 15117//3041
f 15118//3034 13730//3034 13731//3042 15119//3042
f 15119//3042 13731//3042 13720//3043 15103//3043
f 15105//3029 13721//3029 13722//3036 15106//3036
f 15139//3044 15138//3045 13732//3045 13733//3044
f 15143//3046 15141//3047 13734//3047 13735//3046
f 15144//3048 15143//3046 13735//3046 13736//3048
f 15145//3049 15144//3048 13736//3048 13737//3049
f 15147//3050 15145//3049 13737//3049 13738//3050
f 15148//3051 15147//3050 13738//3050 13739//3051
f 15150//3052 15148//3051 13739//3051 13740//3052
f 15151//3053 15150//3052 13740//3052 13741//3053
f 15152//3054 15151//3053 13741//3053 13742//3054
f 15154//3055 15152//3054 13742//3054 13743//3055
f 15138//3045 15154//3055 13743//3055 13732//3045
f 15141//3047 15139//3044 13733//3044 13734//3047
f 13708//2984 15140//3039 15155//3039 13744//2984
f 15142//3056 13711//2981 13747//2981 15156//3056
f 13711//2981 13712//3057 13748//3057 13747//2981
f 13712//3057 15146//3034 15157//3034 13748//3057
f 13713//3043 13714//2979 13750//2979 13749//3043
f 13714//2979 15149//3035 15158//3035 13750//2979
f 13715//3029 13716//3036 13752//3036 13751//3029
f 13716//3036 13717//2991 13753//2991 13752//3036
f 13717//2991 15153//3058 15159//3058 13753//2991
f 13718//3020 13719//3059 13755//3059 13754//3020
f 13719//3059 13708//2984 13744//2984 13755//3059
f 13709//3021 13710//3021 13746//3021 13745//3021
f 15163//3037 15162//3037 15161//3037 15160//3037
f 13758//2984 13763//2984 15165//2984 15164//2984
f 13759//3040 13764//3040 15167//3040 15166//3040
f 13760//3057 13765//3057 15169//3057 15168//3057
f 13761//2979 13766//2979 15171//2979 15170//2979
f 13756//3036 13767//3036 13762//3036 13757//3036
f 15221//3060 13777//2991 13813//2991 15224//3060
f 15205//2854 15189//2854 15191//2854 15192//2854 15194//2854 15195//2854 15196//2854 15198//2854 15199//2854 15200//2854 15201//2854 15203//2854
f 15178//3036 13784//3036 13783//2991 15177//2991
f 15179//3029 15197//3029 13784//3036 15178//3036
f 15181//2979 13786//2979 13785//3035 15180//3035
f 15182//3042 13787//3042 13786//2979 15181//2979
f 15183//3057 13788//3057 13787//3042 15182//3042
f 15184//3041 15202//3041 13788//3057 15183//3057
f 15186//3056 15204//3056 13789//3056 15185//3056
f 15188//3061 13791//3061 13790//3021 15187//3021
f 15174//3059 13781//3059 15190//3038 15172//3038
f 15173//3039 13780//3039 13791//3061 15188//3061
f 15175//3020 15193//3020 13781//3059 15174//3059
f 15177//2991 13783//2991 13782//3058 15176//3058
f 15206//3050 15208//3049 13793//3049 13792//3050
f 15208//3049 15209//3048 13794//3048 13793//3049
f 15209//3048 15211//3046 13795//3046 13794//3048
f 15211//3046 15212//3047 13796//3047 13795//3046
f 15212//3047 15214//3044 13797//3044 13796//3047
f 15214//3044 15215//3045 13798//3045 13797//3044
f 15215//3045 15217//3055 13799//3055 13798//3045
f 15217//3055 15218//3054 13800//3054 13799//3055
f 15218//3054 15220//3053 13801//3053 13800//3054
f 15220//3053 15222//3052 13802//3052 13801//3053
f 15222//3052 15223//3051 13803//3051 13802//3052
f 15223//3051 15206//3050 13792//3050 13803//3051
f 13779//3062 13778//3029 13814//3029 13815//3062
f 15207//3035 13779//3062 13815//3062 13804//3035
f 13769//3042 13768//3043 15225//3043 13805//3042
f 15210//3034 13769//3042 13805//3042 15226//3034
f 13771//2981 13770//3041 13806//3041 13807//2981
f 15213//3056 13771//2981 13807//2981 15227//3056
f 13773//3061 13772//3021 13808//3021 13809//3061
f 15216//3039 13773//3061 13809//3061 15228//3039
f 13775//3059 13774//3038 13810//3038 13811//3059
f 15219//3020 13775//3059 13811//3059 15229//3020
f 13777//2991 13776//3058 13812//3058 13813//2991
f 15238//3042 15243//3042 13825//3042 15237//3042
f 15240//2981 15244//2981 13826//2981 15239//2981
f 15231//3061 13822//3061 13827//3061 15241//3061
f 15232//3059 15246//3059 15245//3059 15230//3059
f 15234//2991 15247//2991 13823//2991 15233//2991
f 15236//3062 15242//3062 13824//3062 15235//3062
f 13816//2805 13821//2805 13820//2805 13819//2805 13818//2805 13817//2805
f 15289//3020 15290//3059 13869//3059 13868//3020
f 15287//2991 15288//3058 15301//3058 13867//2991
f 15286//3060 15287//2991 13867//2991 13866//3060
f 15265//2854 15266//2854 15280//2854 15278//2854 15277//2854 15275//2854 15274//2854 15273//2854 15272//2854 15270//2854 15269//2854 15267//2854
f 15249//2984 13841//2984 13840//3061 15248//3061
f 15248//3061 13840//3061 15268//3021 15250//3021
f 15251//3056 13842//3056 13843//2981 15252//2981
f 15252//2981 13843//2981 15271//3041 15253//3041
f 15254//3034 13844//3034 13845//3042 15255//3042
f 15255//3042 13845//3042 13846//2979 15256//2979
f 15256//2979 13846//2979 13847//3062 15257//3062
f 15257//3062 13847//3062 15276//3029 15258//3029
f 15259//3060 13848//3060 13849//2991 15260//2991
f 15260//2991 13849//2991 15279//3058 15261//3058
f 15262//3020 13850//3020 15281//3020 15263//3020
f 15264//3038 13851//3038 13841//2984 15249//2984
f 13828//3062 15285//3029 15300//3029 13864//3062
f 15282//3051 15283//3050 13853//3050 13852//3051
f 13830//3052 15282//3051 13852//3051 13854//3052
f 13831//3053 13830//3052 13854//3052 13855//3053
f 13832//3054 13831//3053 13855//3053 13856//3054
f 13833//3055 13832//3054 13856//3054 13857//3055
f 15291//3063 13833//3055 13857//3055 13858//3063
f 15293//3044 15291//3063 13858//3063 13859//3044
f 15294//3047 15293//3044 13859//3044 13860//3047
f 15296//3046 15294//3047 13860//3047 13861//3046
f 15297//3048 15296//3046 13861//3046 13862//3048
f 15299//3049 15297//3048 13862//3048 13863//3049
f 15283//3050 15299//3049 13863//3049 13853//3050
f 15290//3059 15292//3038 15302//3038 13869//3059
f 13834//3039 13835//3061 13871//3061 13870//3039
f 13835//3061 15295//3021 15303//3021 13871//3061
f 13836//3056 13837//2981 13873//2981 13872//3056
f 13837//2981 15298//3041 15304//3041 13873//2981
f 13838//3034 13839//3042 13875//3042 13874//3034
f 13839//3042 15284//3043 13865//3043 13875//3042
f 13829//3035 13828//3062 13864//3062 15305//3035
f 15308//3061 15319//3061 15318//3061 15306//3061
f 15307//2981 13882//2981 15320//2981 15310//2981
f 15311//3042 13884//3042 15321//3042 15312//3042
f 15313//3062 13885//3062 15322//3062 15314//3062
f 15315//2991 13886//2991 15323//2991 15316//2991
f 15317//3059 13887//3059 13883//3059 15309//3059
f 13877//2805 13878//2805 13879//2805 13880//2805 13881//2805 13876//2805
f 15356//2854 15341//2854 15342//2854 15344//2854 15345//2854 15346//2854 15348//2854 15349//2854 15351//2854 15352//2854 15354//2854 15355//2854
f 15325//3038 15343//3038 13900//2984 15324//2984
f 15327//3037 13902//3037 13901//3020 15326//3020
f 15328//2991 13903//2991 13902//3037 15327//3037
f 15329//3060 15347//3060 13903//2991 15328//2991
f 15331//3062 13905//3062 13904//3029 15330//3029
f 15332//3035 15350//3035 13905//3062 15331//3062
f 15334//3042 13907//3042 13906//3043 15333//3043
f 15335//3034 15353//3034 13907//3042 15334//3042
f 15337//2981 13909//2981 13908//3041 15336//3041
f 15338//3040 13910//3040 13909//2981 15337//2981
f 15339//3021 15357//3021 13910//3040 15338//3040
f 15324//2984 13900//2984 13911//3039 15340//3039
f 15358//3050 15360//3049 13913//3049 13912//3050
f 15360//3049 15361//3048 13914//3048 13913//3049
f 15361//3048 15363//3046 13915//3046 13914//3048
f 15363//3046 15364//3047 13916//3047 13915//3046
f 15364//3047 15366//3044 13917//3044 13916//3047
f 15366//3044 15367//3045 13918//3045 13917//3044
f 15367//3045 15369//3055 13919//3055 13918//3045
f 15369//3055 15370//3054 13920//3054 13919//3055
f 15370//3054 15372//3053 13921//3053 13920//3054
f 15372//3053 15373//3052 13922//3052 13921//3053
f 15373//3052 15375//3051 13923//3051 13922//3052
f 15375//3051 15358//3050 13912//3050 13923//3051
f 13889//3042 15359//3043 15376//3043 13925//3042
f 15362//3034 13889//3042 13925//3042 15377//3034
f 13891//2981 13890//3041 13926//3041 13927//2981
f 15365//3056 13891//2981 13927//2981 15378//3056
f 13893//3061 13892//3021 13928//3021 13929//3061
f 15368//3039 13893//3061 13929//3061 15379//3039
f 13895//3059 13894//3038 13930//3038 13931//3059
f 15371//3020 13895//3059 13931//3059 15380//3020
f 13897//2991 13896//3058 13932//3058 13933//2991
f 15374//3060 13897//2991 13933//2991 15381//3060
f 13899//3062 13898//3029 13934//3029 13935//3062
f 13888//3035 13899//3062 13935//3062 13924//3035
f 15383//3061 13942//3061 13947//3061 15393//3061
f 15384//3059 15396//3059 15395//3059 15382//3059
f 15386//2991 15397//2991 13943//2991 15385//2991
f 15388//3062 15398//3062 13944//3062 15387//3062
f 15390//3042 15399//3042 13945//3042 15389//3042
f 15392//2981 15394//2981 13946//2981 15391//2981
f 13936//2805 13941//2805 13940//2805 13939//2805 13938//2805 13937//2805
f 15436//3064 13955//2984 13997//2984 13998//3064
f 15414//2854 15416//2854 15417//2854 15418//2854 15419//2854 15420//2854 15421//2854 15422//2854 15423//2854 15424//2854 15425//2854 15426//2854 15427//2854 15415//2854
f 15400//3064 13962//3064 13963//2984 15401//2984
f 15402//3065 13964//3065 13962//3064 15400//3064
f 15403//3066 13965//3066 13964//3065 15402//3065
f 15404//3067 13966//3067 13965//3066 15403//3066
f 15405//3068 13967//3068 13966//3067 15404//3067
f 15406//3069 13968//3069 13967//3068 15405//3068
f 15407//2979 13969//2979 13968//3069 15406//3069
f 15408//3070 13970//3070 13969//2979 15407//2979
f 15409//3071 13971//3071 13970//3070 15408//3070
f 15410//3072 13972//3072 13971//3071 15409//3071
f 15411//3073 13973//3073 13972//3072 15410//3072
f 15412//3074 13974//3074 13973//3073 15411//3073
f 15413//3075 13975//3075 13974//3074 15412//3074
f 15401//2984 13963//2984 13975//3075 15413//3075
f 15429//3076 15428//3077 13976//3077 13977//3076
f 15428//3077 15430//3078 13978//3078 13976//3077
f 15430//3078 15431//3079 13979//3079 13978//3078
f 15431//3079 15432//3080 13980//3080 13979//3079
f 15432//3080 15433//3081 13981//3081 13980//3080
f 15433//3081 15434//3082 13982//3082 13981//3081
f 15434//3082 15435//3083 13983//3083 13982//3082
f 15435//3083 13956//3084 13984//3084 13983//3083
f 13956//3084 15437//3085 13985//3085 13984//3084
f 15437//3085 15438//3086 13986//3086 13985//3085
f 15438//3086 15439//3087 13987//3087 13986//3086
f 15439//3087 15440//3088 13988//3088 13987//3087
f 15440//3088 15441//3089 13989//3089 13988//3088
f 15441//3089 15429//3076 13977//3076 13989//3089
f 13957//3065 15436//3064 13998//3064 13999//3065
f 13958//3066 13957//3065 13999//3065 14000//3066
f 13959//3067 13958//3066 14000//3066 14001//3067
f 13960//3068 13959//3067 14001//3067 14002//3068
f 13961//3069 13960//3068 14002//3068 14003//3069
f 13948//2979 13961//3069 14003//3069 13991//2979
f 13949//3070 13948//2979 13991//2979 13990//3070
f 13950//3071 13949//3070 13990//3070 13992//3071
f 13951//3072 13950//3071 13992//3071 13993//3072
f 13952//3073 13951//3072 13993//3072 13994//3073
f 13953//3074 13952//3073 13994//3073 13995//3074
f 13954//3075 13953//3074 13995//3074 13996//3075
f 13955//2984 13954//3075 13996//3075 13997//2984
f 15442//3064 14017//3064 14015//3064 15444//3064
f 15452//3090 14007//3090 15458//3090 15451//3090
f 15446//3066 14013//3066 15457//3066 15443//3066
f 15454//3073 14004//3073 15459//3073 15453//3073
f 15448//3091 14011//3091 15460//3091 15447//3091
f 15445//3075 15456//3075 15461//3075 15455//3075
f 15450//2979 14009//2979 15462//2979 15449//2979
f 14006//2805 14005//2805 14016//2805 14014//2805 14012//2805 14010//2805 14008//2805
f 15498//2984 14024//3075 14066//3075 14067//2984
f 15477//2854 15479//2854 15480//2854 15481//2854 15482//2854 15483//2854 15484//2854 15485//2854 15486//2854 15487//2854 15488//2854 15489//2854 15490//2854 15478//2854
f 15463//3064 14032//3064 14033//2984 15464//2984
f 15465//3065 14034//3065 14032//3064 15463//3064
f 15466//3066 14035//3066 14034//3065 15465//3065
f 15467//3067 14036//3067 14035//3066 15466//3066
f 15468//3068 14037//3068 14036//3067 15467//3067
f 15469//3069 14038//3069 14037//3068 15468//3068
f 15470//2979 14039//2979 14038//3069 15469//3069
f 15471//3070 14040//3070 14039//2979 15470//2979
f 15472//3071 14041//3071 14040//3070 15471//3070
f 15473//3072 14042//3072 14041//3071 15472//3071
f 15474//3073 14043//3073 14042//3072 15473//3072
f 15475//3074 14044//3074 14043//3073 15474//3073
f 15476//3075 14045//3075 14044//3074 15475//3074
f 15464//2984 14033//2984 14045//3075 15476//3075
f 15492//3076 15491//3077 14046//3077 14047//3076
f 15491//3077 15493//3078 14048//3078 14046//3077
f 15493//3078 15494//3079 14049//3079 14048//3078
f 15494//3079 15495//3080 14050//3080 14049//3079
f 15495//3080 15496//3081 14051//3081 14050//3080
f 15496//3081 15497//3082 14052//3082 14051//3081
f 15497//3082 14025//3083 14053//3083 14052//3082
f 14025//3083 15499//3084 14054//3084 14053//3083
f 15499//3084 15500//3085 14055//3085 14054//3084
f 15500//3085 15501//3086 14056//3086 14055//3085
f 15501//3086 15502//3087 14057//3087 14056//3086
f 15502//3087 15503//3088 14058//3088 14057//3087
f 15503//3088 15504//3089 14059//3089 14058//3088
f 15504//3089 15492//3076 14047//3076 14059//3089
f 14026//3064 15498//2984 14067//2984 14068//3064
f 14027//3065 14026//3064 14068//3064 14069//3065
f 14028//3066 14027//3065 14069//3065 14070//3066
f 14029//3067 14028//3066 14070//3066 14071//3067
f 14030//3068 14029//3067 14071//3067 14072//3068
f 14031//3069 14030//3068 14072//3068 14073//3069
f 14018//2979 14031//3069 14073//3069 14061//2979
f 14019//3070 14018//2979 14061//2979 14060//3070
f 14020//3071 14019//3070 14060//3070 14062//3071
f 14021//3072 14020//3071 14062//3071 14063//3072
f 14022//3073 14021//3072 14063//3072 14064//3073
f 14023//3074 14022//3073 14064//3073 14065//3074
f 14024//3075 14023//3074 14065//3074 14066//3075
f 15515//3071 14077//3071 15519//3071 15514//3071
f 15509//3066 14083//3066 15521//3066 15506//3066
f 15517//3073 14074//3073 15520//3073 15516//3073
f 15511//3068 14081//3068 15522//3068 15510//3068
f 15508//3075 15525//3075 15523//3075 15518//3075
f 15513//2979 14079//2979 15524//2979 15512//2979
f 15505//3064 14087//3064 14085//3064 15507//3064
f 14076//2805 14075//2805 14086//2805 14084//2805 14082//2805 14080//2805 14078//2805
f 15567//3040 15568//2981 14127//2981 14126//3040
f 15564//2984 15565//3039 15581//3039 14124//2984
f 15563//2854 15561//2854 15559//2854 15558//2854 15556//2854 15554//2854 15552//2854 15551//2854 15550//2854 15549//2854 15547//2854 15545//2854
f 15529//3029 15548//3029 14102//3036 15530//3036
f 15526//3035 15546//3035 14101//3035 15528//3035
f 15530//3036 14102//3036 14103//2991 15531//2991
f 15531//2991 14103//2991 14104//3037 15532//3037
f 15532//3037 14104//3037 15553//3020 15533//3020
f 15534//3038 14105//3038 15555//3038 15535//3038
f 15536//3039 14106//3039 15557//3039 15537//3039
f 15538//3021 14107//3021 14108//3040 15539//3040
f 15539//3040 14108//3040 15560//3056 15540//3056
f 15541//3041 14109//3041 15562//3041 15542//3041
f 15543//3034 14110//3034 14111//3042 15544//3042
f 15544//3042 14111//3042 14100//3043 15527//3043
f 15566//3044 14088//3045 14112//3045 14113//3044
f 14091//3046 14090//3047 14114//3047 14115//3046
f 15569//3048 14091//3046 14115//3046 14116//3048
f 15570//3049 15569//3048 14116//3048 14117//3049
f 15572//3050 15570//3049 14117//3049 14118//3050
f 15573//3051 15572//3050 14118//3050 14119//3051
f 15575//3052 15573//3051 14119//3051 14120//3052
f 15576//3053 15575//3052 14120//3052 14121//3053
f 15577//3054 15576//3053 14121//3053 14122//3054
f 15579//3055 15577//3054 14122//3054 14123//3055
f 14088//3045 15579//3055 14123//3055 14112//3045
f 14090//3047 15566//3044 14113//3044 14114//3047
f 15568//2981 14092//3057 14128//3057 14127//2981
f 14092//3057 15571//3034 15582//3034 14128//3057
f 14093//3043 14094//2979 14130//2979 14129//3043
f 14094//2979 15574//3092 15583//3092 14130//2979
f 14095//3029 14096//3036 14132//3036 14131//3029
f 14096//3036 14097//2991 14133//2991 14132//3036
f 14097//2991 15578//3058 15584//3058 14133//2991
f 14098//3020 15580//3020 15585//3020 14134//3020
f 14099//3038 15564//2984 14124//2984 14135//3038
f 14089//3021 15567//3040 14126//3040 14125//3021
f 15589//3037 15588//3037 15587//3037 15586//3037
f 14138//2984 14143//2984 15591//2984 15590//2984
f 14139//3040 14144//3040 15593//3040 15592//3040
f 14140//3057 14145//3057 15595//3057 15594//3057
f 14141//2979 14146//2979 15597//2979 15596//2979
f 14136//3036 14147//3036 14142//3036 14137//3036
f 15635//2854 15633//2854 15631//2854 15630//2854 15628//2854 15626//2854 15624//2854 15623//2854 15622//2854 15621//2854 15619//2854 15617//2854
f 15598//3035 15618//3035 15620//3035 15600//3035
f 15602//3036 14162//3036 14163//2991 15603//2991
f 15603//2991 14163//2991 14164//3037 15604//3037
f 15604//3037 14164//3037 15625//3020 15605//3020
f 15606//3038 14165//3038 15627//3038 15607//3038
f 15608//3039 14166//3039 15629//3039 15609//3039
f 15610//3021 14167//3021 14168//3040 15611//3040
f 15611//3040 14168//3040 15632//3056 15612//3056
f 15613//3041 14169//3041 15634//3041 15614//3041
f 15615//3034 14170//3034 14171//3042 15616//3042
f 15616//3042 14171//3042 14160//3043 15599//3043
f 15601//3029 14161//3029 14162//3036 15602//3036
f 15637//3044 15636//3045 14172//3045 14173//3044
f 15640//3046 15639//3047 14174//3047 14175//3046
f 15641//3048 15640//3046 14175//3046 14176//3048
f 15642//3049 15641//3048 14176//3048 14177//3049
f 15644//3050 15642//3049 14177//3049 14178//3050
f 15645//3051 15644//3050 14178//3050 14179//3051
f 15647//3052 15645//3051 14179//3051 14180//3052
f 15648//3053 15647//3052 14180//3052 14181//3053
f 15649//3054 15648//3053 14181//3053 14182//3054
f 15651//3055 15649//3054 14182//3054 14183//3055
f 15636//3045 15651//3055 14183//3055 14172//3045
f 15639//3047 15637//3044 14173//3044 14174//3047
f 14148//2984 15638//3039 15653//3039 14184//2984
f 14150//3040 14151//2981 14187//2981 14186//3040
f 14151//2981 14152//3057 14188//3057 14187//2981
f 14152//3057 15643//3034 15654//3034 14188//3057
f 14153//3043 14154//2979 14190//2979 14189//3043
f 14154//2979 15646//3035 15655//3035 14190//2979
f 14155//3029 14156//3036 14192//3036 14191//3029
f 14156//3036 14157//2991 14193//2991 14192//3036
f 14157//2991 15650//3058 15656//3058 14193//2991
f 14158//3020 15652//3020 15657//3020 14194//3020
f 14159//3038 14148//2984 14184//2984 14195//3038
f 14149//3021 14150//3040 14186//3040 14185//3021
f 15661//3037 15660//3037 15659//3037 15658//3037
f 14198//2984 14203//2984 15663//2984 15662//2984
f 14199//3040 14204//3040 15665//3040 15664//3040
f 14200//3057 14205//3057 15667//3057 15666//3057
f 14201//2979 14206//2979 15669//2979 15668//2979
f 14196//3036 14207//3036 14202//3036 14197//3036
f 15700//2854 15698//2854 15697//2854 15696//2854 15695//2854 15693//2854 15692//2854 15691//2854 15690//2854 15689//2854 15687//2854 15686//2854
f 15675//3037 14224//3037 14225//3059 15676//3059
f 15676//3059 14225//3059 15694//3038 15677//3038
f 15678//3039 14226//3039 14227//3061 15679//3061
f 15679//3061 14227//3061 14228//3040 15680//3040
f 15680//3040 14228//3040 14229//2981 15681//2981
f 15681//2981 14229//2981 15699//3041 15682//3041
f 15683//3034 14230//3034 15701//3034 15684//3034
f 15685//3043 14231//3043 14220//2979 15670//2979
f 15672//3029 15688//3029 14222//3036 15673//3036
f 15670//2979 14220//2979 14221//3035 15671//3035
f 15673//3036 14222//3036 14223//2991 15674//2991
f 15674//2991 14223//2991 14224//3037 15675//3037
f 15703//3044 15702//3045 14232//3045 14233//3044
f 15706//3046 15705//3047 14234//3047 14235//3046
f 15708//3048 15706//3046 14235//3046 14236//3048
f 15709//3049 15708//3048 14236//3048 14237//3049
f 15710//3050 15709//3049 14237//3049 14238//3050
f 15712//3051 15710//3050 14238//3050 14239//3051
f 15713//3052 15712//3051 14239//3051 14240//3052
f 15714//3053 15713//3052 14240//3052 14241//3053
f 15715//3054 15714//3053 14241//3053 14242//3054
f 15716//3055 15715//3054 14242//3054 14243//3055
f 15702//3045 15716//3055 14243//3055 14232//3045
f 15705//3047 15703//3044 14233//3044 14234//3047
f 14208//2984 15704//3039 15718//3039 14244//2984
f 14210//3040 15707//3056 15719//3056 14246//3040
f 14211//3041 14212//3057 14248//3057 14247//3041
f 14212//3057 14213//3042 14249//3042 14248//3057
f 14213//3042 15711//3043 15720//3043 14249//3042
f 14214//3035 14215//3062 14251//3062 14250//3035
f 14215//3062 14216//3036 14252//3036 14251//3062
f 14216//3036 14217//2991 14253//2991 14252//3036
f 14217//2991 14218//3037 14254//3037 14253//2991
f 14218//3037 15717//3020 15721//3020 14254//3037
f 14219//3038 14208//2984 14244//2984 14255//3038
f 14209//3021 14210//3040 14246//3040 14245//3021
f 15722//3059 15735//3059 15734//3059 15724//3059
f 15725//3061 14263//3061 15736//3061 15726//3061
f 15727//2981 14264//2981 15737//2981 15728//2981
f 15729//3042 14265//3042 15738//3042 15730//3042
f 15731//3062 14266//3062 15739//3062 15732//3062
f 15733//2991 14267//2991 14262//2991 15723//2991
f 14257//2805 14258//2805 14259//2805 14260//2805 14261//2805 14256//2805
f 15769//2854 15771//2854 15773//2854 15767//2854 15762//2854 15761//2854 15760//2854 15758//2854 15757//2854 15763//2854 15764//2854 15766//2854
f 15746//3036 14285//3036 14280//2991 15740//2991
f 15754//3034 15772//3034 15770//3034 15753//3034
f 15743//3059 14282//3059 14283//2984 15744//2984
f 15756//2981 14291//2981 14290//3041 15755//3041
f 15747//3029 15765//3029 14285//3036 15746//3036
f 15751//3056 15768//3056 14291//2981 15756//2981
f 15749//2979 14287//2979 14286//3035 15748//3035
f 15745//3061 14284//3061 14288//3021 15750//3021
f 15740//2991 14280//2991 15759//3058 15741//3058
f 15742//3020 14281//3020 14282//3059 15743//3059
f 15744//2984 14283//2984 14284//3061 15745//3061
f 15752//3043 14289//3043 14287//2979 15749//2979
f 15775//3048 15774//3046 14292//3046 14293//3048
f 15777//3049 15775//3048 14293//3048 14294//3049
f 15780//3051 15779//3050 14295//3050 14296//3051
f 15774//3046 15782//3047 14297//3047 14292//3046
f 15779//3050 15777//3049 14294//3049 14295//3050
f 15782//3047 15783//3044 14298//3044 14297//3047
f 15783//3044 15785//3045 14299//3045 14298//3044
f 15786//3052 15780//3051 14296//3051 14300//3052
f 15785//3045 15787//3055 14301//3055 14299//3045
f 15787//3055 15789//3054 14302//3054 14301//3055
f 15789//3054 15790//3053 14303//3053 14302//3054
f 15790//3053 15786//3052 14300//3052 14303//3053
f 15788//3038 14275//2984 14311//2984 15792//3038
f 14278//3037 14277//3020 14313//3020 14314//3037
f 14268//2981 15776//3041 15793//3041 14304//2981
f 14269//3034 15778//3034 15794//3034 14305//3034
f 15791//3058 14278//3037 14314//3037 15795//3058
f 14271//2979 15781//3035 15796//3035 14307//2979
f 14276//3036 14279//3060 14315//3060 14312//3036
f 14273//3040 14268//2981 14304//2981 14309//3040
f 14270//3043 14271//2979 14307//2979 14306//3043
f 15784//3021 14273//3040 14309//3040 15797//3021
f 14275//2984 14274//3039 14310//3039 14311//2984
f 14272//3029 14276//3036 14312//3036 14308//3029
f 15808//3042 15811//3042 14325//3042 15805//3042
f 15807//2981 14326//2981 14327//2981 15809//2981
f 15798//2991 15814//2991 15813//2991 15800//2991
f 15801//3059 14323//3059 15815//3059 15802//3059
f 15804//3062 15810//3062 14322//3062 15799//3062
f 15803//3061 14324//3061 15812//3061 15806//3061
f 14318//2805 14316//2805 14317//2805 14320//2805 14321//2805 14319//2805
f 15841//2854 15840//2854 15839//2854 15838//2854 15837//2854 15836//2854 15847//2854 15846//2854 15835//2854 15834//2854 15833//2854 15832//2854 15845//2854 15844//2854 15843//2854 15842//2854
f 15824//3034 14352//3034 14353//3093 15825//3093
f 15825//3093 14353//3093 14354//2979 15826//2979
f 15826//2979 14354//2979 14355//3094 15827//3094
f 15827//3094 14355//3094 14356//3029 15828//3029
f 15828//3029 14356//3029 14357//3095 15829//3095
f 15819//3096 14347//3096 14358//2984 15830//2984
f 15829//3095 14357//3095 14344//2991 15816//2991
f 15816//2991 14344//2991 14345//3097 15817//3097
f 15818//3020 14346//3020 14347//3096 15819//3096
f 15817//3097 14345//3097 14346//3020 15818//3020
f 15830//2984 14358//2984 14359//3098 15831//3098
f 15820//3021 14348//3021 14349//3099 15821//3099
f 15831//3098 14359//3098 14348//3021 15820//3021
f 15821//3099 14349//3099 14350//2981 15822//2981
f 15822//2981 14350//2981 14351//3100 15823//3100
f 15823//3100 14351//3100 14352//3034 15824//3034
f 15850//2805 15848//2805 14360//2805 14361//2805
f 15853//2805 15851//2805 14362//2805 14363//2805
f 15851//2805 15850//2805 14361//2805 14362//2805
f 15856//2805 15854//2805 14364//2805 14365//2805
f 15857//2805 15856//2805 14365//2805 14366//2805
f 15859//2805 15857//2805 14366//2805 14367//2805
f 15860//2805 15859//2805 14367//2805 14368//2805
f 15862//2805 15860//2805 14368//2805 14369//2805
f 15863//2805 15862//2805 14369//2805 14370//2805
f 15865//2805 15863//2805 14370//2805 14371//2805
f 15866//2805 15865//2805 14371//2805 14372//2805
f 15868//2805 15866//2805 14372//2805 14373//2805
f 15869//2805 15853//2805 14363//2805 14374//2805
f 15848//2805 15868//2805 14373//2805 14360//2805
f 15871//2805 15869//2805 14374//2805 14375//2805
f 15854//2805 15871//2805 14375//2805 14364//2805
f 15864//3101 14339//3098 14387//3098 14386//3101
f 14339//3098 15867//3102 15873//3102 14387//3098
f 14340//3103 14341//3099 14389//3099 14388//3103
f 14331//3093 15870//3104 15874//3104 14379//3093
f 14341//3099 15849//3105 14376//3105 14389//3099
f 14328//3106 14329//3100 14377//3100 15875//3106
f 14342//3107 14343//3094 14391//3094 14390//3107
f 15852//3108 14331//3093 14379//3093 15876//3108
f 14343//3094 15855//3109 14380//3109 14391//3094
f 14329//3100 14330//3110 14378//3110 14377//3100
f 14332//3111 14333//3095 14381//3095 15877//3111
f 14333//3095 15858//3112 15878//3112 14381//3095
f 14334//3113 14335//3097 14383//3097 14382//3113
f 14335//3097 15861//3114 15879//3114 14383//3097
f 14336//3115 14337//3096 14385//3096 14384//3115
f 14337//3096 14338//3116 15872//3116 14385//3096
f 15880//2805 15881//2805 15882//2805 15883//2805 15894//2805 15895//2805 15884//2805 15885//2805 15886//2805 15887//2805 15888//2805 15889//2805 15890//2805 15891//2805 15892//2805 15893//2805
f 14402//2979 14401//3093 14417//3093 14418//2979
f 14403//3094 14402//2979 14418//2979 14419//3094
f 14404//3029 14403//3094 14419//3094 14420//3029
f 14405//3095 14404//3029 14420//3029 14421//3095
f 14406//2984 14395//3096 14411//3096 14422//2984
f 14392//2991 14405//3095 14421//3095 14408//2991
f 14393//3097 14392//2991 14408//2991 14409//3097
f 14407//3098 14406//2984 14422//2984 14423//3098
f 14395//3096 14394//3020 14410//3020 14411//3096
f 14396//3021 14407//3098 14423//3098 14412//3021
f 14394//3020 14393//3097 14409//3097 14410//3020
f 14397//3099 14396//3021 14412//3021 14413//3099
f 14398//2981 14397//3099 14413//3099 14414//2981
f 14399//3100 14398//2981 14414//2981 14415//3100
f 14400//3034 14399//3100 14415//3100 14416//3034
f 14401//3093 14400//3034 14416//3034 14417//3093
f 14432//3117 14433//3093 15908//3093 15907//3117
f 14433//3093 14434//2979 15909//2979 15908//3093
f 14434//2979 14435//3094 15910//3094 15909//2979
f 14435//3094 15917//3118 15911//3118 15910//3094
f 14436//3119 14437//3120 15913//3121 15912//3119
f 14427//3096 14438//2984 15914//2984 15900//3096
f 14437//3120 14424//3122 15896//3122 15913//3121
f 14424//3122 14425//3123 15897//3124 15896//3122
f 14438//2984 14439//3098 15915//3098 15914//2984
f 15918//3125 14427//3096 15900//3096 15898//3125
f 14439//3098 14428//3126 15902//3126 15915//3098
f 14425//3123 14426//3127 15899//3127 15897//3124
f 15919//3128 14429//3129 15903//3130 15901//3128
f 14429//3129 14430//3025 15904//3025 15903//3130
f 14430//3025 14431//3131 15905//3132 15904//3025
f 14431//3131 15916//3133 15906//3133 15905//3132
f 14440//2805 14441//2805 14442//2805 14443//2805 14454//2805 14455//2805 14444//2805 14445//2805 14446//2805 14447//2805 14448//2805 14449//2805 14450//2805 14451//2805 14452//2805 14453//2805
o rtread
v 0.960015 0.452503 2.707857
v 1.335845 0.452503 2.707857
v 0.960015 0.464268 2.743479
v 0.960015 0.518374 2.654930
v 0.960015 0.403452 2.723707
v 1.335845 0.403452 2.723707
v 0.960015 0.407740 2.762021
v 0.960015 0.367690 2.725563
v 1.335845 0.367690 2.725563
v 0.960015 0.367707 2.764270
v 0.960015 0.330882 2.723708
v 1.335845 0.330882 2.723708
v 0.960015 0.326784 2.762055
v 0.960015 0.279291 2.707857
v 0.960015 0.267891 2.743675
v 1.335845 0.279291 2.707857
v 0.960015 0.211219 2.654929
v 1.335845 0.211219 2.654929
v 0.960015 0.190739 2.683271
v 0.960015 0.157098 2.556462
v 1.335845 0.157098 2.556462
v 0.960015 0.130021 2.573298
v 0.960015 0.129069 2.432968
v 0.960015 0.099813 2.441917
v 1.335845 0.129069 2.432968
v 0.960015 0.021561 1.819583
v 1.335845 0.021561 1.819583
v 0.960015 -0.007430 1.829860
v 0.960015 0.003331 1.738260
v 1.335845 0.003331 1.738260
v 0.960015 -0.025674 1.748472
v 0.960015 -0.006397 1.689834
v 0.960015 -0.036025 1.696449
v 1.335845 -0.006397 1.689834
v 0.960015 -0.009301 1.648629
v 1.335845 -0.009301 1.648629
v 0.960015 -0.039367 1.649269
v 0.960015 -0.006954 1.596015
v 1.335845 -0.006954 1.596015
v 0.960015 -0.036950 1.593289
v 0.960015 -0.002745 1.531372
v 0.960015 -0.032761 1.529041
v 1.335845 -0.002745 1.531372
v 0.960015 -0.000685 1.459549
v 1.335845 -0.000685 1.459549
v 0.960015 -0.030754 1.459885
v 0.960015 -0.003782 1.386281
v 1.335845 -0.003782 1.386281
v 0.960015 -0.033772 1.389106
v 0.960015 -0.009040 1.312730
v 0.960015 -0.039044 1.315304
v 1.335845 -0.009040 1.312730
v 0.960015 -0.011410 1.239050
v 1.335845 -0.011410 1.239050
v 0.960015 -0.041476 1.238421
v 0.960015 -0.007195 1.165841
v 1.335845 -0.007195 1.165840
v 0.960015 -0.037117 1.162008
v 0.960015 -0.000165 1.093487
v 0.960015 -0.030097 1.089774
v 1.335845 -0.000165 1.093487
v 0.960015 0.003611 1.021821
v 1.335845 0.003611 1.021821
v 0.960015 -0.026460 1.021742
v 0.960015 0.000021 0.949276
v 1.335845 0.000021 0.949276
v 0.960015 -0.029957 0.952322
v 0.960015 -0.005769 0.870211
v 1.335845 -0.005769 0.870211
v 0.960015 -0.035807 0.872034
v 0.960015 -0.005786 0.776980
v 0.960015 -0.035789 0.774393
v 1.335845 -0.005786 0.776980
v 0.960015 0.005932 0.665122
v 0.960015 -0.023713 0.658635
v 1.335845 0.005932 0.665122
v 0.960015 0.024726 0.547431
v 0.960015 -0.004688 0.539388
v 1.335845 0.024726 0.547431
v 0.960015 0.043141 0.439348
v 0.960015 0.013690 0.431533
v 1.335845 0.043141 0.439348
v 0.960015 0.056540 0.350011
v 0.960015 0.027380 0.340558
v 1.335845 0.056540 0.350011
v 0.960015 0.076268 0.268711
v 0.960015 0.049343 0.251476
v 1.335845 0.076268 0.268711
v 0.960015 0.115682 0.197676
v 0.960015 0.094728 0.169912
v 1.335845 0.115682 0.197676
v 0.960015 0.165558 0.154568
v 1.335845 0.165558 0.154568
v 0.960015 0.152343 0.119799
v 0.960015 0.203959 0.138254
v 1.335845 0.203959 0.138254
v 0.960015 0.197246 0.100524
v 0.960015 0.232592 0.133377
v 1.335845 0.232592 0.133377
v 0.960015 0.230929 0.094729
v 0.960015 0.264409 0.134233
v 0.960015 0.269922 0.096181
v 1.335845 0.264409 0.134233
v 0.960015 0.323570 0.161854
v 1.335845 0.323570 0.161854
v 0.960015 0.337246 0.127382
v 0.960015 0.436449 0.260488
v 1.335845 0.436449 0.260488
v 0.960015 0.455463 0.230501
v 0.960015 0.578389 0.438617
v 0.960015 0.601148 0.413319
v 1.335845 0.578389 0.438617
v 0.960015 0.680442 0.620118
v 1.335845 0.680442 0.620118
v 0.960015 0.706730 0.601324
v 0.960015 0.728199 0.770779
v 1.335845 0.728199 0.770779
v 0.960015 0.757331 0.761179
v 0.960015 0.740431 0.908519
v 0.960015 0.770476 0.906901
v 1.335845 0.740431 0.908519
v 0.960015 0.737155 1.048122
v 1.335845 0.737155 1.048122
v 0.960015 0.767207 1.049499
v 0.960015 0.732540 1.193173
v 1.335845 0.732540 1.193173
v 0.960015 0.762609 1.193620
v 0.960015 0.734593 1.341866
v 0.960015 0.764659 1.341203
v 1.335845 0.734593 1.341866
v 0.960015 0.736571 1.496226
v 1.335845 0.736571 1.496226
v 0.960015 0.766635 1.497035
v 0.960015 0.728882 1.665614
v 1.335845 0.728882 1.665614
v 0.960015 0.758776 1.669806
v 0.960015 0.704612 1.860832
v 0.960015 0.734167 1.867965
v 1.335845 0.704612 1.860832
v 0.960015 0.669781 2.069128
v 1.335845 0.669781 2.069128
v 0.960015 0.699133 2.077543
v 0.960015 0.634646 2.265583
v 1.335845 0.634646 2.265583
v 0.960015 0.663981 2.274088
v 0.960015 0.607464 2.424392
v 0.960015 0.636472 2.434591
v 1.335845 0.607464 2.424392
v 0.960015 0.574172 2.555267
v 1.335845 0.574172 2.555267
v 0.960015 0.600976 2.572813
v 1.335845 0.600976 2.572813
v 0.960015 0.538919 2.683194
v 1.335845 0.538919 2.683194
v 1.335845 0.464268 2.743479
v 1.335845 0.518374 2.654930
v 1.335845 0.407740 2.762021
v 1.335845 0.367707 2.764270
v 1.335845 0.326784 2.762055
v 1.335845 0.267891 2.743675
v 1.335845 0.190739 2.683271
v 1.335845 0.130021 2.573298
v 1.335845 0.099813 2.441917
v 1.335845 -0.007430 1.829860
v 1.335845 -0.025674 1.748472
v 1.335845 -0.036025 1.696449
v 1.335845 -0.039367 1.649269
v 1.335845 -0.036950 1.593289
v 1.335845 -0.032761 1.529041
v 1.335845 -0.030754 1.459885
v 1.335845 -0.033772 1.389106
v 1.335845 -0.039044 1.315304
v 1.335845 -0.041476 1.238421
v 1.335845 -0.037117 1.162008
v 1.335845 -0.030097 1.089774
v 1.335845 -0.026460 1.021742
v 1.335845 -0.029957 0.952322
v 1.335845 -0.035807 0.872034
v 1.335845 -0.035789 0.774393
v 1.335845 -0.023713 0.658635
v 1.335845 -0.004688 0.539388
v 1.335845 0.013690 0.431533
v 1.335845 0.027381 0.340558
v 1.335845 0.049343 0.251476
v 1.335845 0.094728 0.169912
v 1.335845 0.152343 0.119799
v 1.335845 0.197246 0.100524
v 1.335845 0.230929 0.094729
v 1.335845 0.269922 0.096181
v 1.335845 0.337246 0.127381
v 1.335845 0.455463 0.230501
v 1.335845 0.601148 0.413319
v 1.335845 0.706730 0.601324
v 1.335845 0.757331 0.761179
v 1.335845 0.770476 0.906901
v 1.335845 0.767207 1.049499
v 1.335845 0.762609 1.193620
v 1.335845 0.764659 1.341203
v 1.335845 0.766635 1.497035
v 1.335845 0.758776 1.669806
v 1.335845 0.734167 1.867965
v 1.335845 0.699133 2.077543
v 1.335845 0.663981 2.274088
v 1.335845 0.636472 2.434591
v 0.960015 0.453598 -2.828875
v 1.335845 0.453598 -2.828875
v 0.960015 0.464967 -2.864709
v 0.960015 0.406178 -2.843332
v 0.960015 0.515749 -2.780600
v 0.960015 0.536097 -2.809100
v 1.335845 0.515749 -2.780600
v 0.960015 0.563989 -2.694947
v 0.960015 0.591090 -2.711719
v 1.335845 0.563989 -2.694947
v 0.960015 0.582355 -2.609178
v 1.335845 0.582355 -2.609178
v 0.960015 0.612096 -2.614896
v 0.960015 0.584963 -2.487338
v 1.335845 0.584963 -2.487338
v 0.960015 0.615005 -2.489027
v 0.960015 0.592046 -2.335014
v 0.960015 0.622032 -2.337912
v 1.335845 0.592046 -2.335014
v 0.960015 0.601350 -2.202471
v 1.335845 0.601350 -2.202471
v 0.960015 0.631293 -2.206030
v 0.960015 0.613554 -2.035943
v 0.960015 0.643495 -2.039525
v 1.335845 0.613554 -2.035942
v 0.960015 0.626240 -1.857678
v 1.335845 0.626240 -1.857678
v 0.960015 0.656204 -1.860922
v 0.960015 0.635806 -1.696944
v 0.960015 0.665841 -1.698821
v 1.335845 0.635806 -1.696944
v 0.960015 0.638089 -1.554422
v 1.335845 0.638089 -1.554422
v 0.960015 0.668138 -1.552912
v 0.960015 0.627399 -1.415434
v 0.960015 0.656967 -1.408383
v 1.335845 0.627399 -1.415434
v 0.960015 0.593114 -1.254517
v 1.335845 0.593114 -1.254517
v 0.960015 0.621311 -1.241068
v 0.960015 0.519025 -1.053019
v 0.960015 0.545030 -1.033584
v 1.335845 0.519025 -1.053019
v 0.960015 0.410416 -0.852988
v 1.335845 0.410416 -0.852988
v 0.960015 0.433074 -0.827541
v 0.960015 0.317044 -0.741905
v 0.960015 0.333705 -0.709682
v 1.335845 0.317044 -0.741905
v 0.960015 0.263725 -0.710555
v 1.335845 0.263725 -0.710555
v 0.960015 0.270591 -0.672870
v 0.960015 0.232592 -0.709263
v 1.335845 0.232592 -0.709263
v 0.960015 0.231100 -0.670603
v 0.960015 0.203959 -0.714141
v 1.335845 0.203959 -0.714141
v 0.960015 0.197246 -0.676410
v 0.960015 0.165558 -0.730454
v 1.335845 0.165558 -0.730454
v 0.960015 0.152343 -0.695685
v 0.960015 0.115682 -0.773562
v 1.335845 0.115682 -0.773562
v 0.960015 0.094692 -0.745843
v 0.960015 0.076195 -0.845233
v 0.960015 0.049201 -0.828176
v 1.335845 0.076195 -0.845233
v 0.960015 0.056156 -0.929881
v 1.335845 0.056156 -0.929881
v 0.960015 0.026951 -0.920660
v 0.960015 0.042287 -1.025114
v 0.960015 0.012792 -1.017578
v 1.335845 0.042287 -1.025114
v 0.960015 0.023704 -1.139211
v 1.335845 0.023704 -1.139211
v 0.960015 -0.005763 -1.131498
v 0.960015 0.005270 -1.259603
v 0.960015 -0.024396 -1.253282
v 1.335845 0.005270 -1.259603
v 0.960015 -0.006343 -1.370882
v 1.335845 -0.006343 -1.370882
v 0.960015 -0.036328 -1.367966
v 0.960015 -0.007586 -1.463294
v 1.335845 -0.007586 -1.463294
v 0.960015 -0.037648 -1.464205
v 0.960015 -0.003602 -1.542804
v 0.960015 -0.033623 -1.545029
v 1.335845 -0.003602 -1.542804
v 0.960015 -0.000685 -1.616820
v 0.960015 -0.030755 -1.617085
v 1.335845 -0.000685 -1.616819
v 0.960015 -0.002745 -1.688642
v 1.335845 -0.002745 -1.688642
v 0.960015 -0.032761 -1.686311
v 0.960015 -0.006954 -1.753285
v 0.960015 -0.036950 -1.750560
v 1.335845 -0.006954 -1.753285
v 0.960015 -0.009301 -1.805900
v 1.335845 -0.009301 -1.805900
v 0.960015 -0.039366 -1.806604
v 0.960015 -0.006294 -1.847062
v 1.335845 -0.006294 -1.847062
v 0.960015 -0.035859 -1.854132
v 0.960015 0.004197 -1.895176
v 0.960015 -0.024574 -1.906435
v 1.335845 0.004197 -1.895176
v 0.960015 0.024664 -1.975581
v 1.335845 0.024664 -1.975581
v 0.960015 -0.003994 -1.987307
v 0.960015 0.126817 -2.438120
v 1.335845 0.126817 -2.438120
v 0.960015 0.097581 -2.447177
v 0.960015 0.150228 -2.574618
v 0.960015 0.121154 -2.584501
v 1.335845 0.150228 -2.574618
v 0.960015 0.177935 -2.690294
v 1.335845 0.177935 -2.690294
v 0.960015 0.150960 -2.707401
v 0.960015 0.227646 -2.780598
v 1.335845 0.227646 -2.780598
v 0.960015 0.207178 -2.808956
v 0.960015 0.289797 -2.828874
v 0.960015 0.278427 -2.864709
v 1.335845 0.289797 -2.828874
v 0.960015 0.337217 -2.843332
v 1.335845 0.337217 -2.843332
v 0.960015 0.333160 -2.881687
v 0.960015 0.371698 -2.845024
v 1.335845 0.371698 -2.845024
v 0.960015 0.371698 -2.883733
v 1.335845 0.371698 -2.883733
v 0.960015 0.410235 -2.881687
v 1.335845 0.410235 -2.881687
v 1.335845 0.464967 -2.864709
v 1.335845 0.406178 -2.843332
v 1.335845 0.536097 -2.809100
v 1.335845 0.591090 -2.711719
v 1.335845 0.612096 -2.614895
v 1.335845 0.615005 -2.489027
v 1.335845 0.622032 -2.337911
v 1.335845 0.631293 -2.206030
v 1.335845 0.643495 -2.039525
v 1.335845 0.656204 -1.860922
v 1.335845 0.665841 -1.698821
v 1.335845 0.668138 -1.552912
v 1.335845 0.656967 -1.408383
v 1.335845 0.621311 -1.241068
v 1.335845 0.545030 -1.033584
v 1.335845 0.433074 -0.827541
v 1.335845 0.333705 -0.709682
v 1.335845 0.270591 -0.672870
v 1.335845 0.231100 -0.670603
v 1.335845 0.197246 -0.676410
v 1.335845 0.152343 -0.695685
v 1.335845 0.094692 -0.745843
v 1.335845 0.049201 -0.828176
v 1.335845 0.026951 -0.920660
v 1.335845 0.012792 -1.017578
v 1.335845 -0.005763 -1.131498
v 1.335845 -0.024396 -1.253281
v 1.335845 -0.036328 -1.367966
v 1.335845 -0.037648 -1.464205
v 1.335845 -0.033623 -1.545029
v 1.335845 -0.030755 -1.617085
v 1.335845 -0.032761 -1.686311
v 1.335845 -0.036950 -1.750559
v 1.335845 -0.039366 -1.806604
v 1.335845 -0.035859 -1.854132
v 1.335845 -0.024574 -1.906435
v 1.335845 -0.003994 -1.987307
v 1.335845 0.097581 -2.447177
v 1.335845 0.121154 -2.584501
v 1.335845 0.150960 -2.707401
v 1.335845 0.207178 -2.808956
v 1.335845 0.278427 -2.864709
v 1.335845 0.333160 -2.881687
v 1.334120 0.369915 2.648609
v 1.334120 0.418845 2.618251
v 1.334120 0.472292 2.605790
v 1.334120 0.498015 2.544208
v 1.334120 0.535565 2.493687
v 1.334120 0.528256 2.424403
v 1.334120 0.535565 2.355121
v 1.334120 0.498015 2.304600
v 1.334120 0.472292 2.243019
v 1.334120 0.418845 2.230558
v 1.334120 0.369915 2.200199
v 1.334120 0.320984 2.230558
v 1.334120 0.267537 2.243019
v 1.334120 0.241814 2.304600
v 1.334120 0.204264 2.355121
v 1.334120 0.211573 2.424404
v 1.334120 0.204264 2.493687
v 1.334120 0.241814 2.544209
v 1.334120 0.267537 2.605790
v 1.334120 0.320985 2.618251
v 0.977340 0.369915 2.706449
v 0.977340 0.437623 2.692645
v 0.977340 0.498703 2.652583
v 0.977340 0.547177 2.590185
v 0.977340 0.578299 2.511561
v 0.977340 0.589023 2.424403
v 0.977340 0.578299 2.337247
v 0.977340 0.547177 2.258622
v 0.977340 0.498703 2.196225
v 0.977340 0.437623 2.156164
v 0.977340 0.369915 2.142359
v 0.977340 0.302206 2.156164
v 0.977340 0.241126 2.196225
v 0.977340 0.192652 2.258622
v 0.977340 0.161530 2.337247
v 0.977340 0.150806 2.424404
v 0.977340 0.161530 2.511561
v 0.977340 0.192652 2.590186
v 0.977340 0.241126 2.652583
v 0.977340 0.302207 2.692645
v 1.334120 0.437623 2.692645
v 1.334120 0.369915 2.706449
v 1.334120 0.498703 2.652583
v 1.334120 0.547177 2.590185
v 1.334120 0.578299 2.511561
v 1.334120 0.589023 2.424403
v 1.334120 0.578299 2.337247
v 1.334120 0.547177 2.258622
v 1.334120 0.498703 2.196225
v 1.334120 0.437623 2.156164
v 1.334120 0.369915 2.142359
v 1.334120 0.302206 2.156164
v 1.334120 0.241126 2.196225
v 1.334120 0.192652 2.258622
v 1.334120 0.161530 2.337247
v 1.334120 0.150806 2.424404
v 1.334120 0.161530 2.511561
v 1.334120 0.192652 2.590186
v 1.334120 0.241126 2.652583
v 1.334120 0.302207 2.692645
v 1.228610 0.418845 2.618251
v 1.228610 0.369915 2.648609
v 1.228610 0.472292 2.605790
v 1.228610 0.498015 2.544208
v 1.228610 0.535565 2.493687
v 1.228610 0.528256 2.424403
v 1.228610 0.535565 2.355121
v 1.228610 0.498015 2.304600
v 1.228610 0.472292 2.243019
v 1.228610 0.418845 2.230558
v 1.228610 0.369915 2.200199
v 1.228610 0.320984 2.230558
v 1.228610 0.267537 2.243019
v 1.228610 0.241814 2.304600
v 1.228610 0.204264 2.355121
v 1.228610 0.211573 2.424404
v 1.228610 0.204264 2.493687
v 1.228610 0.241814 2.544209
v 1.228610 0.267537 2.605790
v 1.228610 0.320985 2.618251
v 1.275627 0.405935 2.567106
v 1.275627 0.369915 2.574450
v 1.275627 0.438430 2.545794
v 1.275627 0.464217 2.512599
v 1.275627 0.480774 2.470771
v 1.275627 0.486479 2.424403
v 1.275627 0.480774 2.378037
v 1.275627 0.464217 2.336209
v 1.275627 0.438430 2.303014
v 1.275627 0.405935 2.281702
v 1.275627 0.369915 2.274358
v 1.275627 0.333894 2.281702
v 1.275627 0.301400 2.303014
v 1.275627 0.275612 2.336209
v 1.275627 0.259055 2.378037
v 1.275627 0.253350 2.424404
v 1.275627 0.259055 2.470771
v 1.275627 0.275612 2.512599
v 1.275627 0.301400 2.545794
v 1.275627 0.333894 2.567106
v 0.960222 0.405935 2.567106
v 0.960222 0.369915 2.574450
v 0.960222 0.438430 2.545794
v 0.960222 0.464217 2.512599
v 0.960222 0.480774 2.470771
v 0.960222 0.486479 2.424403
v 0.960222 0.480774 2.378037
v 0.960222 0.464217 2.336209
v 0.960222 0.438430 2.303014
v 0.960222 0.405935 2.281702
v 0.960222 0.369915 2.274358
v 0.960222 0.333894 2.281702
v 0.960222 0.301400 2.303014
v 0.960222 0.275612 2.336209
v 0.960222 0.259055 2.378037
v 0.960222 0.253350 2.424404
v 0.960222 0.259055 2.470771
v 0.960222 0.275612 2.512599
v 0.960222 0.301400 2.545794
v 0.960222 0.333894 2.567106
v 1.246685 0.386466 2.489975
v 1.246685 0.401397 2.480182
v 1.246685 0.413247 2.464929
v 1.246685 0.420854 2.445709
v 1.246685 0.423476 2.424403
v 1.246685 0.420854 2.403098
v 1.246685 0.413247 2.383878
v 1.246685 0.401397 2.368625
v 1.246685 0.386466 2.358832
v 1.246685 0.353363 2.358832
v 1.246685 0.338432 2.368625
v 1.246685 0.326583 2.383878
v 1.246685 0.318975 2.403098
v 1.246685 0.316353 2.424403
v 1.246685 0.318975 2.445709
v 1.246685 0.326583 2.464929
v 1.246685 0.338432 2.480182
v 1.246685 0.353363 2.489975
v 1.425194 0.386466 2.489974
v 1.425194 0.401397 2.480181
v 1.425194 0.413247 2.464928
v 1.425194 0.401561 2.445709
v 1.425194 0.403181 2.424402
v 1.425194 0.401561 2.403097
v 1.425194 0.413247 2.383877
v 1.425194 0.401397 2.368624
v 1.425194 0.386466 2.358831
v 1.425194 0.353363 2.358831
v 1.425194 0.338432 2.368624
v 1.425194 0.326583 2.383877
v 1.425194 0.338571 2.403097
v 1.425194 0.336951 2.424403
v 1.425194 0.338571 2.445709
v 1.425194 0.326583 2.464929
v 1.425194 0.338432 2.480181
v 1.425194 0.353363 2.489974
v 1.334117 0.517663 -2.571287
v 1.334117 0.494134 -2.637096
v 1.334117 0.474621 -2.705048
v 1.334117 0.421832 -2.730166
v 1.334117 0.266794 -2.705048
v 1.334117 0.247280 -2.637096
v 1.334117 0.223751 -2.571287
v 1.334117 0.247280 -2.505476
v 1.334117 0.266794 -2.437526
v 1.334117 0.319582 -2.412408
v 1.334117 0.370707 -2.382120
v 1.334117 0.421832 -2.412408
v 1.334117 0.474621 -2.437526
v 1.334117 0.494134 -2.505476
v 1.334117 0.370707 -2.760454
v 1.334117 0.319582 -2.730166
v 0.977238 0.563255 -2.571287
v 0.977238 0.548598 -2.666136
v 0.977238 0.506859 -2.746547
v 0.977238 0.444392 -2.800274
v 0.977238 0.234555 -2.746547
v 0.977238 0.192816 -2.666136
v 0.977238 0.178160 -2.571287
v 0.977238 0.192816 -2.476437
v 0.977238 0.234555 -2.396028
v 0.977238 0.297022 -2.342299
v 0.977238 0.370707 -2.323432
v 0.977238 0.444392 -2.342299
v 0.977238 0.506859 -2.396028
v 0.977238 0.548598 -2.476437
v 0.977238 0.370707 -2.819142
v 0.977238 0.297022 -2.800274
v 1.334117 0.563255 -2.571287
v 1.334117 0.548598 -2.666136
v 1.334117 0.506859 -2.746547
v 1.334117 0.444392 -2.800274
v 1.334117 0.234555 -2.746547
v 1.334117 0.192816 -2.666136
v 1.334117 0.178160 -2.571287
v 1.334117 0.192816 -2.476437
v 1.334117 0.234555 -2.396028
v 1.334117 0.297022 -2.342299
v 1.334117 0.370707 -2.323432
v 1.334117 0.444392 -2.342299
v 1.334117 0.506859 -2.396028
v 1.334117 0.548598 -2.476437
v 1.334117 0.370707 -2.819142
v 1.334117 0.297022 -2.800274
v 1.228607 0.517663 -2.571287
v 1.228607 0.494134 -2.637096
v 1.228607 0.474621 -2.705048
v 1.228607 0.421832 -2.730166
v 1.228607 0.266794 -2.705048
v 1.228607 0.247280 -2.637096
v 1.228607 0.223751 -2.571287
v 1.228607 0.247280 -2.505476
v 1.228607 0.266794 -2.437526
v 1.228607 0.319582 -2.412408
v 1.228607 0.370707 -2.382120
v 1.228607 0.421832 -2.412408
v 1.228607 0.474621 -2.437526
v 1.228607 0.494134 -2.505476
v 1.228607 0.370707 -2.760454
v 1.228607 0.319582 -2.730166
v 1.246682 0.417776 -2.571287
v 1.246682 0.414193 -2.594473
v 1.246682 0.403990 -2.614130
v 1.246682 0.388719 -2.627263
v 1.246682 0.337425 -2.614130
v 1.246682 0.327222 -2.594473
v 1.246682 0.323639 -2.571287
v 1.246682 0.327222 -2.548101
v 1.246682 0.337425 -2.528445
v 1.246682 0.352695 -2.515311
v 1.246682 0.370707 -2.510699
v 1.246682 0.388719 -2.515311
v 1.246682 0.403990 -2.528445
v 1.246682 0.414193 -2.548101
v 1.246682 0.370707 -2.631876
v 1.246682 0.352695 -2.627263
v 1.425193 0.396565 -2.571288
v 1.425193 0.394585 -2.594474
v 1.425193 0.403990 -2.614130
v 1.425193 0.388719 -2.627264
v 1.425193 0.337425 -2.614130
v 1.425193 0.346527 -2.594474
v 1.425193 0.344547 -2.571288
v 1.425193 0.346527 -2.548102
v 1.425193 0.337425 -2.528445
v 1.425193 0.352695 -2.515312
v 1.425193 0.370707 -2.510700
v 1.425193 0.388719 -2.515312
v 1.425193 0.403990 -2.528445
v 1.425193 0.394585 -2.548102
v 1.425193 0.370707 -2.631876
v 1.425193 0.352695 -2.627264
v 1.341772 0.529126 -1.308287
v 1.341772 0.570762 -1.322648
v 1.341772 0.601242 -1.361882
v 1.341772 0.612398 -1.415478
v 1.341772 0.601242 -1.469073
v 1.341772 0.570762 -1.508308
v 1.341772 0.529126 -1.522669
v 1.341772 0.487490 -1.508308
v 1.341772 0.457010 -1.469073
v 1.341772 0.445854 -1.415478
v 1.341772 0.457010 -1.361882
v 1.341772 0.487490 -1.322648
v 0.977238 0.529126 -1.279117
v 0.977238 0.582093 -1.297386
v 0.977238 0.620867 -1.347297
v 0.977238 0.635059 -1.415478
v 0.977238 0.620867 -1.483658
v 0.977238 0.582093 -1.533570
v 0.977238 0.529126 -1.551839
v 0.977238 0.476159 -1.533570
v 0.977238 0.437385 -1.483658
v 0.977238 0.423193 -1.415478
v 0.977238 0.437385 -1.347297
v 0.977238 0.476159 -1.297386
v 1.334117 0.529126 -1.279117
v 1.334117 0.582093 -1.297386
v 1.334117 0.620867 -1.347297
v 1.334117 0.635059 -1.415478
v 1.334117 0.620867 -1.483658
v 1.334117 0.582093 -1.533570
v 1.334117 0.529126 -1.551839
v 1.334117 0.476159 -1.533570
v 1.334117 0.437385 -1.483658
v 1.334117 0.423193 -1.415478
v 1.334117 0.437385 -1.347297
v 1.334117 0.476159 -1.297386
v 1.189967 0.529126 -1.308287
v 1.189967 0.570762 -1.322648
v 1.189967 0.601242 -1.361882
v 1.189967 0.612398 -1.415478
v 1.189967 0.601242 -1.469073
v 1.189967 0.570762 -1.508308
v 1.189967 0.529126 -1.522669
v 1.189967 0.487490 -1.508308
v 1.189967 0.457010 -1.469073
v 1.189967 0.445854 -1.415478
v 1.189967 0.457010 -1.361882
v 1.189967 0.487490 -1.322648
v 1.385382 0.545548 -1.378864
v 1.385382 0.561970 -1.415478
v 1.385382 0.545548 -1.452092
v 1.385382 0.512704 -1.452092
v 1.385382 0.496282 -1.415478
v 1.385382 0.512704 -1.378864
v 0.960260 0.561970 -1.415478
v 0.960260 0.545548 -1.452092
v 0.960260 0.512704 -1.452092
v 0.960260 0.496282 -1.415478
v 0.960260 0.512704 -1.378864
v 0.960260 0.545548 -1.378864
v 1.341772 0.529126 -1.688961
v 1.341772 0.570762 -1.703321
v 1.341772 0.601242 -1.742556
v 1.341772 0.612398 -1.796152
v 1.341772 0.601242 -1.849747
v 1.341772 0.570762 -1.888982
v 1.341772 0.529126 -1.903343
v 1.341772 0.487490 -1.888982
v 1.341772 0.457010 -1.849747
v 1.341772 0.445854 -1.796152
v 1.341772 0.457010 -1.742556
v 1.341772 0.487490 -1.703321
v 0.977238 0.529126 -1.659791
v 0.977238 0.582093 -1.678060
v 0.977238 0.620867 -1.727971
v 0.977238 0.635059 -1.796152
v 0.977238 0.620867 -1.864332
v 0.977238 0.582093 -1.914244
v 0.977238 0.529126 -1.932513
v 0.977238 0.476159 -1.914244
v 0.977238 0.437385 -1.864332
v 0.977238 0.423193 -1.796152
v 0.977238 0.437385 -1.727971
v 0.977238 0.476159 -1.678060
v 1.334117 0.529126 -1.659791
v 1.334117 0.582093 -1.678060
v 1.334117 0.620867 -1.727971
v 1.334117 0.635059 -1.796152
v 1.334117 0.620867 -1.864332
v 1.334117 0.582093 -1.914244
v 1.334117 0.529126 -1.932513
v 1.334117 0.476159 -1.914244
v 1.334117 0.437385 -1.864332
v 1.334117 0.423193 -1.796152
v 1.334117 0.437385 -1.727971
v 1.334117 0.476159 -1.678060
v 1.189967 0.529126 -1.688961
v 1.189967 0.570762 -1.703321
v 1.189967 0.601242 -1.742556
v 1.189967 0.612398 -1.796152
v 1.189967 0.601242 -1.849747
v 1.189967 0.570762 -1.888982
v 1.189967 0.529126 -1.903343
v 1.189967 0.487490 -1.888982
v 1.189967 0.457010 -1.849747
v 1.189967 0.445854 -1.796152
v 1.189967 0.457010 -1.742556
v 1.189967 0.487490 -1.703321
v 1.385382 0.545548 -1.759538
v 1.385382 0.561970 -1.796152
v 1.385382 0.545548 -1.832766
v 1.385382 0.512704 -1.832766
v 1.385382 0.496282 -1.796152
v 1.385382 0.512704 -1.759538
v 0.960260 0.561970 -1.796152
v 0.960260 0.545548 -1.832766
v 0.960260 0.512704 -1.832766
v 0.960260 0.496282 -1.796152
v 0.960260 0.512704 -1.759538
v 0.960260 0.545548 -1.759538
v 1.341772 0.266957 -1.811439
v 1.341772 0.250080 -1.892519
v 1.341772 0.203969 -1.951874
v 1.341772 0.140981 -1.973599
v 1.341772 0.077993 -1.951874
v 1.341772 0.250080 -1.730359
v 1.341772 0.203969 -1.671003
v 1.341772 0.140981 -1.649278
v 1.341772 0.031883 -1.892519
v 1.341772 0.077993 -1.671003
v 1.341772 0.031883 -1.730358
v 1.341772 0.015005 -1.811439
v 0.977238 0.289618 -1.811439
v 0.977238 0.269704 -1.907104
v 0.977238 0.215299 -1.977136
v 0.977238 0.140981 -2.002769
v 0.977238 0.066663 -1.977136
v 0.977238 0.269704 -1.715774
v 0.977238 0.215300 -1.645741
v 0.977238 0.140981 -1.620108
v 0.977238 0.012258 -1.907104
v 0.977238 0.066663 -1.645741
v 0.977238 0.012258 -1.715773
v 0.977238 -0.007656 -1.811439
v 1.334117 0.289618 -1.811439
v 1.334117 0.269704 -1.907104
v 1.334117 0.215299 -1.977136
v 1.334117 0.140981 -2.002769
v 1.334117 0.066663 -1.977136
v 1.334117 0.269704 -1.715774
v 1.334117 0.215300 -1.645741
v 1.334117 0.140981 -1.620108
v 1.334117 0.012258 -1.907104
v 1.334117 0.066663 -1.645741
v 1.334117 0.012258 -1.715773
v 1.334117 -0.007656 -1.811439
v 1.189967 0.266957 -1.811439
v 1.189967 0.250080 -1.892519
v 1.189967 0.203969 -1.951874
v 1.189967 0.140981 -1.973599
v 1.189967 0.077993 -1.951874
v 1.189967 0.250080 -1.730359
v 1.189967 0.203969 -1.671003
v 1.189967 0.140981 -1.649278
v 1.189967 0.031883 -1.892519
v 1.189967 0.077993 -1.671003
v 1.189967 0.031883 -1.730358
v 1.189967 0.015005 -1.811439
v 1.399938 0.171723 -1.834286
v 1.399938 0.140981 -1.857133
v 1.399938 0.171723 -1.788592
v 1.399938 0.140981 -1.765745
v 1.399938 0.110239 -1.834286
v 1.399938 0.110239 -1.788592
v 0.960260 0.171723 -1.788592
v 0.960260 0.171723 -1.834285
v 0.960260 0.140981 -1.857132
v 0.960260 0.140981 -1.765744
v 0.960260 0.110239 -1.834285
v 0.960260 0.110239 -1.788592
v 1.341772 0.140981 -1.233491
v 1.341772 0.203969 -1.255216
v 1.341772 0.250080 -1.314571
v 1.341772 0.266957 -1.395651
v 1.341772 0.250080 -1.476732
v 1.341772 0.203969 -1.536087
v 1.341772 0.140981 -1.557812
v 1.341772 0.077993 -1.536087
v 1.341772 0.031883 -1.476732
v 1.341772 0.015005 -1.395651
v 1.341772 0.031883 -1.314571
v 1.341772 0.077993 -1.255216
v 0.977238 0.140981 -1.204321
v 0.977238 0.215300 -1.229954
v 0.977238 0.269704 -1.299986
v 0.977238 0.289618 -1.395651
v 0.977238 0.269704 -1.491317
v 0.977238 0.215300 -1.561348
v 0.977238 0.140981 -1.586982
v 0.977238 0.066663 -1.561348
v 0.977238 0.012258 -1.491317
v 0.977238 -0.007655 -1.395651
v 0.977238 0.012258 -1.299986
v 0.977238 0.066663 -1.229954
v 1.334117 0.140981 -1.204321
v 1.334117 0.215300 -1.229954
v 1.334117 0.269704 -1.299986
v 1.334117 0.289618 -1.395651
v 1.334117 0.269704 -1.491317
v 1.334117 0.215300 -1.561348
v 1.334117 0.140981 -1.586982
v 1.334117 0.066663 -1.561348
v 1.334117 0.012258 -1.491317
v 1.334117 -0.007655 -1.395651
v 1.334117 0.012258 -1.299986
v 1.334117 0.066663 -1.229954
v 1.189967 0.140981 -1.233491
v 1.189967 0.203969 -1.255216
v 1.189967 0.250080 -1.314571
v 1.189967 0.266957 -1.395651
v 1.189967 0.250080 -1.476732
v 1.189967 0.203969 -1.536087
v 1.189967 0.140981 -1.557812
v 1.189967 0.077993 -1.536087
v 1.189967 0.031883 -1.476732
v 1.189967 0.015005 -1.395651
v 1.189967 0.031883 -1.314571
v 1.189967 0.077993 -1.255216
v 1.399938 0.171723 -1.372804
v 1.399938 0.171723 -1.418499
v 1.399938 0.140981 -1.441345
v 1.399938 0.110239 -1.418498
v 1.399938 0.110239 -1.372805
v 1.399938 0.140981 -1.349957
v 0.960260 0.171723 -1.418499
v 0.960260 0.140981 -1.441345
v 0.960260 0.110239 -1.418498
v 0.960260 0.110239 -1.372805
v 0.960260 0.140981 -1.349957
v 0.960260 0.171723 -1.372804
v 1.341773 0.624622 0.910607
v 1.341773 0.666258 0.896246
v 1.341773 0.696738 0.857011
v 1.341773 0.707894 0.803415
v 1.341773 0.696738 0.749820
v 1.341773 0.666258 0.710585
v 1.341773 0.624622 0.696224
v 1.341773 0.582986 0.710585
v 1.341773 0.552506 0.749820
v 1.341773 0.541350 0.803415
v 1.341773 0.552506 0.857012
v 1.341773 0.582986 0.896245
v 0.977238 0.624622 0.939777
v 0.977238 0.677589 0.921508
v 0.977238 0.716363 0.871596
v 0.977238 0.730555 0.803415
v 0.977238 0.716363 0.735235
v 0.977238 0.677588 0.685323
v 0.977238 0.624622 0.667054
v 0.977238 0.571655 0.685323
v 0.977238 0.532881 0.735235
v 0.977238 0.518689 0.803415
v 0.977238 0.532881 0.871596
v 0.977238 0.571655 0.921508
v 1.334117 0.624622 0.939776
v 1.334117 0.677589 0.921507
v 1.334117 0.716363 0.871596
v 1.334117 0.730555 0.803415
v 1.334117 0.716363 0.735235
v 1.334117 0.677588 0.685323
v 1.334117 0.624622 0.667054
v 1.334117 0.571655 0.685323
v 1.334117 0.532881 0.735235
v 1.334117 0.518689 0.803415
v 1.334117 0.532881 0.871596
v 1.334117 0.571655 0.921507
v 1.189967 0.624622 0.910607
v 1.189967 0.666258 0.896246
v 1.189967 0.696738 0.857011
v 1.189967 0.707894 0.803415
v 1.189967 0.696738 0.749820
v 1.189967 0.666258 0.710585
v 1.189967 0.624622 0.696224
v 1.189967 0.582986 0.710585
v 1.189967 0.552506 0.749820
v 1.189967 0.541350 0.803415
v 1.189967 0.552506 0.857012
v 1.189967 0.582986 0.896245
v 1.385382 0.641044 0.840029
v 1.385382 0.657466 0.803415
v 1.385382 0.641044 0.766801
v 1.385382 0.608200 0.766801
v 1.385382 0.591778 0.803415
v 1.385382 0.608200 0.840029
v 0.960261 0.657466 0.803415
v 0.960261 0.641044 0.766801
v 0.960261 0.608200 0.766801
v 0.960261 0.591778 0.803415
v 0.960261 0.608200 0.840029
v 0.960261 0.641044 0.840029
v 1.341773 0.624622 1.687818
v 1.341773 0.666258 1.673458
v 1.341773 0.696738 1.634223
v 1.341773 0.707894 1.580627
v 1.341773 0.696738 1.527031
v 1.341773 0.666258 1.487796
v 1.341773 0.624622 1.473436
v 1.341773 0.582986 1.487796
v 1.341773 0.552506 1.527031
v 1.341773 0.541350 1.580627
v 1.341773 0.552506 1.634223
v 1.341773 0.582986 1.673457
v 0.977238 0.624622 1.716988
v 0.977238 0.677589 1.698719
v 0.977238 0.716363 1.648807
v 0.977238 0.730555 1.580627
v 0.977238 0.716363 1.512447
v 0.977238 0.677588 1.462535
v 0.977238 0.624622 1.444266
v 0.977238 0.571655 1.462535
v 0.977238 0.532881 1.512447
v 0.977238 0.518689 1.580627
v 0.977238 0.532881 1.648808
v 0.977238 0.571655 1.698719
v 1.334117 0.624622 1.716988
v 1.334117 0.677589 1.698719
v 1.334117 0.716363 1.648807
v 1.334117 0.730555 1.580627
v 1.334117 0.716363 1.512447
v 1.334117 0.677588 1.462535
v 1.334117 0.624622 1.444266
v 1.334117 0.571655 1.462535
v 1.334117 0.532881 1.512447
v 1.334117 0.518689 1.580627
v 1.334117 0.532881 1.648808
v 1.334117 0.571655 1.698719
v 1.189968 0.624622 1.687818
v 1.189968 0.666258 1.673458
v 1.189968 0.696738 1.634223
v 1.189968 0.707894 1.580627
v 1.189968 0.696738 1.527031
v 1.189968 0.666258 1.487796
v 1.189968 0.624622 1.473436
v 1.189968 0.582986 1.487796
v 1.189968 0.552506 1.527031
v 1.189968 0.541350 1.580627
v 1.189968 0.552506 1.634223
v 1.189968 0.582986 1.673457
v 1.385382 0.641044 1.617241
v 1.385382 0.657466 1.580627
v 1.385382 0.641044 1.544013
v 1.385382 0.608200 1.544013
v 1.385382 0.591778 1.580627
v 1.385382 0.608200 1.617241
v 0.960261 0.657466 1.580627
v 0.960261 0.641044 1.544013
v 0.960261 0.608200 1.544013
v 0.960261 0.591778 1.580627
v 0.960261 0.608200 1.617241
v 0.960261 0.641044 1.617241
v 1.341773 0.624622 1.289695
v 1.341773 0.666258 1.275334
v 1.341773 0.696738 1.236100
v 1.341773 0.707894 1.182504
v 1.341773 0.696738 1.128908
v 1.341773 0.666258 1.089673
v 1.341773 0.624622 1.075313
v 1.341773 0.582986 1.089673
v 1.341773 0.552506 1.128908
v 1.341773 0.541350 1.182504
v 1.341773 0.552506 1.236100
v 1.341773 0.582986 1.275334
v 0.977238 0.624622 1.318865
v 0.977238 0.677589 1.300596
v 0.977238 0.716363 1.250684
v 0.977238 0.730555 1.182504
v 0.977238 0.716363 1.114323
v 0.977238 0.677588 1.064412
v 0.977238 0.624622 1.046143
v 0.977238 0.571655 1.064412
v 0.977238 0.532881 1.114323
v 0.977238 0.518689 1.182504
v 0.977238 0.532881 1.250685
v 0.977238 0.571655 1.300596
v 1.334117 0.624622 1.318865
v 1.334117 0.677589 1.300596
v 1.334117 0.716363 1.250684
v 1.334117 0.730555 1.182504
v 1.334117 0.716363 1.114323
v 1.334117 0.677588 1.064412
v 1.334117 0.624622 1.046143
v 1.334117 0.571655 1.064412
v 1.334117 0.532881 1.114323
v 1.334117 0.518689 1.182504
v 1.334117 0.532881 1.250685
v 1.334117 0.571655 1.300596
v 1.189968 0.624622 1.289695
v 1.189968 0.666258 1.275334
v 1.189968 0.696738 1.236100
v 1.189968 0.707894 1.182504
v 1.189968 0.696738 1.128908
v 1.189968 0.666258 1.089673
v 1.189968 0.624622 1.075313
v 1.189968 0.582986 1.089673
v 1.189968 0.552506 1.128908
v 1.189968 0.541350 1.182504
v 1.189968 0.552506 1.236100
v 1.189968 0.582986 1.275334
v 1.385382 0.641044 1.219118
v 1.385382 0.657466 1.182504
v 1.385382 0.641044 1.145890
v 1.385382 0.608200 1.145890
v 1.385382 0.591778 1.182504
v 1.385382 0.608200 1.219117
v 0.960261 0.657466 1.182504
v 0.960261 0.641044 1.145890
v 0.960261 0.608200 1.145890
v 0.960261 0.591778 1.182504
v 0.960261 0.608200 1.219118
v 0.960261 0.641044 1.219118
v 1.354162 0.234503 -1.093864
v 1.354162 0.291063 -1.077247
v 1.354162 0.336421 -1.030686
v 1.354162 0.361592 -0.963403
v 1.354162 0.361592 -0.888724
v 1.354162 0.336421 -0.821441
v 1.354162 0.291063 -0.774880
v 1.354162 0.234503 -0.758263
v 1.354162 0.177943 -0.774880
v 1.354162 0.132586 -0.821441
v 1.354162 0.107414 -0.888724
v 1.354162 0.107414 -0.963403
v 1.354162 0.132586 -1.030686
v 1.354162 0.177943 -1.077247
v 0.977238 0.306779 -1.119254
v 0.977238 0.234503 -1.140489
v 0.977238 0.364739 -1.059755
v 0.977238 0.396905 -0.973778
v 0.977238 0.396905 -0.878349
v 0.977238 0.364739 -0.792372
v 0.977238 0.306779 -0.732873
v 0.977238 0.234503 -0.711638
v 0.977238 0.162228 -0.732873
v 0.977238 0.104267 -0.792372
v 0.977238 0.072102 -0.878349
v 0.977238 0.072102 -0.973778
v 0.977238 0.104267 -1.059755
v 0.977238 0.162228 -1.119254
v 1.334117 0.306779 -1.119254
v 1.334117 0.234503 -1.140489
v 1.334117 0.364739 -1.059755
v 1.334117 0.396905 -0.973778
v 1.334117 0.396905 -0.878349
v 1.334117 0.364739 -0.792372
v 1.334117 0.306779 -0.732873
v 1.334117 0.234503 -0.711638
v 1.334117 0.162228 -0.732873
v 1.334117 0.104267 -0.792372
v 1.334117 0.072102 -0.878349
v 1.334117 0.072102 -0.973778
v 1.334117 0.104267 -1.059755
v 1.334117 0.162228 -1.119254
v 1.194463 0.291063 -1.077247
v 1.194463 0.234503 -1.093864
v 1.194463 0.336421 -1.030686
v 1.194463 0.361592 -0.963403
v 1.194463 0.361592 -0.888724
v 1.194463 0.336421 -0.821441
v 1.194463 0.291063 -0.774880
v 1.194463 0.234503 -0.758263
v 1.194463 0.177943 -0.774880
v 1.194463 0.132586 -0.821441
v 1.194463 0.107414 -0.888724
v 1.194463 0.107414 -0.963403
v 1.194463 0.132586 -1.030686
v 1.194463 0.177943 -1.077247
v 0.960849 0.193736 -0.967914
v 1.432809 0.234503 -0.993184
v 1.432809 0.275270 -0.967912
v 0.960849 0.183668 -0.911129
v 1.432809 0.285339 -0.911128
v 0.960849 0.211879 -0.865591
v 1.432809 0.257127 -0.865590
v 0.960849 0.257127 -0.865591
v 1.432809 0.211879 -0.865590
v 0.960849 0.285339 -0.911129
v 1.432809 0.183668 -0.911128
v 0.960849 0.234503 -0.993185
v 1.432809 0.193736 -0.967912
v 0.960849 0.275270 -0.967914
v 1.354162 0.234503 0.181625
v 1.354162 0.291063 0.198242
v 1.354162 0.336421 0.244804
v 1.354162 0.361592 0.312087
v 1.354162 0.361592 0.386765
v 1.354162 0.336421 0.454047
v 1.354162 0.291063 0.500609
v 1.354162 0.234503 0.517226
v 1.354162 0.177943 0.500609
v 1.354162 0.132586 0.454047
v 1.354162 0.107414 0.386765
v 1.354162 0.107414 0.312086
v 1.354162 0.132586 0.244804
v 1.354162 0.177943 0.198242
v 0.977238 0.306779 0.156235
v 0.977238 0.234503 0.135000
v 0.977238 0.364739 0.215734
v 0.977238 0.396905 0.301712
v 0.977238 0.396905 0.397140
v 0.977238 0.364739 0.483118
v 0.977238 0.306779 0.542616
v 0.977238 0.234503 0.563851
v 0.977238 0.162228 0.542616
v 0.977238 0.104267 0.483118
v 0.977238 0.072102 0.397140
v 0.977238 0.072102 0.301712
v 0.977238 0.104267 0.215734
v 0.977238 0.162228 0.156235
v 1.334117 0.306779 0.156235
v 1.334117 0.234503 0.135000
v 1.334117 0.364739 0.215734
v 1.334117 0.396905 0.301712
v 1.334117 0.396905 0.397140
v 1.334117 0.364739 0.483118
v 1.334117 0.306779 0.542616
v 1.334117 0.234503 0.563851
v 1.334117 0.162228 0.542616
v 1.334117 0.104267 0.483118
v 1.334117 0.072102 0.397140
v 1.334117 0.072102 0.301712
v 1.334117 0.104267 0.215734
v 1.334117 0.162228 0.156235
v 1.194463 0.291063 0.198242
v 1.194463 0.234503 0.181625
v 1.194463 0.336421 0.244804
v 1.194463 0.361592 0.312087
v 1.194463 0.361592 0.386765
v 1.194463 0.336421 0.454048
v 1.194463 0.291063 0.500609
v 1.194463 0.234503 0.517226
v 1.194463 0.177943 0.500609
v 1.194463 0.132586 0.454048
v 1.194463 0.107414 0.386765
v 1.194463 0.107414 0.312086
v 1.194463 0.132586 0.244804
v 1.194463 0.177943 0.198242
v 0.960849 0.193736 0.307577
v 1.432809 0.234503 0.282306
v 1.432809 0.275270 0.307578
v 0.960849 0.183668 0.364361
v 1.432809 0.285339 0.364362
v 0.960849 0.211879 0.409898
v 1.432809 0.257127 0.409899
v 0.960849 0.257127 0.409898
v 1.432809 0.211879 0.409899
v 0.960849 0.285339 0.364361
v 1.432809 0.183668 0.364362
v 0.960849 0.234503 0.282305
v 1.432809 0.193736 0.307578
v 0.960849 0.275270 0.307577
v 1.341773 0.140981 0.672210
v 1.341773 0.203969 0.693935
v 1.341773 0.250080 0.753290
v 1.341773 0.266957 0.834370
v 1.341773 0.250080 0.915451
v 1.341773 0.203969 0.974806
v 1.341773 0.140981 0.996531
v 1.341773 0.077993 0.974806
v 1.341773 0.031883 0.915451
v 1.341773 0.015005 0.834370
v 1.341773 0.031883 0.753290
v 1.341773 0.077993 0.693935
v 0.977238 0.140981 0.643040
v 0.977238 0.215300 0.668673
v 0.977238 0.269704 0.738705
v 0.977238 0.289618 0.834370
v 0.977238 0.269704 0.930036
v 0.977238 0.215300 1.000068
v 0.977238 0.140981 1.025702
v 0.977238 0.066663 1.000068
v 0.977238 0.012258 0.930036
v 0.977238 -0.007655 0.834370
v 0.977238 0.012258 0.738705
v 0.977238 0.066663 0.668673
v 1.334117 0.140981 0.643040
v 1.334117 0.215300 0.668673
v 1.334117 0.269704 0.738705
v 1.334117 0.289618 0.834370
v 1.334117 0.269704 0.930036
v 1.334117 0.215300 1.000068
v 1.334117 0.140981 1.025701
v 1.334117 0.066663 1.000068
v 1.334117 0.012258 0.930036
v 1.334117 -0.007655 0.834370
v 1.334117 0.012258 0.738705
v 1.334117 0.066663 0.668673
v 1.189967 0.140981 0.672210
v 1.189967 0.203969 0.693935
v 1.189967 0.250080 0.753290
v 1.189967 0.266957 0.834370
v 1.189967 0.250080 0.915451
v 1.189967 0.203969 0.974806
v 1.189967 0.140981 0.996531
v 1.189967 0.077993 0.974806
v 1.189967 0.031883 0.915451
v 1.189967 0.015005 0.834370
v 1.189967 0.031883 0.753290
v 1.189967 0.077993 0.693935
v 1.399938 0.140981 0.788677
v 1.399938 0.171723 0.811524
v 1.399938 0.171723 0.857218
v 1.399938 0.140981 0.880065
v 1.399938 0.110239 0.857218
v 1.399938 0.110239 0.811524
v 0.960261 0.140981 0.788677
v 0.960261 0.171723 0.811524
v 0.960261 0.171723 0.857218
v 0.960261 0.140981 0.880065
v 0.960261 0.110239 0.857218
v 0.960261 0.110239 0.811524
v 1.341773 0.077993 1.109723
v 1.341773 0.140981 1.087997
v 1.341773 0.031883 1.169077
v 1.341773 0.015005 1.250158
v 1.341773 0.031883 1.331239
v 1.341773 0.077993 1.390593
v 1.341773 0.140981 1.412319
v 1.341773 0.203969 1.390593
v 1.341773 0.250080 1.331239
v 1.341773 0.266957 1.250158
v 1.341773 0.250080 1.169077
v 1.341773 0.203969 1.109723
v 0.977238 0.066663 1.084461
v 0.977238 0.140981 1.058828
v 0.977238 0.012258 1.154492
v 0.977238 -0.007656 1.250158
v 0.977238 0.012258 1.345824
v 0.977238 0.066663 1.415855
v 0.977238 0.140981 1.441489
v 0.977238 0.215300 1.415855
v 0.977238 0.269704 1.345824
v 0.977238 0.289618 1.250158
v 0.977238 0.269704 1.154492
v 0.977238 0.215300 1.084461
v 1.334117 0.066663 1.084461
v 1.334117 0.140981 1.058827
v 1.334117 0.012258 1.154492
v 1.334117 -0.007656 1.250158
v 1.334117 0.012258 1.345824
v 1.334117 0.066663 1.415855
v 1.334117 0.140981 1.441489
v 1.334117 0.215300 1.415855
v 1.334117 0.269704 1.345824
v 1.334117 0.289618 1.250158
v 1.334117 0.269704 1.154492
v 1.334117 0.215300 1.084461
v 1.189968 0.077993 1.109723
v 1.189968 0.140981 1.087997
v 1.189968 0.031883 1.169077
v 1.189968 0.015005 1.250158
v 1.189968 0.031883 1.331239
v 1.189968 0.077993 1.390593
v 1.189968 0.140981 1.412319
v 1.189968 0.203969 1.390593
v 1.189968 0.250080 1.331239
v 1.189968 0.266957 1.250158
v 1.189968 0.250080 1.169077
v 1.189968 0.203969 1.109723
v 1.399938 0.140981 1.204465
v 1.399938 0.110239 1.227311
v 1.399938 0.110239 1.273005
v 1.399938 0.140981 1.295852
v 1.399938 0.171723 1.273005
v 1.399938 0.171723 1.227311
v 0.960261 0.110239 1.227312
v 0.960261 0.140981 1.204465
v 0.960261 0.110239 1.273006
v 0.960261 0.140981 1.295852
v 0.960261 0.171723 1.273006
v 0.960261 0.171723 1.227312
v 1.341773 0.140981 1.503785
v 1.341773 0.203969 1.525510
v 1.341773 0.250080 1.584865
v 1.341773 0.266957 1.665946
v 1.341773 0.250080 1.747026
v 1.341773 0.203969 1.806380
v 1.341773 0.140981 1.828106
v 1.341773 0.077993 1.806380
v 1.341773 0.031883 1.747026
v 1.341773 0.015005 1.665946
v 1.341773 0.031883 1.584865
v 1.341773 0.077993 1.525510
v 0.977238 0.140981 1.474615
v 0.977238 0.215300 1.500249
v 0.977238 0.269704 1.570280
v 0.977238 0.289618 1.665946
v 0.977238 0.269704 1.761611
v 0.977238 0.215300 1.831643
v 0.977238 0.140981 1.857276
v 0.977238 0.066663 1.831643
v 0.977238 0.012258 1.761611
v 0.977238 -0.007655 1.665946
v 0.977238 0.012258 1.570280
v 0.977238 0.066663 1.500249
v 1.334117 0.140981 1.474615
v 1.334117 0.215300 1.500249
v 1.334117 0.269704 1.570280
v 1.334117 0.289618 1.665946
v 1.334117 0.269704 1.761611
v 1.334117 0.215300 1.831643
v 1.334117 0.140981 1.857276
v 1.334117 0.066663 1.831643
v 1.334117 0.012258 1.761611
v 1.334117 -0.007655 1.665946
v 1.334117 0.012258 1.570280
v 1.334117 0.066663 1.500249
v 1.189968 0.140981 1.503785
v 1.189968 0.203969 1.525510
v 1.189968 0.250080 1.584865
v 1.189968 0.266957 1.665946
v 1.189968 0.250080 1.747026
v 1.189968 0.203969 1.806380
v 1.189968 0.140981 1.828106
v 1.189968 0.077993 1.806380
v 1.189968 0.031883 1.747026
v 1.189968 0.015005 1.665946
v 1.189968 0.031883 1.584865
v 1.189968 0.077993 1.525510
v 1.399938 0.140981 1.620251
v 1.399938 0.171723 1.643098
v 1.399938 0.171723 1.688792
v 1.399938 0.140981 1.711639
v 1.399938 0.110239 1.688792
v 1.399938 0.110239 1.643098
v 0.960261 0.140981 1.620251
v 0.960261 0.171723 1.643098
v 0.960261 0.171723 1.688792
v 0.960261 0.140981 1.711639
v 0.960261 0.110239 1.688792
v 0.960261 0.110239 1.643098
v 0.960015 0.452503 2.707857
v 0.960015 0.518374 2.654930
v 0.960015 0.403452 2.723707
v 0.960015 0.367690 2.725563
v 0.960015 0.330882 2.723708
v 0.960015 0.279291 2.707857
v 0.960015 0.211219 2.654929
v 0.960015 0.157098 2.556462
v 0.960015 0.129069 2.432968
v 0.960015 0.021561 1.819583
v 0.960015 0.003331 1.738260
v 0.960015 -0.006397 1.689834
v 0.960015 -0.009301 1.648629
v 0.960015 -0.006954 1.596015
v 0.960015 -0.002745 1.531372
v 0.960015 -0.000685 1.459549
v 0.960015 -0.003782 1.386281
v 0.960015 -0.009040 1.312730
v 0.960015 -0.011410 1.239050
v 0.960015 -0.007195 1.165841
v 0.960015 -0.000165 1.093487
v 0.960015 0.003611 1.021821
v 0.960015 0.000021 0.949276
v 0.960015 -0.005769 0.870211
v 0.960015 -0.005786 0.776980
v 0.960015 0.005932 0.665122
v 0.960015 0.024726 0.547431
v 0.960015 0.043141 0.439348
v 0.960015 0.056540 0.350011
v 0.960015 0.076268 0.268711
v 0.960015 0.115682 0.197676
v 0.960015 0.165558 0.154568
v 0.960015 0.203959 0.138254
v 0.960015 0.232592 0.133377
v 0.960015 0.264409 0.134233
v 0.960015 0.323570 0.161854
v 0.960015 0.436449 0.260488
v 0.960015 0.578389 0.438617
v 0.960015 0.680442 0.620118
v 0.960015 0.728199 0.770779
v 0.960015 0.740431 0.908519
v 0.960015 0.737155 1.048122
v 0.960015 0.732540 1.193173
v 0.960015 0.734593 1.341866
v 0.960015 0.736571 1.496226
v 0.960015 0.728882 1.665614
v 0.960015 0.704612 1.860832
v 0.960015 0.669781 2.069128
v 0.960015 0.634646 2.265583
v 0.960015 0.607464 2.424392
v 0.960015 0.574172 2.555267
v 0.960015 0.538919 2.683194
v 0.960015 0.600976 2.572813
v 0.960015 0.636472 2.434591
v 0.960015 0.464268 2.743479
v 1.335845 0.538919 2.683194
v 1.335845 0.600976 2.572813
v 1.335845 0.464268 2.743479
v 1.335845 0.518374 2.654930
v 1.335845 0.574172 2.555267
v 1.335845 0.452503 2.707857
v 1.335845 0.407740 2.762021
v 1.335845 0.367707 2.764270
v 1.335845 0.326784 2.762055
v 1.335845 0.267891 2.743675
v 1.335845 0.190739 2.683271
v 1.335845 0.130021 2.573298
v 1.335845 0.099813 2.441917
v 1.335845 -0.007430 1.829860
v 1.335845 -0.025674 1.748472
v 1.335845 -0.036025 1.696449
v 1.335845 -0.039367 1.649269
v 1.335845 -0.036950 1.593289
v 1.335845 -0.032761 1.529041
v 1.335845 -0.030754 1.459885
v 1.335845 -0.033772 1.389106
v 1.335845 -0.039044 1.315304
v 1.335845 -0.041476 1.238421
v 1.335845 -0.037117 1.162008
v 1.335845 -0.030097 1.089774
v 1.335845 -0.026460 1.021742
v 1.335845 -0.029957 0.952322
v 1.335845 -0.035807 0.872034
v 1.335845 -0.035789 0.774393
v 1.335845 -0.023713 0.658635
v 1.335845 -0.004688 0.539388
v 1.335845 0.013690 0.431533
v 1.335845 0.027381 0.340558
v 1.335845 0.049343 0.251476
v 1.335845 0.094728 0.169912
v 1.335845 0.152343 0.119799
v 1.335845 0.197246 0.100524
v 1.335845 0.230929 0.094729
v 1.335845 0.269922 0.096181
v 1.335845 0.337246 0.127381
v 1.335845 0.455463 0.230501
v 1.335845 0.601148 0.413319
v 1.335845 0.706730 0.601324
v 1.335845 0.757331 0.761179
v 1.335845 0.770476 0.906901
v 1.335845 0.767207 1.049499
v 1.335845 0.762609 1.193620
v 1.335845 0.764659 1.341203
v 1.335845 0.766635 1.497035
v 1.335845 0.758776 1.669806
v 1.335845 0.734167 1.867965
v 1.335845 0.699133 2.077543
v 1.335845 0.663981 2.274088
v 1.335845 0.636472 2.434591
v 1.335845 0.607464 2.424392
v 1.335845 0.634646 2.265583
v 0.960015 0.663981 2.274088
v 0.960015 0.699133 2.077543
v 1.335845 0.669781 2.069128
v 0.960015 0.734167 1.867965
v 1.335845 0.704612 1.860832
v 1.335845 0.728882 1.665614
v 0.960015 0.758776 1.669806
v 0.960015 0.766635 1.497035
v 1.335845 0.736571 1.496226
v 0.960015 0.764659 1.341203
v 1.335845 0.734593 1.341866
v 1.335845 0.732540 1.193173
v 0.960015 0.762609 1.193620
v 0.960015 0.767207 1.049499
v 1.335845 0.737155 1.048122
v 0.960015 0.770476 0.906901
v 1.335845 0.740431 0.908519
v 1.335845 0.728199 0.770779
v 0.960015 0.757331 0.761179
v 0.960015 0.706730 0.601324
v 1.335845 0.680442 0.620118
v 0.960015 0.601148 0.413319
v 1.335845 0.578389 0.438617
v 1.335845 0.436449 0.260488
v 0.960015 0.455463 0.230501
v 0.960015 0.337246 0.127382
v 1.335845 0.323570 0.161854
v 0.960015 0.269922 0.096181
v 1.335845 0.264409 0.134233
v 1.335845 0.232592 0.133377
v 0.960015 0.230929 0.094729
v 0.960015 0.197246 0.100524
v 1.335845 0.203959 0.138254
v 0.960015 0.152343 0.119799
v 1.335845 0.165558 0.154568
v 0.960015 0.094728 0.169912
v 1.335845 0.115682 0.197676
v 1.335845 0.076268 0.268711
v 0.960015 0.049343 0.251476
v 1.335845 0.056540 0.350011
v 0.960015 0.027380 0.340558
v 1.335845 0.043141 0.439348
v 0.960015 0.013690 0.431533
v 1.335845 0.024726 0.547431
v 0.960015 -0.004688 0.539388
v 1.335845 0.005932 0.665122
v 0.960015 -0.023713 0.658635
v 1.335845 -0.005786 0.776980
v 0.960015 -0.035789 0.774393
v 1.335845 -0.005769 0.870211
v 0.960015 -0.035807 0.872034
v 0.960015 -0.029957 0.952322
v 1.335845 0.000021 0.949276
v 0.960015 -0.026460 1.021742
v 1.335845 0.003611 1.021821
v 0.960015 -0.030097 1.089774
v 1.335845 -0.000165 1.093487
v 1.335845 -0.007195 1.165840
v 0.960015 -0.037117 1.162008
v 0.960015 -0.041476 1.238421
v 1.335845 -0.011410 1.239050
v 0.960015 -0.039044 1.315304
v 1.335845 -0.009040 1.312730
v 1.335845 -0.003782 1.386281
v 0.960015 -0.033772 1.389106
v 0.960015 -0.030754 1.459885
v 1.335845 -0.000685 1.459549
v 0.960015 -0.032761 1.529041
v 1.335845 -0.002745 1.531372
v 1.335845 -0.006954 1.596015
v 0.960015 -0.036950 1.593289
v 0.960015 -0.039367 1.649269
v 1.335845 -0.009301 1.648629
v 0.960015 -0.036025 1.696449
v 1.335845 -0.006397 1.689834
v 1.335845 0.003331 1.738260
v 0.960015 -0.025674 1.748472
v 0.960015 -0.007430 1.829860
v 1.335845 0.021561 1.819583
v 0.960015 0.099813 2.441917
v 1.335845 0.129069 2.432968
v 1.335845 0.157098 2.556462
v 0.960015 0.130021 2.573298
v 0.960015 0.190739 2.683271
v 1.335845 0.211219 2.654929
v 0.960015 0.267891 2.743675
v 1.335845 0.279291 2.707857
v 1.335845 0.330882 2.723708
v 0.960015 0.326784 2.762055
v 0.960015 0.367707 2.764270
v 1.335845 0.367690 2.725563
v 0.960015 0.407740 2.762021
v 1.335845 0.403452 2.723707
v 0.960015 0.406178 -2.843332
v 0.960015 0.453598 -2.828875
v 0.960015 0.515749 -2.780600
v 0.960015 0.563989 -2.694947
v 0.960015 0.582355 -2.609178
v 0.960015 0.584963 -2.487338
v 0.960015 0.592046 -2.335014
v 0.960015 0.601350 -2.202471
v 0.960015 0.613554 -2.035943
v 0.960015 0.626240 -1.857678
v 0.960015 0.635806 -1.696944
v 0.960015 0.638089 -1.554422
v 0.960015 0.627399 -1.415434
v 0.960015 0.593114 -1.254517
v 0.960015 0.519025 -1.053019
v 0.960015 0.410416 -0.852988
v 0.960015 0.317044 -0.741905
v 0.960015 0.263725 -0.710555
v 0.960015 0.232592 -0.709263
v 0.960015 0.203959 -0.714141
v 0.960015 0.165558 -0.730454
v 0.960015 0.115682 -0.773562
v 0.960015 0.076195 -0.845233
v 0.960015 0.056156 -0.929881
v 0.960015 0.042287 -1.025114
v 0.960015 0.023704 -1.139211
v 0.960015 0.005270 -1.259603
v 0.960015 -0.006343 -1.370882
v 0.960015 -0.007586 -1.463294
v 0.960015 -0.003602 -1.542804
v 0.960015 -0.000685 -1.616820
v 0.960015 -0.002745 -1.688642
v 0.960015 -0.006954 -1.753285
v 0.960015 -0.009301 -1.805900
v 0.960015 -0.006294 -1.847062
v 0.960015 0.004197 -1.895176
v 0.960015 0.024664 -1.975581
v 0.960015 0.126817 -2.438120
v 0.960015 0.150228 -2.574618
v 0.960015 0.177935 -2.690294
v 0.960015 0.227646 -2.780598
v 0.960015 0.289797 -2.828874
v 0.960015 0.337217 -2.843332
v 0.960015 0.371698 -2.845024
v 0.960015 0.371698 -2.883733
v 0.960015 0.410235 -2.881687
v 0.960015 0.333160 -2.881687
v 0.960015 0.464967 -2.864709
v 1.335845 0.371698 -2.883733
v 1.335845 0.410235 -2.881687
v 1.335845 0.464967 -2.864709
v 1.335845 0.371698 -2.845024
v 1.335845 0.406178 -2.843332
v 1.335845 0.453598 -2.828875
v 1.335845 0.536097 -2.809100
v 1.335845 0.591090 -2.711719
v 1.335845 0.612096 -2.614895
v 1.335845 0.615005 -2.489027
v 1.335845 0.622032 -2.337911
v 1.335845 0.631293 -2.206030
v 1.335845 0.643495 -2.039525
v 1.335845 0.656204 -1.860922
v 1.335845 0.665841 -1.698821
v 1.335845 0.668138 -1.552912
v 1.335845 0.656967 -1.408383
v 1.335845 0.621311 -1.241068
v 1.335845 0.545030 -1.033584
v 1.335845 0.433074 -0.827541
v 1.335845 0.333705 -0.709682
v 1.335845 0.270591 -0.672870
v 1.335845 0.231100 -0.670603
v 1.335845 0.197246 -0.676410
v 1.335845 0.152343 -0.695685
v 1.335845 0.094692 -0.745843
v 1.335845 0.049201 -0.828176
v 1.335845 0.026951 -0.920660
v 1.335845 0.012792 -1.017578
v 1.335845 -0.005763 -1.131498
v 1.335845 -0.024396 -1.253281
v 1.335845 -0.036328 -1.367966
v 1.335845 -0.037648 -1.464205
v 1.335845 -0.033623 -1.545029
v 1.335845 -0.030755 -1.617085
v 1.335845 -0.032761 -1.686311
v 1.335845 -0.036950 -1.750559
v 1.335845 -0.039366 -1.806604
v 1.335845 -0.035859 -1.854132
v 1.335845 -0.024574 -1.906435
v 1.335845 -0.003994 -1.987307
v 1.335845 0.097581 -2.447177
v 1.335845 0.121154 -2.584501
v 1.335845 0.150960 -2.707401
v 1.335845 0.207178 -2.808956
v 1.335845 0.278427 -2.864709
v 1.335845 0.333160 -2.881687
v 1.335845 0.337217 -2.843332
v 0.960015 0.278427 -2.864709
v 1.335845 0.289797 -2.828874
v 1.335845 0.227646 -2.780598
v 0.960015 0.207178 -2.808956
v 0.960015 0.150960 -2.707401
v 1.335845 0.177935 -2.690294
v 0.960015 0.121154 -2.584501
v 1.335845 0.150228 -2.574618
v 1.335845 0.126817 -2.438120
v 0.960015 0.097581 -2.447177
v 0.960015 -0.003994 -1.987307
v 1.335845 0.024664 -1.975581
v 0.960015 -0.024574 -1.906435
v 1.335845 0.004197 -1.895176
v 1.335845 -0.006294 -1.847062
v 0.960015 -0.035859 -1.854132
v 0.960015 -0.039366 -1.806604
v 1.335845 -0.009301 -1.805900
v 0.960015 -0.036950 -1.750560
v 1.335845 -0.006954 -1.753285
v 1.335845 -0.002745 -1.688642
v 0.960015 -0.032761 -1.686311
v 0.960015 -0.030755 -1.617085
v 1.335845 -0.000685 -1.616819
v 1.335845 -0.003602 -1.542804
v 0.960015 -0.033623 -1.545029
v 1.335845 -0.007586 -1.463294
v 0.960015 -0.037648 -1.464205
v 0.960015 -0.036328 -1.367966
v 1.335845 -0.006343 -1.370882
v 0.960015 -0.024396 -1.253282
v 1.335845 0.005270 -1.259603
v 1.335845 0.023704 -1.139211
v 0.960015 -0.005763 -1.131498
v 0.960015 0.012792 -1.017578
v 1.335845 0.042287 -1.025114
v 1.335845 0.056156 -0.929881
v 0.960015 0.026951 -0.920660
v 0.960015 0.049201 -0.828176
v 1.335845 0.076195 -0.845233
v 1.335845 0.115682 -0.773562
v 0.960015 0.094692 -0.745843
v 0.960015 0.152343 -0.695685
v 1.335845 0.165558 -0.730454
v 0.960015 0.197246 -0.676410
v 1.335845 0.203959 -0.714141
v 0.960015 0.231100 -0.670603
v 1.335845 0.232592 -0.709263
v 0.960015 0.270591 -0.672870
v 1.335845 0.263725 -0.710555
v 0.960015 0.333705 -0.709682
v 1.335845 0.317044 -0.741905
v 1.335845 0.410416 -0.852988
v 0.960015 0.433074 -0.827541
v 0.960015 0.545030 -1.033584
v 1.335845 0.519025 -1.053019
v 1.335845 0.593114 -1.254517
v 0.960015 0.621311 -1.241068
v 0.960015 0.656967 -1.408383
v 1.335845 0.627399 -1.415434
v 1.335845 0.638089 -1.554422
v 0.960015 0.668138 -1.552912
v 0.960015 0.665841 -1.698821
v 1.335845 0.635806 -1.696944
v 1.335845 0.626240 -1.857678
v 0.960015 0.656204 -1.860922
v 0.960015 0.643495 -2.039525
v 1.335845 0.613554 -2.035942
v 1.335845 0.601350 -2.202471
v 0.960015 0.631293 -2.206030
v 0.960015 0.622032 -2.337912
v 1.335845 0.592046 -2.335014
v 1.335845 0.584963 -2.487338
v 0.960015 0.615005 -2.489027
v 0.960015 0.612096 -2.614896
v 1.335845 0.582355 -2.609178
v 0.960015 0.591090 -2.711719
v 1.335845 0.563989 -2.694947
v 1.335845 0.515749 -2.780600
v 0.960015 0.536097 -2.809100
v 1.334120 0.437623 2.692645
v 1.334120 0.369915 2.706449
v 1.334120 0.498703 2.652583
v 1.334120 0.547177 2.590185
v 1.334120 0.578299 2.511561
v 1.334120 0.589023 2.424403
v 1.334120 0.578299 2.337247
v 1.334120 0.547177 2.258622
v 1.334120 0.498703 2.196225
v 1.334120 0.437623 2.156164
v 1.334120 0.369915 2.142359
v 1.334120 0.302206 2.156164
v 1.334120 0.241126 2.196225
v 1.334120 0.192652 2.258622
v 1.334120 0.161530 2.337247
v 1.334120 0.150806 2.424404
v 1.334120 0.161530 2.511561
v 1.334120 0.192652 2.590186
v 1.334120 0.241126 2.652583
v 1.334120 0.302207 2.692645
v 0.977340 0.437623 2.692645
v 0.977340 0.369915 2.706449
v 0.977340 0.498703 2.652583
v 0.977340 0.547177 2.590185
v 0.977340 0.578299 2.511561
v 0.977340 0.589023 2.424403
v 0.977340 0.578299 2.337247
v 0.977340 0.547177 2.258622
v 0.977340 0.498703 2.196225
v 0.977340 0.437623 2.156164
v 0.977340 0.369915 2.142359
v 0.977340 0.302206 2.156164
v 0.977340 0.241126 2.196225
v 0.977340 0.192652 2.258622
v 0.977340 0.161530 2.337247
v 0.977340 0.150806 2.424404
v 0.977340 0.161530 2.511561
v 0.977340 0.192652 2.590186
v 0.977340 0.241126 2.652583
v 0.977340 0.302207 2.692645
v 1.334120 0.418845 2.618251
v 1.334120 0.369915 2.648609
v 1.334120 0.369915 2.648609
v 1.334120 0.472292 2.605790
v 1.334120 0.472292 2.605790
v 1.334120 0.498015 2.544208
v 1.334120 0.535565 2.493687
v 1.334120 0.535565 2.493687
v 1.334120 0.528256 2.424403
v 1.334120 0.535565 2.355121
v 1.334120 0.535565 2.355121
v 1.334120 0.498015 2.304600
v 1.334120 0.472292 2.243019
v 1.334120 0.472292 2.243019
v 1.334120 0.418845 2.230558
v 1.334120 0.369915 2.200199
v 1.334120 0.369915 2.200199
v 1.334120 0.320984 2.230558
v 1.334120 0.267537 2.243019
v 1.334120 0.267537 2.243019
v 1.334120 0.241814 2.304600
v 1.334120 0.204264 2.355121
v 1.334120 0.204264 2.355121
v 1.334120 0.211573 2.424404
v 1.334120 0.204264 2.493687
v 1.334120 0.204264 2.493687
v 1.334120 0.241814 2.544209
v 1.334120 0.267537 2.605790
v 1.334120 0.267537 2.605790
v 1.334120 0.320985 2.618251
v 1.228610 0.369915 2.648609
v 1.228610 0.535565 2.355121
v 1.228610 0.472292 2.243019
v 1.228610 0.369915 2.200199
v 1.228610 0.267537 2.243019
v 1.228610 0.204264 2.355121
v 1.228610 0.472292 2.605790
v 1.228610 0.204264 2.493687
v 1.228610 0.535565 2.493687
v 1.228610 0.267537 2.605790
v 1.275627 0.405935 2.567106
v 1.275627 0.369915 2.574450
v 1.275627 0.438430 2.545794
v 1.275627 0.464217 2.512599
v 1.275627 0.480774 2.470771
v 1.275627 0.486479 2.424403
v 1.275627 0.480774 2.378037
v 1.275627 0.464217 2.336209
v 1.275627 0.438430 2.303014
v 1.275627 0.405935 2.281702
v 1.275627 0.369915 2.274358
v 1.275627 0.333894 2.281702
v 1.275627 0.301400 2.303014
v 1.275627 0.275612 2.336209
v 1.275627 0.259055 2.378037
v 1.275627 0.253350 2.424404
v 1.275627 0.259055 2.470771
v 1.275627 0.275612 2.512599
v 1.275627 0.301400 2.545794
v 1.275627 0.333894 2.567106
v 1.425194 0.401397 2.480181
v 1.425194 0.386466 2.489974
v 1.425194 0.413247 2.464928
v 1.425194 0.413247 2.464928
v 1.425194 0.401561 2.445709
v 1.425194 0.403181 2.424402
v 1.425194 0.401561 2.403097
v 1.425194 0.413247 2.383877
v 1.425194 0.413247 2.383877
v 1.425194 0.401397 2.368624
v 1.425194 0.386466 2.358831
v 1.425194 0.353363 2.358831
v 1.425194 0.338432 2.368624
v 1.425194 0.326583 2.383877
v 1.425194 0.326583 2.383877
v 1.425194 0.338571 2.403097
v 1.425194 0.336951 2.424403
v 1.425194 0.338571 2.445709
v 1.425194 0.326583 2.464929
v 1.425194 0.326583 2.464929
v 1.425194 0.338432 2.480181
v 1.425194 0.353363 2.489974
v 1.246685 0.413247 2.383878
v 1.246685 0.326583 2.383878
v 1.246685 0.413247 2.464929
v 1.246685 0.326583 2.464929
v 1.334117 0.563255 -2.571287
v 1.334117 0.548598 -2.666136
v 1.334117 0.506859 -2.746547
v 1.334117 0.444392 -2.800274
v 1.334117 0.234555 -2.746547
v 1.334117 0.192816 -2.666136
v 1.334117 0.178160 -2.571287
v 1.334117 0.192816 -2.476437
v 1.334117 0.234555 -2.396028
v 1.334117 0.297022 -2.342299
v 1.334117 0.370707 -2.323432
v 1.334117 0.444392 -2.342299
v 1.334117 0.506859 -2.396028
v 1.334117 0.548598 -2.476437
v 1.334117 0.370707 -2.819142
v 1.334117 0.297022 -2.800274
v 0.977238 0.563255 -2.571287
v 0.977238 0.548598 -2.666136
v 0.977238 0.506859 -2.746547
v 0.977238 0.444392 -2.800274
v 0.977238 0.234555 -2.746547
v 0.977238 0.192816 -2.666136
v 0.977238 0.178160 -2.571287
v 0.977238 0.192816 -2.476437
v 0.977238 0.234555 -2.396028
v 0.977238 0.297022 -2.342299
v 0.977238 0.370707 -2.323432
v 0.977238 0.444392 -2.342299
v 0.977238 0.506859 -2.396028
v 0.977238 0.548598 -2.476437
v 0.977238 0.370707 -2.819142
v 0.977238 0.297022 -2.800274
v 1.334117 0.517663 -2.571287
v 1.334117 0.517663 -2.571287
v 1.334117 0.494134 -2.637096
v 1.334117 0.474621 -2.705048
v 1.334117 0.474621 -2.705048
v 1.334117 0.421832 -2.730166
v 1.334117 0.266794 -2.705048
v 1.334117 0.266794 -2.705048
v 1.334117 0.247280 -2.637096
v 1.334117 0.223751 -2.571287
v 1.334117 0.223751 -2.571287
v 1.334117 0.247280 -2.505476
v 1.334117 0.266794 -2.437526
v 1.334117 0.266794 -2.437526
v 1.334117 0.319582 -2.412408
v 1.334117 0.370707 -2.382120
v 1.334117 0.370707 -2.382120
v 1.334117 0.421832 -2.412408
v 1.334117 0.474621 -2.437526
v 1.334117 0.474621 -2.437526
v 1.334117 0.494134 -2.505476
v 1.334117 0.370707 -2.760454
v 1.334117 0.370707 -2.760454
v 1.334117 0.319582 -2.730166
v 1.228607 0.370707 -2.382120
v 1.228607 0.474621 -2.437526
v 1.228607 0.370707 -2.760454
v 1.228607 0.517663 -2.571287
v 1.228607 0.474621 -2.705048
v 1.228607 0.266794 -2.705048
v 1.228607 0.223751 -2.571287
v 1.228607 0.266794 -2.437526
v 1.425193 0.396565 -2.571288
v 1.425193 0.394585 -2.594474
v 1.425193 0.403990 -2.614130
v 1.425193 0.403990 -2.614130
v 1.425193 0.388719 -2.627264
v 1.425193 0.337425 -2.614130
v 1.425193 0.337425 -2.614130
v 1.425193 0.346527 -2.594474
v 1.425193 0.344547 -2.571288
v 1.425193 0.346527 -2.548102
v 1.425193 0.337425 -2.528445
v 1.425193 0.337425 -2.528445
v 1.425193 0.352695 -2.515312
v 1.425193 0.370707 -2.510700
v 1.425193 0.388719 -2.515312
v 1.425193 0.403990 -2.528445
v 1.425193 0.403990 -2.528445
v 1.425193 0.394585 -2.548102
v 1.425193 0.370707 -2.631876
v 1.425193 0.352695 -2.627264
v 1.246682 0.337425 -2.528445
v 1.246682 0.403990 -2.528445
v 1.246682 0.403990 -2.614130
v 1.246682 0.337425 -2.614130
v 1.334117 0.529126 -1.279117
v 1.334117 0.529126 -1.279117
v 1.334117 0.582093 -1.297386
v 1.334117 0.582093 -1.297386
v 1.334117 0.620867 -1.347297
v 1.334117 0.635059 -1.415478
v 1.334117 0.620867 -1.483658
v 1.334117 0.582093 -1.533570
v 1.334117 0.582093 -1.533570
v 1.334117 0.529126 -1.551839
v 1.334117 0.529126 -1.551839
v 1.334117 0.476159 -1.533570
v 1.334117 0.476159 -1.533570
v 1.334117 0.437385 -1.483658
v 1.334117 0.423193 -1.415478
v 1.334117 0.423193 -1.415478
v 1.334117 0.437385 -1.347297
v 1.334117 0.437385 -1.347297
v 1.334117 0.476159 -1.297386
v 0.977238 0.529126 -1.279117
v 0.977238 0.529126 -1.279117
v 0.977238 0.582093 -1.297386
v 0.977238 0.582093 -1.297386
v 0.977238 0.620867 -1.347297
v 0.977238 0.635059 -1.415478
v 0.977238 0.620867 -1.483658
v 0.977238 0.582093 -1.533570
v 0.977238 0.582093 -1.533570
v 0.977238 0.529126 -1.551839
v 0.977238 0.529126 -1.551839
v 0.977238 0.476159 -1.533570
v 0.977238 0.476159 -1.533570
v 0.977238 0.437385 -1.483658
v 0.977238 0.423193 -1.415478
v 0.977238 0.423193 -1.415478
v 0.977238 0.437385 -1.347297
v 0.977238 0.437385 -1.347297
v 0.977238 0.476159 -1.297386
v 1.341772 0.529126 -1.308287
v 1.341772 0.570762 -1.322648
v 1.341772 0.570762 -1.322648
v 1.341772 0.601242 -1.361882
v 1.341772 0.612398 -1.415478
v 1.341772 0.601242 -1.469073
v 1.341772 0.570762 -1.508308
v 1.341772 0.570762 -1.508308
v 1.341772 0.529126 -1.522669
v 1.341772 0.487490 -1.508308
v 1.341772 0.487490 -1.508308
v 1.341772 0.457010 -1.469073
v 1.341772 0.445854 -1.415478
v 1.341772 0.457010 -1.361882
v 1.341772 0.457010 -1.361882
v 1.341772 0.487490 -1.322648
v 1.341772 0.487490 -1.322648
v 1.189967 0.570762 -1.322648
v 1.189967 0.570762 -1.508308
v 1.189967 0.487490 -1.508308
v 1.189967 0.457010 -1.361882
v 1.189967 0.487490 -1.322648
v 1.385382 0.545548 -1.452092
v 0.960260 0.545548 -1.452092
v 0.960260 0.561970 -1.415478
v 1.385382 0.561970 -1.415478
v 1.385382 0.512704 -1.452092
v 0.960260 0.512704 -1.452092
v 1.385382 0.496282 -1.415478
v 0.960260 0.496282 -1.415478
v 1.385382 0.512704 -1.378864
v 0.960260 0.512704 -1.378864
v 1.385382 0.545548 -1.378864
v 0.960260 0.545548 -1.378864
v 1.334117 0.529126 -1.659791
v 1.334117 0.529126 -1.659791
v 1.334117 0.582093 -1.678060
v 1.334117 0.582093 -1.678060
v 1.334117 0.620867 -1.727971
v 1.334117 0.635059 -1.796152
v 1.334117 0.620867 -1.864332
v 1.334117 0.582093 -1.914244
v 1.334117 0.582093 -1.914244
v 1.334117 0.529126 -1.932513
v 1.334117 0.529126 -1.932513
v 1.334117 0.476159 -1.914244
v 1.334117 0.476159 -1.914244
v 1.334117 0.437385 -1.864332
v 1.334117 0.423193 -1.796152
v 1.334117 0.423193 -1.796152
v 1.334117 0.437385 -1.727971
v 1.334117 0.437385 -1.727971
v 1.334117 0.476159 -1.678060
v 0.977238 0.529126 -1.659791
v 0.977238 0.529126 -1.659791
v 0.977238 0.582093 -1.678060
v 0.977238 0.582093 -1.678060
v 0.977238 0.620867 -1.727971
v 0.977238 0.635059 -1.796152
v 0.977238 0.620867 -1.864332
v 0.977238 0.582093 -1.914244
v 0.977238 0.582093 -1.914244
v 0.977238 0.529126 -1.932513
v 0.977238 0.529126 -1.932513
v 0.977238 0.476159 -1.914244
v 0.977238 0.476159 -1.914244
v 0.977238 0.437385 -1.864332
v 0.977238 0.423193 -1.796152
v 0.977238 0.423193 -1.796152
v 0.977238 0.437385 -1.727971
v 0.977238 0.437385 -1.727971
v 0.977238 0.476159 -1.678060
v 1.341772 0.529126 -1.688961
v 1.341772 0.570762 -1.703321
v 1.341772 0.570762 -1.703321
v 1.341772 0.601242 -1.742556
v 1.341772 0.612398 -1.796152
v 1.341772 0.601242 -1.849747
v 1.341772 0.570762 -1.888982
v 1.341772 0.570762 -1.888982
v 1.341772 0.529126 -1.903343
v 1.341772 0.487490 -1.888982
v 1.341772 0.487490 -1.888982
v 1.341772 0.457010 -1.849747
v 1.341772 0.445854 -1.796152
v 1.341772 0.457010 -1.742556
v 1.341772 0.457010 -1.742556
v 1.341772 0.487490 -1.703321
v 1.341772 0.487490 -1.703321
v 1.189967 0.570762 -1.703321
v 1.189967 0.570762 -1.888982
v 1.189967 0.487490 -1.888982
v 1.189967 0.457010 -1.742556
v 1.189967 0.487490 -1.703321
v 1.385382 0.545548 -1.832766
v 0.960260 0.545548 -1.832766
v 0.960260 0.561970 -1.796152
v 1.385382 0.561970 -1.796152
v 1.385382 0.512704 -1.832766
v 0.960260 0.512704 -1.832766
v 1.385382 0.496282 -1.796152
v 0.960260 0.496282 -1.796152
v 1.385382 0.512704 -1.759538
v 0.960260 0.512704 -1.759538
v 1.385382 0.545548 -1.759538
v 0.960260 0.545548 -1.759538
v 1.334117 0.289618 -1.811439
v 1.334117 0.269704 -1.907104
v 1.334117 0.269704 -1.907104
v 1.334117 0.215299 -1.977136
v 1.334117 0.140981 -2.002769
v 1.334117 0.066663 -1.977136
v 1.334117 0.269704 -1.715774
v 1.334117 0.215300 -1.645741
v 1.334117 0.215300 -1.645741
v 1.334117 0.140981 -1.620108
v 1.334117 0.012258 -1.907104
v 1.334117 0.012258 -1.907104
v 1.334117 0.066663 -1.645741
v 1.334117 0.066663 -1.645741
v 1.334117 0.012258 -1.715773
v 1.334117 0.012258 -1.715773
v 1.334117 -0.007656 -1.811439
v 0.977238 0.289618 -1.811439
v 0.977238 0.269704 -1.907104
v 0.977238 0.269704 -1.907104
v 0.977238 0.215299 -1.977136
v 0.977238 0.140981 -2.002769
v 0.977238 0.066663 -1.977136
v 0.977238 0.269704 -1.715774
v 0.977238 0.215300 -1.645741
v 0.977238 0.215300 -1.645741
v 0.977238 0.140981 -1.620108
v 0.977238 0.012258 -1.907104
v 0.977238 0.012258 -1.907104
v 0.977238 0.066663 -1.645741
v 0.977238 0.066663 -1.645741
v 0.977238 0.012258 -1.715773
v 0.977238 0.012258 -1.715773
v 0.977238 -0.007656 -1.811439
v 1.341772 0.266957 -1.811439
v 1.341772 0.250080 -1.892519
v 1.341772 0.250080 -1.892519
v 1.341772 0.203969 -1.951874
v 1.341772 0.203969 -1.951874
v 1.341772 0.140981 -1.973599
v 1.341772 0.077993 -1.951874
v 1.341772 0.077993 -1.951874
v 1.341772 0.250080 -1.730359
v 1.341772 0.203969 -1.671003
v 1.341772 0.203969 -1.671003
v 1.341772 0.140981 -1.649278
v 1.341772 0.031883 -1.892519
v 1.341772 0.077993 -1.671003
v 1.341772 0.077993 -1.671003
v 1.341772 0.031883 -1.730358
v 1.341772 0.015005 -1.811439
v 1.341772 0.015005 -1.811439
v 1.189967 0.077993 -1.671003
v 1.189967 0.250080 -1.892519
v 1.189967 0.203969 -1.951874
v 1.189967 0.015005 -1.811439
v 1.189967 0.077993 -1.951874
v 1.189967 0.203969 -1.671003
v 1.399938 0.171723 -1.788592
v 1.399938 0.171723 -1.788592
v 1.399938 0.171723 -1.834286
v 1.399938 0.171723 -1.834286
v 1.399938 0.140981 -1.857133
v 1.399938 0.140981 -1.857133
v 1.399938 0.140981 -1.765745
v 1.399938 0.140981 -1.765745
v 1.399938 0.110239 -1.834286
v 1.399938 0.110239 -1.834286
v 1.399938 0.110239 -1.788592
v 1.399938 0.110239 -1.788592
v 0.960260 0.140981 -1.765744
v 0.960260 0.110239 -1.788592
v 0.960260 0.110239 -1.834285
v 0.960260 0.171723 -1.834285
v 0.960260 0.171723 -1.788592
v 0.960260 0.140981 -1.857132
v 1.334117 0.140981 -1.204321
v 1.334117 0.215300 -1.229954
v 1.334117 0.215300 -1.229954
v 1.334117 0.269704 -1.299986
v 1.334117 0.289618 -1.395651
v 1.334117 0.269704 -1.491317
v 1.334117 0.215300 -1.561348
v 1.334117 0.140981 -1.586982
v 1.334117 0.140981 -1.586982
v 1.334117 0.066663 -1.561348
v 1.334117 0.012258 -1.491317
v 1.334117 -0.007655 -1.395651
v 1.334117 0.012258 -1.299986
v 1.334117 0.012258 -1.299986
v 1.334117 0.066663 -1.229954
v 1.334117 0.066663 -1.229954
v 0.977238 0.140981 -1.204321
v 0.977238 0.215300 -1.229954
v 0.977238 0.215300 -1.229954
v 0.977238 0.269704 -1.299986
v 0.977238 0.289618 -1.395651
v 0.977238 0.269704 -1.491317
v 0.977238 0.215300 -1.561348
v 0.977238 0.140981 -1.586982
v 0.977238 0.140981 -1.586982
v 0.977238 0.066663 -1.561348
v 0.977238 0.012258 -1.491317
v 0.977238 -0.007655 -1.395651
v 0.977238 0.012258 -1.299986
v 0.977238 0.012258 -1.299986
v 0.977238 0.066663 -1.229954
v 0.977238 0.066663 -1.229954
v 1.341772 0.140981 -1.233491
v 1.341772 0.203969 -1.255216
v 1.341772 0.203969 -1.255216
v 1.341772 0.250080 -1.314571
v 1.341772 0.266957 -1.395651
v 1.341772 0.266957 -1.395651
v 1.341772 0.250080 -1.476732
v 1.341772 0.203969 -1.536087
v 1.341772 0.140981 -1.557812
v 1.341772 0.140981 -1.557812
v 1.341772 0.077993 -1.536087
v 1.341772 0.031883 -1.476732
v 1.341772 0.015005 -1.395651
v 1.341772 0.031883 -1.314571
v 1.341772 0.077993 -1.255216
v 1.341772 0.077993 -1.255216
v 1.189967 0.203969 -1.255216
v 1.189967 0.266957 -1.395651
v 1.189967 0.140981 -1.557812
v 1.189967 0.077993 -1.255216
v 1.399938 0.171723 -1.418499
v 1.399938 0.171723 -1.418499
v 1.399938 0.140981 -1.441345
v 1.399938 0.140981 -1.441345
v 1.399938 0.110239 -1.418498
v 1.399938 0.110239 -1.418498
v 1.399938 0.110239 -1.372805
v 1.399938 0.110239 -1.372805
v 1.399938 0.140981 -1.349957
v 1.399938 0.140981 -1.349957
v 1.399938 0.171723 -1.372804
v 1.399938 0.171723 -1.372804
v 0.960260 0.140981 -1.441345
v 0.960260 0.171723 -1.418499
v 0.960260 0.110239 -1.418498
v 0.960260 0.110239 -1.372805
v 0.960260 0.140981 -1.349957
v 0.960260 0.171723 -1.372804
v 1.334117 0.624622 0.939776
v 1.334117 0.624622 0.939776
v 1.334117 0.677589 0.921507
v 1.334117 0.677589 0.921507
v 1.334117 0.716363 0.871596
v 1.334117 0.730555 0.803415
v 1.334117 0.716363 0.735235
v 1.334117 0.677588 0.685323
v 1.334117 0.677588 0.685323
v 1.334117 0.624622 0.667054
v 1.334117 0.624622 0.667054
v 1.334117 0.571655 0.685323
v 1.334117 0.571655 0.685323
v 1.334117 0.532881 0.735235
v 1.334117 0.518689 0.803415
v 1.334117 0.532881 0.871596
v 1.334117 0.532881 0.871596
v 1.334117 0.571655 0.921507
v 0.977238 0.624622 0.939777
v 0.977238 0.624622 0.939777
v 0.977238 0.677589 0.921508
v 0.977238 0.677589 0.921508
v 0.977238 0.716363 0.871596
v 0.977238 0.730555 0.803415
v 0.977238 0.716363 0.735235
v 0.977238 0.677588 0.685323
v 0.977238 0.677588 0.685323
v 0.977238 0.624622 0.667054
v 0.977238 0.624622 0.667054
v 0.977238 0.571655 0.685323
v 0.977238 0.571655 0.685323
v 0.977238 0.532881 0.735235
v 0.977238 0.518689 0.803415
v 0.977238 0.532881 0.871596
v 0.977238 0.532881 0.871596
v 0.977238 0.571655 0.921508
v 1.341773 0.624622 0.910607
v 1.341773 0.666258 0.896246
v 1.341773 0.666258 0.896246
v 1.341773 0.696738 0.857011
v 1.341773 0.696738 0.857011
v 1.341773 0.707894 0.803415
v 1.341773 0.696738 0.749820
v 1.341773 0.666258 0.710585
v 1.341773 0.666258 0.710585
v 1.341773 0.624622 0.696224
v 1.341773 0.582986 0.710585
v 1.341773 0.582986 0.710585
v 1.341773 0.552506 0.749820
v 1.341773 0.541350 0.803415
v 1.341773 0.552506 0.857012
v 1.341773 0.552506 0.857012
v 1.341773 0.582986 0.896245
v 1.189967 0.666258 0.896246
v 1.189967 0.696738 0.857011
v 1.189967 0.666258 0.710585
v 1.189967 0.582986 0.710585
v 1.189967 0.552506 0.857012
v 1.385382 0.641044 0.766801
v 0.960261 0.641044 0.766801
v 0.960261 0.657466 0.803415
v 1.385382 0.657466 0.803415
v 1.385382 0.608200 0.766801
v 0.960261 0.608200 0.766801
v 1.385382 0.591778 0.803415
v 0.960261 0.591778 0.803415
v 1.385382 0.608200 0.840029
v 0.960261 0.608200 0.840029
v 1.385382 0.641044 0.840029
v 0.960261 0.641044 0.840029
v 1.334117 0.624622 1.716988
v 1.334117 0.624622 1.716988
v 1.334117 0.677589 1.698719
v 1.334117 0.677589 1.698719
v 1.334117 0.716363 1.648807
v 1.334117 0.730555 1.580627
v 1.334117 0.716363 1.512447
v 1.334117 0.677588 1.462535
v 1.334117 0.677588 1.462535
v 1.334117 0.624622 1.444266
v 1.334117 0.624622 1.444266
v 1.334117 0.571655 1.462535
v 1.334117 0.571655 1.462535
v 1.334117 0.532881 1.512447
v 1.334117 0.518689 1.580627
v 1.334117 0.532881 1.648808
v 1.334117 0.532881 1.648808
v 1.334117 0.571655 1.698719
v 0.977238 0.624622 1.716988
v 0.977238 0.624622 1.716988
v 0.977238 0.677589 1.698719
v 0.977238 0.677589 1.698719
v 0.977238 0.716363 1.648807
v 0.977238 0.730555 1.580627
v 0.977238 0.716363 1.512447
v 0.977238 0.677588 1.462535
v 0.977238 0.677588 1.462535
v 0.977238 0.624622 1.444266
v 0.977238 0.624622 1.444266
v 0.977238 0.571655 1.462535
v 0.977238 0.571655 1.462535
v 0.977238 0.532881 1.512447
v 0.977238 0.518689 1.580627
v 0.977238 0.532881 1.648808
v 0.977238 0.532881 1.648808
v 0.977238 0.571655 1.698719
v 1.341773 0.624622 1.687818
v 1.341773 0.666258 1.673458
v 1.341773 0.666258 1.673458
v 1.341773 0.696738 1.634223
v 1.341773 0.696738 1.634223
v 1.341773 0.707894 1.580627
v 1.341773 0.696738 1.527031
v 1.341773 0.666258 1.487796
v 1.341773 0.666258 1.487796
v 1.341773 0.624622 1.473436
v 1.341773 0.582986 1.487796
v 1.341773 0.582986 1.487796
v 1.341773 0.552506 1.527031
v 1.341773 0.541350 1.580627
v 1.341773 0.552506 1.634223
v 1.341773 0.552506 1.634223
v 1.341773 0.582986 1.673457
v 1.189968 0.666258 1.673458
v 1.189968 0.696738 1.634223
v 1.189968 0.666258 1.487796
v 1.189968 0.582986 1.487796
v 1.189968 0.552506 1.634223
v 1.385382 0.641044 1.544013
v 0.960261 0.641044 1.544013
v 0.960261 0.657466 1.580627
v 1.385382 0.657466 1.580627
v 1.385382 0.608200 1.544013
v 0.960261 0.608200 1.544013
v 1.385382 0.591778 1.580627
v 0.960261 0.591778 1.580627
v 1.385382 0.608200 1.617241
v 0.960261 0.608200 1.617241
v 1.385382 0.641044 1.617241
v 0.960261 0.641044 1.617241
v 1.334117 0.624622 1.318865
v 1.334117 0.624622 1.318865
v 1.334117 0.677589 1.300596
v 1.334117 0.677589 1.300596
v 1.334117 0.716363 1.250684
v 1.334117 0.730555 1.182504
v 1.334117 0.716363 1.114323
v 1.334117 0.677588 1.064412
v 1.334117 0.677588 1.064412
v 1.334117 0.624622 1.046143
v 1.334117 0.624622 1.046143
v 1.334117 0.571655 1.064412
v 1.334117 0.571655 1.064412
v 1.334117 0.532881 1.114323
v 1.334117 0.518689 1.182504
v 1.334117 0.532881 1.250685
v 1.334117 0.532881 1.250685
v 1.334117 0.571655 1.300596
v 0.977238 0.624622 1.318865
v 0.977238 0.624622 1.318865
v 0.977238 0.677589 1.300596
v 0.977238 0.677589 1.300596
v 0.977238 0.716363 1.250684
v 0.977238 0.730555 1.182504
v 0.977238 0.716363 1.114323
v 0.977238 0.677588 1.064412
v 0.977238 0.677588 1.064412
v 0.977238 0.624622 1.046143
v 0.977238 0.624622 1.046143
v 0.977238 0.571655 1.064412
v 0.977238 0.571655 1.064412
v 0.977238 0.532881 1.114323
v 0.977238 0.518689 1.182504
v 0.977238 0.532881 1.250685
v 0.977238 0.532881 1.250685
v 0.977238 0.571655 1.300596
v 1.341773 0.624622 1.289695
v 1.341773 0.666258 1.275334
v 1.341773 0.666258 1.275334
v 1.341773 0.696738 1.236100
v 1.341773 0.696738 1.236100
v 1.341773 0.707894 1.182504
v 1.341773 0.696738 1.128908
v 1.341773 0.666258 1.089673
v 1.341773 0.666258 1.089673
v 1.341773 0.624622 1.075313
v 1.341773 0.582986 1.089673
v 1.341773 0.582986 1.089673
v 1.341773 0.552506 1.128908
v 1.341773 0.541350 1.182504
v 1.341773 0.552506 1.236100
v 1.341773 0.552506 1.236100
v 1.341773 0.582986 1.275334
v 1.189968 0.552506 1.236100
v 1.189968 0.696738 1.236100
v 1.189968 0.666258 1.275334
v 1.189968 0.666258 1.089673
v 1.189968 0.582986 1.089673
v 1.385382 0.591778 1.182504
v 0.960261 0.591778 1.182504
v 0.960261 0.608200 1.145890
v 1.385382 0.608200 1.145890
v 1.385382 0.608200 1.219117
v 0.960261 0.608200 1.219118
v 1.385382 0.641044 1.219118
v 0.960261 0.641044 1.219118
v 1.385382 0.657466 1.182504
v 0.960261 0.657466 1.182504
v 1.385382 0.641044 1.145890
v 0.960261 0.641044 1.145890
v 1.334117 0.306779 -1.119254
v 1.334117 0.234503 -1.140489
v 1.334117 0.364739 -1.059755
v 1.334117 0.396905 -0.973778
v 1.334117 0.396905 -0.878349
v 1.334117 0.364739 -0.792372
v 1.334117 0.306779 -0.732873
v 1.334117 0.234503 -0.711638
v 1.334117 0.162228 -0.732873
v 1.334117 0.104267 -0.792372
v 1.334117 0.072102 -0.878349
v 1.334117 0.072102 -0.973778
v 1.334117 0.104267 -1.059755
v 1.334117 0.162228 -1.119254
v 0.977238 0.306779 -1.119254
v 0.977238 0.234503 -1.140489
v 0.977238 0.364739 -1.059755
v 0.977238 0.396905 -0.973778
v 0.977238 0.396905 -0.878349
v 0.977238 0.364739 -0.792372
v 0.977238 0.306779 -0.732873
v 0.977238 0.234503 -0.711638
v 0.977238 0.162228 -0.732873
v 0.977238 0.104267 -0.792372
v 0.977238 0.072102 -0.878349
v 0.977238 0.072102 -0.973778
v 0.977238 0.104267 -1.059755
v 0.977238 0.162228 -1.119254
v 1.354162 0.291063 -1.077247
v 1.354162 0.234503 -1.093864
v 1.354162 0.336421 -1.030686
v 1.354162 0.361592 -0.963403
v 1.354162 0.361592 -0.888724
v 1.354162 0.336421 -0.821441
v 1.354162 0.291063 -0.774880
v 1.354162 0.234503 -0.758263
v 1.354162 0.177943 -0.774880
v 1.354162 0.132586 -0.821441
v 1.354162 0.107414 -0.888724
v 1.354162 0.107414 -0.963403
v 1.354162 0.132586 -1.030686
v 1.354162 0.177943 -1.077247
v 1.432809 0.275270 -0.967912
v 1.432809 0.275270 -0.967912
v 1.432809 0.234503 -0.993184
v 1.432809 0.234503 -0.993184
v 1.432809 0.285339 -0.911128
v 1.432809 0.285339 -0.911128
v 1.432809 0.257127 -0.865590
v 1.432809 0.257127 -0.865590
v 1.432809 0.211879 -0.865590
v 1.432809 0.211879 -0.865590
v 1.432809 0.183668 -0.911128
v 1.432809 0.183668 -0.911128
v 1.432809 0.193736 -0.967912
v 1.432809 0.193736 -0.967912
v 0.960849 0.211879 -0.865591
v 0.960849 0.183668 -0.911129
v 0.960849 0.275270 -0.967914
v 0.960849 0.285339 -0.911129
v 0.960849 0.193736 -0.967914
v 0.960849 0.257127 -0.865591
v 0.960849 0.234503 -0.993185
v 1.334117 0.306779 0.156235
v 1.334117 0.234503 0.135000
v 1.334117 0.364739 0.215734
v 1.334117 0.396905 0.301712
v 1.334117 0.396905 0.397140
v 1.334117 0.364739 0.483118
v 1.334117 0.306779 0.542616
v 1.334117 0.234503 0.563851
v 1.334117 0.162228 0.542616
v 1.334117 0.104267 0.483118
v 1.334117 0.072102 0.397140
v 1.334117 0.072102 0.301712
v 1.334117 0.104267 0.215734
v 1.334117 0.162228 0.156235
v 0.977238 0.306779 0.156235
v 0.977238 0.234503 0.135000
v 0.977238 0.364739 0.215734
v 0.977238 0.396905 0.301712
v 0.977238 0.396905 0.397140
v 0.977238 0.364739 0.483118
v 0.977238 0.306779 0.542616
v 0.977238 0.234503 0.563851
v 0.977238 0.162228 0.542616
v 0.977238 0.104267 0.483118
v 0.977238 0.072102 0.397140
v 0.977238 0.072102 0.301712
v 0.977238 0.104267 0.215734
v 0.977238 0.162228 0.156235
v 1.354162 0.291063 0.198242
v 1.354162 0.234503 0.181625
v 1.354162 0.336421 0.244804
v 1.354162 0.361592 0.312087
v 1.354162 0.361592 0.386765
v 1.354162 0.336421 0.454047
v 1.354162 0.291063 0.500609
v 1.354162 0.234503 0.517226
v 1.354162 0.177943 0.500609
v 1.354162 0.132586 0.454047
v 1.354162 0.107414 0.386765
v 1.354162 0.107414 0.312086
v 1.354162 0.132586 0.244804
v 1.354162 0.177943 0.198242
v 1.194463 0.291063 0.198242
v 1.194463 0.234503 0.181625
v 1.194463 0.336421 0.244804
v 1.194463 0.361592 0.312087
v 1.194463 0.361592 0.386765
v 1.194463 0.336421 0.454048
v 1.194463 0.291063 0.500609
v 1.194463 0.234503 0.517226
v 1.194463 0.177943 0.500609
v 1.194463 0.132586 0.454048
v 1.194463 0.107414 0.386765
v 1.194463 0.107414 0.312086
v 1.194463 0.132586 0.244804
v 1.194463 0.177943 0.198242
v 1.432809 0.275270 0.307578
v 1.432809 0.275270 0.307578
v 1.432809 0.234503 0.282306
v 1.432809 0.234503 0.282306
v 1.432809 0.285339 0.364362
v 1.432809 0.285339 0.364362
v 1.432809 0.257127 0.409899
v 1.432809 0.257127 0.409899
v 1.432809 0.211879 0.409899
v 1.432809 0.211879 0.409899
v 1.432809 0.183668 0.364362
v 1.432809 0.183668 0.364362
v 1.432809 0.193736 0.307578
v 1.432809 0.193736 0.307578
v 0.960849 0.234503 0.282305
v 0.960849 0.275270 0.307577
v 0.960849 0.211879 0.409898
v 0.960849 0.183668 0.364361
v 0.960849 0.285339 0.364361
v 0.960849 0.193736 0.307577
v 0.960849 0.257127 0.409898
v 1.334117 0.140981 0.643040
v 1.334117 0.215300 0.668673
v 1.334117 0.215300 0.668673
v 1.334117 0.269704 0.738705
v 1.334117 0.289618 0.834370
v 1.334117 0.269704 0.930036
v 1.334117 0.269704 0.930036
v 1.334117 0.215300 1.000068
v 1.334117 0.140981 1.025701
v 1.334117 0.140981 1.025701
v 1.334117 0.066663 1.000068
v 1.334117 0.012258 0.930036
v 1.334117 0.012258 0.930036
v 1.334117 -0.007655 0.834370
v 1.334117 0.012258 0.738705
v 1.334117 0.066663 0.668673
v 1.334117 0.066663 0.668673
v 0.977238 0.140981 0.643040
v 0.977238 0.215300 0.668673
v 0.977238 0.215300 0.668673
v 0.977238 0.269704 0.738705
v 0.977238 0.289618 0.834370
v 0.977238 0.269704 0.930036
v 0.977238 0.269704 0.930036
v 0.977238 0.215300 1.000068
v 0.977238 0.140981 1.025702
v 0.977238 0.140981 1.025702
v 0.977238 0.066663 1.000068
v 0.977238 0.012258 0.930036
v 0.977238 0.012258 0.930036
v 0.977238 -0.007655 0.834370
v 0.977238 0.012258 0.738705
v 0.977238 0.066663 0.668673
v 0.977238 0.066663 0.668673
v 1.341773 0.140981 0.672210
v 1.341773 0.140981 0.672210
v 1.341773 0.203969 0.693935
v 1.341773 0.250080 0.753290
v 1.341773 0.250080 0.753290
v 1.341773 0.266957 0.834370
v 1.341773 0.250080 0.915451
v 1.341773 0.250080 0.915451
v 1.341773 0.203969 0.974806
v 1.341773 0.140981 0.996531
v 1.341773 0.140981 0.996531
v 1.341773 0.077993 0.974806
v 1.341773 0.031883 0.915451
v 1.341773 0.031883 0.915451
v 1.341773 0.015005 0.834370
v 1.341773 0.031883 0.753290
v 1.341773 0.031883 0.753290
v 1.341773 0.077993 0.693935
v 1.189967 0.140981 0.672210
v 1.189967 0.250080 0.753290
v 1.189967 0.250080 0.915451
v 1.189967 0.140981 0.996531
v 1.189967 0.031883 0.915451
v 1.189967 0.031883 0.753290
v 1.399938 0.140981 0.788677
v 1.399938 0.140981 0.788677
v 1.399938 0.171723 0.811524
v 1.399938 0.171723 0.811524
v 1.399938 0.171723 0.857218
v 1.399938 0.171723 0.857218
v 1.399938 0.140981 0.880065
v 1.399938 0.140981 0.880065
v 1.399938 0.110239 0.857218
v 1.399938 0.110239 0.857218
v 1.399938 0.110239 0.811524
v 1.399938 0.110239 0.811524
v 0.960261 0.110239 0.811524
v 0.960261 0.140981 0.788677
v 0.960261 0.171723 0.811524
v 0.960261 0.171723 0.857218
v 0.960261 0.140981 0.880065
v 0.960261 0.110239 0.857218
v 1.334117 0.066663 1.084461
v 1.334117 0.140981 1.058827
v 1.334117 0.012258 1.154492
v 1.334117 0.012258 1.154492
v 1.334117 -0.007656 1.250158
v 1.334117 0.012258 1.345824
v 1.334117 0.012258 1.345824
v 1.334117 0.066663 1.415855
v 1.334117 0.140981 1.441489
v 1.334117 0.215300 1.415855
v 1.334117 0.269704 1.345824
v 1.334117 0.269704 1.345824
v 1.334117 0.289618 1.250158
v 1.334117 0.269704 1.154492
v 1.334117 0.269704 1.154492
v 1.334117 0.215300 1.084461
v 1.334117 0.215300 1.084461
v 0.977238 0.066663 1.084461
v 0.977238 0.140981 1.058828
v 0.977238 0.012258 1.154492
v 0.977238 0.012258 1.154492
v 0.977238 -0.007656 1.250158
v 0.977238 0.012258 1.345824
v 0.977238 0.012258 1.345824
v 0.977238 0.066663 1.415855
v 0.977238 0.140981 1.441489
v 0.977238 0.215300 1.415855
v 0.977238 0.269704 1.345824
v 0.977238 0.269704 1.345824
v 0.977238 0.289618 1.250158
v 0.977238 0.269704 1.154492
v 0.977238 0.269704 1.154492
v 0.977238 0.215300 1.084461
v 0.977238 0.215300 1.084461
v 1.341773 0.077993 1.109723
v 1.341773 0.140981 1.087997
v 1.341773 0.140981 1.087997
v 1.341773 0.031883 1.169077
v 1.341773 0.031883 1.169077
v 1.341773 0.015005 1.250158
v 1.341773 0.031883 1.331239
v 1.341773 0.031883 1.331239
v 1.341773 0.077993 1.390593
v 1.341773 0.140981 1.412319
v 1.341773 0.140981 1.412319
v 1.341773 0.203969 1.390593
v 1.341773 0.250080 1.331239
v 1.341773 0.250080 1.331239
v 1.341773 0.266957 1.250158
v 1.341773 0.250080 1.169077
v 1.341773 0.250080 1.169077
v 1.341773 0.203969 1.109723
v 1.189968 0.031883 1.169077
v 1.189968 0.031883 1.331239
v 1.189968 0.140981 1.412319
v 1.189968 0.250080 1.331239
v 1.189968 0.250080 1.169077
v 1.189968 0.140981 1.087997
v 1.399938 0.110239 1.227311
v 1.399938 0.110239 1.227311
v 1.399938 0.140981 1.204465
v 1.399938 0.140981 1.204465
v 1.399938 0.110239 1.273005
v 1.399938 0.110239 1.273005
v 1.399938 0.140981 1.295852
v 1.399938 0.140981 1.295852
v 1.399938 0.171723 1.273005
v 1.399938 0.171723 1.273005
v 1.399938 0.171723 1.227311
v 1.399938 0.171723 1.227311
v 0.960261 0.110239 1.227312
v 0.960261 0.140981 1.204465
v 0.960261 0.110239 1.273006
v 0.960261 0.140981 1.295852
v 0.960261 0.171723 1.273006
v 0.960261 0.171723 1.227312
v 1.334117 0.140981 1.474615
v 1.334117 0.140981 1.474615
v 1.334117 0.215300 1.500249
v 1.334117 0.269704 1.570280
v 1.334117 0.269704 1.570280
v 1.334117 0.289618 1.665946
v 1.334117 0.269704 1.761611
v 1.334117 0.269704 1.761611
v 1.334117 0.215300 1.831643
v 1.334117 0.140981 1.857276
v 1.334117 0.066663 1.831643
v 1.334117 0.066663 1.831643
v 1.334117 0.012258 1.761611
v 1.334117 0.012258 1.761611
v 1.334117 -0.007655 1.665946
v 1.334117 0.012258 1.570280
v 1.334117 0.012258 1.570280
v 1.334117 0.066663 1.500249
v 0.977238 0.140981 1.474615
v 0.977238 0.140981 1.474615
v 0.977238 0.215300 1.500249
v 0.977238 0.269704 1.570280
v 0.977238 0.269704 1.570280
v 0.977238 0.289618 1.665946
v 0.977238 0.269704 1.761611
v 0.977238 0.269704 1.761611
v 0.977238 0.215300 1.831643
v 0.977238 0.140981 1.857276
v 0.977238 0.066663 1.831643
v 0.977238 0.066663 1.831643
v 0.977238 0.012258 1.761611
v 0.977238 0.012258 1.761611
v 0.977238 -0.007655 1.665946
v 0.977238 0.012258 1.570280
v 0.977238 0.012258 1.570280
v 0.977238 0.066663 1.500249
v 1.341773 0.140981 1.503785
v 1.341773 0.140981 1.503785
v 1.341773 0.203969 1.525510
v 1.341773 0.250080 1.584865
v 1.341773 0.250080 1.584865
v 1.341773 0.266957 1.665946
v 1.341773 0.250080 1.747026
v 1.341773 0.250080 1.747026
v 1.341773 0.203969 1.806380
v 1.341773 0.140981 1.828106
v 1.341773 0.140981 1.828106
v 1.341773 0.077993 1.806380
v 1.341773 0.031883 1.747026
v 1.341773 0.031883 1.747026
v 1.341773 0.015005 1.665946
v 1.341773 0.031883 1.584865
v 1.341773 0.031883 1.584865
v 1.341773 0.077993 1.525510
v 1.189968 0.031883 1.584865
v 1.189968 0.140981 1.503785
v 1.189968 0.250080 1.584865
v 1.189968 0.250080 1.747026
v 1.189968 0.140981 1.828106
v 1.189968 0.031883 1.747026
v 1.399938 0.140981 1.620251
v 1.399938 0.140981 1.620251
v 1.399938 0.171723 1.643098
v 1.399938 0.171723 1.643098
v 1.399938 0.171723 1.688792
v 1.399938 0.171723 1.688792
v 1.399938 0.140981 1.711639
v 1.399938 0.140981 1.711639
v 1.399938 0.110239 1.688792
v 1.399938 0.110239 1.688792
v 1.399938 0.110239 1.643098
v 1.399938 0.110239 1.643098
v 0.960261 0.140981 1.711639
v 0.960261 0.110239 1.688792
v 0.960261 0.110239 1.643098
v 0.960261 0.140981 1.620251
v 0.960261 0.171723 1.643098
v 0.960261 0.171723 1.688792
vn -0.0000 -0.3075 -0.9516
vn -0.0000 -0.6264 -0.7795
vn -1.0000 -0.0000 -0.0000
vn -0.0000 -0.0518 -0.9987
vn -0.0000 0.0503 -0.9987
vn -0.0000 0.2937 -0.9559
vn -0.0000 0.6138 -0.7894
vn -0.0000 0.8763 -0.4817
vn -0.0000 0.9752 -0.2213
vn -0.0000 0.9850 -0.1726
vn -0.0000 0.9758 -0.2187
vn -0.0000 0.9804 -0.1970
vn -0.0000 0.9975 -0.0703
vn -0.0000 0.9990 0.0446
vn -0.0000 0.9979 0.0650
vn -0.0000 0.9996 0.0287
vn -0.0000 0.9991 -0.0422
vn -0.0000 0.9975 -0.0713
vn -0.0000 0.9995 -0.0321
vn -0.0000 0.9983 0.0575
vn -0.0000 0.9953 0.0967
vn -0.0000 0.9986 0.0526
vn -0.0000 0.9988 -0.0494
vn -0.0000 0.9973 -0.0730
vn -0.0000 1.0000 -0.0002
vn -0.0000 0.9946 0.1042
vn -0.0000 0.9875 0.1577
vn -0.0000 0.9858 0.1680
vn -0.0000 0.9889 0.1483
vn -0.0000 0.9718 0.2358
vn -0.0000 0.8744 0.4852
vn -0.0000 0.6539 0.7566
vn -0.0000 0.3910 0.9204
vn -0.0000 0.1679 0.9858
vn -0.0000 -0.0269 0.9996
vn -0.0000 -0.4230 0.9061
vn -0.0000 -0.6580 0.7530
vn -0.0000 -0.7821 0.6232
vn -0.0000 -0.8717 0.4901
vn -0.0000 -0.9533 0.3022
vn -0.0000 -0.9961 0.0885
vn -0.0000 -0.9997 -0.0235
vn -0.0000 -0.9995 -0.0318
vn -0.0000 -0.9999 0.0138
vn -0.0000 -0.9999 0.0128
vn -0.0000 -0.9990 -0.0453
vn -0.0000 -0.9924 -0.1234
vn -0.0000 -0.9863 -0.1649
vn -0.0000 -0.9844 -0.1761
vn -0.0000 -0.9857 -0.1687
vn -0.0000 -0.9691 -0.2465
vn -0.0000 -0.8726 -0.4885
vn -0.0000 0.9686 0.2487
vn -0.0000 0.8717 0.4901
vn -0.0000 0.6283 0.7780
vn 1.0000 -0.0000 -0.0000
vn -0.0000 0.3117 0.9502
vn -0.0000 0.0561 0.9984
vn -0.0000 -0.0540 0.9985
vn -0.0000 -0.2979 0.9546
vn -0.0000 -0.6165 0.7874
vn -0.0000 -0.8754 0.4833
vn -0.0000 -0.9746 0.2241
vn -0.0000 -0.9850 0.1726
vn -0.0000 -0.9758 0.2187
vn -0.0000 -0.9808 0.1951
vn -0.0000 -0.9975 0.0707
vn -0.0000 -0.9991 -0.0431
vn -0.0000 -0.9979 -0.0651
vn -0.0000 -0.9996 -0.0290
vn -0.0000 -0.9991 0.0426
vn -0.0000 -0.9975 0.0712
vn -0.0000 -0.9995 0.0316
vn -0.0000 -0.9984 -0.0569
vn -0.0000 -0.9953 -0.0967
vn -0.0000 -0.9986 -0.0534
vn -0.0000 -0.9987 0.0503
vn -0.0000 -0.9974 0.0727
vn -0.0000 -1.0000 -0.0002
vn -0.0000 -0.9946 -0.1038
vn -0.0000 -0.9875 -0.1576
vn -0.0000 -0.9858 -0.1680
vn -0.0000 -0.9889 -0.1488
vn -0.0000 -0.9709 -0.2394
vn -0.0000 -0.8738 -0.4862
vn -0.0000 -0.6563 -0.7545
vn -0.0000 -0.3945 -0.9189
vn -0.0000 -0.1696 -0.9855
vn -0.0000 0.0372 -0.9993
vn -0.0000 0.4205 -0.9073
vn -0.0000 0.6573 -0.7536
vn -0.0000 0.7821 -0.6232
vn -0.0000 0.8719 -0.4897
vn -0.0000 0.9534 -0.3018
vn -0.0000 0.9960 -0.0898
vn -0.0000 0.9997 0.0229
vn -0.0000 0.9995 0.0319
vn -0.0000 0.9999 -0.0139
vn -0.0000 0.9999 -0.0127
vn -0.0000 0.9990 0.0454
vn -0.0000 0.9924 0.1232
vn -0.0000 0.9863 0.1649
vn -0.0000 0.9844 0.1761
vn -0.0000 0.9856 0.1689
vn -0.0000 -0.2916 0.9565
vn -0.0000 -0.6134 0.7898
vn -0.0000 -0.8713 0.4907
vn -0.0000 -0.9778 0.2094
vn -0.0000 -0.9998 0.0214
vn -0.0000 -0.9989 0.0464
vn -0.0000 -0.9975 0.0700
vn -0.0000 -0.9973 0.0731
vn -0.0000 -0.9975 0.0710
vn -0.0000 -0.9982 0.0594
vn -0.0000 -0.9999 0.0160
vn -0.0000 -0.9971 -0.0767
vn -0.0000 -0.9780 -0.2084
vn -0.0000 -0.9386 -0.3451
vn -0.0000 -0.8788 -0.4772
vn -0.0000 -0.7655 -0.6434
vn -0.0000 -0.5068 -0.8620
vn -0.0000 -0.0415 -0.9991
vn -0.0000 0.1679 -0.9858
vn -0.0000 0.3910 -0.9204
vn -0.0000 0.6539 -0.7566
vn -0.0000 0.8759 -0.4826
vn -0.0000 0.9731 -0.2304
vn -0.0000 0.9896 -0.1441
vn -0.0000 0.9870 -0.1608
vn -0.0000 0.9885 -0.1513
vn -0.0000 0.9946 -0.1038
vn -0.0000 0.9999 -0.0134
vn -0.0000 0.9987 0.0500
vn -0.0000 0.9992 0.0394
vn -0.0000 0.9996 -0.0287
vn -0.0000 0.9979 -0.0650
vn -0.0000 0.9990 -0.0446
vn -0.0000 0.9973 0.0728
vn -0.0000 0.9770 0.2130
vn -0.0000 0.9691 0.2467
vn -0.0000 0.9765 0.2157
vn -0.0000 0.9856 0.1690
vn -0.0000 0.9725 0.2329
vn -0.0000 0.8760 0.4822
vn -0.0000 0.6134 0.7897
vn -0.0000 0.2916 0.9565
vn -0.0000 0.0490 0.9988
vn -0.0000 -0.0490 0.9988
vn -0.0000 0.0530 -0.9986
vn -0.0000 -0.0530 -0.9986
vn -0.0000 0.2963 -0.9551
vn -0.0000 0.6159 -0.7878
vn -0.0000 0.8708 -0.4917
vn -0.0000 0.9773 -0.2120
vn -0.0000 0.9997 -0.0231
vn -0.0000 0.9989 -0.0465
vn -0.0000 0.9975 -0.0700
vn -0.0000 0.9973 -0.0731
vn -0.0000 0.9975 -0.0710
vn -0.0000 0.9982 -0.0593
vn -0.0000 0.9999 -0.0157
vn -0.0000 0.9970 0.0771
vn -0.0000 0.9780 0.2084
vn -0.0000 0.9386 0.3451
vn -0.0000 0.8787 0.4774
vn -0.0000 0.7645 0.6446
vn -0.0000 0.5038 0.8638
vn -0.0000 0.0573 0.9984
vn -0.0000 -0.1691 0.9856
vn -0.0000 -0.3945 0.9189
vn -0.0000 -0.6564 0.7544
vn -0.0000 -0.8753 0.4836
vn -0.0000 -0.9723 0.2339
vn -0.0000 -0.9895 0.1446
vn -0.0000 -0.9870 0.1608
vn -0.0000 -0.9885 0.1512
vn -0.0000 -0.9946 0.1035
vn -0.0000 -0.9999 0.0137
vn -0.0000 -0.9988 -0.0497
vn -0.0000 -0.9992 -0.0398
vn -0.0000 -0.9996 0.0290
vn -0.0000 -0.9979 0.0651
vn -0.0000 -0.9991 0.0431
vn -0.0000 -0.9973 -0.0736
vn -0.0000 -0.9775 -0.2109
vn -0.0000 -0.9691 -0.2466
vn -0.0000 -0.9765 -0.2157
vn -0.0000 -0.9856 -0.1692
vn -0.0000 -0.9718 -0.2357
vn -0.0000 -0.8749 -0.4843
vn -0.0000 -0.6163 -0.7875
vn -0.0000 -0.2963 -0.9551
vn -0.0000 -0.8026 0.5965
vn -0.0000 -0.8709 0.4915
vn -0.0000 0.3859 -0.9226
vn -0.0000 0.5272 -0.8497
vn -0.0000 0.8709 -0.4915
vn -0.0000 0.6831 -0.7304
vn -0.0000 -0.0000 1.0000
vn -0.0000 0.3859 0.9226
vn -0.0000 -1.0000 -0.0000
vn -0.0000 -0.9696 0.2447
vn -0.0000 0.6831 0.7304
vn -0.0000 -0.0000 -1.0000
vn -0.0000 0.8709 0.4915
vn -0.0000 -0.6831 0.7304
vn -0.0000 -0.3859 -0.9226
vn -0.0000 0.9696 0.2447
vn -0.0000 -0.3859 0.9226
vn -0.0000 -0.6831 -0.7304
vn -0.0000 1.0000 -0.0000
vn -0.0000 -0.8709 -0.4915
vn -0.0000 0.9696 -0.2447
vn -0.0000 -0.9696 -0.2447
vn -0.0000 -0.9227 0.3854
vn -0.0000 -0.2271 0.9739
vn -0.0000 -0.5272 0.8497
vn -0.0000 0.5272 0.8497
vn -0.0000 0.2271 0.9739
vn -0.0000 0.9227 0.3854
vn -0.0000 0.8026 0.5965
vn -0.0000 -0.5272 -0.8497
vn -0.0000 0.9945 -0.1049
vn -0.0000 -0.2271 -0.9739
vn -0.0000 0.9945 0.1049
vn -0.0000 -0.9227 -0.3854
vn -0.0000 0.8026 -0.5965
vn -0.0000 -0.8026 -0.5965
vn -0.0000 0.9227 -0.3854
vn -0.0000 -0.9945 0.1049
vn -0.0000 0.2271 -0.9739
vn -0.0000 -0.9945 -0.1049
vn -0.0000 -0.2953 0.9554
vn 0.1102 0.9939 -0.0000
vn 0.0826 0.9966 0.0016
vn 0.0827 0.9966 0.0013
vn -0.0000 0.2952 -0.9554
vn -0.0000 -0.2952 -0.9554
vn 0.0537 0.9930 0.1053
vn -0.0000 0.7897 -0.6135
vn -0.0000 -0.7897 -0.6135
vn 0.0545 -0.9921 0.1131
vn 0.0839 -0.9965 0.0053
vn 0.0840 -0.9965 0.0050
vn 0.1119 -0.9937 -0.0000
vn -0.0000 0.2953 0.9554
vn 0.0839 -0.9965 -0.0053
vn 0.0840 -0.9965 -0.0050
vn -0.0000 0.7897 0.6135
vn 0.0545 -0.9921 -0.1131
vn 0.0537 0.9930 -0.1053
vn 0.0826 0.9966 -0.0016
vn 0.0827 0.9966 -0.0013
vn -0.0000 -0.7897 0.6135
vn -0.0000 -0.4705 0.8824
vn -0.0000 0.4705 0.8824
vn -0.0000 0.9519 0.3063
vn -0.0000 0.4705 -0.8824
vn -0.0000 0.9519 -0.3063
vn -0.0000 -0.4705 -0.8824
vn -0.0000 -0.9519 -0.3063
vn -0.0000 -0.9519 0.3063
vn -0.0000 -0.5097 -0.8604
vn -0.0000 -0.4297 -0.9030
vn -0.0000 -0.9612 -0.2760
vn -0.0000 -0.5097 0.8604
vn -0.0000 -0.9416 -0.3367
vn -0.0000 -0.9416 0.3367
vn -0.0000 0.5097 0.8604
vn -0.0000 -0.4297 0.9030
vn -0.0000 0.4297 0.9030
vn -0.0000 -0.9612 0.2760
vn -0.0000 0.9612 0.2760
vn -0.0000 0.9416 0.3367
vn -0.0000 0.9416 -0.3367
vn -0.0000 0.9612 -0.2760
vn -0.0000 0.4297 -0.9030
vn -0.0000 0.5097 -0.8604
vn -0.0000 -0.6521 0.7581
vn -0.0000 0.6521 0.7581
vn 0.0548 0.9983 0.0203
vn 0.0843 0.9940 0.0700
vn 0.0846 0.9939 0.0706
vn 0.1136 0.9935 -0.0000
vn 0.0843 0.9940 -0.0700
vn 0.0846 0.9939 -0.0706
vn -0.0000 0.6521 -0.7582
vn -0.0000 -0.6521 -0.7582
vn 0.0548 0.9983 -0.0203
vn 0.0540 -0.9982 -0.0280
vn 0.0830 -0.9938 -0.0738
vn 0.0834 -0.9937 -0.0744
vn 0.0830 -0.9938 0.0738
vn 0.0834 -0.9937 0.0744
vn 0.0540 -0.9982 0.0280
vn -0.0000 0.3261 0.9453
vn -0.0000 0.9124 0.4092
vn -0.0000 0.9124 -0.4092
vn -0.0000 0.3261 -0.9453
vn -0.0000 -0.3261 -0.9453
vn -0.0000 -0.9124 -0.4092
vn -0.0000 -0.9790 -0.2038
vn -0.0000 -0.9790 0.2038
vn -0.0000 -0.5965 0.8026
vn -0.0000 -0.3261 0.9453
vn 0.9622 0.1625 0.2187
vn 0.9672 -0.0000 0.2539
vn 0.9474 0.3201 -0.0000
vn 0.9522 0.2786 0.1250
vn 0.9522 0.2786 -0.1250
vn 0.9622 0.1625 -0.2187
vn 0.9672 -0.0000 -0.2539
vn 0.9622 -0.1625 -0.2187
vn 0.9522 -0.2786 -0.1250
vn 0.9474 -0.3201 -0.0000
vn 0.9522 -0.2786 0.1250
vn 0.9622 -0.1625 0.2187
vn -0.0000 -0.9124 0.4092
vn -0.0000 0.9790 -0.2038
vn -0.0000 0.3261 0.9454
vn -0.0000 0.5965 -0.8026
vn -0.0000 -0.5965 -0.8026
vn -0.0000 0.9790 0.2038
vn -0.0000 0.5965 0.8026
vn -0.0000 -0.5269 -0.8499
vn -0.0000 0.5269 -0.8499
vn -0.0000 0.8501 -0.5266
vn -0.0000 0.9846 -0.1746
vn -0.0000 0.9846 0.1746
vn -0.0000 0.8501 0.5266
vn -0.0000 0.5269 0.8499
vn -0.0000 -0.5269 0.8499
vn -0.0000 -0.8501 0.5266
vn -0.0000 -0.9846 0.1746
vn -0.0000 -0.9846 -0.1746
vn -0.0000 -0.8501 -0.5266
vn 0.9187 -0.0000 -0.3950
vn 0.9100 0.2185 -0.3525
vn 0.8912 0.3856 -0.2389
vn 0.8770 0.4732 -0.0839
vn 0.8770 0.4732 0.0839
vn 0.8912 0.3856 0.2389
vn 0.9100 0.2185 0.3525
vn 0.9187 -0.0000 0.3950
vn 0.9100 -0.2185 0.3525
vn 0.8912 -0.3856 0.2389
vn 0.8770 -0.4732 0.0839
vn 0.8770 -0.4732 -0.0839
vn 0.8912 -0.3856 -0.2389
vn 0.9100 -0.2185 -0.3525
vn -0.0000 -0.8501 0.5267
vn -0.0000 0.8501 0.5267
vn 0.9672 -0.0000 0.2538
s 0
usemtl treads
f 17495//3134 17294//3134 17292//3134 17352//3134
f 17352//3135 17292//3135 17293//3135 16075//3135
f 17494//3136 17346//3136 15920//3136 15924//3136
f 17346//3136 17343//3136 15923//3136 15920//3136
f 17493//3137 17295//3137 17294//3137 17495//3137
f 17492//3136 17494//3136 15924//3136 15927//3136
f 17490//3138 17296//3138 17295//3138 17493//3138
f 17491//3136 17492//3136 15927//3136 15930//3136
f 17489//3139 17297//3139 17296//3139 17490//3139
f 17488//3136 17491//3136 15930//3136 15933//3136
f 17486//3136 17488//3136 15933//3136 17298//3136
f 17487//3140 15936//3140 17297//3140 17489//3140
f 17484//3141 17299//3141 15936//3141 17487//3141
f 17485//3136 17486//3136 17298//3136 15939//3136
f 17483//3142 17300//3142 17299//3142 17484//3142
f 17482//3136 17485//3136 15939//3136 15942//3136
f 17301//3136 17480//3136 17482//3136 15942//3136
f 17481//3143 15945//3143 17300//3143 17483//3143
f 17478//3144 17302//3144 15945//3144 17481//3144
f 17479//3136 17480//3136 17301//3136 15948//3136
f 17477//3145 17303//3145 17302//3145 17478//3145
f 17476//3136 17479//3136 15948//3136 15951//3136
f 17474//3136 17476//3136 15951//3136 17304//3136
f 17475//3146 15954//3146 17303//3146 17477//3146
f 17472//3147 17305//3147 15954//3147 17475//3147
f 17473//3136 17474//3136 17304//3136 15957//3136
f 17471//3148 17306//3148 17305//3148 17472//3148
f 17470//3136 17473//3136 15957//3136 15960//3136
f 17468//3136 17470//3136 15960//3136 17307//3136
f 17469//3149 15963//3149 17306//3149 17471//3149
f 17466//3150 17308//3150 15963//3150 17469//3150
f 17467//3136 17468//3136 17307//3136 15966//3136
f 17465//3151 17309//3151 17308//3151 17466//3151
f 17464//3136 17467//3136 15966//3136 15969//3136
f 17462//3136 17464//3136 15969//3136 17310//3136
f 17463//3152 15972//3152 17309//3152 17465//3152
f 17460//3153 17311//3153 15972//3153 17463//3153
f 17461//3136 17462//3136 17310//3136 15975//3136
f 17459//3154 17312//3154 17311//3154 17460//3154
f 17458//3136 17461//3136 15975//3136 15978//3136
f 17456//3136 17458//3136 15978//3136 17313//3136
f 17457//3155 15981//3155 17312//3155 17459//3155
f 17455//3156 17314//3156 15981//3156 17457//3156
f 17454//3136 17456//3136 17313//3136 15984//3136
f 17452//3157 17315//3157 17314//3157 17455//3157
f 17453//3136 17454//3136 15984//3136 15987//3136
f 17450//3158 17316//3158 17315//3158 17452//3158
f 17451//3136 17453//3136 15987//3136 15990//3136
f 17449//3136 17451//3136 15990//3136 17317//3136
f 17448//3159 15993//3159 17316//3159 17450//3159
f 17447//3136 17449//3136 17317//3136 17318//3136
f 17446//3160 15996//3160 15993//3160 17448//3160
f 17445//3136 17447//3136 17318//3136 17319//3136
f 17444//3161 15999//3161 15996//3161 17446//3161
f 17443//3136 17445//3136 17319//3136 17320//3136
f 17442//3162 16002//3162 15999//3162 17444//3162
f 17441//3136 17443//3136 17320//3136 17321//3136
f 17440//3163 16005//3163 16002//3163 17442//3163
f 17438//3136 17441//3136 17321//3136 17322//3136
f 17439//3164 16008//3164 16005//3164 17440//3164
f 17436//3136 17438//3136 17322//3136 17323//3136
f 17437//3165 16011//3165 16008//3165 17439//3165
f 17435//3166 17324//3166 16011//3166 17437//3166
f 17434//3136 17436//3136 17323//3136 16014//3136
f 17432//3167 17325//3167 17324//3167 17435//3167
f 17433//3136 17434//3136 16014//3136 16017//3136
f 17431//3168 17326//3168 17325//3168 17432//3168
f 17430//3136 17433//3136 16017//3136 16020//3136
f 17428//3136 17430//3136 16020//3136 17327//3136
f 17429//3169 16023//3169 17326//3169 17431//3169
f 17426//3170 17328//3170 16023//3170 17429//3170
f 17427//3136 17428//3136 17327//3136 16026//3136
f 17425//3171 17329//3171 17328//3171 17426//3171
f 17424//3136 17427//3136 16026//3136 16029//3136
f 17422//3136 17424//3136 16029//3136 17330//3136
f 17423//3172 16032//3172 17329//3172 17425//3172
f 17420//3173 17331//3173 16032//3173 17423//3173
f 17421//3136 17422//3136 17330//3136 16035//3136
f 17419//3174 17332//3174 17331//3174 17420//3174
f 17418//3136 17421//3136 16035//3136 16038//3136
f 17416//3136 17418//3136 16038//3136 17333//3136
f 17417//3175 16041//3175 17332//3175 17419//3175
f 17414//3176 17334//3176 16041//3176 17417//3176
f 17415//3136 17416//3136 17333//3136 16044//3136
f 17413//3177 17335//3177 17334//3177 17414//3177
f 17412//3136 17415//3136 16044//3136 16047//3136
f 17410//3136 17412//3136 16047//3136 17336//3136
f 17411//3178 16050//3178 17335//3178 17413//3178
f 17408//3179 17337//3179 16050//3179 17411//3179
f 17409//3136 17410//3136 17336//3136 16053//3136
f 17407//3180 17338//3180 17337//3180 17408//3180
f 17406//3136 17409//3136 16053//3136 16056//3136
f 17404//3136 17406//3136 16056//3136 17339//3136
f 17405//3181 16059//3181 17338//3181 17407//3181
f 17402//3182 17340//3182 16059//3182 17405//3182
f 17403//3136 17404//3136 17339//3136 16062//3136
f 17401//3183 17341//3183 17340//3183 17402//3183
f 17345//3136 17403//3136 16062//3136 16065//3136
f 17344//3136 17345//3136 16065//3136 17342//3136
f 17351//3184 16068//3184 17341//3184 17401//3184
f 16075//3185 17293//3185 16068//3185 17351//3185
f 17343//3136 17344//3136 17342//3136 15923//3136
f 17400//3186 16066//3186 16070//3186 17348//3186
f 17348//3187 16070//3187 16072//3187 17347//3187
f 17347//3188 16072//3188 15922//3188 17349//3188
f 16073//3189 17350//3189 16069//3189 16071//3189
f 16074//3189 15921//3189 17350//3189 16073//3189
f 17349//3190 15922//3190 15926//3190 17353//3190
f 16076//3189 15925//3189 15921//3189 16074//3189
f 17353//3191 15926//3191 15929//3191 17354//3191
f 16077//3189 15928//3189 15925//3189 16076//3189
f 17354//3192 15929//3192 15932//3192 17355//3192
f 16078//3189 15931//3189 15928//3189 16077//3189
f 17355//3193 15932//3193 15934//3193 17356//3193
f 16079//3189 15935//3189 15931//3189 16078//3189
f 17356//3194 15934//3194 15938//3194 17357//3194
f 16080//3189 15937//3189 15935//3189 16079//3189
f 17357//3195 15938//3195 15941//3195 17358//3195
f 16081//3189 15940//3189 15937//3189 16080//3189
f 17358//3196 15941//3196 15943//3196 17359//3196
f 16082//3189 15944//3189 15940//3189 16081//3189
f 17359//3197 15943//3197 15947//3197 17360//3197
f 15946//3189 15944//3189 16082//3189 16083//3189
f 17360//3198 15947//3198 15950//3198 17361//3198
f 16084//3189 15949//3189 15946//3189 16083//3189
f 17361//3199 15950//3199 15952//3199 17362//3199
f 16085//3189 15953//3189 15949//3189 16084//3189
f 17362//3200 15952//3200 15956//3200 17363//3200
f 16086//3189 15955//3189 15953//3189 16085//3189
f 17363//3201 15956//3201 15959//3201 17364//3201
f 16087//3189 15958//3189 15955//3189 16086//3189
f 17364//3202 15959//3202 15961//3202 17365//3202
f 16088//3189 15962//3189 15958//3189 16087//3189
f 17365//3203 15961//3203 15965//3203 17366//3203
f 16089//3189 15964//3189 15962//3189 16088//3189
f 17366//3204 15965//3204 15968//3204 17367//3204
f 16090//3189 15967//3189 15964//3189 16089//3189
f 17367//3205 15968//3205 15970//3205 17368//3205
f 16091//3189 15971//3189 15967//3189 16090//3189
f 17368//3206 15970//3206 15974//3206 17369//3206
f 16092//3189 15973//3189 15971//3189 16091//3189
f 17369//3207 15974//3207 15977//3207 17370//3207
f 16093//3189 15976//3189 15973//3189 16092//3189
f 17370//3208 15977//3208 15979//3208 17371//3208
f 16094//3189 15980//3189 15976//3189 16093//3189
f 17371//3209 15979//3209 15983//3209 17372//3209
f 16095//3189 15982//3189 15980//3189 16094//3189
f 17372//3210 15983//3210 15986//3210 17373//3210
f 16096//3189 15985//3189 15982//3189 16095//3189
f 17373//3211 15986//3211 15989//3211 17374//3211
f 16097//3189 15988//3189 15985//3189 16096//3189
f 17374//3212 15989//3212 15991//3212 17375//3212
f 16098//3189 15992//3189 15988//3189 16097//3189
f 17375//3213 15991//3213 15994//3213 17376//3213
f 16099//3189 15995//3189 15992//3189 16098//3189
f 17376//3214 15994//3214 15997//3214 17377//3214
f 16100//3189 15998//3189 15995//3189 16099//3189
f 17377//3215 15997//3215 16000//3215 17378//3215
f 16101//3189 16001//3189 15998//3189 16100//3189
f 17378//3216 16000//3216 16003//3216 17379//3216
f 16102//3189 16004//3189 16001//3189 16101//3189
f 17379//3217 16003//3217 16006//3217 17380//3217
f 16103//3189 16007//3189 16004//3189 16102//3189
f 17380//3218 16006//3218 16009//3218 17381//3218
f 16104//3189 16010//3189 16007//3189 16103//3189
f 17381//3219 16009//3219 16013//3219 17382//3219
f 16105//3189 16012//3189 16010//3189 16104//3189
f 17382//3220 16013//3220 16016//3220 17383//3220
f 16106//3189 16015//3189 16012//3189 16105//3189
f 17383//3221 16016//3221 16019//3221 17384//3221
f 16107//3189 16018//3189 16015//3189 16106//3189
f 17384//3222 16019//3222 16021//3222 17385//3222
f 16108//3189 16022//3189 16018//3189 16107//3189
f 17385//3223 16021//3223 16025//3223 17386//3223
f 16109//3189 16024//3189 16022//3189 16108//3189
f 17386//3224 16025//3224 16028//3224 17387//3224
f 16110//3189 16027//3189 16024//3189 16109//3189
f 17387//3225 16028//3225 16030//3225 17388//3225
f 16111//3189 16031//3189 16027//3189 16110//3189
f 17388//3226 16030//3226 16034//3226 17389//3226
f 16112//3189 16033//3189 16031//3189 16111//3189
f 17389//3227 16034//3227 16037//3227 17390//3227
f 16113//3189 16036//3189 16033//3189 16112//3189
f 17390//3228 16037//3228 16039//3228 17391//3228
f 16114//3189 16040//3189 16036//3189 16113//3189
f 17391//3229 16039//3229 16043//3229 17392//3229
f 16115//3189 16042//3189 16040//3189 16114//3189
f 17392//3230 16043//3230 16046//3230 17393//3230
f 16116//3189 16045//3189 16042//3189 16115//3189
f 17393//3231 16046//3231 16048//3231 17394//3231
f 16117//3189 16049//3189 16045//3189 16116//3189
f 17394//3232 16048//3232 16052//3232 17395//3232
f 16118//3189 16051//3189 16049//3189 16117//3189
f 17395//3233 16052//3233 16055//3233 17396//3233
f 16119//3189 16054//3189 16051//3189 16118//3189
f 17396//3234 16055//3234 16057//3234 17397//3234
f 16120//3189 16058//3189 16054//3189 16119//3189
f 17397//3235 16057//3235 16061//3235 17398//3235
f 16121//3189 16060//3189 16058//3189 16120//3189
f 17398//3236 16061//3236 16064//3236 17399//3236
f 16122//3189 16063//3189 16060//3189 16121//3189
f 17399//3237 16064//3237 16066//3237 17400//3237
f 16123//3189 16067//3189 16063//3189 16122//3189
f 16071//3189 16069//3189 16067//3189 16123//3189
f 17549//3238 17497//3238 17496//3238 16258//3238
f 17670//3239 17498//3239 17497//3239 17549//3239
f 17543//3136 17541//3136 16127//3136 16124//3136
f 17671//3136 17543//3136 16124//3136 16128//3136
f 17668//3136 17671//3136 16128//3136 17499//3136
f 17669//3240 16131//3240 17498//3240 17670//3240
f 17666//3136 17668//3136 17499//3136 17500//3136
f 17667//3241 16134//3241 16131//3241 17669//3241
f 17664//3242 17501//3242 16134//3242 17667//3242
f 17665//3136 17666//3136 17500//3136 16137//3136
f 17663//3243 17502//3243 17501//3243 17664//3243
f 17662//3136 17665//3136 16137//3136 16140//3136
f 17661//3136 17662//3136 16140//3136 17503//3136
f 17660//3244 16143//3244 17502//3244 17663//3244
f 17659//3245 17504//3245 16143//3245 17660//3245
f 17658//3136 17661//3136 17503//3136 16146//3136
f 17657//3136 17658//3136 16146//3136 17505//3136
f 17656//3246 16149//3246 17504//3246 17659//3246
f 17655//3247 17506//3247 16149//3247 17656//3247
f 17654//3136 17657//3136 17505//3136 16152//3136
f 17653//3136 17654//3136 16152//3136 17507//3136
f 17652//3248 16155//3248 17506//3248 17655//3248
f 17651//3249 17508//3249 16155//3249 17652//3249
f 17650//3136 17653//3136 17507//3136 16158//3136
f 17649//3136 17650//3136 16158//3136 17509//3136
f 17648//3250 16161//3250 17508//3250 17651//3250
f 17647//3251 17510//3251 16161//3251 17648//3251
f 17646//3136 17649//3136 17509//3136 16164//3136
f 17645//3136 17646//3136 16164//3136 17511//3136
f 17644//3252 16167//3252 17510//3252 17647//3252
f 17643//3253 17512//3253 16167//3253 17644//3253
f 17642//3136 17645//3136 17511//3136 16170//3136
f 17640//3136 17642//3136 16170//3136 17513//3136
f 17641//3254 16173//3254 17512//3254 17643//3254
f 17639//3255 17514//3255 16173//3255 17641//3255
f 17638//3136 17640//3136 17513//3136 16176//3136
f 17637//3256 17515//3256 17514//3256 17639//3256
f 17636//3136 17638//3136 16176//3136 16179//3136
f 17635//3257 17516//3257 17515//3257 17637//3257
f 17634//3136 17636//3136 16179//3136 16182//3136
f 17632//3258 17517//3258 17516//3258 17635//3258
f 17633//3136 17634//3136 16182//3136 16185//3136
f 17631//3259 17518//3259 17517//3259 17632//3259
f 17630//3136 17633//3136 16185//3136 16188//3136
f 17629//3136 17630//3136 16188//3136 17519//3136
f 17628//3260 16191//3260 17518//3260 17631//3260
f 17627//3261 17520//3261 16191//3261 17628//3261
f 17626//3136 17629//3136 17519//3136 16194//3136
f 17625//3136 17626//3136 16194//3136 17521//3136
f 17624//3262 16197//3262 17520//3262 17627//3262
f 17623//3263 17522//3263 16197//3263 17624//3263
f 17622//3136 17625//3136 17521//3136 16200//3136
f 17620//3136 17622//3136 16200//3136 17523//3136
f 17621//3264 16203//3264 17522//3264 17623//3264
f 17618//3265 17524//3265 16203//3265 17621//3265
f 17619//3136 17620//3136 17523//3136 16206//3136
f 17616//3266 17525//3266 17524//3266 17618//3266
f 17617//3136 17619//3136 16206//3136 16209//3136
f 17614//3136 17617//3136 16209//3136 17526//3136
f 17615//3267 16212//3267 17525//3267 17616//3267
f 17613//3136 17614//3136 17526//3136 17527//3136
f 17612//3268 16215//3268 16212//3268 17615//3268
f 17611//3269 17528//3269 16215//3269 17612//3269
f 17610//3136 17613//3136 17527//3136 16218//3136
f 17608//3136 17610//3136 16218//3136 17529//3136
f 17609//3270 16221//3270 17528//3270 17611//3270
f 17606//3271 17530//3271 16221//3271 17609//3271
f 17607//3136 17608//3136 17529//3136 16224//3136
f 17605//3272 17531//3272 17530//3272 17606//3272
f 17604//3136 17607//3136 16224//3136 16227//3136
f 17602//3136 17604//3136 16227//3136 17532//3136
f 17603//3273 16230//3273 17531//3273 17605//3273
f 17600//3274 17533//3274 16230//3274 17603//3274
f 17532//3136 16233//3136 17601//3136 17602//3136
f 17599//3275 17534//3275 17533//3275 17600//3275
f 17598//3136 17601//3136 16233//3136 16236//3136
f 17596//3136 17598//3136 16236//3136 17535//3136
f 17597//3276 16239//3276 17534//3276 17599//3276
f 17594//3277 17536//3277 16239//3277 17597//3277
f 17595//3136 17596//3136 17535//3136 16242//3136
f 17593//3278 17537//3278 17536//3278 17594//3278
f 17592//3136 17595//3136 16242//3136 16245//3136
f 17542//3136 17592//3136 16245//3136 17538//3136
f 17591//3279 16248//3279 17537//3279 17593//3279
f 17547//3280 17539//3280 16248//3280 17591//3280
f 17540//3136 17542//3136 17538//3136 16251//3136
f 16258//3281 17496//3281 17539//3281 17547//3281
f 17541//3136 17540//3136 16251//3136 16127//3136
f 17544//3282 16253//3282 16255//3282 17545//3282
f 17590//3283 16250//3283 16253//3283 17544//3283
f 17545//3284 16255//3284 16126//3284 17546//3284
f 16256//3189 17548//3189 16252//3189 16254//3189
f 16257//3189 16125//3189 17548//3189 16256//3189
f 17546//3285 16126//3285 16129//3285 17550//3285
f 16259//3189 16130//3189 16125//3189 16257//3189
f 17550//3286 16129//3286 16132//3286 17551//3286
f 16260//3189 16133//3189 16130//3189 16259//3189
f 17551//3287 16132//3287 16136//3287 17552//3287
f 16261//3189 16135//3189 16133//3189 16260//3189
f 17552//3288 16136//3288 16139//3288 17553//3288
f 16262//3189 16138//3189 16135//3189 16261//3189
f 17553//3289 16139//3289 16141//3289 17554//3289
f 16263//3189 16142//3189 16138//3189 16262//3189
f 17554//3290 16141//3290 16145//3290 17555//3290
f 16264//3189 16144//3189 16142//3189 16263//3189
f 17555//3291 16145//3291 16147//3291 17556//3291
f 16265//3189 16148//3189 16144//3189 16264//3189
f 17556//3292 16147//3292 16151//3292 17557//3292
f 16266//3189 16150//3189 16148//3189 16265//3189
f 17557//3293 16151//3293 16153//3293 17558//3293
f 16267//3189 16154//3189 16150//3189 16266//3189
f 17558//3294 16153//3294 16157//3294 17559//3294
f 16268//3189 16156//3189 16154//3189 16267//3189
f 17559//3295 16157//3295 16159//3295 17560//3295
f 16269//3189 16160//3189 16156//3189 16268//3189
f 17560//3296 16159//3296 16163//3296 17561//3296
f 16270//3189 16162//3189 16160//3189 16269//3189
f 17561//3297 16163//3297 16165//3297 17562//3297
f 16271//3189 16166//3189 16162//3189 16270//3189
f 17562//3298 16165//3298 16169//3298 17563//3298
f 16272//3189 16168//3189 16166//3189 16271//3189
f 17563//3299 16169//3299 16171//3299 17564//3299
f 16273//3189 16172//3189 16168//3189 16272//3189
f 17564//3300 16171//3300 16175//3300 17565//3300
f 16274//3189 16174//3189 16172//3189 16273//3189
f 17565//3301 16175//3301 16178//3301 17566//3301
f 16275//3189 16177//3189 16174//3189 16274//3189
f 17566//3302 16178//3302 16181//3302 17567//3302
f 16276//3189 16180//3189 16177//3189 16275//3189
f 17567//3303 16181//3303 16184//3303 17568//3303
f 16277//3189 16183//3189 16180//3189 16276//3189
f 17568//3304 16184//3304 16187//3304 17569//3304
f 16278//3189 16186//3189 16183//3189 16277//3189
f 17569//3305 16187//3305 16189//3305 17570//3305
f 16279//3189 16190//3189 16186//3189 16278//3189
f 17570//3306 16189//3306 16193//3306 17571//3306
f 16280//3189 16192//3189 16190//3189 16279//3189
f 17571//3307 16193//3307 16195//3307 17572//3307
f 16281//3189 16196//3189 16192//3189 16280//3189
f 17572//3308 16195//3308 16199//3308 17573//3308
f 16282//3189 16198//3189 16196//3189 16281//3189
f 17573//3309 16199//3309 16201//3309 17574//3309
f 16283//3189 16202//3189 16198//3189 16282//3189
f 17574//3310 16201//3310 16205//3310 17575//3310
f 16284//3189 16204//3189 16202//3189 16283//3189
f 17575//3311 16205//3311 16208//3311 17576//3311
f 16285//3189 16207//3189 16204//3189 16284//3189
f 17576//3312 16208//3312 16210//3312 17577//3312
f 16286//3189 16211//3189 16207//3189 16285//3189
f 17577//3313 16210//3313 16213//3313 17578//3313
f 16287//3189 16214//3189 16211//3189 16286//3189
f 17578//3314 16213//3314 16217//3314 17579//3314
f 16288//3189 16216//3189 16214//3189 16287//3189
f 17579//3315 16217//3315 16219//3315 17580//3315
f 16289//3189 16220//3189 16216//3189 16288//3189
f 17580//3316 16219//3316 16223//3316 17581//3316
f 16290//3189 16222//3189 16220//3189 16289//3189
f 17581//3317 16223//3317 16226//3317 17582//3317
f 16291//3189 16225//3189 16222//3189 16290//3189
f 17582//3318 16226//3318 16228//3318 17583//3318
f 16292//3189 16229//3189 16225//3189 16291//3189
f 17583//3319 16228//3319 16232//3319 17584//3319
f 16293//3189 16231//3189 16229//3189 16292//3189
f 17584//3320 16232//3320 16235//3320 17585//3320
f 16231//3189 16293//3189 16294//3189 16234//3189
f 17585//3321 16235//3321 16237//3321 17586//3321
f 16295//3189 16238//3189 16234//3189 16294//3189
f 17586//3322 16237//3322 16241//3322 17587//3322
f 16296//3189 16240//3189 16238//3189 16295//3189
f 17587//3323 16241//3323 16244//3323 17588//3323
f 16297//3189 16243//3189 16240//3189 16296//3189
f 17588//3324 16244//3324 16246//3324 17589//3324
f 16298//3189 16247//3189 16243//3189 16297//3189
f 17589//3325 16246//3325 16250//3325 17590//3325
f 16299//3189 16249//3189 16247//3189 16298//3189
f 16254//3189 16252//3189 16249//3189 16299//3189
s 1
f 17722//3326 16366//3326 16367//3327 17723//3327
f 17692//3136 17694//3136 17695//3136 17696//3136 17697//3136 17698//3136 17699//3136 17700//3136 17701//3136 17702//3136 17703//3136 17704//3136 17705//3136 17706//3136 17707//3136 17708//3136 17709//3136 17710//3136 17711//3136 17693//3136
f 16319//3328 16379//3328 16361//3329 17714//3329
f 17679//3330 17680//3331 16328//3331 16327//3330
f 17673//3332 17672//3333 16321//3333 16320//3332
f 17687//3334 17688//3335 16336//3335 16335//3334
f 17680//3331 17681//3328 16329//3328 16328//3331
f 17672//3333 17674//3336 16322//3336 16321//3333
f 17688//3335 17689//3327 16337//3327 16336//3335
f 17681//3328 17682//3337 16330//3337 16329//3328
f 17674//3336 17675//3338 16323//3338 16322//3336
f 17689//3327 17690//3339 16338//3339 16337//3327
f 17682//3337 17683//3340 16331//3340 16330//3337
f 17675//3338 17676//3341 16324//3341 16323//3338
f 17690//3339 17691//3342 16339//3342 16338//3339
f 17683//3340 17684//3343 16332//3343 16331//3340
f 17676//3341 17677//3344 16325//3344 16324//3341
f 17691//3342 17673//3332 16320//3332 16339//3342
f 17684//3343 17685//3345 16333//3345 16332//3343
f 17677//3344 17678//3346 16326//3346 16325//3344
f 17685//3345 17686//3347 16334//3347 16333//3345
f 17678//3346 17679//3330 16327//3330 16326//3346
f 17686//3347 17687//3334 16335//3334 16334//3347
f 17712//3189 16340//3189 16341//3189 17713//3189
f 17715//3189 16342//3189 16340//3189 17712//3189
f 17717//3189 16343//3189 16342//3189 17715//3189
f 17718//3189 16344//3189 16343//3189 17717//3189
f 17720//3189 16345//3189 16344//3189 17718//3189
f 17721//3189 16346//3189 16345//3189 17720//3189
f 16307//3189 16347//3189 16346//3189 17721//3189
f 17724//3189 16348//3189 16347//3189 16307//3189
f 17726//3189 16349//3189 16348//3189 17724//3189
f 17727//3189 16350//3189 16349//3189 17726//3189
f 17729//3189 16351//3189 16350//3189 17727//3189
f 17730//3189 16352//3189 16351//3189 17729//3189
f 17732//3189 16353//3189 16352//3189 17730//3189
f 17733//3189 16354//3189 16353//3189 17732//3189
f 17735//3189 16355//3189 16354//3189 17733//3189
f 17736//3189 16356//3189 16355//3189 17735//3189
f 17738//3189 16357//3189 16356//3189 17736//3189
f 17739//3189 16358//3189 16357//3189 17738//3189
f 17741//3189 16359//3189 16358//3189 17739//3189
f 17713//3189 16341//3189 16359//3189 17741//3189
f 17723//3327 16367//3327 17744//3348 17725//3348
f 16308//3349 16368//3349 16369//3342 16309//3342
f 16309//3342 16369//3342 17745//3350 17728//3350
f 16310//3351 16370//3351 16371//3333 16311//3333
f 16311//3333 16371//3333 17746//3352 17731//3352
f 16312//3353 16372//3353 16373//3338 16313//3338
f 16313//3338 16373//3338 17747//3354 17734//3354
f 16300//3355 17742//3355 16360//3340 16301//3340
f 16314//3356 16374//3356 16375//3344 16315//3344
f 16301//3340 16360//3340 17748//3357 17716//3357
f 16315//3344 16375//3344 17749//3358 17737//3358
f 16302//3359 16362//3359 16363//3345 16303//3345
f 16316//3360 16376//3360 16377//3330 16317//3330
f 16303//3345 16363//3345 17750//3361 17719//3361
f 16317//3330 16377//3330 17751//3362 17740//3362
f 16304//3363 16364//3363 16365//3334 16305//3334
f 16318//3364 16378//3364 16379//3328 16319//3328
f 16305//3334 16365//3334 17743//3365 16306//3365
f 17752//3189 17753//3189 17771//3189 17770//3189 17769//3189 17768//3189 17767//3189 17766//3189 17765//3189 17764//3189 17763//3189 17762//3189 17761//3189 17760//3189 17759//3189 17758//3189 17757//3189 17756//3189 17755//3189 17754//3189
f 16399//3342 16381//3332 16401//3332 16419//3342
f 16386//3346 16387//3330 16407//3330 16406//3346
f 16387//3330 16388//3331 16408//3331 16407//3330
f 16388//3331 16389//3328 16409//3328 16408//3331
f 16389//3328 16390//3337 16410//3337 16409//3328
f 16390//3337 16391//3340 16411//3340 16410//3337
f 16391//3340 16392//3343 16412//3343 16411//3340
f 16392//3343 16393//3345 16413//3345 16412//3343
f 16393//3345 16394//3347 16414//3347 16413//3345
f 16381//3332 16380//3333 16400//3333 16401//3332
f 16394//3347 16395//3334 16415//3334 16414//3347
f 16380//3333 16382//3336 16402//3336 16400//3333
f 16395//3334 16396//3335 16416//3335 16415//3334
f 16382//3336 16383//3338 16403//3338 16402//3336
f 16396//3335 16397//3327 16417//3327 16416//3335
f 16383//3338 16384//3341 16404//3341 16403//3338
f 16397//3327 16398//3339 16418//3339 16417//3327
f 16384//3341 16385//3344 16405//3344 16404//3341
f 16398//3339 16399//3342 16419//3342 16418//3339
f 16385//3344 16386//3346 16406//3346 16405//3344
f 16436//3339 17792//3339 17793//3366 16437//3366
f 16424//3367 17777//3367 17778//3368 16425//3369
f 16428//3370 17782//3370 17783//3371 16429//3371
f 16425//3369 17778//3368 17779//3372 17794//3372
f 16426//3373 17780//3373 17781//3331 16427//3331
f 16427//3331 17781//3331 17782//3370 16428//3370
f 16429//3371 17783//3371 17784//3343 16430//3343
f 16430//3343 17784//3343 17785//3374 17795//3374
f 16431//3375 17786//3375 17787//3376 16432//3377
f 16432//3377 17787//3376 17788//3378 16433//3378
f 16420//3379 17773//3379 17772//3336 16421//3336
f 16433//3378 17788//3378 17789//3380 16434//3381
f 16421//3336 17772//3336 17774//3382 17796//3382
f 16434//3381 17789//3380 17790//3383 17797//3383
f 16422//3384 17775//3384 17776//3385 16423//3386
f 16435//3387 17791//3387 17792//3339 16436//3339
f 16423//3386 17776//3385 17777//3367 16424//3367
f 16438//3189 16455//3189 16454//3189 16453//3189 16452//3189 16451//3189 16450//3189 16449//3189 16448//3189 16447//3189 16446//3189 16445//3189 16444//3189 16443//3189 16442//3189 16441//3189 16440//3189 16439//3189
f 16420//3379 16437//3366 17793//3366 17773//3379
f 17823//3136 17824//3136 17825//3136 17826//3136 17827//3136 17814//3136 17815//3136 17816//3136 17817//3136 17828//3136 17829//3136 17818//3136 17819//3136 17820//3136 17821//3136 17822//3136
f 17806//3387 17807//3388 16481//3388 16480//3387
f 17807//3388 17808//3332 16482//3332 16481//3388
f 17808//3332 17809//3389 16483//3389 16482//3332
f 17809//3389 17810//3382 16484//3382 16483//3389
f 17810//3382 17811//3390 16485//3390 16484//3382
f 17801//3391 17812//3337 16486//3337 16475//3391
f 17811//3390 17798//3344 16472//3344 16485//3390
f 17798//3344 17799//3392 16473//3392 16472//3344
f 17800//3373 17801//3391 16475//3391 16474//3373
f 17799//3392 17800//3373 16474//3373 16473//3392
f 17812//3337 17813//3393 16487//3393 16486//3337
f 17802//3374 17803//3394 16477//3394 16476//3374
f 17813//3393 17802//3374 16476//3374 16487//3393
f 17803//3394 17804//3334 16478//3334 16477//3394
f 17804//3334 17805//3395 16479//3395 16478//3334
f 17805//3395 17806//3387 16480//3387 16479//3395
f 17832//3189 16489//3189 16488//3189 17830//3189
f 17835//3189 16491//3189 16490//3189 17833//3189
f 17833//3189 16490//3189 16489//3189 17832//3189
f 17838//3189 16493//3189 16492//3189 17836//3189
f 17839//3189 16494//3189 16493//3189 17838//3189
f 17841//3189 16495//3189 16494//3189 17839//3189
f 17842//3189 16496//3189 16495//3189 17841//3189
f 17844//3189 16497//3189 16496//3189 17842//3189
f 17845//3189 16498//3189 16497//3189 17844//3189
f 17847//3189 16499//3189 16498//3189 17845//3189
f 17848//3189 16500//3189 16499//3189 17847//3189
f 17850//3189 16501//3189 16500//3189 17848//3189
f 17851//3189 16502//3189 16491//3189 17835//3189
f 17830//3189 16488//3189 16501//3189 17850//3189
f 17853//3189 16503//3189 16502//3189 17851//3189
f 17836//3189 16492//3189 16503//3189 17853//3189
f 17846//3396 16514//3396 16515//3393 16467//3393
f 16467//3393 16515//3393 17855//3397 17849//3397
f 16468//3398 16516//3398 16517//3394 16469//3394
f 16459//3388 16507//3388 17856//3399 17852//3399
f 16469//3394 16517//3394 16504//3400 17831//3400
f 16456//3401 17857//3401 16505//3395 16457//3395
f 16470//3402 16518//3402 16519//3389 16471//3389
f 17834//3403 17858//3403 16507//3388 16459//3388
f 16471//3389 16519//3389 16508//3404 17837//3404
f 16457//3395 16505//3395 16506//3405 16458//3405
f 16460//3406 17859//3406 16509//3390 16461//3390
f 16461//3390 16509//3390 17860//3407 17840//3407
f 16462//3408 16510//3408 16511//3392 16463//3392
f 16463//3392 16511//3392 17861//3409 17843//3409
f 16464//3410 16512//3410 16513//3391 16465//3391
f 16465//3391 16513//3391 17854//3411 16466//3411
f 16528//3412 17873//3412 17874//3388 16529//3388
f 16529//3388 17874//3388 17875//3332 16530//3332
f 16530//3332 17875//3332 17876//3389 16531//3389
f 16531//3389 17876//3389 17877//3413 17883//3413
f 16532//3414 17878//3414 17879//3415 16533//3416
f 16523//3391 17866//3391 17880//3337 16534//3337
f 16533//3416 17879//3415 17862//3417 16520//3417
f 16520//3417 17862//3417 17863//3418 16521//3419
f 16534//3337 17880//3337 17881//3393 16535//3393
f 17884//3420 17864//3420 17866//3391 16523//3391
f 16535//3393 17881//3393 17868//3421 16524//3421
f 16521//3419 17863//3418 17865//3422 16522//3422
f 17885//3423 17867//3423 17869//3424 16525//3425
f 16525//3425 17869//3424 17870//3378 16526//3378
f 16526//3378 17870//3378 17871//3426 16527//3427
f 16527//3427 17871//3426 17872//3428 17882//3428
f 16536//3189 16549//3189 16548//3189 16547//3189 16546//3189 16545//3189 16544//3189 16543//3189 16542//3189 16541//3189 16540//3189 16551//3189 16550//3189 16539//3189 16538//3189 16537//3189
f 17923//3136 17905//3136 17907//3136 17909//3136 17910//3136 17911//3136 17912//3136 17914//3136 17916//3136 17918//3136 17919//3136 17921//3136
f 17886//3429 17888//3429 17908//3429 17906//3429
f 17890//3430 17891//3344 16567//3344 16566//3430
f 17891//3344 17892//3431 16568//3431 16567//3344
f 17892//3431 17893//3373 17913//3373 16568//3431
f 17894//3432 17895//3432 17915//3432 16569//3432
f 17896//3433 17897//3433 17917//3433 16570//3433
f 17898//3374 17899//3434 16572//3434 16571//3374
f 17899//3434 17900//3435 17920//3435 16572//3434
f 17901//3436 17902//3436 17922//3436 16573//3436
f 17903//3387 17904//3437 16575//3437 16574//3387
f 17904//3437 17887//3438 16564//3438 16575//3437
f 17889//3382 17890//3430 16566//3430 16565//3382
f 17925//3439 16577//3439 16576//3440 17924//3440
f 17928//3441 16579//3441 16578//3442 17927//3442
f 17929//3443 16580//3443 16579//3441 17928//3441
f 17930//3444 16581//3444 16580//3443 17929//3443
f 17932//3445 16582//3445 16581//3444 17930//3444
f 17933//3446 16583//3446 16582//3445 17932//3445
f 17935//3447 16584//3447 16583//3446 17933//3446
f 17936//3448 16585//3448 16584//3447 17935//3447
f 17937//3449 16586//3449 16585//3448 17936//3448
f 17939//3450 16587//3450 16586//3449 17937//3449
f 17924//3440 16576//3440 16587//3450 17939//3450
f 17927//3442 16578//3442 16577//3439 17925//3439
f 16552//3337 16588//3337 17941//3433 17926//3433
f 16554//3434 16590//3434 16591//3334 16555//3334
f 16555//3334 16591//3334 16592//3451 16556//3451
f 16556//3451 16592//3451 17942//3387 17931//3387
f 16557//3438 16593//3438 16594//3332 16558//3332
f 16558//3332 16594//3332 17943//3429 17934//3429
f 16559//3382 16595//3382 16596//3430 16560//3430
f 16560//3430 16596//3430 16597//3344 16561//3344
f 16561//3344 16597//3344 17944//3452 17938//3452
f 16562//3373 16598//3373 17945//3373 17940//3373
f 16563//3432 16599//3432 16588//3337 16552//3337
f 16553//3374 16589//3374 16590//3434 16554//3434
f 17949//3431 17946//3431 17947//3431 17948//3431
f 16602//3337 17950//3337 17951//3337 16607//3337
f 16603//3434 17952//3434 17953//3434 16608//3434
f 16604//3451 17954//3451 17955//3451 16609//3451
f 16605//3332 17956//3332 17957//3332 16610//3332
f 16600//3430 16601//3430 16606//3430 16611//3430
f 17999//3434 16650//3434 16651//3334 18000//3334
f 17996//3337 16648//3337 18013//3433 17997//3433
f 17995//3136 17977//3136 17979//3136 17981//3136 17982//3136 17983//3136 17984//3136 17986//3136 17988//3136 17990//3136 17991//3136 17993//3136
f 17961//3382 17962//3430 16626//3430 17980//3382
f 17958//3429 17960//3429 16625//3429 17978//3429
f 17962//3430 17963//3344 16627//3344 16626//3430
f 17963//3344 17964//3431 16628//3431 16627//3344
f 17964//3431 17965//3373 17985//3373 16628//3431
f 17966//3432 17967//3432 17987//3432 16629//3432
f 17968//3433 17969//3433 17989//3433 16630//3433
f 17970//3374 17971//3434 16632//3434 16631//3374
f 17971//3434 17972//3435 17992//3435 16632//3434
f 17973//3436 17974//3436 17994//3436 16633//3436
f 17975//3387 17976//3437 16635//3437 16634//3387
f 17976//3437 17959//3438 16624//3438 16635//3437
f 17998//3439 16637//3439 16636//3440 16612//3440
f 16615//3441 16639//3441 16638//3442 16614//3442
f 18001//3443 16640//3443 16639//3441 16615//3441
f 18002//3444 16641//3444 16640//3443 18001//3443
f 18004//3445 16642//3445 16641//3444 18002//3444
f 18005//3446 16643//3446 16642//3445 18004//3445
f 18007//3447 16644//3447 16643//3446 18005//3446
f 18008//3448 16645//3448 16644//3447 18007//3447
f 18009//3449 16646//3449 16645//3448 18008//3448
f 18011//3450 16647//3450 16646//3449 18009//3449
f 16612//3440 16636//3440 16647//3450 18011//3450
f 16614//3442 16638//3442 16637//3439 17998//3439
f 18000//3334 16651//3334 16652//3451 16616//3451
f 16616//3451 16652//3451 18014//3387 18003//3387
f 16617//3438 16653//3438 16654//3332 16618//3332
f 16618//3332 16654//3332 18015//3453 18006//3453
f 16619//3382 16655//3382 16656//3430 16620//3430
f 16620//3430 16656//3430 16657//3344 16621//3344
f 16621//3344 16657//3344 18016//3452 18010//3452
f 16622//3373 16658//3373 18017//3373 18012//3373
f 16623//3432 16659//3432 16648//3337 17996//3337
f 16613//3374 16649//3374 16650//3434 17999//3434
f 18021//3431 18018//3431 18019//3431 18020//3431
f 16662//3337 18022//3337 18023//3337 16667//3337
f 16663//3434 18024//3434 18025//3434 16668//3434
f 16664//3451 18026//3451 18027//3451 16669//3451
f 16665//3332 18028//3332 18029//3332 16670//3332
f 16660//3430 16661//3430 16666//3430 16671//3430
f 18059//3136 18056//3136 18054//3136 18053//3136 18047//3136 18048//3136 18050//3136 18051//3136 18052//3136 18057//3136 18063//3136 18061//3136
f 18036//3430 18030//3344 16684//3344 16689//3430
f 18044//3387 18043//3387 18060//3387 18062//3387
f 18033//3454 18034//3337 16687//3337 16686//3454
f 18046//3334 18045//3436 16694//3436 16695//3334
f 18037//3382 18036//3430 16689//3430 18055//3382
f 18041//3435 18046//3334 16695//3334 18058//3435
f 18039//3332 18038//3429 16690//3429 16691//3332
f 18035//3455 18040//3374 16692//3374 16688//3455
f 18030//3344 18031//3452 18049//3452 16684//3344
f 18032//3373 18033//3454 16686//3454 16685//3373
f 18034//3337 18035//3455 16688//3455 16687//3337
f 18042//3438 18039//3332 16691//3332 16693//3438
f 18065//3443 16697//3443 16696//3441 18064//3441
f 18067//3444 16698//3444 16697//3443 18065//3443
f 18070//3446 16700//3446 16699//3445 18069//3445
f 18064//3441 16696//3441 16701//3442 18072//3442
f 18069//3445 16699//3445 16698//3444 18067//3444
f 18072//3442 16701//3442 16702//3439 18073//3439
f 18073//3439 16702//3439 16703//3440 18075//3440
f 18076//3447 16704//3447 16700//3446 18070//3446
f 18075//3440 16703//3440 16705//3450 18077//3450
f 18077//3450 16705//3450 16706//3449 18079//3449
f 18079//3449 16706//3449 16707//3448 18080//3448
f 18080//3448 16707//3448 16704//3447 18076//3447
f 18078//3432 18082//3432 16715//3337 16679//3337
f 16682//3431 16718//3431 16717//3373 16681//3373
f 16672//3334 16708//3334 18083//3436 18066//3436
f 16673//3387 16709//3387 18084//3387 18068//3387
f 18081//3452 18085//3452 16718//3431 16682//3431
f 16675//3332 16711//3332 18086//3429 18071//3429
f 16680//3430 16716//3430 16719//3456 16683//3456
f 16677//3434 16713//3434 16708//3334 16672//3334
f 16674//3438 16710//3438 16711//3332 16675//3332
f 18074//3374 18087//3374 16713//3434 16677//3434
f 16679//3337 16715//3337 16714//3433 16678//3433
f 16676//3382 16712//3382 16716//3430 16680//3430
f 18098//3437 18095//3437 16729//3437 18101//3437
f 18097//3334 18099//3334 16731//3334 16730//3334
f 18088//3344 18090//3344 18103//3344 18104//3344
f 18091//3454 18092//3454 18105//3454 16727//3454
f 18094//3457 18089//3457 16726//3457 18100//3457
f 18093//3455 18096//3455 18102//3455 16728//3455
f 16722//3189 16723//3189 16725//3189 16724//3189 16721//3189 16720//3189
f 18136//3136 18122//3136 18123//3136 18125//3136 18126//3136 18127//3136 18128//3136 18129//3136 18131//3136 18132//3136 18133//3136 18134//3136
f 18111//3431 18112//3454 16749//3454 16748//3431
f 18112//3454 18113//3432 18130//3432 16749//3454
f 18114//3433 18115//3455 16751//3455 16750//3433
f 18115//3455 18116//3434 16752//3434 16751//3455
f 18116//3434 18117//3334 16753//3334 16752//3434
f 18117//3334 18118//3436 18135//3436 16753//3334
f 18119//3387 18120//3387 18137//3387 16754//3387
f 18121//3438 18106//3332 16744//3332 16755//3438
f 18108//3382 18109//3430 16746//3430 18124//3382
f 18106//3332 18107//3429 16745//3429 16744//3332
f 18109//3430 18110//3344 16747//3344 16746//3430
f 18110//3344 18111//3431 16748//3431 16747//3344
f 18139//3439 16757//3439 16756//3440 18138//3440
f 18142//3441 16759//3441 16758//3442 18141//3442
f 18144//3443 16760//3443 16759//3441 18142//3441
f 18145//3444 16761//3444 16760//3443 18144//3443
f 18146//3445 16762//3445 16761//3444 18145//3444
f 18148//3446 16763//3446 16762//3445 18146//3445
f 18149//3447 16764//3447 16763//3446 18148//3446
f 18150//3448 16765//3448 16764//3447 18149//3447
f 18151//3449 16766//3449 16765//3448 18150//3448
f 18152//3450 16767//3450 16766//3449 18151//3449
f 18138//3440 16756//3440 16767//3450 18152//3450
f 18141//3442 16758//3442 16757//3439 18139//3439
f 16732//3337 16768//3337 18154//3433 18140//3433
f 16734//3434 16770//3434 18155//3435 18143//3435
f 16735//3436 16771//3436 16772//3451 16736//3451
f 16736//3451 16772//3451 16773//3437 16737//3437
f 16737//3437 16773//3437 18156//3438 18147//3438
f 16738//3429 16774//3429 16775//3457 16739//3457
f 16739//3457 16775//3457 16776//3430 16740//3430
f 16740//3430 16776//3430 16777//3344 16741//3344
f 16741//3344 16777//3344 16778//3431 16742//3431
f 16742//3431 16778//3431 18157//3373 18153//3373
f 16743//3432 16779//3432 16768//3337 16732//3337
f 16733//3374 16769//3374 16770//3434 16734//3434
f 18158//3454 18160//3454 18170//3454 18171//3454
f 18161//3455 18162//3455 18172//3455 16787//3455
f 18163//3334 18164//3334 18173//3334 16788//3334
f 18165//3437 18166//3437 18174//3437 16789//3437
f 18167//3457 18168//3457 18175//3457 16790//3457
f 18169//3344 18159//3344 16786//3344 16791//3344
f 16781//3189 16780//3189 16785//3189 16784//3189 16783//3189 16782//3189
f 18211//3136 18194//3136 18196//3136 18198//3136 18199//3136 18200//3136 18201//3136 18203//3136 18205//3136 18207//3136 18208//3136 18209//3136
f 18176//3429 18178//3429 18197//3429 18195//3429
f 18180//3430 18181//3344 16807//3344 16806//3430
f 18181//3344 18182//3431 16808//3431 16807//3344
f 18182//3431 18183//3373 18202//3373 16808//3431
f 18184//3432 18185//3432 18204//3432 16809//3432
f 18186//3433 18187//3433 18206//3433 16810//3433
f 18188//3374 18189//3434 16812//3434 16811//3374
f 18189//3434 18190//3334 16813//3334 16812//3434
f 18190//3334 18191//3436 18210//3436 16813//3334
f 18192//3387 18193//3437 16815//3437 16814//3387
f 18193//3437 18177//3438 16804//3438 16815//3437
f 18179//3382 18180//3430 16806//3430 16805//3382
f 18213//3439 16817//3439 16816//3440 18212//3440
f 18217//3441 16819//3441 16818//3442 18215//3442
f 18218//3443 16820//3443 16819//3441 18217//3441
f 18219//3444 16821//3444 16820//3443 18218//3443
f 18221//3445 16822//3445 16821//3444 18219//3444
f 18222//3446 16823//3446 16822//3445 18221//3445
f 18224//3447 16824//3447 16823//3446 18222//3446
f 18225//3448 16825//3448 16824//3447 18224//3447
f 18226//3449 16826//3449 16825//3448 18225//3448
f 18228//3450 16827//3450 16826//3449 18226//3449
f 18212//3440 16816//3440 16827//3450 18228//3450
f 18215//3442 16818//3442 16817//3439 18213//3439
f 16792//3337 16828//3337 18229//3433 18214//3433
f 18216//3435 18230//3435 16831//3334 16795//3334
f 16795//3334 16831//3334 16832//3451 16796//3451
f 16796//3451 16832//3451 18231//3387 18220//3387
f 16797//3438 16833//3438 16834//3332 16798//3332
f 16798//3332 16834//3332 18232//3429 18223//3429
f 16799//3382 16835//3382 16836//3430 16800//3430
f 16800//3430 16836//3430 16837//3344 16801//3344
f 16801//3344 16837//3344 18233//3452 18227//3452
f 16802//3373 16838//3373 16839//3454 16803//3454
f 16803//3454 16839//3454 16828//3337 16792//3337
f 16793//3374 16829//3374 16830//3374 16794//3374
f 18237//3431 18234//3431 18235//3431 18236//3431
f 16842//3337 18238//3337 18239//3337 16847//3337
f 16843//3434 18240//3434 18241//3434 16848//3434
f 16844//3451 18242//3451 18243//3451 16849//3451
f 16845//3332 18244//3332 18245//3332 16850//3332
f 16840//3430 16841//3430 16846//3430 16851//3430
f 18281//3136 18264//3136 18266//3136 18268//3136 18269//3136 18270//3136 18271//3136 18273//3136 18275//3136 18277//3136 18278//3136 18279//3136
f 18246//3429 18248//3429 18267//3429 18265//3429
f 18250//3430 18251//3344 16867//3344 16866//3430
f 18251//3344 18252//3431 16868//3431 16867//3344
f 18252//3431 18253//3373 18272//3373 16868//3431
f 18254//3432 18255//3432 18274//3432 16869//3432
f 18256//3433 18257//3433 18276//3433 16870//3433
f 18258//3374 18259//3434 16872//3434 16871//3374
f 18259//3434 18260//3334 16873//3334 16872//3434
f 18260//3334 18261//3436 18280//3436 16873//3334
f 18262//3387 18263//3437 16875//3437 16874//3387
f 18263//3437 18247//3438 16864//3438 16875//3437
f 18249//3382 18250//3430 16866//3430 16865//3382
f 18283//3439 16877//3439 16876//3440 18282//3440
f 18287//3441 16879//3441 16878//3442 18285//3442
f 18288//3443 16880//3443 16879//3441 18287//3441
f 18289//3444 16881//3444 16880//3443 18288//3443
f 18291//3445 16882//3445 16881//3444 18289//3444
f 18292//3446 16883//3446 16882//3445 18291//3445
f 18294//3447 16884//3447 16883//3446 18292//3446
f 18295//3448 16885//3448 16884//3447 18294//3447
f 18296//3449 16886//3449 16885//3448 18295//3448
f 18298//3450 16887//3450 16886//3449 18296//3449
f 18282//3440 16876//3440 16887//3450 18298//3450
f 18285//3442 16878//3442 16877//3439 18283//3439
f 16852//3337 16888//3337 18299//3433 18284//3433
f 18286//3435 18300//3435 16891//3334 16855//3334
f 16855//3334 16891//3334 16892//3451 16856//3451
f 16856//3451 16892//3451 18301//3387 18290//3387
f 16857//3438 16893//3438 16894//3332 16858//3332
f 16858//3332 16894//3332 18302//3429 18293//3429
f 16859//3382 16895//3382 16896//3430 16860//3430
f 16860//3430 16896//3430 16897//3344 16861//3344
f 16861//3344 16897//3344 18303//3452 18297//3452
f 16862//3373 16898//3373 16899//3454 16863//3454
f 16863//3454 16899//3454 16888//3337 16852//3337
f 16853//3374 16889//3374 16890//3374 16854//3374
f 18307//3431 18304//3431 18305//3431 18306//3431
f 16902//3337 18308//3337 18309//3337 16907//3337
f 16903//3434 18310//3434 18311//3434 16908//3434
f 16904//3451 18312//3451 18313//3451 16909//3451
f 16905//3332 18314//3332 18315//3332 16910//3332
f 16900//3430 16901//3430 16906//3430 16911//3430
f 18354//3374 16949//3374 16950//3374 18356//3374
f 18368//3454 16959//3454 16948//3337 16912//3337
f 18351//3136 18334//3136 18336//3136 18338//3136 18339//3136 18340//3136 18341//3136 18343//3136 18345//3136 18347//3136 18348//3136 18349//3136
f 18316//3429 18318//3429 18337//3429 18335//3429
f 18320//3430 18321//3344 16927//3344 16926//3430
f 18321//3344 18322//3431 16928//3431 16927//3344
f 18322//3431 18323//3373 18342//3373 16928//3431
f 18324//3432 18325//3432 18344//3432 16929//3432
f 18326//3433 18327//3433 18346//3433 16930//3433
f 18328//3374 18329//3434 16932//3434 16931//3374
f 18329//3434 18330//3334 16933//3334 16932//3434
f 18330//3334 18331//3436 18350//3436 16933//3334
f 18332//3387 18333//3437 16935//3437 16934//3387
f 18333//3437 18317//3438 16924//3438 16935//3437
f 18319//3382 18320//3430 16926//3430 16925//3382
f 18367//3373 16958//3373 16959//3454 18368//3454
f 18353//3439 16937//3439 16936//3440 18352//3440
f 18357//3441 16939//3441 16938//3442 18355//3442
f 18358//3443 16940//3443 16939//3441 18357//3441
f 18359//3444 16941//3444 16940//3443 18358//3443
f 18361//3445 16942//3445 16941//3444 18359//3444
f 18362//3446 16943//3446 16942//3445 18361//3445
f 18364//3447 16944//3447 16943//3446 18362//3446
f 18365//3448 16945//3448 16944//3447 18364//3447
f 18366//3449 16946//3449 16945//3448 18365//3448
f 16923//3450 16947//3450 16946//3449 18366//3449
f 18352//3440 16936//3440 16947//3450 16923//3450
f 18355//3442 16938//3442 16937//3439 18353//3439
f 16912//3337 16948//3337 18371//3433 16913//3433
f 16914//3435 18370//3435 16951//3334 16915//3334
f 16915//3334 16951//3334 16952//3451 16916//3451
f 16916//3451 16952//3451 18372//3387 18360//3387
f 16917//3438 16953//3438 16954//3332 16918//3332
f 16918//3332 16954//3332 18373//3429 18363//3429
f 16919//3382 16955//3382 16956//3430 16920//3430
f 16920//3430 16956//3430 16957//3344 16921//3344
f 16921//3344 16957//3344 18369//3452 16922//3452
f 16963//3434 18374//3434 18375//3434 16968//3434
f 16964//3451 18378//3451 18379//3451 16969//3451
f 16965//3332 18380//3332 18381//3332 16970//3332
f 16960//3430 16961//3430 16966//3430 16971//3430
f 18382//3431 18384//3431 18385//3431 18383//3431
f 16962//3337 18377//3337 18376//3337 16967//3337
f 18421//3337 17021//3337 17020//3458 16978//3458
f 18400//3136 18401//3136 18413//3136 18412//3136 18411//3136 18410//3136 18409//3136 18408//3136 18407//3136 18406//3136 18405//3136 18404//3136 18403//3136 18402//3136
f 18386//3459 18387//3337 16987//3337 16986//3459
f 18388//3460 18386//3459 16986//3459 16988//3460
f 18389//3461 18388//3460 16988//3460 16989//3461
f 18390//3462 18389//3461 16989//3461 16990//3462
f 18391//3463 18390//3462 16990//3462 16991//3463
f 18392//3464 18391//3463 16991//3463 16992//3464
f 18393//3332 18392//3464 16992//3464 16993//3332
f 18394//3465 18393//3332 16993//3332 16994//3465
f 18395//3466 18394//3465 16994//3465 16995//3466
f 18396//3467 18395//3466 16995//3466 16996//3467
f 18397//3468 18396//3467 16996//3467 16997//3468
f 18398//3469 18397//3468 16997//3468 16998//3469
f 18399//3458 18398//3469 16998//3469 16999//3458
f 18387//3337 18399//3458 16999//3458 16987//3337
f 18415//3470 17001//3470 17000//3471 18414//3471
f 18414//3471 17000//3471 17002//3472 18416//3472
f 18416//3472 17002//3472 17003//3473 18417//3473
f 18417//3473 17003//3473 17004//3474 18418//3474
f 18418//3474 17004//3474 17005//3475 18419//3475
f 18419//3475 17005//3475 17006//3476 18420//3476
f 18420//3476 17006//3476 17007//3477 16979//3477
f 16979//3477 17007//3477 17008//3478 18422//3478
f 18422//3478 17008//3478 17009//3479 18423//3479
f 18423//3479 17009//3479 17010//3480 18424//3480
f 18424//3480 17010//3480 17011//3481 18425//3481
f 18425//3481 17011//3481 17012//3482 18426//3482
f 18426//3482 17012//3482 17013//3483 18427//3483
f 18427//3483 17013//3483 17001//3470 18415//3470
f 16980//3459 17022//3459 17021//3337 18421//3337
f 16981//3460 17023//3460 17022//3459 16980//3459
f 16982//3461 17024//3461 17023//3460 16981//3460
f 16983//3462 17025//3462 17024//3461 16982//3461
f 16984//3463 17026//3463 17025//3462 16983//3462
f 16985//3464 17027//3464 17026//3463 16984//3463
f 16972//3332 17015//3332 17027//3464 16985//3464
f 16973//3465 17014//3465 17015//3332 16972//3332
f 16974//3466 17016//3466 17014//3465 16973//3465
f 16975//3467 17017//3467 17016//3466 16974//3466
f 16976//3468 17018//3468 17017//3467 16975//3467
f 16977//3469 17019//3469 17018//3468 16976//3468
f 16978//3458 17020//3458 17019//3469 16977//3469
f 18438//3466 18437//3466 18442//3466 17031//3466
f 18432//3461 18429//3461 18444//3461 17037//3461
f 18440//3468 18439//3468 18443//3468 17028//3468
f 18434//3463 18433//3463 18445//3463 17035//3463
f 18431//3458 18441//3458 18446//3458 18448//3458
f 18436//3332 18435//3332 18447//3332 17033//3332
f 18428//3459 18430//3459 17039//3459 17041//3459
f 17030//3189 17032//3189 17034//3189 17036//3189 17038//3189 17040//3189 17029//3189
f 18485//3459 18499//3459 17091//3337 17049//3337
f 18463//3136 18464//3136 18476//3136 18475//3136 18474//3136 18473//3136 18472//3136 18471//3136 18470//3136 18469//3136 18468//3136 18467//3136 18466//3136 18465//3136
f 18449//3459 18450//3337 17057//3337 17056//3459
f 18451//3460 18449//3459 17056//3459 17058//3460
f 18452//3461 18451//3460 17058//3460 17059//3461
f 18453//3462 18452//3461 17059//3461 17060//3462
f 18454//3463 18453//3462 17060//3462 17061//3463
f 18455//3464 18454//3463 17061//3463 17062//3464
f 18456//3332 18455//3464 17062//3464 17063//3332
f 18457//3465 18456//3332 17063//3332 17064//3465
f 18458//3466 18457//3465 17064//3465 17065//3466
f 18459//3467 18458//3466 17065//3466 17066//3467
f 18460//3468 18459//3467 17066//3467 17067//3468
f 18461//3469 18460//3468 17067//3468 17068//3469
f 18462//3458 18461//3469 17068//3469 17069//3458
f 18450//3337 18462//3458 17069//3458 17057//3337
f 18478//3470 17071//3470 17070//3471 18477//3471
f 18477//3471 17070//3471 17072//3472 18479//3472
f 18479//3472 17072//3472 17073//3473 18480//3473
f 18480//3473 17073//3473 17074//3474 18481//3474
f 18481//3474 17074//3474 17075//3475 18482//3475
f 18482//3475 17075//3475 17076//3476 18483//3476
f 18483//3476 17076//3476 17077//3477 18484//3477
f 18484//3477 17077//3477 17078//3478 17050//3478
f 17050//3478 17078//3478 17079//3479 18486//3479
f 18486//3479 17079//3479 17080//3480 18487//3480
f 18487//3480 17080//3480 17081//3481 18488//3481
f 18488//3481 17081//3481 17082//3482 18489//3482
f 18489//3482 17082//3482 17083//3483 18490//3483
f 18490//3483 17083//3483 17071//3470 18478//3470
f 18491//3189 18493//3189 18494//3189 18495//3189 18496//3189 18497//3189 18498//3189 17092//3189 18500//3189 18501//3189 18502//3189 18503//3189 18504//3189 18492//3189
f 17051//3460 17093//3460 18499//3459 18485//3459
f 17052//3461 17094//3461 17093//3460 17051//3460
f 17053//3462 17095//3462 17094//3461 17052//3461
f 17054//3463 17096//3463 17095//3462 17053//3462
f 17055//3464 17097//3464 17096//3463 17054//3463
f 17042//3332 17085//3332 17097//3464 17055//3464
f 17043//3465 17084//3465 17085//3332 17042//3332
f 17044//3466 17086//3466 17084//3465 17043//3465
f 17045//3467 17087//3467 17086//3466 17044//3466
f 17046//3468 17088//3468 17087//3467 17045//3467
f 17047//3469 17089//3469 17088//3468 17046//3468
f 17048//3458 17090//3458 17089//3469 17047//3469
f 17049//3337 17091//3337 17090//3458 17048//3458
f 18505//3459 18507//3459 17109//3459 17111//3459
f 18515//3484 18514//3484 18521//3484 17101//3484
f 18509//3461 18506//3461 18520//3461 17107//3461
f 18517//3468 18516//3468 18522//3468 17098//3468
f 18511//3485 18510//3485 18523//3485 17105//3485
f 18508//3458 18518//3458 18524//3458 18519//3458
f 18513//3332 18512//3332 18525//3332 17103//3332
f 17100//3189 17102//3189 17104//3189 17106//3189 17108//3189 17110//3189 17099//3189
f 18558//3136 18557//3136 18556//3136 18554//3136 18553//3136 18551//3136 18550//3136 18548//3136 18547//3136 18546//3136 18544//3136 18543//3136
f 18527//3432 18526//3337 17124//3337 18545//3432
f 18529//3431 18528//3373 17125//3373 17126//3431
f 18530//3344 18529//3431 17126//3431 17127//3344
f 18531//3456 18530//3344 17127//3344 18549//3456
f 18533//3457 18532//3382 17128//3382 17129//3457
f 18534//3429 18533//3457 17129//3457 18552//3429
f 18536//3437 18535//3438 17130//3438 17131//3437
f 18537//3387 18536//3437 17131//3437 18555//3387
f 18539//3334 18538//3436 17132//3436 17133//3334
f 18540//3434 18539//3334 17133//3334 17134//3434
f 18541//3374 18540//3434 17134//3434 18559//3374
f 18526//3337 18542//3433 17135//3433 17124//3337
f 18560//3445 17136//3445 17137//3444 18562//3444
f 18562//3444 17137//3444 17138//3443 18563//3443
f 18563//3443 17138//3443 17139//3441 18565//3441
f 18565//3441 17139//3441 17140//3442 18566//3442
f 18566//3442 17140//3442 17141//3439 18568//3439
f 18568//3439 17141//3439 17142//3440 18569//3440
f 18569//3440 17142//3440 17143//3450 18571//3450
f 18571//3450 17143//3450 17144//3449 18572//3449
f 18572//3449 17144//3449 17145//3448 18574//3448
f 18574//3448 17145//3448 17146//3447 18575//3447
f 18575//3447 17146//3447 17147//3446 18577//3446
f 18577//3446 17147//3446 17136//3445 18560//3445
f 17113//3437 17149//3437 18578//3438 18561//3438
f 18564//3387 18579//3387 17149//3437 17113//3437
f 17115//3334 17151//3334 17150//3436 17114//3436
f 18567//3435 18580//3435 17151//3334 17115//3334
f 17117//3455 17153//3455 17152//3374 17116//3374
f 18570//3433 18581//3433 17153//3455 17117//3455
f 17119//3454 17155//3454 17154//3432 17118//3432
f 18573//3373 18582//3373 17155//3454 17119//3454
f 17121//3344 17157//3344 17156//3452 17120//3452
f 18576//3456 18583//3456 17157//3344 17121//3344
f 17123//3457 17159//3457 17158//3382 17122//3382
f 17112//3429 17148//3429 17159//3457 17123//3457
f 18585//3455 18595//3455 17171//3455 17166//3455
f 18586//3454 18584//3454 18597//3454 18598//3454
f 18588//3344 18587//3344 17167//3344 18599//3344
f 18590//3457 18589//3457 17168//3457 18600//3457
f 18592//3437 18591//3437 17169//3437 18601//3437
f 18594//3334 18593//3334 17170//3334 18596//3334
f 17160//3189 17161//3189 17162//3189 17163//3189 17164//3189 17165//3189
f 18643//3373 17212//3373 17213//3454 18644//3454
f 18641//3344 17211//3344 18655//3452 18642//3452
f 18640//3456 17210//3456 17211//3344 18641//3344
f 18619//3136 18621//3136 18623//3136 18624//3136 18626//3136 18627//3136 18628//3136 18629//3136 18631//3136 18632//3136 18634//3136 18620//3136
f 18603//3337 18602//3455 17184//3455 17185//3337
f 18602//3455 18604//3374 18622//3374 17184//3455
f 18605//3435 18606//3334 17187//3334 17186//3435
f 18606//3334 18607//3436 18625//3436 17187//3334
f 18608//3387 18609//3437 17189//3437 17188//3387
f 18609//3437 18610//3332 17190//3332 17189//3437
f 18610//3332 18611//3457 17191//3457 17190//3332
f 18611//3457 18612//3382 18630//3382 17191//3457
f 18613//3456 18614//3344 17193//3344 17192//3456
f 18614//3344 18615//3452 18633//3452 17193//3344
f 18616//3373 18617//3373 18635//3373 17194//3373
f 18618//3432 18603//3337 17185//3337 17195//3432
f 17172//3457 17208//3457 18654//3382 18639//3382
f 18636//3446 17196//3446 17197//3445 18637//3445
f 17174//3447 17198//3447 17196//3446 18636//3446
f 17175//3448 17199//3448 17198//3447 17174//3447
f 17176//3449 17200//3449 17199//3448 17175//3448
f 17177//3450 17201//3450 17200//3449 17176//3449
f 18645//3440 17202//3440 17201//3450 17177//3450
f 18647//3439 17203//3439 17202//3440 18645//3440
f 18648//3442 17204//3442 17203//3439 18647//3439
f 18650//3441 17205//3441 17204//3442 18648//3442
f 18651//3443 17206//3443 17205//3441 18650//3441
f 18653//3444 17207//3444 17206//3443 18651//3443
f 18637//3445 17197//3445 17207//3444 18653//3444
f 18644//3454 17213//3454 18656//3432 18646//3432
f 17178//3433 17214//3433 17215//3455 17179//3455
f 17179//3455 17215//3455 18657//3374 18649//3374
f 17180//3435 17216//3435 17217//3334 17181//3334
f 17181//3334 17217//3334 18658//3436 18652//3436
f 17182//3387 17218//3387 17219//3437 17183//3437
f 17183//3437 17219//3437 17209//3438 18638//3438
f 17173//3429 18659//3429 17208//3457 17172//3457
f 18662//3455 18660//3455 18672//3455 18673//3455
f 18661//3334 18664//3334 18674//3334 17226//3334
f 18665//3437 18666//3437 18675//3437 17228//3437
f 18667//3457 18668//3457 18676//3457 17229//3457
f 18669//3344 18670//3344 18677//3344 17230//3344
f 18671//3454 18663//3454 17227//3454 17231//3454
f 17221//3189 17220//3189 17225//3189 17224//3189 17223//3189 17222//3189
f 18729//3456 18732//3456 17277//3344 17241//3344
f 18713//3136 18711//3136 18710//3136 18708//3136 18706//3136 18705//3136 18704//3136 18702//3136 18701//3136 18699//3136 18698//3136 18696//3136
f 18684//3456 18683//3344 17247//3344 18703//3456
f 18686//3457 18685//3382 17248//3382 17249//3457
f 18687//3332 18686//3457 17249//3457 17250//3332
f 18688//3438 18687//3332 17250//3332 18707//3438
f 18690//3387 18689//3387 17251//3387 18709//3387
f 18692//3334 18691//3436 17252//3436 17253//3334
f 18693//3435 18692//3334 17253//3334 18712//3435
f 18695//3455 18694//3374 17254//3374 17255//3455
f 18680//3454 18678//3432 18697//3432 17245//3454
f 18679//3433 18695//3455 17255//3455 17244//3433
f 18681//3373 18680//3454 17245//3454 18700//3373
f 18683//3344 18682//3452 17246//3452 17247//3344
f 18714//3445 17256//3445 17257//3444 18716//3444
f 18716//3444 17257//3444 17258//3443 18717//3443
f 18717//3443 17258//3443 17259//3441 18719//3441
f 18719//3441 17259//3441 17260//3442 18720//3442
f 18720//3442 17260//3442 17261//3439 18722//3439
f 18722//3439 17261//3439 17262//3440 18723//3486
f 18723//3486 17262//3440 17263//3450 18725//3450
f 18725//3450 17263//3450 17264//3449 18726//3449
f 18726//3449 17264//3449 17265//3448 18728//3448
f 18728//3448 17265//3448 17266//3447 18730//3447
f 18730//3447 17266//3447 17267//3446 18731//3446
f 18731//3446 17267//3446 17256//3445 18714//3445
f 17243//3457 17279//3457 17278//3382 17242//3382
f 18715//3429 17268//3429 17279//3457 17243//3457
f 17233//3437 17269//3437 18733//3438 17232//3438
f 18718//3387 18734//3387 17269//3437 17233//3437
f 17235//3334 17271//3334 17270//3436 17234//3436
f 18721//3435 18735//3435 17271//3334 17235//3334
f 17237//3455 17273//3455 17272//3374 17236//3374
f 18724//3433 18736//3433 17273//3455 17237//3455
f 17239//3454 17275//3454 17274//3432 17238//3432
f 18727//3373 18737//3373 17275//3454 17239//3454
f 17241//3344 17277//3344 17276//3452 17240//3452
f 18746//3437 18745//3437 17289//3437 18751//3437
f 18748//3334 18747//3334 17290//3334 18752//3334
f 18739//3455 18749//3455 17291//3455 17286//3455
f 18740//3454 18738//3454 18753//3454 18754//3454
f 18742//3344 18741//3344 17287//3344 18755//3344
f 18744//3457 18743//3457 17288//3457 18750//3457
f 17280//3189 17281//3189 17282//3189 17283//3189 17284//3189 17285//3189
