# License;
# Emerald Sword from Endless Sky, CC-BY-SA 4.0
# Battleship from Endless Sky, CC-BY-SA 4.0
# Chigiriki from Endless Sky, CC-BY-SA 4.0
# Reduced to about 8000 triangles from bzship.obj with Blender's Decimate (collapse).

o barrel
v -0.014219 1.653964 -4.264279
v -0.127502 1.594026 -4.302588
v -0.127526 1.594041 -4.108720
v -0.108210 1.599581 -4.264555
v -0.108360 1.599578 -4.146656
v -0.014299 1.653872 -4.147003
v -0.000004 1.667616 -4.302664
v 0.127500 1.594029 -4.302589
v 0.108359 1.599579 -4.264568
v 0.108440 1.599536 -4.147000
v 0.014216 1.653969 -4.146945
v -0.000001 1.667669 -4.108720
v -0.127552 1.446769 -4.108817
v -0.000004 1.373215 -4.108560
v 0.127554 1.446775 -4.108817
v 0.127525 1.594042 -4.108720
v 0.127524 1.446787 -4.302505
v 0.122735 1.574767 -4.264217
v 0.122736 1.466064 -4.147003
v 0.122707 1.575253 -4.147158
v 0.122708 1.465579 -4.264066
v 0.000004 1.373215 -4.302664
v 0.108440 1.441294 -4.264222
v 0.014454 1.387133 -4.146667
v 0.014216 1.386862 -4.264277
v 0.108357 1.441254 -4.146657
v -0.127526 1.446789 -4.302504
v -0.014302 1.386944 -4.264224
v -0.108212 1.441248 -4.146665
v -0.108555 1.441326 -4.264277
v -0.014217 1.386865 -4.146946
v -0.122714 1.465736 -4.264027
v -0.122714 1.575099 -4.147201
v -0.122757 1.574883 -4.264268
v -0.122758 1.465946 -4.146956
v 0.033540 1.578576 -4.300190
v 0.053448 1.489531 -4.302800
v 0.052471 1.550609 -4.225677
v 0.052485 1.490023 -4.225893
v -0.000080 1.459801 -4.225816
v -0.033421 1.462186 -4.300250
v -0.052520 1.490189 -4.225801
v -0.053424 1.551275 -4.302741
v -0.052454 1.550791 -4.225815
v 0.000080 1.581047 -4.225877
v 0.014299 1.653870 -4.264220
v 0.000000 1.610352 -4.279368
v -0.077887 1.565383 -4.279368
v 0.077887 1.565383 -4.279368
v -0.000035 1.677037 -4.288858
v 0.077887 1.475447 -4.279368
v 0.000000 1.430479 -4.279368
v -0.077887 1.475447 -4.279368
v -0.135656 1.442137 -4.288768
v -0.135620 1.598756 -4.288779
v -0.000036 1.363795 -4.288769
v 0.135620 1.442076 -4.288765
v 0.135656 1.598694 -4.288776
v 0.077887 1.565383 -4.298274
v 0.077887 1.475447 -4.298274
v 0.000000 1.610352 -4.298274
v -0.077887 1.565383 -4.298274
v -0.077887 1.475447 -4.298274
v 0.000000 1.430479 -4.298274
v -0.101252 1.578875 -4.490323
v -0.000304 1.637256 -4.490323
v -0.101252 1.461955 -4.490323
v -0.094534 1.463225 -4.475316
v -0.096520 1.574675 -4.475315
v 0.002261 1.409952 -4.475316
v 0.000002 1.403498 -4.490323
v 0.101253 1.461957 -4.490323
v 0.101184 1.579111 -4.490323
v 0.096793 1.467140 -4.475316
v 0.094851 1.576458 -4.475315
v -0.002258 1.409952 -4.505330
v 0.094531 1.463220 -4.505331
v -0.096793 1.467140 -4.505328
v -0.094841 1.576496 -4.505328
v 0.001271 1.631133 -4.505332
v 0.096791 1.573691 -4.505331
v 0.000001 1.630911 -4.475315
v -0.101252 1.578875 -4.363092
v -0.000002 1.637331 -4.363092
v -0.101252 1.461956 -4.363092
v -0.094533 1.463224 -4.348085
v -0.096794 1.573689 -4.348085
v 0.002260 1.409952 -4.348085
v -0.000001 1.403498 -4.363092
v 0.101253 1.461958 -4.363092
v 0.101253 1.578873 -4.363092
v 0.096793 1.467141 -4.348084
v 0.094534 1.577603 -4.348084
v -0.002260 1.409952 -4.378098
v 0.094534 1.463226 -4.378098
v -0.096794 1.467141 -4.378098
v -0.094533 1.577605 -4.378098
v 0.002260 1.630877 -4.378099
v 0.096793 1.573689 -4.378099
v -0.002259 1.630878 -4.348084
v 0.060914 1.437792 -4.513595
v 0.061209 1.437489 -4.464440
v 0.102468 1.508951 -4.513277
v 0.102055 1.509052 -4.464620
v 0.120749 1.450700 -4.488987
v 0.060913 1.437791 -4.386821
v 0.061210 1.437489 -4.337666
v 0.102468 1.508953 -4.386502
v 0.102055 1.509050 -4.337846
v 0.120748 1.450699 -4.362207
v -0.102011 1.508974 -4.641284
v -0.102420 1.508870 -4.592131
v -0.061163 1.437407 -4.640966
v -0.060871 1.437715 -4.592311
v -0.120753 1.450701 -4.616674
v -0.102279 1.508771 -4.513594
v -0.102148 1.509071 -4.464437
v -0.060853 1.437541 -4.513278
v -0.061180 1.437583 -4.464620
v -0.120751 1.450702 -4.488986
v -0.102421 1.508869 -4.337665
v -0.061163 1.437407 -4.386501
v -0.060871 1.437715 -4.337844
v -0.102010 1.508974 -4.386820
v -0.120752 1.450702 -4.362208
v 0.041191 1.614482 -4.513341
v 0.041212 1.614887 -4.464438
v -0.041212 1.614888 -4.513526
v -0.041187 1.614481 -4.464618
v -0.000001 1.659843 -4.488979
v -0.129286 1.458498 -4.342771
v -0.065654 1.468444 -4.896307
v -0.060693 1.485461 -4.276648
v -0.075500 1.490550 -4.336026
v -0.103247 1.459589 -4.273466
v -0.119669 1.436793 -4.346826
v -0.081185 1.458849 -4.443174
v -0.093617 1.481019 -4.443181
v -0.119520 1.436895 -4.474316
v -0.132205 1.458608 -4.475091
v -0.080998 1.459032 -4.570504
v -0.093821 1.480874 -4.571505
v -0.119665 1.436794 -4.602480
v -0.132052 1.458680 -4.602580
v -0.096450 1.464729 -4.653846
v -0.111889 1.470901 -4.724529
v -0.098408 1.448480 -4.723834
v -0.091855 1.453317 -4.812406
v -0.104136 1.474302 -4.810860
v -0.077984 1.489452 -4.896408
v -0.073197 1.462051 -4.329021
v -0.060765 1.485333 -4.839892
v -0.101253 1.578875 -4.617554
v -0.000002 1.637332 -4.617554
v -0.101252 1.461955 -4.617554
v -0.094534 1.463228 -4.602546
v -0.096793 1.573690 -4.602546
v 0.002258 1.409952 -4.602547
v -0.000000 1.403498 -4.617554
v 0.101254 1.461959 -4.617554
v 0.096797 1.467146 -4.602547
v 0.094844 1.576494 -4.602547
v -0.002259 1.409952 -4.632563
v 0.094534 1.463227 -4.632564
v -0.096792 1.467140 -4.632563
v -0.094531 1.577603 -4.632563
v 0.001146 1.630590 -4.632563
v 0.096519 1.574675 -4.632565
v -0.001269 1.631133 -4.602546
v 0.101254 1.578872 -4.617554
v 0.060915 1.437791 -4.641285
v 0.061210 1.437489 -4.592132
v 0.102469 1.508951 -4.640966
v 0.102056 1.509050 -4.592313
v 0.120750 1.450699 -4.616669
v 0.041191 1.614482 -4.641031
v 0.041211 1.614888 -4.592130
v -0.041212 1.614889 -4.641216
v -0.041187 1.614483 -4.592311
v -0.000001 1.659846 -4.616674
v 0.118266 1.439417 -4.342768
v 0.077908 1.489503 -4.896413
v 0.060766 1.485333 -4.839891
v 0.063522 1.470068 -4.336111
v 0.103239 1.459580 -4.273467
v 0.132258 1.458592 -4.346824
v 0.093899 1.480893 -4.443161
v 0.080924 1.459033 -4.443182
v 0.132256 1.458593 -4.474655
v 0.119491 1.436924 -4.474750
v 0.093872 1.480859 -4.570994
v 0.080941 1.459072 -4.571013
v 0.132257 1.458593 -4.602482
v 0.119490 1.436925 -4.602579
v 0.096453 1.464728 -4.653838
v 0.098519 1.448422 -4.723981
v 0.111776 1.470972 -4.724377
v 0.104184 1.474303 -4.810473
v 0.091834 1.453355 -4.812694
v 0.065743 1.468401 -4.896299
v 0.087332 1.485976 -4.329060
v 0.060643 1.485491 -4.276654
v 0.011004 1.662850 -4.342704
v 0.013063 1.642071 -4.724533
v -0.012170 1.603529 -4.896400
v -0.000000 1.590654 -4.839893
v 0.011845 1.600599 -4.336108
v 0.000089 1.590370 -4.276655
v -0.001052 1.640239 -4.273468
v -0.012587 1.665865 -4.346824
v -0.012724 1.621496 -4.443162
v 0.012693 1.621184 -4.443181
v -0.012588 1.665866 -4.474655
v 0.012559 1.665646 -4.474751
v -0.012680 1.621492 -4.570994
v 0.012649 1.621180 -4.571014
v -0.012572 1.665690 -4.602150
v 0.012574 1.665816 -4.602921
v -0.000001 1.631787 -4.653849
v -0.012352 1.644870 -4.732922
v 0.012172 1.633462 -4.813147
v 0.012180 1.603261 -4.896305
v -0.014048 1.611438 -4.328983
v -0.021292 1.626788 -4.632805
v -0.005874 1.615688 -4.655974
v -0.020536 1.626788 -4.647415
v -0.020536 1.604453 -4.647415
v -0.021292 1.604453 -4.632805
v -0.016866 1.604453 -4.662026
v -0.007211 1.614725 -4.651412
v 0.001490 1.604453 -4.676637
v -0.010154 1.604453 -4.676637
v -0.007951 1.603687 -4.691129
v -0.032757 1.615530 -4.664022
v -0.010154 1.626788 -4.676637
v -0.016866 1.626788 -4.662026
v 0.004137 1.626788 -4.676267
v 0.005867 1.624298 -4.691491
v -0.021292 1.615620 -4.280373
v 0.021291 1.626788 -4.632805
v 0.020535 1.626788 -4.647415
v 0.020535 1.604453 -4.647415
v 0.021291 1.604453 -4.632805
v 0.016866 1.604453 -4.662026
v 0.007212 1.614724 -4.651408
v -0.001490 1.604453 -4.676637
v 0.010153 1.604453 -4.676637
v 0.032754 1.615558 -4.662743
v 0.003190 1.606880 -4.687859
v 0.002370 1.623767 -4.690123
v 0.010153 1.626788 -4.676637
v 0.016866 1.626788 -4.662026
v -0.004138 1.626788 -4.676267
v 0.021291 1.615620 -4.280376
v 0.102767 1.485668 -4.632805
v 0.086197 1.477894 -4.650905
v 0.102389 1.485013 -4.647416
v 0.083046 1.496181 -4.647416
v 0.083424 1.496836 -4.632805
v 0.081212 1.493003 -4.662026
v 0.085278 1.479507 -4.651409
v 0.072034 1.477106 -4.676638
v 0.077855 1.487190 -4.676638
v 0.073575 1.466063 -4.691666
v 0.094072 1.479785 -4.691139
v 0.098750 1.501226 -4.664022
v 0.097198 1.476022 -4.676638
v 0.100554 1.481836 -4.662027
v 0.090052 1.463645 -4.676267
v 0.093096 1.491252 -4.280377
v 0.071804 1.454373 -4.280377
v 0.081475 1.448790 -4.632805
v 0.079634 1.467789 -4.657254
v 0.081853 1.449445 -4.647416
v 0.062511 1.460612 -4.647416
v 0.062133 1.459957 -4.632805
v 0.064346 1.463790 -4.662026
v 0.078069 1.467015 -4.651408
v 0.073524 1.479687 -4.676638
v 0.067702 1.469603 -4.676638
v 0.066019 1.444478 -4.662744
v 0.085184 1.477547 -4.692634
v 0.087044 1.458436 -4.676638
v 0.083688 1.452623 -4.662026
v 0.094190 1.470813 -4.676267
v -0.081476 1.448790 -4.632805
v -0.079116 1.468056 -4.655844
v -0.081854 1.449445 -4.647416
v -0.062511 1.460612 -4.647416
v -0.062133 1.459957 -4.632805
v -0.064346 1.463790 -4.662026
v -0.078070 1.467015 -4.651410
v -0.073524 1.479687 -4.676637
v -0.067702 1.469603 -4.676637
v -0.061695 1.452377 -4.662889
v -0.087655 1.480663 -4.692253
v -0.078205 1.449807 -4.683330
v -0.087045 1.458436 -4.676638
v -0.083688 1.452623 -4.662026
v -0.094189 1.470813 -4.676267
v -0.071804 1.454373 -4.280371
v -0.102767 1.485668 -4.632805
v -0.085904 1.477498 -4.655888
v -0.102389 1.485013 -4.647416
v -0.083047 1.496181 -4.647415
v -0.083425 1.496836 -4.632805
v -0.081212 1.493003 -4.662026
v -0.085280 1.479505 -4.651410
v -0.072034 1.477106 -4.676637
v -0.077856 1.487190 -4.676637
v -0.098353 1.502033 -4.659657
v -0.073448 1.466281 -4.691677
v -0.093849 1.477481 -4.691246
v -0.097198 1.476022 -4.676637
v -0.100555 1.481836 -4.662026
v -0.090053 1.463645 -4.676267
v -0.093096 1.491252 -4.280374
vn 0.7037 0.4110 -0.5796
vn -0.3961 0.2532 -0.8826
vn -0.2121 -0.3994 -0.8919
vn -0.0041 -0.8145 -0.5802
vn 0.7099 -0.4095 -0.5730
vn -0.7090 0.4068 -0.5760
vn 0.2059 0.4031 -0.8917
vn -0.7038 -0.4077 -0.5818
vn 0.0043 0.8144 -0.5803
vn 0.3843 -0.2656 -0.8842
vn -0.7061 -0.3509 -0.6150
vn -0.6710 0.4449 -0.5932
vn 0.7073 0.3514 -0.6134
vn 0.6698 -0.4445 -0.5948
vn 0.0008 -0.8181 0.5751
vn 0.7096 -0.4098 0.5731
vn 0.7092 0.4093 0.5741
vn -0.8659 0.5002 0.0005
vn -0.0000 0.1406 0.9901
vn -0.0001 1.0000 -0.0006
vn 0.8661 0.4998 0.0005
vn 0.1209 0.0699 0.9902
vn 0.8659 -0.5002 0.0006
vn 0.1209 -0.0698 0.9902
vn -0.0002 -1.0000 0.0006
vn -0.0000 -0.1396 0.9902
vn -0.1209 -0.0698 0.9902
vn -0.8662 -0.4998 0.0006
vn -0.1210 0.0699 0.9902
vn 0.1222 0.0705 -0.9900
vn 0.0001 0.1401 -0.9901
vn -0.1221 0.0704 -0.9900
vn -0.1222 -0.0706 -0.9900
vn -0.0000 -0.1411 -0.9900
vn 0.1223 -0.0706 -0.9900
vn -0.0786 0.0949 -0.9924
vn -0.0159 0.9999 0.0058
vn 0.0370 0.1430 -0.9890
vn -0.1257 0.0750 0.9892
vn -0.8663 -0.4995 0.0004
vn -0.1118 -0.1002 0.9887
vn -0.0000 -1.0000 -0.0000
vn 0.0356 -0.1479 0.9884
vn 0.1462 -0.0395 0.9885
vn 0.8589 0.5121 0.0059
vn 0.1008 0.0667 0.9927
vn 0.8661 -0.4998 0.0001
vn -0.0356 -0.1479 -0.9884
vn 0.1106 -0.1026 -0.9886
vn 0.0202 0.1270 0.9917
vn 0.1507 0.0233 -0.9883
vn -0.8640 0.5034 -0.0113
vn -0.1460 -0.0401 -0.9885
vn -0.1103 0.1047 -0.9884
vn -0.0001 1.0000 -0.0000
vn 0.0357 0.1479 -0.9884
vn -0.1459 0.0431 0.9884
vn -0.8660 -0.5000 -0.0000
vn -0.1104 -0.1048 0.9884
vn 0.1459 -0.0432 0.9884
vn 0.8660 0.5000 -0.0000
vn 0.1103 0.1048 0.9884
vn 0.8660 -0.5000 -0.0000
vn -0.0355 -0.1479 -0.9884
vn 0.1103 -0.1048 -0.9884
vn -0.0355 0.1479 0.9884
vn 0.1459 0.0432 -0.9884
vn -0.8660 0.5000 -0.0000
vn -0.1459 -0.0431 -0.9884
vn 0.1237 0.7590 -0.6393
vn 0.8662 -0.4997 -0.0001
vn -0.6010 -0.4763 -0.6418
vn -0.5940 -0.4849 0.6419
vn 0.1127 0.7606 0.6394
vn 0.8662 -0.4997 -0.0000
vn 0.5954 -0.4866 -0.6393
vn -0.8658 -0.5003 -0.0000
vn -0.1120 0.7586 -0.6418
vn -0.1229 0.7569 0.6418
vn 0.6024 -0.4779 0.6394
vn 0.6023 -0.4813 -0.6369
vn -0.8658 -0.5003 -0.0001
vn -0.1189 0.7557 -0.6440
vn -0.1150 0.7601 0.6395
vn 0.5963 -0.4824 0.6416
vn -0.1229 0.7569 0.6419
vn 0.7156 -0.2826 -0.6387
vn -0.0000 1.0000 -0.0000
vn 0.7164 -0.2721 0.6424
vn -0.7156 -0.2826 0.6388
vn -0.7165 -0.2721 -0.6424
vn 0.8664 0.4989 -0.0230
vn 0.3378 -0.4568 -0.8229
vn -0.2328 0.5148 -0.8251
vn 0.5237 0.3335 0.7839
vn 0.5943 -0.7972 0.1058
vn -0.1360 0.9883 0.0685
vn -0.4527 -0.2799 0.8466
vn -0.9490 0.0997 0.2990
vn -0.4100 -0.8712 0.2699
vn -0.8206 0.5577 0.1248
vn -0.0288 -0.9926 0.1179
vn -0.3835 -0.8976 0.2176
vn -0.9735 0.1167 0.1969
vn 0.0097 -0.9966 0.0818
vn -0.8316 0.5462 0.1005
vn -0.3429 -0.9330 0.1095
vn -0.8944 0.4353 0.1027
vn -0.3004 -0.9388 -0.1687
vn -0.0466 -0.9932 0.1067
vn -0.8555 -0.4985 -0.1402
vn -0.1077 0.1063 -0.9885
vn 0.0036 0.9999 -0.0118
vn 0.0466 0.1142 -0.9924
vn -0.1426 0.0466 0.9887
vn -0.1103 -0.1047 0.9884
vn 0.0355 -0.1479 0.9884
vn 0.1460 -0.0401 0.9885
vn 0.8642 0.5031 0.0118
vn 0.0757 0.0974 0.9924
vn 0.8663 -0.4995 -0.0004
vn 0.1118 -0.1002 -0.9887
vn 0.1252 0.0743 -0.9893
vn 0.0017 0.1456 0.9893
vn -0.8658 0.5005 0.0004
vn -0.1458 -0.0431 -0.9884
vn 0.8662 -0.4997 0.0001
vn -0.6009 -0.4763 -0.6419
vn -0.5941 -0.4849 0.6418
vn 0.1126 0.7606 0.6393
vn 0.2292 0.5169 -0.8248
vn -0.5443 0.3120 0.7787
vn 0.4050 0.9070 0.1152
vn -0.7960 -0.6026 0.0572
vn -0.8638 0.5032 -0.0232
vn -0.3340 -0.4590 -0.8233
vn 0.4537 -0.2800 0.8460
vn 0.3924 -0.8718 0.2933
vn 0.9595 0.0811 0.2696
vn -0.0734 -0.9895 0.1247
vn 0.8740 0.4715 0.1176
vn 0.9713 0.1124 0.2094
vn -0.0600 -0.9939 0.0926
vn 0.8560 0.5089 0.0911
vn 0.9796 0.1695 0.1083
vn 0.8917 0.4408 0.1029
vn 0.3026 -0.9378 -0.1702
vn 0.9636 0.2150 -0.1587
vn 0.8554 -0.4987 -0.1403
vn -0.0213 -0.9996 -0.0187
vn -0.5746 -0.0482 -0.8170
vn 0.5640 -0.0672 -0.8231
vn -0.9845 -0.1431 0.1018
vn 0.0293 -0.6197 0.7843
vn 0.9236 -0.3773 0.0679
vn 0.5658 0.7654 0.3067
vn -0.5423 0.7947 0.2728
vn 0.8935 0.4313 0.1248
vn -0.8463 0.5196 0.1176
vn -0.5830 0.7850 0.2094
vn 0.8909 0.4445 0.0929
vn -0.8676 0.4888 0.0912
vn -0.6395 0.7596 0.1188
vn 0.6401 0.7626 0.0935
vn 0.0051 0.9900 -0.1406
vn 0.5607 0.8031 -0.2015
vn -0.7645 0.6419 0.0586
vn 0.9708 -0.0050 0.2397
vn 0.6290 0.7739 0.0739
vn -0.0826 0.9962 0.0261
vn 0.6279 0.7449 0.2257
vn -0.0762 -0.9967 0.0263
vn -0.9464 0.0044 -0.3229
vn -0.6203 -0.7817 -0.0649
vn 0.6236 -0.7776 0.0807
vn 0.8858 -0.0581 0.4604
vn 0.8305 -0.3419 0.4398
vn -0.5437 -0.8156 -0.1981
vn 0.5864 -0.7793 0.2208
vn 0.1796 -0.9182 0.3529
vn 0.2417 -0.9670 0.0801
vn 0.0383 -0.6446 -0.7636
vn -0.1370 0.9532 -0.2695
vn 0.6552 0.4089 -0.6353
vn 0.4445 0.8321 0.3318
vn 0.2013 0.9335 0.2968
vn 0.3682 -0.4801 0.7962
vn 0.1970 -0.9803 -0.0145
vn -0.2795 -0.9599 -0.0237
vn 0.3936 -0.9133 -0.1050
vn -0.2884 0.9572 -0.0236
vn -0.9478 0.0028 0.3190
vn -0.6238 0.7787 0.0669
vn 0.6236 0.7776 -0.0807
vn 0.8858 0.0581 -0.4604
vn 0.8305 0.3419 -0.4398
vn -0.5546 0.8066 0.2046
vn 0.5863 0.7794 -0.2208
vn 0.1796 0.9183 -0.3529
vn 0.0943 0.9898 0.1064
vn 0.3536 0.5857 0.7293
vn 0.1690 -0.9830 0.0720
vn 0.4444 -0.8321 -0.3318
vn 0.2012 -0.9335 -0.2968
vn -0.4537 -0.8697 0.1946
vn 0.3868 -0.9187 0.0792
vn 0.9085 -0.4171 0.0261
vn 0.4082 -0.8879 0.2123
vn -0.8339 0.5513 0.0268
vn 0.4610 0.8245 -0.3281
vn -0.3668 0.9280 -0.0649
vn -0.9852 -0.1512 0.0807
vn -0.4934 -0.7380 0.4604
vn -0.7113 -0.5483 0.4398
vn -0.4345 0.8786 -0.1981
vn -0.9682 -0.1180 0.2208
vn -0.8851 0.3036 0.3528
vn -0.7228 0.5489 -0.4199
vn -0.4990 -0.5927 -0.6322
vn 0.3873 -0.0198 -0.9217
vn 0.5155 -0.8288 -0.2179
vn 0.4984 -0.8010 0.3318
vn 0.7078 -0.6410 0.2969
vn -0.4879 -0.8380 -0.2444
vn -0.9849 -0.1577 -0.0719
vn -0.8216 0.5695 -0.0259
vn -0.9564 -0.1844 -0.2264
vn 0.9016 -0.4317 -0.0260
vn 0.4714 0.8115 0.3454
vn 0.9863 0.1509 0.0669
vn 0.3616 -0.9288 -0.0807
vn -0.3926 -0.7961 -0.4604
vn -0.1192 -0.8902 -0.4398
vn 0.9758 0.0769 0.2046
vn 0.3818 -0.8975 -0.2208
vn 0.7054 -0.6147 -0.3529
vn 0.7890 -0.4700 0.3957
vn -0.3055 -0.5299 0.7911
vn -0.7998 0.4504 0.3968
vn -0.9428 0.0313 -0.3318
vn -0.9090 0.2925 -0.2967
vn -0.4608 0.8496 0.2565
vn -0.9809 0.1789 0.0764
vn -0.6242 -0.7807 0.0295
vn -0.9542 0.1902 0.2308
vn 0.8500 0.5260 0.0296
vn 0.8132 -0.5393 -0.2187
vn 0.9873 0.1559 -0.0309
vn 0.3616 0.9288 0.0807
vn -0.3926 0.7962 0.4604
vn -0.1191 0.8902 0.4398
vn 0.9670 0.2325 -0.1044
vn 0.3817 0.8975 0.2208
vn 0.7054 0.6147 0.3529
vn 0.7683 0.3842 -0.5119
vn 0.0569 -0.7018 -0.7101
vn -0.3377 0.6568 -0.6742
vn -0.9613 -0.2651 -0.0746
vn -0.9428 -0.0312 0.3318
vn -0.9091 -0.2924 0.2968
vn -0.4487 0.8623 -0.2346
vn 0.3833 0.9209 -0.0710
vn 0.9106 0.4125 -0.0247
vn 0.3599 0.9072 -0.2180
vn -0.8468 -0.5313 -0.0260
vn 0.4422 -0.8488 0.2898
vn -0.4030 -0.9127 0.0675
vn -0.9852 0.1512 -0.0807
vn -0.4932 0.7381 -0.4604
vn -0.7113 0.5483 -0.4398
vn -0.4336 -0.8771 0.2067
vn -0.9681 0.1181 -0.2208
vn -0.8850 -0.3036 -0.3529
vn -0.6799 -0.5625 0.4704
vn -0.5363 0.5653 0.6268
vn 0.4153 0.0846 0.9058
vn 0.9713 -0.1208 0.2051
vn 0.6123 0.7797 0.1309
vn 0.4984 0.8009 -0.3318
vn 0.7078 0.6410 -0.2968
vn -0.7091 0.4095 0.5740
vn -0.0003 0.8186 0.5743
vn -0.4082 0.9119 -0.0414
vn -0.5865 0.8089 -0.0407
vn -0.5860 0.8093 0.0402
vn -0.4082 0.9119 0.0416
vn 0.4076 0.9122 -0.0407
vn 0.4084 0.9119 0.0408
vn 0.5862 0.8092 0.0399
vn 0.5864 0.8090 -0.0406
vn 0.9933 0.1082 0.0398
vn 0.9938 -0.1031 0.0403
vn 0.9933 -0.1081 -0.0400
vn 0.9937 0.1038 -0.0411
vn 0.5857 -0.8095 0.0403
vn 0.4074 -0.9124 0.0407
vn 0.4073 -0.9123 -0.0414
vn 0.5856 -0.8095 -0.0412
vn -0.4073 -0.9124 0.0406
vn -0.5857 -0.8095 0.0401
vn -0.5860 -0.8093 -0.0402
vn -0.7097 -0.4100 0.5729
vn -0.4076 -0.9122 -0.0424
vn -0.9939 -0.1026 0.0407
vn -0.9936 0.1059 0.0404
vn -0.9938 0.1035 -0.0412
vn -0.9936 -0.1057 -0.0405
vn -0.1049 0.8120 -0.5741
vn 0.1060 -0.8135 -0.5718
vn -0.9636 0.2133 -0.1612
vn -0.9783 0.1771 0.1079
vn 0.0530 -0.9930 0.1053
vn 0.3808 -0.9012 0.2071
vn 0.3354 -0.9361 0.1060
vn 0.8500 0.5122 0.1231
vn 0.5901 0.7803 0.2071
vn -0.0164 0.5386 0.8424
vn -0.0035 0.0001 1.0000
vn 0.6336 -0.7701 0.0745
vn 0.6321 -0.7408 0.2272
vn -0.0000 -0.9262 0.3771
vn -0.5495 0.8112 -0.2002
vn 0.6830 0.7249 0.0892
vn 0.8430 0.3358 0.4203
vn -0.6263 0.7768 -0.0657
vn -0.0126 0.0002 -0.9999
vn 0.1665 0.9860 -0.0122
vn 0.3356 0.9377 -0.0896
vn -0.0000 0.9262 -0.3771
vn -0.5586 -0.8035 0.2060
vn 0.6831 -0.7249 -0.0892
vn 0.8430 -0.3358 -0.4203
vn -0.6279 -0.7753 0.0675
vn 0.0015 0.0037 1.0000
vn -0.9790 -0.1851 0.0860
vn -0.9620 -0.1491 0.2287
vn -0.8022 0.4630 0.3770
vn 0.9772 0.0703 -0.2002
vn 0.8660 -0.5000 0.0001
vn 0.2861 -0.9540 0.0892
vn -0.1308 -0.8979 0.4203
vn 0.9859 0.1540 -0.0657
vn 0.0021 0.0033 -1.0000
vn 0.3498 -0.9340 -0.0726
vn 0.3124 -0.9222 -0.2280
vn 0.8021 -0.4631 -0.3771
vn -0.4165 0.8855 0.2060
vn -0.9693 -0.2290 -0.0892
vn -0.7123 -0.5621 -0.4203
vn -0.3575 0.9315 0.0675
vn 0.0023 -0.0072 1.0000
vn 0.3775 0.9232 0.0718
vn 0.3544 0.9089 0.2196
vn 0.8021 0.4631 0.3771
vn -0.6853 -0.7238 -0.0807
vn -0.8661 -0.4999 0.0001
vn -0.9693 0.2290 0.0892
vn -0.7123 0.5622 0.4203
vn -0.3027 -0.9522 -0.0404
vn 0.0018 -0.0025 -1.0000
vn -0.9798 0.1847 -0.0769
vn -0.9526 0.1963 -0.2323
vn -0.8021 -0.4631 -0.3771
vn 0.8661 0.4999 -0.0000
vn 0.2863 0.9540 -0.0892
vn -0.1307 0.8979 -0.4203
vn 0.9810 -0.1787 0.0751
vt 0.738767 0.845818
vt 0.825435 0.681109
vt 0.734897 0.690856
vt 0.879032 0.507138
vt 0.894610 0.725254
vt 0.681115 0.460300
vt 0.802620 0.532196
vt 0.786812 0.380951
vt 0.643671 0.665997
vt 0.724699 0.539348
vt 0.764881 0.693037
vt 0.807086 0.660752
vt 0.776801 0.536295
vt 0.739551 0.564476
vt 0.830714 0.560762
vt 0.830668 0.683617
vt 0.760480 0.738049
vt 0.683535 0.464456
vt 0.694703 0.656547
vt 0.647261 0.665801
vt 0.740711 0.839739
vt 0.756990 0.758271
vt 0.890640 0.723354
vt 0.840800 0.693607
vt 0.876361 0.510306
vt 0.839244 0.551740
vt 0.780775 0.470802
vt 0.786469 0.387253
vt 0.714525 0.520692
vt 0.754738 0.772201
vt 0.686672 0.658988
vt 0.709156 0.511299
vt 0.781549 0.456805
vt 0.845450 0.545015
vt 0.848541 0.699862
vt 0.498448 0.276263
vt 0.464846 0.585498
vt 0.449048 0.570490
vt 0.537076 0.292221
vt 0.896450 0.053681
vt 0.855864 0.076044
vt 1.038293 0.356678
vt 1.023591 0.364619
vt 0.091185 0.676216
vt 0.313539 0.806651
vt 0.320059 0.832757
vt 0.024185 0.367829
vt 0.104648 0.661489
vt 0.057923 0.350212
vt 0.121056 0.641703
vt 0.477485 0.597093
vt 0.307014 0.772859
vt 0.520565 0.283936
vt 0.038744 0.359434
vt 1.057781 0.346860
vt 1.012478 0.036767
vt 1.034916 0.035551
vt 0.661564 0.428499
vt 0.620313 0.665581
vt 0.614759 0.664967
vt 0.675745 0.452039
vt 0.789231 0.341472
vt 0.787290 0.368197
vt 0.896160 0.487453
vt 0.884402 0.500975
vt 0.902679 0.728989
vt 0.721355 0.883461
vt 0.733110 0.858375
vt 0.920419 0.734102
vt 0.900303 0.482713
vt 0.926804 0.735453
vt 0.635746 0.666108
vt 0.715212 0.892228
vt 0.665404 0.434594
vt 0.789838 0.332004
vt 0.180927 0.699794
vt 0.099202 0.665644
vt 0.104808 0.527232
vt 0.047621 0.578252
vt 0.125975 0.794631
vt 0.906115 0.827200
vt 0.929930 0.735024
vt 0.927985 0.639324
vt 0.891420 0.644575
vt 0.857672 0.789275
vt 0.217553 0.248451
vt 0.248444 0.169532
vt 0.304383 0.228439
vt 0.317264 0.191478
vt 0.197514 0.220035
vt 1.065304 0.152152
vt 0.894054 0.068702
vt 0.467500 0.084261
vt 0.655851 0.130120
vt 0.945301 0.185464
vt 0.840962 0.361394
vt 0.790574 0.328020
vt 0.734275 0.338674
vt 0.744530 0.400565
vt 0.824080 0.420040
vt 0.402350 0.645250
vt 0.469645 0.589546
vt 0.460466 0.716612
vt 0.513993 0.497235
vt 0.457273 0.456199
vt 0.268366 0.323869
vt 0.264064 0.327577
vt 0.273314 0.325433
vt 1.263003 0.321972
vt 0.778839 0.499672
vt 0.795178 0.421095
vt 0.770884 0.433089
vt 1.269269 0.328317
vt 0.783653 0.439191
vt 0.778386 0.339439
vt 0.801235 0.338210
vt 0.780647 0.163772
vt 0.845288 0.180062
vt 0.881398 0.107617
vt 0.800443 0.087525
vt 1.202434 0.143356
vt 0.263955 0.125962
vt 0.220167 0.146166
vt 0.199480 0.139047
vt 0.270007 0.247761
vt 0.259008 0.288076
vt 0.252629 0.252106
vt 1.247348 0.225506
vt 0.366663 0.293933
vt 0.367964 0.480171
vt 0.359252 0.470402
vt 0.380024 0.286858
vt 0.251673 0.184150
vt 0.251228 0.181677
vt 0.163519 0.335980
vt 0.162103 0.335861
vt 0.194031 0.523775
vt 0.287569 0.590737
vt 0.287844 0.593072
vt 0.194903 0.521981
vt 0.174743 0.338122
vt 0.202141 0.508706
vt 0.286142 0.571772
vt 0.369351 0.481684
vt 0.378331 0.287459
vt 0.255127 0.203426
vt 0.233094 0.533127
vt 0.189021 0.532313
vt 0.192720 0.444723
vt 0.174574 0.461463
vt 0.223942 0.567651
vt 0.332289 0.507948
vt 0.374681 0.487968
vt 0.346028 0.537820
vt 0.381574 0.413109
vt 0.361837 0.404868
vt 1.249445 0.435726
vt 0.825344 0.679810
vt 0.866636 0.735124
vt 0.865620 0.687321
vt 1.249335 0.423411
vt 1.243386 0.422051
vt 0.859203 0.705271
vt 0.922195 0.713486
vt 0.923095 0.753558
vt 1.028612 0.683553
vt 1.039903 0.740025
vt 0.054510 0.672844
vt 0.088160 0.706447
vt 0.070794 0.729507
vt 0.166154 0.542282
vt 0.181009 0.576996
vt 0.183885 0.565625
vt 0.223518 0.485886
vt 0.229992 0.444337
vt 0.236170 0.459298
vt 0.251362 0.430966
vt 1.214037 0.505961
vt 1.182433 0.571238
vt 0.301783 0.410607
vt 0.304450 0.404333
vt 0.300711 0.418576
vt 0.664326 0.641295
vt 0.710710 0.650995
vt 0.676022 0.684603
vt 0.620721 0.684668
vt 0.617609 0.645758
vt 0.521273 0.657401
vt 0.530760 0.601533
vt 0.491712 0.581889
vt 0.387268 0.527902
vt 0.397982 0.488750
vt 0.391996 0.487248
vt 0.383154 0.518131
vt 0.352191 0.462407
vt 0.319142 0.438243
vt 0.339602 0.434878
vt 0.348022 0.436279
vt 0.358336 0.434335
vt 0.364245 0.437432
vt 0.352037 0.435189
vt 0.350767 0.420291
vt 0.350151 0.419369
vt 0.345292 0.418300
vt 0.345315 0.442883
vt 0.339408 0.420342
vt 0.333187 0.425930
vt 0.330977 0.434969
vt 0.345408 0.439562
vt 0.334593 0.447611
vt 0.340719 0.457440
vt 0.335243 0.446591
vt 0.343372 0.487441
vt 0.347700 0.495735
vt 0.340488 0.476502
vt 0.333506 0.482328
vt 0.332093 0.480422
vt 0.329807 0.474464
vt 0.340191 0.461388
vt 0.327537 0.463809
vt 0.326495 0.450660
vt 0.331412 0.438376
vt 0.338860 0.463172
vt 0.343958 0.445755
vt 0.222137 0.498328
vt 0.219704 0.518026
vt 0.216560 0.528127
vt 0.221123 0.506013
vt 0.229026 0.508322
vt 0.229445 0.507496
vt 0.231528 0.498926
vt 0.219838 0.491007
vt 0.232313 0.487488
vt 0.231613 0.474207
vt 0.222607 0.461651
vt 0.225987 0.476470
vt 0.221037 0.492254
vt 0.214077 0.477561
vt 0.211064 0.469923
vt 0.199112 0.472675
vt 0.193870 0.478213
vt 0.205167 0.470799
vt 0.205077 0.455466
vt 0.206409 0.453429
vt 0.209941 0.451150
vt 0.212716 0.475240
vt 0.215683 0.450555
vt 0.222192 0.453211
vt 0.226377 0.469341
vt 0.211954 0.472159
vt 0.218572 0.487507
vt 0.248823 0.245988
vt 0.235332 0.230122
vt 0.230491 0.220105
vt 0.242245 0.238061
vt 0.236296 0.250977
vt 0.238616 0.261464
vt 0.240400 0.259720
vt 0.252990 0.242890
vt 0.246617 0.266462
vt 0.254653 0.271763
vt 0.247101 0.255543
vt 0.266107 0.261071
vt 0.250952 0.244491
vt 0.265292 0.240252
vt 0.272738 0.237527
vt 0.281865 0.218808
vt 0.283871 0.207183
vt 0.277147 0.229535
vt 0.286867 0.238754
vt 0.288530 0.239868
vt 0.284687 0.248960
vt 0.268187 0.239191
vt 0.279962 0.258321
vt 0.273186 0.267218
vt 0.258626 0.265985
vt 0.267022 0.254181
vt 0.270287 0.239749
vt 0.255723 0.242600
vt 0.722682 0.533716
vt 0.706546 0.652253
vt 0.716847 0.544547
vt 0.703871 0.637434
vt 0.671368 0.640177
vt 0.692685 0.510875
vt 0.749907 0.736264
vt 0.732911 0.790514
vt 0.674433 0.684440
vt 0.707649 0.667751
vt 0.857980 0.729939
vt 0.769759 0.800328
vt 0.770612 0.741957
vt 0.826700 0.697866
vt 0.862427 0.551980
vt 0.868309 0.688239
vt 0.835525 0.670375
vt 0.834963 0.574096
vt 0.794862 0.434401
vt 0.851283 0.512850
vt 0.827574 0.546416
vt 0.780148 0.490293
vt 0.787874 0.491247
vt 0.707603 0.477540
vt 0.772112 0.428912
vt 0.772448 0.487092
vt 0.727312 0.521378
vt 0.809357 0.582095
vt 0.730834 0.641107
vt 1.272816 0.317343
vt 1.262781 0.131468
vt 1.270544 0.284647
vt 1.269441 0.252603
vt 1.268906 0.220241
vt 1.259113 0.140286
vt 1.268149 0.328599
vt 0.260802 0.135801
vt 0.257657 0.219966
vt 0.271182 0.284516
vt 1.259644 0.288082
vt 1.254321 0.256176
vt 1.224346 0.149196
vt 1.169230 0.540184
vt 1.230427 0.444963
vt 1.217388 0.465354
vt 1.075693 0.663737
vt 1.204545 0.485018
vt 1.174004 0.537830
vt 0.245962 0.418941
vt 0.247799 0.427031
vt 1.249979 0.424872
vt 0.073360 0.662480
vt 0.171680 0.538915
vt 0.208158 0.497563
vt 0.215134 0.467381
vt 1.088985 0.702726
vt 1.235839 0.458592
vt 1.224692 0.481797
vt 1.184746 0.561219
vt 0.335377 0.458236
vt 0.481665 0.627614
vt 0.676788 0.660020
vt 0.686959 0.623881
vt 0.329325 0.440098
vt 0.693995 0.690446
vt 0.330307 0.436466
vt 1.216560 0.528127
vt 1.225704 0.527065
vt 0.836904 0.727517
vt 1.219112 0.510634
vt 0.226230 0.462155
vt 1.229026 0.508322
vt 1.193870 0.478213
vt 1.195145 0.457749
vt 0.852233 0.666928
vt 1.204043 0.474882
vt 0.227613 0.465239
vt 1.205077 0.455466
vt 0.797701 0.468399
vt 1.230491 0.220105
vt 1.221696 0.233446
vt 1.241435 0.232188
vt 0.265226 0.268894
vt 1.227585 0.248737
vt 1.236296 0.250977
vt 0.765696 0.458777
vt 0.262503 0.269562
s 1
usemtl barrel_dark
f 8/1/1 37/2/2 36/3/3
f 22/4/4 37/2/2 17/5/5
f 2/6/6 41/7/7 27/8/8
f 7/9/9 43/10/10 2/6/6
f 37/2/2 38/11/11 36/3/3
f 41/7/7 39/12/12 37/2/2
f 43/10/10 42/13/13 41/7/7
f 36/3/3 44/14/14 43/10/10
f 42/13/13 44/14/14 38/11/11
f 14/15/15 15/16/16 16/17/17
f 55/18/18 47/19/19 50/20/20
f 58/21/21 47/19/19 49/22/22
f 57/23/23 49/22/22 51/24/24
f 56/25/25 51/24/24 52/26/26
f 56/25/25 53/27/27 54/28/28
f 54/28/28 48/29/29 55/18/18
f 57/23/23 59/30/30 58/21/21
f 58/21/21 61/31/31 50/20/20
f 55/18/18 61/31/31 62/32/32
f 54/28/28 62/32/32 63/33/33
f 56/25/25 63/33/33 64/34/34
f 56/25/25 60/35/35 57/23/23
f 79/36/36 66/37/37 80/38/38
f 69/39/39 67/40/40 68/41/41
f 68/41/41 71/42/42 70/43/43
f 74/44/44 73/45/45 75/46/46
f 70/47/43 72/48/47 74/44/44
f 74/44/44 76/49/48 70/47/43
f 75/46/46 77/50/49 74/44/44
f 82/51/50 81/52/51 75/46/46
f 82/51/50 65/53/52 69/39/39
f 82/51/50 73/45/45 66/37/37
f 81/52/51 72/48/47 77/50/49
f 77/50/49 71/54/42 76/49/48
f 76/55/48 67/40/40 78/56/53
f 78/56/53 65/53/52 79/36/36
f 80/38/38 73/45/45 81/52/51
f 82/51/50 79/36/36 80/38/38
f 68/41/41 79/36/36 69/39/39
f 70/43/43 78/57/53 68/41/41
f 97/58/54 84/59/55 98/60/56
f 87/61/57 85/62/58 86/63/59
f 86/63/59 89/64/42 88/65/43
f 92/66/60 91/67/61 93/68/62
f 88/65/43 90/69/63 92/66/60
f 92/66/60 94/70/64 88/65/43
f 93/68/62 95/71/65 92/66/60
f 100/72/66 99/73/67 93/68/62
f 100/72/66 83/74/68 87/61/57
f 93/68/62 84/59/55 100/72/66
f 99/73/67 90/69/63 95/71/65
f 95/71/65 89/64/42 94/70/64
f 94/70/64 85/62/58 96/75/69
f 96/75/69 83/74/68 97/58/54
f 98/60/56 91/67/61 99/73/67
f 87/61/57 98/60/56 100/72/66
f 86/63/59 97/58/54 87/61/57
f 88/65/43 96/75/69 86/63/59
f 103/76/70 105/77/71 101/78/72
f 101/78/72 105/77/71 102/79/73
f 104/80/74 105/77/71 103/76/70
f 104/80/74 101/78/72 102/79/73
f 108/81/70 110/82/75 106/83/72
f 106/83/72 110/82/75 107/84/73
f 109/85/74 110/82/75 108/81/70
f 109/85/74 106/83/72 107/84/73
f 113/86/76 115/87/77 111/88/78
f 111/88/78 115/87/77 112/89/79
f 114/90/80 115/87/77 113/86/76
f 114/90/80 111/88/78 112/89/79
f 118/91/81 120/92/82 116/93/83
f 116/93/83 120/92/82 117/94/84
f 119/95/85 120/92/82 118/91/81
f 117/94/84 118/91/81 116/93/83
f 122/96/76 125/97/77 124/98/78
f 124/98/78 125/97/77 121/99/86
f 123/100/80 125/97/77 122/96/76
f 123/100/80 124/98/78 121/99/86
f 126/101/87 130/102/88 127/103/89
f 129/104/90 130/102/88 128/105/91
f 129/104/90 126/101/87 127/103/89
f 152/106/92 132/107/93 150/108/94
f 132/109/93 133/110/95 151/111/96
f 134/112/97 152/113/92 150/108/94
f 151/111/96 135/114/98 131/115/99
f 131/115/99 136/116/100 151/111/96
f 136/116/100 138/117/101 137/118/102
f 138/117/101 139/119/103 137/118/102
f 140/120/104 141/121/105 139/119/103
f 142/122/106 143/123/107 141/124/105
f 146/125/108 148/126/109 147/127/110
f 148/126/109 150/108/94 132/107/93
f 145/128/111 132/109/93 141/121/105
f 131/115/99 133/110/95 134/112/97
f 166/129/112 154/130/113 167/131/114
f 157/132/115 155/133/58 156/134/116
f 156/134/116 159/135/42 158/136/117
f 161/137/118 170/138/119 162/139/120
f 158/136/117 160/140/121 161/137/118
f 161/137/118 163/141/64 158/136/117
f 162/139/120 164/142/122 161/137/118
f 162/139/120 167/131/114 168/143/123
f 169/144/124 153/145/125 157/132/115
f 162/139/120 154/130/113 169/144/124
f 168/143/123 160/140/121 164/142/122
f 164/142/122 159/135/42 163/141/64
f 163/141/64 155/133/58 165/146/126
f 165/146/126 153/145/125 166/129/112
f 167/131/114 170/138/119 168/143/123
f 157/132/115 167/131/114 169/144/124
f 156/134/116 166/129/112 157/132/115
f 158/136/117 165/146/126 156/134/116
f 173/147/70 175/148/127 171/149/128
f 171/149/128 175/148/127 172/150/129
f 174/151/130 175/148/127 173/147/70
f 174/151/130 171/149/128 172/150/129
f 176/152/87 180/153/88 177/154/89
f 179/155/90 180/153/88 178/156/91
f 179/155/90 176/152/87 177/154/89
f 182/157/131 202/158/132 201/159/133
f 184/160/134 183/161/135 200/162/136
f 201/159/133 185/163/137 181/164/138
f 181/164/138 186/165/139 201/159/133
f 186/165/139 188/166/140 187/167/141
f 188/168/140 189/169/142 187/170/141
f 189/169/142 192/171/143 191/172/144
f 192/171/143 193/173/145 191/172/144
f 197/174/146 199/175/147 198/176/148
f 199/175/147 182/177/131 198/176/148
f 195/178/149 182/157/131 191/179/144
f 201/159/133 202/158/132 185/163/137
f 184/160/134 185/163/137 202/158/132
f 206/180/150 205/181/151 222/182/152
f 223/183/153 206/180/150 208/184/154
f 207/185/155 206/180/150 222/182/152
f 203/186/156 210/187/157 223/183/153
f 210/187/157 212/188/158 211/189/159
f 212/188/158 213/190/160 211/189/159
f 213/190/160 216/191/161 215/192/162
f 216/191/161 217/193/163 215/192/162
f 218/194/164 219/195/165 217/193/163
f 221/196/166 205/181/151 220/197/167
f 219/195/165 205/181/151 215/192/162
f 203/186/156 208/184/154 207/185/155
f 225/198/168 226/199/169 224/200/170
f 225/198/168 236/201/171 226/199/169
f 228/202/172 234/203/173 227/204/174
f 227/204/175 230/205/176 228/202/177
f 227/204/174 234/203/173 229/206/178
f 229/206/179 230/205/176 227/204/175
f 232/207/180 230/205/176 229/206/179
f 229/206/178 234/203/173 232/207/181
f 225/198/168 232/207/181 233/208/182
f 235/209/183 238/210/184 234/203/173
f 225/198/168 235/209/183 236/201/171
f 236/201/185 230/205/176 237/211/186
f 225/198/168 233/208/182 238/210/184
f 250/212/187 241/213/188 240/214/189
f 250/212/187 252/215/190 241/213/188
f 243/216/191 248/217/192 242/218/193
f 242/218/194 245/219/195 243/216/196
f 242/218/193 248/217/192 244/220/197
f 244/220/198 245/219/195 242/218/194
f 247/221/199 245/219/195 244/220/198
f 244/220/197 248/217/192 247/221/200
f 248/217/192 250/212/187 249/222/201
f 251/223/202 250/212/187 248/217/192
f 250/212/187 251/223/202 252/215/190
f 252/215/203 245/219/195 253/224/204
f 256/225/205 257/226/206 255/227/207
f 256/225/205 268/228/208 257/226/206
f 259/229/209 266/230/210 258/231/211
f 258/231/212 261/232/213 259/229/214
f 258/231/211 266/230/210 260/233/215
f 260/233/216 261/232/213 258/231/212
f 263/234/217 261/232/213 260/233/216
f 260/233/215 266/230/210 263/234/218
f 256/225/205 263/234/218 264/235/219
f 266/230/210 265/236/220 264/235/219
f 267/237/221 265/236/220 266/230/210
f 256/225/205 265/236/220 267/237/221
f 256/225/205 267/237/221 268/228/208
f 268/228/222 261/232/213 269/238/223
f 264/235/219 265/236/220 256/225/205
f 273/239/224 274/240/225 272/241/226
f 273/239/224 284/242/227 274/240/225
f 276/243/228 281/244/229 275/245/230
f 275/245/231 278/246/232 276/243/233
f 275/245/230 281/244/229 277/247/234
f 277/247/235 278/246/232 275/245/231
f 280/248/236 278/246/232 277/247/235
f 277/247/234 281/244/229 280/248/237
f 273/239/224 280/248/237 282/249/238
f 283/250/239 282/249/238 281/244/229
f 273/239/224 283/250/239 284/242/227
f 284/242/240 278/246/232 285/251/241
f 287/252/242 288/253/243 286/254/244
f 287/252/242 299/255/245 288/253/243
f 290/256/246 295/257/247 289/258/248
f 289/258/249 292/259/250 290/256/251
f 289/258/248 295/257/247 291/260/252
f 291/260/253 292/259/250 289/258/249
f 294/261/254 292/259/250 291/260/253
f 291/260/252 295/257/247 294/261/255
f 295/257/247 297/262/256 296/263/257
f 298/264/258 296/263/257 297/262/256
f 287/252/242 298/264/258 299/255/245
f 299/255/259 292/259/250 300/265/260
f 303/266/261 304/267/262 302/268/263
f 303/266/261 315/269/264 304/267/262
f 306/270/265 311/271/266 305/272/267
f 305/272/268 308/273/269 306/270/270
f 305/272/267 311/271/266 307/274/271
f 307/274/272 308/273/269 305/272/268
f 310/275/273 308/273/269 307/274/272
f 307/274/271 311/271/266 310/275/274
f 303/266/261 310/275/274 312/276/275
f 311/271/266 313/277/276 312/276/275
f 315/269/277 313/277/276 311/271/266
f 303/266/261 313/277/276 314/278/278
f 303/266/261 314/278/278 315/269/264
f 315/269/279 308/273/269 316/279/280
f 312/276/275 313/277/276 303/266/261
f 3/280/281 12/281/282 5/282/283
f 5/282/283 12/281/282 6/283/284
f 12/281/282 7/9/9 6/283/284
f 6/283/284 7/9/9 1/284/285
f 7/9/9 2/6/6 1/284/285
f 1/284/285 2/6/6 4/285/286
f 2/6/6 3/280/281 4/285/286
f 4/285/286 3/280/281 5/282/283
f 6/283/284 1/284/285 4/285/286
f 4/285/286 5/282/283 6/283/284
f 16/17/17 8/1/1 10/286/287
f 10/286/287 8/1/1 9/287/288
f 8/1/1 7/9/9 9/287/288
f 9/287/288 7/9/9 46/288/289
f 12/281/282 16/17/17 11/289/290
f 11/289/290 16/17/17 10/286/287
f 7/9/9 12/281/282 46/288/289
f 46/288/289 12/281/282 11/289/290
f 17/5/5 8/1/1 21/290/291
f 21/290/291 8/1/1 18/291/292
f 8/1/1 16/17/17 18/291/292
f 18/291/292 16/17/17 20/292/293
f 16/17/17 15/16/16 20/292/293
f 20/292/293 15/16/16 19/293/294
f 15/16/16 17/5/5 19/293/294
f 19/293/294 17/5/5 21/290/291
f 19/293/294 21/290/291 18/291/292
f 18/291/292 20/292/293 19/293/294
f 22/4/4 17/5/5 25/294/295
f 25/294/295 17/5/5 23/295/296
f 17/5/5 15/16/16 23/295/296
f 23/295/296 15/16/16 26/296/297
f 15/16/16 14/15/15 26/296/297
f 26/296/297 14/15/15 24/297/298
f 14/15/15 22/4/4 24/297/298
f 24/297/298 22/4/4 25/294/295
f 24/297/298 25/294/295 23/295/296
f 23/295/296 26/296/297 24/297/298
f 27/8/8 22/4/4 30/298/299
f 30/298/299 22/4/4 28/299/300
f 22/4/4 14/15/15 28/299/300
f 28/299/300 14/15/15 31/300/301
f 14/15/15 13/301/302 31/300/301
f 31/300/301 13/301/302 29/302/303
f 13/301/302 27/8/8 29/302/303
f 29/302/303 27/8/8 30/298/299
f 29/302/303 30/298/299 28/299/300
f 28/299/300 31/300/301 29/302/303
f 2/6/6 27/8/8 34/303/304
f 34/303/304 27/8/8 32/304/305
f 27/8/8 13/301/302 32/304/305
f 32/304/305 13/301/302 35/305/306
f 13/301/302 3/280/281 35/305/306
f 35/305/306 3/280/281 33/306/307
f 3/280/281 2/6/6 33/306/307
f 33/306/307 2/6/6 34/303/304
f 33/306/307 34/303/304 32/304/305
f 32/304/305 35/305/306 33/306/307
f 8/1/1 17/5/5 37/2/2
f 7/9/9 8/1/1 36/3/3
f 22/4/4 41/7/7 37/2/2
f 22/4/4 27/8/8 41/7/7
f 2/6/6 43/10/10 41/7/7
f 7/9/9 36/3/3 43/10/10
f 37/2/2 39/12/12 38/11/11
f 41/7/7 40/307/308 39/12/12
f 41/7/7 42/13/13 40/307/308
f 43/10/10 44/14/14 42/13/13
f 36/3/3 45/308/309 44/14/14
f 44/14/14 45/308/309 38/11/11
f 38/11/11 39/12/12 40/307/308
f 40/307/308 42/13/13 38/11/11
f 36/3/3 38/11/11 45/308/309
f 16/17/17 12/281/282 14/15/15
f 12/281/282 3/280/281 14/15/15
f 3/280/281 13/301/302 14/15/15
f 10/286/287 9/287/288 46/288/289
f 46/288/289 11/289/290 10/286/287
f 55/18/18 48/29/29 47/19/19
f 58/21/21 50/20/20 47/19/19
f 57/23/23 58/21/21 49/22/22
f 56/25/25 57/23/23 51/24/24
f 56/25/25 52/26/26 53/27/27
f 54/28/28 53/27/27 48/29/29
f 57/23/23 60/35/35 59/30/30
f 58/21/21 59/30/30 61/31/31
f 55/18/18 50/20/20 61/31/31
f 54/28/28 55/18/18 62/32/32
f 56/25/25 54/28/28 63/33/33
f 56/25/25 64/34/34 60/35/35
f 79/36/36 65/53/52 66/37/37
f 69/39/39 65/53/52 67/40/40
f 68/41/41 67/40/40 71/42/42
f 74/44/44 72/48/47 73/45/45
f 70/47/43 71/54/42 72/48/47
f 74/44/44 77/50/49 76/49/48
f 75/46/46 81/52/51 77/50/49
f 82/51/50 80/38/38 81/52/51
f 82/51/50 66/37/37 65/53/52
f 82/51/50 75/46/46 73/45/45
f 81/52/51 73/45/45 72/48/47
f 77/50/49 72/48/47 71/54/42
f 76/55/48 71/42/42 67/40/40
f 78/56/53 67/40/40 65/53/52
f 80/38/38 66/37/37 73/45/45
f 82/51/50 69/39/39 79/36/36
f 68/41/41 78/57/53 79/36/36
f 70/43/43 76/55/48 78/57/53
f 97/58/54 83/74/68 84/59/55
f 87/61/57 83/74/68 85/62/58
f 86/63/59 85/62/58 89/64/42
f 92/66/60 90/69/63 91/67/61
f 88/65/43 89/64/42 90/69/63
f 92/66/60 95/71/65 94/70/64
f 93/68/62 99/73/67 95/71/65
f 100/72/66 98/60/56 99/73/67
f 100/72/66 84/59/55 83/74/68
f 93/68/62 91/67/61 84/59/55
f 99/73/67 91/67/61 90/69/63
f 95/71/65 90/69/63 89/64/42
f 94/70/64 89/64/42 85/62/58
f 96/75/69 85/62/58 83/74/68
f 98/60/56 84/59/55 91/67/61
f 87/61/57 97/58/54 98/60/56
f 86/63/59 96/75/69 97/58/54
f 88/65/43 94/70/64 96/75/69
f 104/80/74 102/79/73 105/77/71
f 104/80/74 103/76/70 101/78/72
f 109/85/74 107/84/73 110/82/75
f 109/85/74 108/81/70 106/83/72
f 114/90/80 112/89/79 115/87/77
f 114/90/80 113/86/76 111/88/78
f 119/95/85 117/94/84 120/92/82
f 117/94/84 119/95/85 118/91/81
f 123/100/80 121/99/86 125/97/77
f 123/100/80 122/96/76 124/98/78
f 126/101/87 128/105/91 130/102/88
f 129/104/90 127/103/89 130/102/88
f 129/104/90 128/105/91 126/101/87
f 134/112/97 150/309/94 142/310/106
f 150/309/94 149/311/310 146/312/108
f 131/115/99 134/112/97 138/117/101
f 142/310/106 140/120/104 138/117/101
f 145/313/111 144/314/311 142/310/106
f 150/309/94 146/312/108 145/313/111
f 150/309/94 145/313/111 142/310/106
f 142/310/106 138/117/101 134/112/97
f 132/109/93 152/315/92 133/110/95
f 134/112/97 133/110/95 152/113/92
f 136/116/100 131/115/99 138/117/101
f 138/117/101 140/120/104 139/119/103
f 140/120/104 142/310/106 141/121/105
f 142/122/106 144/316/311 143/123/107
f 143/123/107 144/316/311 145/317/111
f 145/317/111 146/125/108 147/127/110
f 146/125/108 149/318/310 148/126/109
f 148/126/109 149/318/310 150/108/94
f 137/118/102 151/111/96 136/116/100
f 137/118/102 139/119/103 141/121/105
f 132/109/93 151/111/96 141/121/105
f 148/319/109 132/109/93 147/320/110
f 147/320/110 132/109/93 145/128/111
f 151/111/96 137/118/102 141/121/105
f 141/121/105 143/321/107 145/128/111
f 151/111/96 133/110/95 135/114/98
f 131/115/99 135/114/98 133/110/95
f 166/129/112 153/145/125 154/130/113
f 157/132/115 153/145/125 155/133/58
f 156/134/116 155/133/58 159/135/42
f 161/137/118 160/140/121 170/138/119
f 158/136/117 159/135/42 160/140/121
f 161/137/118 164/142/122 163/141/64
f 162/139/120 168/143/123 164/142/122
f 162/139/120 169/144/124 167/131/114
f 169/144/124 154/130/113 153/145/125
f 162/139/120 170/138/119 154/130/113
f 168/143/123 170/138/119 160/140/121
f 164/142/122 160/140/121 159/135/42
f 163/141/64 159/135/42 155/133/58
f 165/146/126 155/133/58 153/145/125
f 167/131/114 154/130/113 170/138/119
f 157/132/115 166/129/112 167/131/114
f 156/134/116 165/146/126 166/129/112
f 158/136/117 163/141/64 165/146/126
f 174/151/130 172/150/129 175/148/127
f 174/151/130 173/147/70 171/149/128
f 176/152/87 178/156/91 180/153/88
f 179/155/90 177/154/89 180/153/88
f 179/155/90 178/156/91 176/152/87
f 184/160/134 200/162/136 192/322/143
f 200/162/136 199/323/147 196/324/312
f 181/164/138 184/160/134 188/166/140
f 192/322/143 190/325/313 188/166/140
f 195/326/149 194/327/314 192/322/143
f 200/162/136 196/324/312 195/326/149
f 200/162/136 195/326/149 192/322/143
f 192/322/143 188/166/140 184/160/134
f 200/328/136 183/329/135 182/177/131
f 182/157/131 183/330/135 202/158/132
f 184/160/134 202/158/132 183/161/135
f 186/165/139 181/164/138 188/166/140
f 188/168/140 190/331/313 189/169/142
f 189/169/142 190/331/313 192/171/143
f 192/171/143 194/332/314 193/173/145
f 193/173/145 194/332/314 195/333/149
f 195/333/149 196/334/312 197/174/146
f 197/174/146 196/334/312 199/175/147
f 199/175/147 200/328/136 182/177/131
f 187/167/141 201/159/133 186/165/139
f 187/167/141 189/335/142 191/179/144
f 182/157/131 201/159/133 191/179/144
f 198/336/148 182/157/131 197/337/146
f 197/337/146 182/157/131 195/178/149
f 201/159/133 187/167/141 191/179/144
f 191/179/144 193/338/145 195/178/149
f 184/160/134 181/164/138 185/163/137
f 207/185/155 222/182/152 216/191/161
f 222/182/152 221/196/166 204/339/315
f 203/186/156 207/185/155 212/188/158
f 216/191/161 214/340/316 212/188/158
f 219/195/165 218/194/164 216/191/161
f 222/182/152 204/339/315 219/195/165
f 222/182/152 219/195/165 216/191/161
f 216/191/161 212/188/158 207/185/155
f 223/183/153 205/181/151 206/180/150
f 207/185/155 208/184/154 206/180/150
f 203/186/156 223/183/153 209/341/317
f 210/187/157 203/186/156 212/188/158
f 212/188/158 214/340/316 213/190/160
f 213/190/160 214/340/316 216/191/161
f 216/191/161 218/194/164 217/193/163
f 219/195/165 204/339/315 220/197/167
f 204/339/315 221/196/166 220/197/167
f 221/196/166 222/182/152 205/181/151
f 211/189/159 223/183/153 210/187/157
f 211/189/159 213/190/160 215/192/162
f 205/181/151 223/183/153 215/192/162
f 220/197/167 205/181/151 219/195/165
f 223/183/153 211/189/159 215/192/162
f 215/192/162 217/193/163 219/195/165
f 223/183/153 208/184/154 209/341/317
f 203/186/156 209/341/317 208/184/154
f 224/200/170 234/203/173 239/342/318
f 225/198/168 224/200/170 239/342/318
f 225/198/168 228/202/172 227/204/319
f 225/198/168 227/204/319 229/206/320
f 232/207/180 231/343/321 230/205/176
f 232/207/181 234/203/173 233/208/182
f 225/198/168 229/206/320 232/207/181
f 234/203/173 238/210/184 233/208/182
f 236/201/322 235/209/183 234/203/173
f 225/198/168 238/210/184 235/209/183
f 235/209/88 236/201/185 237/211/186
f 236/201/185 226/199/323 230/205/176
f 226/199/323 224/200/324 230/205/176
f 224/200/324 228/202/177 230/205/176
f 226/199/325 236/201/322 234/203/173
f 224/200/170 226/199/325 234/203/173
f 234/203/173 228/202/172 239/342/318
f 239/342/318 228/202/172 225/198/168
f 240/214/189 248/217/192 254/344/326
f 250/212/187 240/214/189 254/344/326
f 249/222/201 243/216/191 242/218/327
f 249/222/201 242/218/327 244/220/328
f 247/221/199 246/345/329 245/219/195
f 247/221/200 248/217/192 249/222/201
f 249/222/201 244/220/328 247/221/200
f 252/215/330 251/223/202 248/217/192
f 251/223/42 252/215/203 253/224/204
f 252/215/203 241/213/331 245/219/195
f 241/213/331 240/214/332 245/219/195
f 240/214/332 243/216/196 245/219/195
f 241/213/333 252/215/330 248/217/192
f 240/214/189 241/213/333 248/217/192
f 248/217/192 243/216/191 254/344/326
f 243/216/191 249/222/201 254/344/326
f 254/344/326 249/222/201 250/212/187
f 255/346/207 266/347/210 270/348/334
f 256/349/205 255/346/207 270/348/334
f 256/225/205 259/229/209 258/231/335
f 256/225/205 258/231/335 260/233/336
f 263/234/217 262/350/337 261/232/213
f 263/234/218 266/230/210 264/235/219
f 256/225/205 260/233/336 263/234/218
f 268/228/338 267/237/221 266/230/210
f 267/237/339 268/228/222 269/238/223
f 268/228/222 257/226/340 261/232/213
f 257/226/340 255/227/341 261/232/213
f 255/227/341 259/229/214 261/232/213
f 257/226/342 268/228/338 266/230/210
f 255/227/207 257/226/342 266/230/210
f 266/347/210 259/351/209 270/348/334
f 259/351/209 256/349/205 270/348/334
f 272/352/226 281/353/229 271/354/343
f 273/355/224 272/352/226 271/354/343
f 273/239/224 276/243/228 275/245/344
f 273/239/224 275/245/344 277/247/345
f 280/248/236 279/356/346 278/246/232
f 280/248/237 281/244/229 282/249/238
f 273/239/224 277/247/345 280/248/237
f 284/242/347 283/250/239 281/244/229
f 273/239/224 282/249/238 283/250/239
f 283/250/68 284/242/240 285/251/241
f 284/242/240 274/240/348 278/246/232
f 274/240/348 272/241/349 278/246/232
f 272/241/349 276/243/233 278/246/232
f 274/240/350 284/242/347 281/244/229
f 272/241/226 274/240/350 281/244/229
f 281/353/229 276/357/228 271/354/343
f 276/357/228 273/355/224 271/354/343
f 301/358/351 286/359/244 297/360/256
f 287/361/242 286/359/244 301/358/351
f 287/252/242 290/256/246 289/258/352
f 287/252/242 289/258/352 291/260/353
f 294/261/254 293/362/354 292/259/250
f 294/261/255 295/257/247 296/263/257
f 287/252/242 294/261/255 296/263/257
f 287/252/242 291/260/353 294/261/255
f 299/255/355 298/264/258 297/262/256
f 287/252/242 296/263/257 298/264/258
f 298/264/356 299/255/259 300/265/260
f 299/255/259 288/253/357 292/259/250
f 288/253/357 286/254/358 292/259/250
f 286/254/358 290/256/251 292/259/250
f 288/253/359 299/255/355 297/262/256
f 286/254/244 288/253/359 297/262/256
f 301/358/351 295/363/247 290/364/246
f 290/364/246 287/361/242 301/358/351
f 297/360/256 295/363/247 301/358/351
f 317/365/360 302/268/263 311/271/266
f 303/266/261 302/268/263 317/365/360
f 303/266/261 306/270/265 305/272/361
f 303/266/261 305/272/361 307/274/362
f 310/275/273 309/366/363 308/273/269
f 310/275/274 311/271/266 312/276/275
f 303/266/261 307/274/362 310/275/274
f 315/269/277 314/278/278 313/277/276
f 314/278/364 315/269/279 316/279/280
f 315/269/279 304/267/365 308/273/269
f 304/267/365 302/268/366 308/273/269
f 302/268/366 306/270/270 308/273/269
f 304/267/367 315/269/277 311/271/266
f 302/268/263 304/267/367 311/271/266
f 311/271/266 306/270/265 317/365/360
f 306/270/265 303/266/261 317/365/360
o body
v -1.554575 1.621765 2.484601
v -1.759891 1.657809 2.489625
v -1.658649 1.728189 2.480755
v -1.659512 1.707601 2.489885
v -1.539347 1.669940 2.480740
v -1.777969 1.670056 2.480688
v -1.778926 1.670406 2.932349
v -1.779034 1.403195 2.932649
v -1.779074 1.403793 2.480984
v -1.658585 1.728773 2.932964
v -1.658913 1.344024 2.932460
v -1.538220 1.402887 2.932514
v -1.658242 1.345013 2.480692
v -1.538308 1.404108 2.480823
v -1.760665 1.447657 2.487788
v -1.557079 1.447978 2.487771
v -1.538321 1.670420 2.932345
v -1.557359 1.415293 2.489625
v -1.657739 1.365500 2.489886
v -1.759399 1.414486 2.489612
v -1.658199 1.396345 2.489807
v -1.659047 1.676132 2.489806
v -1.762395 1.622119 2.485117
v -1.557854 1.658616 2.489612
v -0.831041 1.669968 2.480741
v -0.950018 1.728214 2.480506
v -1.069539 1.670232 2.480780
v -1.070634 1.404060 2.480896
v -1.070661 1.670165 2.932425
v -1.070717 1.402869 2.932507
v -0.950137 1.346389 2.478308
v -0.950046 1.344137 2.932865
v -0.829866 1.403141 2.932598
v -0.829922 1.403764 2.481139
v -0.848770 1.447957 2.487787
v -1.052358 1.447677 2.487771
v -0.849049 1.415276 2.489620
v -0.949523 1.366000 2.491416
v -1.051088 1.414503 2.489618
v -0.949893 1.396345 2.489806
v -0.950583 1.728817 2.933228
v -0.830005 1.670429 2.932332
v -1.051576 1.657825 2.489620
v -0.951195 1.707603 2.489883
v -0.849539 1.658599 2.489618
v -0.846263 1.622334 2.485157
v -0.950742 1.676132 2.489806
v -1.053990 1.621631 2.484636
v -0.486744 1.678145 0.612162
v -0.907321 1.678809 0.612075
v -0.696936 1.896948 0.614392
v -0.461869 1.783220 0.614579
v -0.930851 1.782873 0.614381
v -0.932547 1.783443 1.502779
v -0.933022 1.259428 0.614961
v -0.933111 1.258113 1.502416
v -0.696841 1.142335 1.503362
v -0.459352 1.257519 1.502136
v -0.695481 1.143874 0.614388
v -0.896834 1.345660 0.628337
v -0.459820 1.782943 1.502933
v -0.695670 1.898902 1.502517
v -0.459660 1.260024 0.614755
v -0.497156 1.282035 0.631950
v -0.694493 1.184149 0.632462
v -0.695395 1.244786 0.632307
v -0.496605 1.346294 0.628304
v -0.894342 1.280448 0.631925
v -0.697062 1.794818 0.632307
v -0.893587 1.698225 0.637424
v -0.895310 1.758798 0.631950
v -0.697976 1.856682 0.632462
v -0.498128 1.760384 0.631925
v -0.498846 1.698224 0.637402
v -0.849049 1.467333 2.798016
v -0.933651 1.631327 2.798662
v -0.857842 1.467333 2.596653
v -0.937749 1.624606 2.597539
v -1.088999 1.623583 2.598956
v -1.091867 1.631348 2.799154
v -1.112954 1.685049 2.799341
v -0.910833 1.683107 2.800092
v -0.822245 1.684234 2.021236
v -1.205278 1.681391 2.019161
v -1.380636 1.467427 2.020543
v -1.238008 1.467278 2.798185
v -1.112697 1.249784 2.799798
v -1.205102 1.252606 2.020493
v -0.822249 1.250985 2.019810
v -0.910629 1.251354 2.799656
v -0.787132 1.467387 2.798187
v -0.644502 1.467238 2.020542
v -0.933489 1.303069 2.799195
v -0.937750 1.310059 2.597540
v -1.086975 1.310736 2.598346
v -1.167141 1.464760 2.595014
v -1.176212 1.466972 2.798079
v -1.091402 1.303476 2.798589
v -1.389918 1.231994 2.421324
v -1.392395 1.229141 1.820800
v -1.388290 1.706609 2.421625
v -0.739191 1.847554 0.976648
v -0.736853 1.843450 -0.153721
v -1.394153 1.702984 1.121107
v -0.897780 1.467332 -0.918313
v -0.519520 1.578695 -0.184933
v -0.736853 1.091215 -0.153720
v -1.392754 1.229458 1.120222
v -0.734578 1.089866 1.076198
v -0.517926 1.363174 -0.187518
v -0.520595 1.350310 2.060133
v -0.660672 1.139172 2.121912
v -0.652979 1.794854 2.118503
v -0.518954 1.583621 2.056268
v 1.827885 1.333089 2.672162
v 1.831915 1.332129 1.641873
v 1.830095 1.601298 2.670666
v 1.830809 1.602922 1.639667
v 1.391152 1.467332 0.677966
v 1.447276 1.682973 1.045213
v 1.457731 1.682171 2.519517
v 1.378867 1.597016 2.484906
v 1.324136 1.576903 0.948122
v 1.324544 1.357221 0.947963
v 1.376374 1.340544 2.481094
v 1.457685 1.252500 2.519505
v 1.447230 1.251696 1.045153
v 1.389187 1.232379 2.422688
v 1.391545 1.229467 1.781425
v 1.388992 1.706527 2.418904
v 0.739163 1.847629 0.971533
v 0.736685 1.842780 -0.157172
v 1.394153 1.702984 1.121108
v 0.897834 1.467332 -0.925495
v 0.518030 1.575695 -0.183924
v 0.518226 1.358668 -0.184147
v 0.736853 1.091215 -0.153721
v 1.392307 1.229060 1.120120
v 0.736083 1.089132 1.012835
v 0.522119 1.344116 2.060608
v 0.655402 1.139189 2.117577
v 0.652136 1.793114 2.118725
v 0.523293 1.593141 2.059506
v -1.827885 1.333089 2.672162
v -1.831915 1.332129 1.641874
v -1.830095 1.601298 2.670666
v -1.830809 1.602922 1.639667
v -1.447276 1.682973 1.045214
v -1.458555 1.683054 2.519892
v -1.378867 1.597016 2.484906
v -1.324119 1.576607 0.947242
v -1.324417 1.354654 0.953018
v -1.376782 1.339074 2.481171
v -1.461668 1.252511 2.521755
v -1.448750 1.250526 1.049409
v -1.391152 1.467332 0.677966
v -1.565720 1.579652 2.899098
v -1.524267 1.469558 2.779876
v -1.611886 1.572214 2.774727
v -1.662144 1.575433 2.899097
v -1.500109 1.588526 2.443252
v -1.721363 1.591247 2.445322
v -1.821429 1.467430 2.444860
v -1.723528 1.467164 2.899704
v -1.721433 1.343991 2.443866
v -1.500347 1.345443 2.444637
v -1.564151 1.355487 2.899090
v -1.500879 1.469561 2.899723
v -1.402343 1.467235 2.444860
v -1.607705 1.361049 2.775600
v -1.699465 1.467333 2.778209
v -1.662216 1.359248 2.899102
v -0.133750 2.125039 0.928389
v -0.127482 2.129618 -0.067468
v -0.257892 2.110862 1.029471
v -0.255433 2.110984 -0.169276
v -0.000001 2.110667 -0.338479
v 0.000000 2.115018 -0.172087
v 0.050474 2.165381 -0.088069
v 0.062585 2.164456 0.930716
v 0.095061 2.119596 0.991354
v 0.000001 2.110870 1.171677
v 0.000000 1.917459 1.564927
v -0.404153 1.918666 1.354251
v -0.405100 1.918775 -0.441647
v -0.000000 1.918268 -0.703453
v 0.405100 1.918775 -0.441648
v 0.404154 1.918667 1.354251
v 0.257692 2.110525 1.033193
v 0.255786 2.111173 -0.166470
v 0.141815 2.115481 -0.078315
v 0.024388 2.186652 0.046488
v -0.047763 2.188215 0.005093
v 0.025370 2.184583 -0.039696
v 0.012947 2.175325 0.010517
v 0.003220 2.174636 -0.011688
v -0.008751 2.173295 0.019456
v -0.015375 2.174949 0.000533
v -0.024064 2.001659 1.719275
v 0.048362 1.998333 1.691223
v 0.020797 2.011741 1.640341
v 0.010211 1.989731 1.687539
v -0.013853 1.990274 1.682879
v 0.001032 1.988942 1.660532
v -0.038653 1.997762 1.645164
v 0.000000 2.168704 0.910617
v 0.021224 2.196759 0.864984
v 0.025132 2.186376 0.786949
v 0.014432 2.174396 0.833272
v -0.008751 2.173295 0.844455
v -0.014957 2.174950 0.824380
v 0.000147 2.175342 0.813307
v -0.045561 2.191801 0.828588
v 1.227999 1.436618 3.008209
v 1.138831 1.392798 3.008147
v 1.138379 1.392798 2.616985
v 1.048953 1.436441 3.007807
v 1.049262 1.636750 3.008128
v 1.138905 1.680300 3.008150
v 1.228302 1.636398 3.007892
v 1.227949 1.636750 2.617004
v 1.228258 1.436442 2.617325
v 1.138306 1.680300 2.616982
v 1.049212 1.436618 2.616924
v 1.048910 1.636398 2.617240
v 1.380952 1.436599 3.008200
v 1.470372 1.392964 2.616549
v 1.380691 1.436436 2.617330
v 1.381001 1.636767 2.617012
v 1.380647 1.636404 3.007887
v 1.470613 1.680220 2.616614
v 1.470076 1.680220 3.008518
v 1.560041 1.636403 2.617245
v 1.559687 1.636766 3.008120
v 1.560041 1.436697 3.007887
v 1.470317 1.392794 3.008455
v 1.559687 1.436335 2.617012
v 1.054369 1.621763 2.484600
v 0.950291 1.727981 2.480635
v 1.069534 1.670232 2.480789
v 0.831034 1.670321 2.480721
v 0.829974 1.670142 2.932435
v 0.829910 1.403195 2.932648
v 0.829870 1.403793 2.480984
v 0.950354 1.728971 2.932812
v 1.070667 1.670159 2.932430
v 0.950031 1.344024 2.932460
v 1.070725 1.402887 2.932513
v 0.950701 1.345013 2.480692
v 1.070636 1.404108 2.480823
v 0.848279 1.447657 2.487788
v 0.951205 1.365500 2.489886
v 0.950745 1.396345 2.489807
v 1.051862 1.447980 2.487771
v 1.051585 1.415292 2.489625
v 0.849546 1.414485 2.489612
v 0.949897 1.676131 2.489806
v 0.846549 1.622119 2.485117
v 0.849053 1.657809 2.489625
v 1.051090 1.658617 2.489612
v 0.949431 1.707601 2.489885
v 1.554882 1.622107 2.485114
v 1.777905 1.669969 2.480744
v 1.658926 1.728214 2.480507
v 1.539405 1.670232 2.480780
v 1.538230 1.404009 2.481107
v 1.538283 1.670165 2.932425
v 1.538227 1.402870 2.932507
v 1.659227 1.346291 2.478338
v 1.778951 1.404100 2.480830
v 1.760175 1.447961 2.487785
v 1.659051 1.396345 2.489807
v 1.759895 1.415276 2.489620
v 1.659420 1.366000 2.491416
v 1.556586 1.447677 2.487772
v 1.557856 1.414503 2.489618
v 1.658604 1.344298 2.933123
v 1.779123 1.402808 2.932267
v 1.778845 1.670369 2.932577
v 1.658362 1.728886 2.933057
v 1.557368 1.657825 2.489620
v 1.657748 1.707602 2.489884
v 1.759405 1.658599 2.489619
v 1.762683 1.621782 2.484610
v 1.658203 1.676132 2.489807
v 0.486024 1.679005 0.612305
v 0.906315 1.678116 0.612098
v 0.930709 1.782702 0.614485
v 0.695891 1.894250 0.609701
v 0.461849 1.783219 0.614562
v 0.459695 1.259955 0.614788
v 0.459822 1.782959 1.502924
v 0.459355 1.257485 1.502120
v 0.695655 1.143625 0.614023
v 0.933190 1.258008 1.502308
v 0.932908 1.259371 0.615266
v 0.895851 1.346255 0.628335
v 0.498123 1.280482 0.631936
v 0.495629 1.345703 0.628306
v 0.697062 1.244786 0.632307
v 0.895308 1.282002 0.631940
v 0.697969 1.184145 0.632458
v 0.696767 1.142440 1.504026
v 0.932562 1.783489 1.502748
v 0.695710 1.898678 1.503313
v 0.497162 1.758830 0.631940
v 0.694684 1.855700 0.635470
v 0.894344 1.760350 0.631937
v 0.893608 1.698236 0.637423
v 0.695394 1.794819 0.632307
v 0.498867 1.698212 0.637402
v 0.848821 1.467333 2.798131
v 0.856269 1.467333 2.597729
v 0.940030 1.624970 2.596953
v 1.088999 1.623583 2.598955
v 0.933890 1.631385 2.798629
v 1.091867 1.631348 2.799154
v 1.114511 1.683311 2.799654
v 0.904926 1.683398 2.798788
v 0.819118 1.682057 2.020792
v 1.202889 1.683680 2.019810
v 1.378255 1.472610 2.018458
v 1.237932 1.468572 2.798140
v 1.122295 1.253062 2.798563
v 1.204154 1.250606 2.021520
v 0.819860 1.253274 2.019162
v 0.912470 1.249797 2.799828
v 0.787206 1.466094 2.798140
v 0.646883 1.462056 2.018458
v 0.933737 1.303476 2.798589
v 0.938609 1.311469 2.596437
v 1.085740 1.309096 2.598955
v 1.167140 1.464760 2.595012
v 1.176211 1.466973 2.798078
v 1.091331 1.302990 2.799154
v 1.523458 1.467332 2.780430
v 1.611886 1.572213 2.774727
v 1.699465 1.467333 2.778209
v 1.611886 1.362452 2.774727
v 1.565797 1.354998 2.899094
v 1.500090 1.466450 2.899667
v 1.403592 1.464322 2.443771
v 1.500347 1.345443 2.444637
v 1.722473 1.344465 2.443835
v 1.664200 1.359968 2.899124
v 1.723682 1.468216 2.899667
v 1.820180 1.470344 2.443770
v 1.721362 1.591247 2.445322
v 1.660346 1.577259 2.899096
v 1.561881 1.577097 2.899122
v 1.499211 1.587996 2.443154
v -0.891339 1.596291 -0.167048
v -0.912101 1.589006 -0.277119
v -0.870577 1.590506 -0.275619
v -0.891339 1.508113 -0.282904
v -0.891339 1.508113 -0.167048
v -0.891339 1.596291 -0.032876
v -0.912101 1.589006 -0.142947
v -0.870577 1.590506 -0.141447
v -0.891339 1.508113 -0.148732
v -0.891339 1.508113 -0.032876
v -0.912101 1.589006 -0.411291
v -0.891339 1.596292 -0.301221
v -0.870577 1.590506 -0.409791
v -0.891339 1.508113 -0.301221
v -0.891339 1.508113 -0.417076
v -0.891339 1.596291 0.101296
v -0.891339 1.508113 0.101296
v -0.891339 1.508113 -0.014559
v -0.912101 1.589006 -0.008774
v -0.870577 1.590506 -0.007274
v -0.732259 1.721566 0.014353
v -0.730716 1.729851 -0.102828
v -0.729172 1.738135 0.014353
v -0.912192 1.468627 -0.469318
v -0.918376 1.469170 -0.620922
v -0.821257 1.480133 -0.715969
v -0.952851 1.458362 -0.428024
v -0.926932 1.467825 -0.611605
v -0.930656 1.478258 -0.462983
v -0.965913 1.461960 -0.575255
v 0.891339 1.596291 -0.167048
v 0.912101 1.589006 -0.277119
v 0.870577 1.590506 -0.275619
v 0.891339 1.508113 -0.282904
v 0.891339 1.508113 -0.167048
v 0.891339 1.596291 -0.032876
v 0.912101 1.589006 -0.142947
v 0.870577 1.590506 -0.141447
v 0.891339 1.508113 -0.148732
v 0.891339 1.508113 -0.032876
v 0.911760 1.590165 -0.410950
v 0.891340 1.596291 -0.301221
v 0.870289 1.589410 -0.410195
v 0.891340 1.508113 -0.301221
v 0.891339 1.508113 -0.417076
v 0.891339 1.596291 0.101296
v 0.891339 1.508113 0.101296
v 0.891339 1.508113 -0.014559
v 0.912101 1.589006 -0.008774
v 0.870577 1.590506 -0.007274
v -1.380994 1.436350 3.008128
v -1.470039 1.392800 2.616983
v -1.470638 1.392800 3.008150
v -1.560034 1.436702 3.007893
v -1.559682 1.636751 3.008128
v -1.470039 1.680301 3.008150
v -1.380642 1.636398 3.007892
v -1.380994 1.636750 2.617004
v -1.380642 1.436702 2.617240
v -1.470638 1.680300 2.616982
v -1.559682 1.436350 2.617004
v -1.560034 1.636398 2.617239
v -1.138331 1.392881 3.008518
v -1.138869 1.392880 2.616614
v -1.228296 1.436696 2.617245
v -1.227992 1.636502 2.616931
v -1.228253 1.636664 3.007802
v -1.227943 1.436334 3.008121
v -1.138628 1.680307 2.616677
v -1.138572 1.680137 3.008583
v -1.048903 1.636404 2.617245
v -1.049257 1.636767 3.008120
v -1.048903 1.436696 3.007887
v -1.049257 1.436334 2.617012
v 1.679463 1.211195 2.211331
v 1.685464 1.220015 2.210877
v 1.685455 1.220000 2.210600
v 1.690995 1.228143 2.210304
v 1.685481 1.220046 2.211472
v 1.701017 1.243127 2.213607
v 1.670338 1.197905 2.216552
v 1.686973 1.223768 2.217091
v 0.956022 1.471542 -0.083986
v 0.833517 1.482785 0.000346
v 0.837644 1.499864 0.002213
v 0.962510 1.471542 -0.009825
v 0.827756 1.482687 -0.072765
v 0.830429 1.499963 -0.072998
v 0.902215 1.472599 0.032814
v 0.902364 1.490268 0.032801
v 0.889314 1.481433 -0.115514
v 0.869315 1.496667 0.031631
v 0.827434 1.503292 -0.013812
v 0.864298 1.496108 -0.111287
v 0.912167 1.485269 -0.065138
v 0.932893 1.489730 -0.111326
v 0.951454 1.472363 -0.095822
v 0.969495 1.484018 -0.071337
v 0.924637 1.482727 -0.030828
v 0.960694 1.482596 -0.000978
v 0.923285 1.492762 0.033159
v 0.860967 1.502128 0.049583
v 0.815918 1.498479 0.040045
v 0.935311 1.489354 0.052142
v 0.923893 1.480141 0.085450
v 0.939288 1.410708 0.082813
v 0.987300 1.477525 0.002803
v 0.986864 1.482775 -0.033990
v 0.981386 1.478825 -0.093765
v 1.017816 1.464010 -0.017751
v 0.988129 1.467548 -0.122007
v 1.010345 1.397738 -0.063435
v 0.934544 1.408219 -0.155356
v 0.922163 1.490943 -0.136094
v 0.862335 1.497634 -0.137517
v 0.811019 1.497686 -0.113506
v 0.884995 1.482036 -0.165974
v 0.790243 1.430843 -0.132793
v 0.809235 1.508441 -0.078315
v 0.773760 1.501217 -0.039710
v 0.804165 1.509548 -0.004024
v 0.826110 1.506605 -0.074119
v 0.781560 1.434439 0.033647
v 0.880596 1.490301 -0.015499
v 0.876794 1.490842 -0.061473
v 0.397477 1.697299 2.939291
v 0.398429 1.699645 1.404552
v 0.239127 1.697843 2.939342
v 0.237307 1.699566 1.403352
v 0.281968 1.826964 1.399998
v 0.281173 1.831121 2.622553
v -0.733766 1.596291 -0.787403
v -0.733766 1.596291 -0.906429
v -0.733766 1.508113 -0.906429
v -0.713004 1.513898 -0.794688
v -0.754528 1.515398 -0.793188
v -0.325590 1.782806 0.912760
v -0.324672 1.779647 1.536567
v -0.400679 2.045136 1.453394
v -0.400736 2.041801 1.292039
v -0.375311 1.912928 1.149791
v -0.353368 1.919154 1.149421
v 0.324676 1.779647 1.536571
v 0.325590 1.782806 0.912760
v 0.402568 2.044588 1.453393
v 0.400735 2.041801 1.292040
v 0.374892 1.912255 1.148857
v 0.352944 1.918198 1.148398
v 0.925949 1.503250 1.496774
v 1.219511 1.520416 1.519389
v 1.282965 1.503123 1.438928
v 1.282116 1.537938 1.444457
v 0.925315 1.540669 1.487179
v 0.922024 1.520416 0.744797
v 1.114809 1.502814 0.870064
v 1.116193 1.536786 0.868968
v 0.697549 1.899439 1.459735
v 0.696705 1.890638 0.670999
v 0.698393 1.908239 0.670999
v 0.000052 2.028492 -0.503476
v 0.326719 2.029067 -0.290675
v 0.000038 2.064069 -0.437033
v 0.301194 2.063438 -0.241602
v 0.300575 2.062857 -0.074637
v 0.000019 2.063704 -0.218722
v -0.301212 2.063432 -0.241598
v -0.300596 2.062853 -0.074648
v -0.326703 2.029077 -0.290671
v -0.327018 2.029513 -0.112498
v 0.000104 2.028258 -0.272567
v 0.327036 2.029500 -0.112535
v -0.925949 1.503249 1.496774
v -1.219511 1.520416 1.519389
v -1.282965 1.503123 1.438929
v -1.282116 1.537938 1.444457
v -0.925315 1.540669 1.487179
v -0.922024 1.520416 0.744797
v -1.112757 1.503393 0.866139
v -1.118164 1.537438 0.872958
v -0.970982 1.701109 2.922051
v -0.965115 1.686607 2.994216
v -0.915207 1.674017 2.912899
v -0.907047 1.689159 2.923251
v -0.888902 1.618907 2.994395
v -0.873291 1.616926 2.924289
v -0.933870 1.563104 2.912899
v -0.959024 1.566575 2.994104
v -0.912947 1.556849 2.921670
v -0.987003 1.554230 2.923183
v -1.011538 1.613487 2.994060
v -1.011153 1.642921 2.912899
v -1.034997 1.635510 2.923248
v -0.940231 1.687897 2.937828
v -0.937923 1.688233 2.977178
v -0.973418 1.686733 2.937931
v -0.980541 1.683621 2.977170
v -1.003677 1.664633 2.937830
v -1.008718 1.657169 2.977198
v -1.017227 1.627659 2.937873
v -1.018216 1.627238 2.977064
v -1.011372 1.598219 2.977162
v -1.006807 1.589040 2.937882
v -0.977170 1.566123 2.937846
v -0.988223 1.572031 2.977208
v -0.956062 1.560556 2.977171
v -0.936235 1.562643 2.937864
v -0.921353 1.568509 2.977180
v -0.900424 1.587292 2.937855
v -0.898903 1.588192 2.977065
v -0.888656 1.615876 2.977171
v -0.888145 1.629139 2.937871
v -0.893209 1.648906 2.977189
v -0.906693 1.671202 2.937891
v -0.906106 1.671788 2.977090
v -0.961242 1.532957 2.921682
v -0.993719 1.497113 2.994311
v -0.917513 1.508106 2.992913
v -0.915207 1.502738 2.912899
v -0.896447 1.471547 2.994105
v -0.871589 1.456056 2.923245
v -0.919018 1.403500 2.912899
v -0.917566 1.405724 2.994227
v -0.916436 1.382786 2.922040
v -1.005352 1.417987 2.993924
v -0.996321 1.388633 2.922845
v -1.017992 1.453912 2.912899
v -1.032917 1.469869 2.922904
v -0.937695 1.516715 2.937855
v -0.945460 1.518326 2.977117
v -0.980394 1.512571 2.937864
v -0.980541 1.512342 2.977171
v -1.012556 1.478704 2.937901
v -1.004966 1.491123 2.977144
v -1.017535 1.455929 2.977178
v -1.014076 1.433181 2.937851
v -1.006428 1.419046 2.977208
v -0.989145 1.401130 2.937846
v -0.981420 1.395981 2.977170
v -0.951178 1.389562 2.937844
v -0.944579 1.388594 2.976889
v -0.918654 1.399575 2.977208
v -0.906692 1.407901 2.937891
v -0.895281 1.424491 2.977153
v -0.890118 1.439541 2.937891
v -0.891589 1.474381 2.937837
v -0.887926 1.460292 2.977145
v -0.898017 1.488266 2.977158
v -0.916196 1.506736 2.977217
v -0.909878 1.502122 2.937864
v -1.115276 1.588325 3.005320
v -1.129026 1.578972 3.057325
v -1.116927 1.573866 2.998813
v -1.099915 1.525240 3.057228
v -1.111679 1.508057 2.998813
v -1.085135 1.535936 3.005867
v -1.120241 1.481922 3.006014
v -1.159778 1.493871 3.057342
v -1.188154 1.522433 2.998813
v -1.182501 1.496952 3.006395
v -1.181696 1.552683 3.057337
v -1.195121 1.567015 3.006407
v -1.138784 1.582889 3.044496
v -1.161026 1.578994 3.016239
v -1.167282 1.575720 3.044490
v -1.182911 1.558425 3.016212
v -1.185509 1.552589 3.044496
v -1.187824 1.528154 3.016202
v -1.187056 1.527480 3.044523
v -1.164705 1.495457 3.016200
v -1.176528 1.505272 3.044503
v -1.151754 1.490763 3.044484
v -1.124732 1.493234 3.016238
v -1.124313 1.493944 3.044529
v -1.103255 1.511363 3.016200
v -1.102661 1.511098 3.044478
v -1.095482 1.534682 3.016212
v -1.096510 1.547747 3.044503
v -1.101419 1.559685 3.016252
v -1.125386 1.579951 3.016196
v -1.115802 1.574440 3.044529
v -1.612661 1.693162 2.924024
v -1.620905 1.673180 2.994275
v -1.693403 1.673701 2.994102
v -1.684733 1.682959 2.912898
v -1.701516 1.690577 2.921778
v -1.735052 1.624650 2.923962
v -1.709204 1.598221 2.994025
v -1.704179 1.564073 2.922924
v -1.701057 1.590665 2.912899
v -1.655696 1.567408 2.994056
v -1.629012 1.549394 2.921958
v -1.600896 1.601857 2.994128
v -1.634026 1.571575 2.912899
v -1.578118 1.612662 2.923598
v -1.600065 1.636364 2.912899
v -1.647513 1.689280 2.937864
v -1.616769 1.676406 2.977180
v -1.608865 1.669072 2.937855
v -1.594859 1.644999 2.977152
v -1.593529 1.637664 2.937846
v -1.593681 1.608236 2.977180
v -1.595678 1.602779 2.937855
v -1.611577 1.579152 2.977189
v -1.618335 1.572911 2.937865
v -1.643446 1.561874 2.977171
v -1.645417 1.561271 2.937851
v -1.673815 1.563453 2.977198
v -1.673202 1.562512 2.937918
v -1.701443 1.579982 2.937837
v -1.699563 1.577111 2.977171
v -1.721694 1.590203 2.957517
v -1.719212 1.613539 2.937837
v -1.720062 1.616028 2.977170
v -1.715072 1.650491 2.977189
v -1.715837 1.650974 2.937900
v -1.690552 1.680299 2.977184
v -1.689351 1.680799 2.937864
v -1.650772 1.689780 2.977103
v -1.675589 1.511156 2.994347
v -1.615199 1.494948 2.912899
v -1.698453 1.496131 2.912899
v -1.723773 1.495007 2.922451
v -1.718900 1.446007 2.993093
v -1.701057 1.419386 2.912899
v -1.712422 1.398591 2.922194
v -1.684272 1.398910 2.994196
v -1.613407 1.381822 2.922373
v -1.610555 1.416322 2.993977
v -1.618738 1.405087 2.912899
v -1.580719 1.478830 2.922185
v -1.606299 1.486153 2.994024
v -1.642566 1.533936 2.924315
v -1.657093 1.517953 2.937846
v -1.666899 1.517144 2.977216
v -1.634604 1.514913 2.977171
v -1.623343 1.509373 2.937855
v -1.605020 1.493378 2.977162
v -1.597806 1.481750 2.937864
v -1.591302 1.454922 2.977144
v -1.592408 1.444749 2.937873
v -1.607384 1.411319 2.937846
v -1.603956 1.416012 2.977180
v -1.633822 1.393355 2.977170
v -1.639480 1.391806 2.937882
v -1.674891 1.392415 2.977184
v -1.683926 1.395255 2.937865
v -1.706708 1.412490 2.977144
v -1.711289 1.420422 2.937850
v -1.720113 1.445087 2.937864
v -1.720062 1.444749 2.977171
v -1.715072 1.479212 2.977189
v -1.715837 1.479694 2.937900
v -1.695896 1.505327 2.977117
v -1.689351 1.509520 2.937855
v -1.454915 1.579986 3.057350
v -1.471138 1.578308 2.998813
v -1.492392 1.587992 3.006339
v -1.505660 1.553799 3.057233
v -1.526539 1.527407 3.005281
v -1.495498 1.503555 3.057268
v -1.508593 1.515945 2.998813
v -1.476066 1.480203 3.006210
v -1.428346 1.510834 3.057469
v -1.408413 1.517963 3.006016
v -1.422329 1.522902 2.998815
v -1.436181 1.583698 3.006260
v -1.475420 1.582436 3.016238
v -1.472915 1.582689 3.044478
v -1.439737 1.574086 3.044510
v -1.440688 1.574885 3.016197
v -1.423246 1.551889 3.044503
v -1.420408 1.538126 3.016217
v -1.422558 1.522972 3.044513
v -1.441110 1.497688 3.044490
v -1.437337 1.500294 3.016222
v -1.473900 1.490282 3.044503
v -1.476076 1.490907 3.016201
v -1.499172 1.503429 3.044523
v -1.504643 1.509180 3.016219
v -1.512710 1.526627 3.044483
v -1.513456 1.534682 3.016212
v -1.506446 1.561164 3.044519
v -1.504071 1.564637 3.016207
v 1.581067 1.661518 2.922038
v 1.624959 1.677131 2.993809
v 1.661968 1.683336 2.912899
v 1.668748 1.691238 2.992420
v 1.700121 1.691738 2.922209
v 1.715198 1.602983 2.912899
v 1.735070 1.636599 2.922231
v 1.715068 1.602811 2.994506
v 1.695572 1.553999 2.922087
v 1.635512 1.569378 2.994174
v 1.620375 1.578537 2.912899
v 1.597487 1.618586 2.994062
v 1.606886 1.562561 2.924028
v 1.604551 1.646601 2.912899
v 1.658708 1.689715 2.937855
v 1.622445 1.680212 2.937864
v 1.622794 1.680456 2.977171
v 1.601220 1.658987 2.977170
v 1.600976 1.658638 2.937864
v 1.591652 1.630654 2.937931
v 1.591717 1.622723 2.977162
v 1.597741 1.598928 2.937818
v 1.605260 1.585678 2.977205
v 1.613415 1.576981 2.937878
v 1.635480 1.563594 2.977116
v 1.641233 1.562388 2.937864
v 1.673107 1.563039 2.977198
v 1.672534 1.562799 2.937851
v 1.698929 1.576260 2.937932
v 1.705139 1.582561 2.977117
v 1.716176 1.602395 2.937828
v 1.718884 1.611856 2.977198
v 1.718789 1.641659 2.937864
v 1.715646 1.650939 2.977177
v 1.694140 1.677470 2.937864
v 1.685633 1.682597 2.977162
v 1.649860 1.689969 2.977130
v 1.647953 1.532956 2.922350
v 1.702895 1.489776 2.912899
v 1.714855 1.476013 2.994215
v 1.735313 1.481296 2.922636
v 1.699564 1.388007 2.921978
v 1.680195 1.399593 2.994170
v 1.696738 1.413417 2.912899
v 1.642490 1.375853 2.922339
v 1.615087 1.410026 2.912899
v 1.610634 1.408807 2.992793
v 1.597558 1.460341 2.994014
v 1.577224 1.453723 2.921441
v 1.618634 1.499736 2.912899
v 1.619908 1.508199 2.993385
v 1.638329 1.516160 2.937846
v 1.632525 1.513406 2.977198
v 1.615310 1.502450 2.937823
v 1.602813 1.490826 2.977144
v 1.597572 1.480884 2.937873
v 1.591717 1.451444 2.977162
v 1.592192 1.444597 2.937864
v 1.599851 1.424732 2.977226
v 1.602317 1.416797 2.937971
v 1.624850 1.397215 2.937855
v 1.615871 1.403256 2.977180
v 1.663367 1.389891 2.937844
v 1.651035 1.389601 2.977162
v 1.681768 1.394315 2.977185
v 1.698929 1.404982 2.937918
v 1.705139 1.411283 2.977117
v 1.716176 1.431116 2.937828
v 1.718884 1.440577 2.977198
v 1.718789 1.470380 2.937864
v 1.715646 1.479660 2.977177
v 1.694140 1.506191 2.937864
v 1.694100 1.507005 2.977065
v 1.666408 1.517677 2.977171
v 1.667013 1.518386 2.937971
v 1.465065 1.582863 3.056848
v 1.510108 1.555977 2.998813
v 1.510370 1.539265 3.057325
v 1.503104 1.581598 3.005638
v 1.517886 1.503214 3.005424
v 1.484704 1.498186 3.057183
v 1.458508 1.493657 2.998813
v 1.420801 1.523311 3.057587
v 1.428250 1.557181 2.998813
v 1.444412 1.482615 3.006727
v 1.410176 1.556853 3.005377
v 1.432416 1.567644 3.016206
v 1.439687 1.574461 3.044387
v 1.420943 1.541587 3.016198
v 1.420745 1.543407 3.044500
v 1.430333 1.508069 3.044528
v 1.429641 1.508873 3.016212
v 1.457301 1.490968 3.044472
v 1.460743 1.490331 3.016217
v 1.487057 1.494404 3.044503
v 1.490855 1.496434 3.016212
v 1.506621 1.512133 3.044511
v 1.508881 1.516419 3.016212
v 1.513037 1.536458 3.044517
v 1.513644 1.541837 3.016241
v 1.502484 1.566323 3.016193
v 1.505961 1.562477 3.044491
v 1.474478 1.582494 3.044503
v 1.468688 1.583064 3.016216
v 0.993247 1.698419 2.922588
v 0.950683 1.686811 2.994265
v 0.895674 1.679558 2.925354
v 0.931483 1.681485 2.912899
v 0.891063 1.616578 2.994307
v 0.874298 1.625253 2.921853
v 0.908464 1.559921 2.923679
v 0.911549 1.575038 2.912899
v 0.977735 1.566145 2.993999
v 0.973356 1.549804 2.921938
v 1.029371 1.602731 2.923520
v 1.009362 1.640149 2.994114
v 1.015218 1.625190 2.912899
v 0.950242 1.689715 2.937855
v 0.951807 1.690647 2.977063
v 0.980547 1.683621 2.977171
v 0.979573 1.684785 2.937997
v 1.006575 1.660009 2.977180
v 1.002668 1.666192 2.937823
v 1.016031 1.635865 2.937891
v 1.017343 1.620858 2.977177
v 1.013266 1.602779 2.937864
v 0.999338 1.579990 2.977144
v 0.990609 1.572912 2.937865
v 0.962877 1.561425 2.977180
v 0.952709 1.560121 2.937882
v 0.924042 1.567524 2.977198
v 0.922813 1.569258 2.937837
v 0.901226 1.585509 2.937918
v 0.896433 1.592920 2.977116
v 0.889309 1.611809 2.937837
v 0.888321 1.628656 2.977163
v 0.890067 1.638527 2.937846
v 0.900315 1.662413 2.977189
v 0.909851 1.673633 2.937864
v 0.925170 1.683703 2.977198
v 0.946148 1.531465 2.922473
v 0.950683 1.515532 2.994265
v 0.889149 1.502468 2.922513
v 0.931483 1.510206 2.912899
v 0.898471 1.472049 2.994084
v 0.875955 1.436072 2.922549
v 0.911857 1.404055 2.993206
v 0.911549 1.403759 2.912899
v 0.983329 1.399467 2.993910
v 0.955729 1.375643 2.921177
v 1.026451 1.417661 2.925236
v 1.009362 1.468870 2.994115
v 1.015218 1.453911 2.912899
v 1.008710 1.509910 2.921970
v 0.946309 1.518892 2.937905
v 0.960149 1.518002 2.977152
v 0.975531 1.513935 2.937891
v 0.993229 1.505002 2.977145
v 0.997995 1.500282 2.937837
v 1.014109 1.473391 2.977191
v 1.012203 1.477626 2.937837
v 1.016197 1.440253 2.937900
v 1.015671 1.439535 2.977157
v 1.002243 1.412104 2.977118
v 0.997386 1.408021 2.937828
v 0.976348 1.394210 2.977216
v 0.969669 1.391162 2.937932
v 0.944400 1.389791 2.977162
v 0.932273 1.392735 2.937837
v 0.916045 1.400441 2.977198
v 0.901294 1.414250 2.937918
v 0.896433 1.421641 2.977116
v 0.888414 1.449436 2.937837
v 0.889611 1.446845 2.977199
v 0.891000 1.473602 2.977189
v 0.894694 1.482063 2.937864
v 0.914810 1.506191 2.937855
v 0.916960 1.507854 2.977171
v 1.106684 1.568100 3.057364
v 1.086436 1.562502 3.005487
v 1.125484 1.576160 2.998813
v 1.121765 1.497444 3.057347
v 1.115523 1.483022 3.006288
v 1.115486 1.496882 2.998813
v 1.183540 1.519072 3.057341
v 1.187233 1.500649 3.006506
v 1.197480 1.550572 3.005656
v 1.185861 1.542223 2.998813
v 1.168085 1.568442 3.057270
v 1.156747 1.591440 3.006147
v 1.130619 1.581753 3.016212
v 1.135651 1.582585 3.044499
v 1.167949 1.575399 3.044491
v 1.162504 1.577966 3.016225
v 1.185471 1.553156 3.016196
v 1.183684 1.556720 3.044504
v 1.188056 1.530180 3.044499
v 1.182371 1.513346 3.016232
v 1.173512 1.502363 3.044510
v 1.151879 1.490840 3.016208
v 1.152264 1.491494 3.044530
v 1.124264 1.493810 3.016192
v 1.122062 1.494321 3.044469
v 1.104218 1.509668 3.016206
v 1.097635 1.521965 3.044494
v 1.095497 1.533319 3.016212
v 1.102681 1.561644 3.044512
v 1.103159 1.562363 3.016225
v -0.397412 1.697510 2.939259
v -0.398512 1.698971 1.404732
v -0.239111 1.697582 2.939396
v -0.237179 1.700485 1.403096
v -0.281969 1.826964 1.399999
v -0.281173 1.831120 2.622554
v -1.853034 1.055003 1.577959
v -1.852161 1.045316 1.644636
v -1.845922 1.045296 1.594936
v -1.835887 1.046070 1.593014
v -1.828877 1.038650 1.568775
v -1.847557 1.039934 1.526384
v -1.873317 1.021783 1.523914
v -1.871179 0.980220 1.523839
v -1.841384 0.968595 1.532923
v -1.814827 0.985066 1.528491
v -1.813314 1.022958 1.528751
v -1.810528 1.014400 1.559175
v -1.807704 0.995888 1.570639
v -1.828386 0.972588 1.556547
v -1.864027 0.975037 1.550838
v -1.883211 0.992496 1.562075
v -1.886073 1.009418 1.564595
v -1.867406 1.033768 1.552938
v -1.862585 1.053096 1.577124
v -1.860637 1.047092 1.615710
v -1.862742 1.048407 1.692725
v -1.854704 1.050836 1.701287
v -1.841773 1.046262 1.643270
v -1.815954 1.043785 1.581202
v -1.808840 1.036751 1.582395
v -1.812036 1.023654 1.595744
v -1.808831 1.009658 1.598770
v -1.813076 0.993604 1.612777
v -1.803401 0.980439 1.582298
v -1.808812 0.972312 1.581828
v -1.819158 0.977212 1.617821
v -1.821868 0.969807 1.592960
v -1.837746 0.966755 1.599415
v -1.843114 0.953907 1.578824
v -1.853034 0.953925 1.577958
v -1.856311 0.964514 1.609932
v -1.872067 0.963368 1.600385
v -1.876249 0.970270 1.589484
v -1.882884 0.977543 1.593440
v -1.890898 0.982699 1.598723
v -1.889809 0.999963 1.589961
v -1.896552 1.019238 1.574719
v -1.889462 1.015433 1.607292
v -1.887155 1.036615 1.574972
v -1.880785 1.030742 1.605958
v -1.870544 1.042934 1.588706
v -1.870514 1.043523 1.643154
v -1.833371 1.042858 1.654193
v -1.821709 1.032798 1.663205
v -1.824536 1.035120 1.613027
v -1.814809 1.026951 1.655841
v -1.803884 1.019207 1.632019
v -1.813565 1.010505 1.649216
v -1.801950 0.999485 1.632188
v -1.817000 0.983719 1.645798
v -1.826017 0.969730 1.654864
v -1.828452 0.959670 1.629869
v -1.841026 0.965828 1.659308
v -1.850945 0.961192 1.652002
v -1.862759 0.955885 1.577107
v -1.867222 0.967326 1.645180
v -1.882037 0.974050 1.644114
v -1.892677 0.984616 1.659752
v -1.900548 0.989662 1.622994
v -1.894511 0.998851 1.641764
v -1.895302 1.008116 1.639644
v -1.896830 1.028276 1.623318
v -1.892566 1.028488 1.574500
v -1.891197 1.022045 1.655868
v -1.879613 1.034899 1.644383
v -1.875952 1.042425 1.691951
v -1.866685 1.046932 1.757016
v -1.861763 1.045924 1.776826
v -1.849614 1.049124 1.750891
v -1.829420 1.040861 1.703526
v -1.808138 1.019207 1.680634
v -1.814083 0.999287 1.665589
v -1.816624 0.986681 1.690148
v -1.817445 0.972242 1.679820
v -1.832830 0.974806 1.711388
v -1.832728 0.959808 1.679033
v -1.846490 0.965258 1.709306
v -1.860822 0.963392 1.691895
v -1.874895 0.965077 1.690313
v -1.885740 0.970478 1.706216
v -1.890728 0.977540 1.687608
v -1.896026 0.993598 1.693526
v -1.900901 1.005226 1.687971
v -1.896789 1.017130 1.691106
v -1.891821 1.030930 1.685731
v -1.875373 1.048954 1.746204
v -1.845008 1.042396 1.695560
v -1.842206 1.041572 1.742277
v -1.831970 1.032515 1.745355
v -1.822122 1.026390 1.749328
v -1.827993 1.021955 1.703707
v -1.812414 1.019089 1.728677
v -1.814406 1.008430 1.706220
v -1.819977 1.000792 1.761419
v -1.817951 0.994427 1.714109
v -1.826512 0.987308 1.746112
v -1.827148 0.974780 1.752855
v -1.836959 0.959670 1.727101
v -1.855851 0.953918 1.725445
v -1.870859 0.961062 1.735664
v -1.883850 0.967480 1.754155
v -1.894003 0.976393 1.735978
v -1.902710 0.983293 1.745601
v -1.909147 0.989667 1.721334
v -1.907066 0.999101 1.753790
v -1.904131 1.007841 1.737952
v -1.902880 1.015899 1.736246
v -1.900650 1.024809 1.734443
v -1.894015 1.029951 1.737025
v -1.886422 1.037914 1.706033
v -1.882350 1.040470 1.740741
v -1.890203 1.041553 1.771065
v -1.866658 1.029265 2.006617
v -1.841573 1.040970 1.781470
v -1.831031 1.029840 1.780990
v -1.823562 1.015430 1.761267
v -1.823040 0.987113 1.775724
v -1.853782 0.967611 1.778862
v -1.874636 0.962597 1.778027
v -1.896360 0.974351 1.770957
v -1.906035 1.007684 1.773469
v -1.905258 1.021643 1.776237
v -1.914468 1.008416 1.995819
v -1.895912 1.032013 2.001904
v -1.831234 1.007664 1.805827
v -1.836962 0.973442 1.776692
v -1.843372 0.967791 1.760468
v -1.860028 0.964168 1.755978
v -1.900670 0.976695 2.022038
v -1.912364 0.989934 1.767879
v -1.903315 1.035988 1.768669
v -1.883968 0.992137 1.975774
v -1.865993 0.981309 2.004683
v -1.855630 1.003426 2.006547
v -1.624837 1.204995 1.290142
v -1.620213 1.196178 1.257179
v -1.618989 1.194588 1.307487
v -1.610637 1.205100 1.242192
v -1.618373 1.189020 1.214448
v -1.600782 1.203027 1.242484
v -1.595164 1.188721 1.232512
v -1.613413 1.192447 1.189157
v -1.645354 1.160600 1.186595
v -1.631519 1.125209 1.187336
v -1.586006 1.128781 1.191919
v -1.581614 1.172687 1.191413
v -1.576748 1.159800 1.231115
v -1.580130 1.137908 1.230817
v -1.598680 1.114276 1.238100
v -1.616560 1.118158 1.217536
v -1.651131 1.143629 1.224909
v -1.647138 1.174253 1.224888
v -1.631752 1.198365 1.263802
v -1.619171 1.204995 1.339626
v -1.605204 1.192878 1.273809
v -1.576501 1.186742 1.244611
v -1.581959 1.174681 1.261284
v -1.573050 1.167682 1.270256
v -1.565148 1.149460 1.246170
v -1.575285 1.141124 1.258268
v -1.585089 1.128857 1.260216
v -1.583441 1.115105 1.244571
v -1.598940 1.118113 1.275445
v -1.610507 1.103909 1.241634
v -1.620908 1.118939 1.266887
v -1.630336 1.114877 1.256953
v -1.639490 1.109697 1.239100
v -1.645161 1.119532 1.263772
v -1.649840 1.129563 1.256570
v -1.660224 1.130586 1.237283
v -1.660356 1.141679 1.273332
v -1.657865 1.151220 1.253858
v -1.665903 1.159518 1.236786
v -1.663951 1.169280 1.236962
v -1.656592 1.167605 1.269310
v -1.653950 1.183551 1.263229
v -1.645182 1.187971 1.250874
v -1.637876 1.191240 1.256997
v -1.640653 1.191805 1.319136
v -1.638827 1.202926 1.337336
v -1.632165 1.195227 1.368186
v -1.626678 1.194009 1.406814
v -1.602900 1.189940 1.311582
v -1.588805 1.189274 1.268982
v -1.590158 1.178900 1.313072
v -1.575255 1.178391 1.294480
v -1.583400 1.160161 1.326686
v -1.578052 1.155663 1.276769
v -1.569524 1.149470 1.294982
v -1.579990 1.142778 1.318907
v -1.575253 1.130637 1.293912
v -1.588895 1.130080 1.312281
v -1.595797 1.121662 1.307822
v -1.609597 1.110608 1.281863
v -1.609909 1.113885 1.326332
v -1.624257 1.112729 1.306880
v -1.634607 1.112338 1.320680
v -1.643648 1.109711 1.289048
v -1.650595 1.129084 1.311180
v -1.658268 1.136939 1.306212
v -1.668105 1.149781 1.312424
v -1.664500 1.178392 1.286670
v -1.648933 1.187202 1.306817
v -1.642361 1.193981 1.401460
v -1.637437 1.203990 1.434388
v -1.614656 1.196654 1.364803
v -1.603395 1.187958 1.371323
v -1.592140 1.193584 1.341964
v -1.585207 1.186668 1.343149
v -1.573777 1.149470 1.343597
v -1.590111 1.136316 1.359738
v -1.593232 1.126104 1.374475
v -1.592032 1.115187 1.341999
v -1.605241 1.118293 1.357242
v -1.620656 1.113403 1.354604
v -1.633048 1.117050 1.363527
v -1.645953 1.117717 1.324305
v -1.661773 1.124496 1.360625
v -1.665284 1.133656 1.366979
v -1.668588 1.142040 1.361243
v -1.668635 1.158059 1.348180
v -1.662080 1.159254 1.301991
v -1.672374 1.169251 1.334401
v -1.659603 1.174502 1.320993
v -1.661460 1.182938 1.360693
v -1.647638 1.189044 1.367576
v -1.633050 1.190800 1.467898
v -1.622088 1.187943 1.445938
v -1.611763 1.190926 1.406286
v -1.600068 1.181138 1.408422
v -1.590444 1.174647 1.373952
v -1.582151 1.167793 1.368931
v -1.592175 1.159634 1.411968
v -1.591039 1.142782 1.408019
v -1.586638 1.151366 1.374022
v -1.583761 1.130507 1.391707
v -1.600448 1.118631 1.413824
v -1.608532 1.113388 1.414440
v -1.616518 1.110393 1.409080
v -1.625234 1.108571 1.412952
v -1.634303 1.108216 1.412283
v -1.643682 1.109359 1.410051
v -1.650639 1.116235 1.418182
v -1.648761 1.119245 1.367947
v -1.656641 1.122899 1.403201
v -1.675709 1.149974 1.407443
v -1.676698 1.159621 1.408556
v -1.666160 1.166904 1.369469
v -1.665706 1.172270 1.404433
v -1.660296 1.193689 1.384444
v -1.657213 1.187011 1.418666
v -1.650102 1.196184 1.435897
v -1.700940 1.182480 2.103619
v -1.591386 1.171537 1.438265
v -1.583129 1.159249 1.439139
v -1.609159 1.137867 1.501055
v -1.593967 1.128769 1.431476
v -1.630021 1.122915 1.487942
v -1.657185 1.128014 1.475101
v -1.670864 1.122805 1.430947
v -1.668157 1.135271 1.417709
v -1.674392 1.142399 1.432811
v -1.668085 1.163904 1.472653
v -1.669137 1.179449 1.433170
v -1.609186 1.198396 1.436860
v -1.611236 1.182471 1.446566
v -1.594206 1.186096 1.438169
v -1.589071 1.145895 1.441526
v -1.688268 1.154449 2.072282
v -1.718514 1.163970 2.099689
v -1.670546 1.133674 2.102681
v -1.671088 1.176258 2.101153
v -1.714504 1.136117 2.099271
v -1.694225 1.123781 2.121367
v -1.662192 1.156038 2.124372
v -0.920955 1.199179 -0.737267
v -0.912105 1.200552 -0.738552
v -0.909807 1.191841 -0.804407
v -0.891569 1.189381 -0.764786
v -0.937485 1.178768 -0.807228
v -0.941811 1.138541 -0.807562
v -0.904275 1.121687 -0.801722
v -0.877136 1.146555 -0.800881
v -0.877167 1.168752 -0.801215
v -0.891163 1.124919 -0.764858
v -0.922524 1.122016 -0.776583
v -0.936447 1.124059 -0.766482
v -0.950070 1.145908 -0.768554
v -0.945583 1.166717 -0.780768
v -0.926530 1.194289 -0.763977
v -0.933467 1.205536 -0.703657
v -0.921695 1.198209 -0.634702
v -0.899752 1.205592 -0.751022
v -0.880185 1.184399 -0.742336
v -0.873293 1.174422 -0.741114
v -0.875061 1.161378 -0.731835
v -0.870813 1.148553 -0.740869
v -0.869860 1.133150 -0.748406
v -0.875383 1.124725 -0.748321
v -0.897077 1.128207 -0.723784
v -0.899752 1.108434 -0.751022
v -0.909477 1.106473 -0.751874
v -0.912037 1.116627 -0.720438
v -0.919546 1.106361 -0.752185
v -0.927851 1.118019 -0.722254
v -0.947212 1.131578 -0.737907
v -0.959194 1.133150 -0.756224
v -0.959327 1.144242 -0.720172
v -0.958944 1.152061 -0.742646
v -0.961023 1.161221 -0.720323
v -0.952256 1.176215 -0.739807
v -0.953583 1.189306 -0.755732
v -0.942368 1.188761 -0.737725
v -0.934640 1.194331 -0.734991
v -0.926807 1.199426 -0.671442
v -0.914922 1.196787 -0.684437
v -0.904289 1.195596 -0.719760
v -0.900266 1.194868 -0.675747
v -0.891566 1.187821 -0.717937
v -0.888194 1.183987 -0.684531
v -0.874225 1.180955 -0.699028
v -0.882328 1.169087 -0.667706
v -0.870451 1.171637 -0.699268
v -0.868659 1.162067 -0.697988
v -0.881277 1.152940 -0.680562
v -0.870556 1.142385 -0.698155
v -0.882632 1.138031 -0.717293
v -0.894090 1.119601 -0.691939
v -0.902200 1.117681 -0.665037
v -0.907974 1.115003 -0.689095
v -0.923799 1.119232 -0.678966
v -0.938207 1.120463 -0.720373
v -0.944833 1.125650 -0.686161
v -0.955932 1.129326 -0.673539
v -0.957571 1.138330 -0.689632
v -0.960358 1.154669 -0.688411
v -0.960549 1.166402 -0.753599
v -0.963703 1.170305 -0.683342
v -0.963470 1.180955 -0.706836
v -0.952996 1.182906 -0.690225
v -0.947534 1.190701 -0.691113
v -0.942056 1.196130 -0.672234
v -0.936235 1.193576 -0.549567
v -0.924819 1.200522 -0.575131
v -0.911724 1.197302 -0.635484
v -0.893098 1.188793 -0.640148
v -0.889807 1.175772 -0.632532
v -0.883722 1.162355 -0.633635
v -0.874704 1.142388 -0.650653
v -0.888676 1.139507 -0.633153
v -0.889072 1.130939 -0.668511
v -0.899477 1.126207 -0.633296
v -0.914348 1.114866 -0.641325
v -0.929314 1.119813 -0.629855
v -0.937797 1.108535 -0.656172
v -0.946019 1.117334 -0.630188
v -0.951578 1.124793 -0.638256
v -0.964244 1.135772 -0.625178
v -0.973401 1.152133 -0.658168
v -0.968038 1.162566 -0.634229
v -0.966525 1.178746 -0.633365
v -0.961438 1.186116 -0.632943
v -0.952737 1.190270 -0.643720
v -0.937896 1.194512 -0.636444
v -0.951279 1.201667 -0.607243
v -0.933644 1.197965 -0.588638
v -0.943455 1.200140 -0.584716
v -0.945616 1.187477 -0.509396
v -0.916998 1.204745 -0.557940
v -0.901681 1.194785 -0.610968
v -0.912826 1.188014 -0.580367
v -0.894544 1.180531 -0.584030
v -0.882968 1.161057 -0.578248
v -0.879400 1.152345 -0.624426
v -0.887126 1.144696 -0.576970
v -0.888612 1.134916 -0.577412
v -0.888318 1.124929 -0.601735
v -0.905326 1.127872 -0.579434
v -0.908248 1.118055 -0.591316
v -0.916158 1.112353 -0.579824
v -0.928221 1.114577 -0.588831
v -0.941452 1.116866 -0.591149
v -0.956583 1.123023 -0.576834
v -0.965082 1.126916 -0.585431
v -0.967099 1.138628 -0.576510
v -0.971398 1.142387 -0.659114
v -0.969117 1.155028 -0.591478
v -0.965768 1.169886 -0.590826
v -0.955144 1.188782 -0.591892
v -0.954847 1.201003 -0.561248
v -0.989887 1.187086 0.108661
v -0.905575 1.173283 -0.516310
v -0.886055 1.169787 -0.576984
v -0.897119 1.154216 -0.547465
v -0.904309 1.135542 -0.544021
v -0.928547 1.121854 -0.551820
v -0.940102 1.112091 -0.558178
v -0.951955 1.116529 -0.559289
v -0.959582 1.134493 -0.493281
v -0.965274 1.146260 -0.625402
v -0.975423 1.148381 -0.561259
v -0.966954 1.160618 -0.552689
v -0.973413 1.174541 -0.561297
v -0.959417 1.180356 -0.551103
v -0.962994 1.195449 -0.561447
v -0.907175 1.194148 -0.553669
v -0.893176 1.188660 -0.555339
v -0.907876 1.119556 -0.550166
v -0.979293 1.147260 0.083329
v -1.015451 1.171951 0.107189
v -1.015488 1.142151 0.104453
v -0.964429 1.171395 0.111873
v -0.964627 1.139875 0.130584
v -0.998809 1.127052 0.125944
v -1.125527 1.131882 -0.056171
v -1.120291 1.125746 -0.016897
v -1.112059 1.126384 -0.050020
v -1.116657 1.116235 -0.081891
v -1.129995 1.114280 -0.109490
v -1.153581 1.085896 -0.111565
v -1.117439 1.042446 -0.107678
v -1.080811 1.079900 -0.104214
v -1.093326 1.107346 -0.105513
v -1.085019 1.100047 -0.062928
v -1.083456 1.070513 -0.075012
v -1.086455 1.058678 -0.065170
v -1.108404 1.048149 -0.081011
v -1.137855 1.047614 -0.070426
v -1.150202 1.056160 -0.068630
v -1.160314 1.073146 -0.066460
v -1.159014 1.085136 -0.069400
v -1.149852 1.099706 -0.082053
v -1.135425 1.130031 -0.056469
v -1.129711 1.123049 -0.023376
v -1.123185 1.123273 0.027657
v -1.111884 1.122547 0.008114
v -1.096806 1.126212 -0.053090
v -1.088628 1.120647 -0.052944
v -1.089955 1.107777 -0.038915
v -1.084000 1.093958 -0.035056
v -1.070248 1.086315 -0.050768
v -1.081967 1.076097 -0.033787
v -1.092398 1.057471 -0.021229
v -1.088628 1.042005 -0.052944
v -1.098836 1.043621 -0.010402
v -1.101913 1.042485 -0.040550
v -1.109844 1.039329 -0.041244
v -1.127788 1.034800 -0.031024
v -1.135354 1.041680 -0.039640
v -1.150599 1.050665 -0.040275
v -1.157685 1.061609 -0.043762
v -1.165866 1.073596 -0.023386
v -1.161905 1.092327 -0.043504
v -1.158772 1.102366 -0.028367
v -1.159714 1.113619 -0.059162
v -1.148843 1.114026 -0.043401
v -1.144237 1.122632 -0.032414
v -1.105281 1.117347 -0.023553
v -1.100921 1.112233 0.013777
v -1.089586 1.104738 0.008893
v -1.076738 1.096122 -0.001590
v -1.086707 1.085541 0.015019
v -1.082107 1.076262 0.008759
v -1.084476 1.064922 0.007438
v -1.100613 1.049748 0.028248
v -1.115269 1.042862 0.013958
v -1.118863 1.034954 -0.030192
v -1.135149 1.040963 0.023036
v -1.148362 1.041765 0.015106
v -1.157027 1.045565 0.016896
v -1.164579 1.056481 0.027254
v -1.169602 1.057384 -0.010268
v -1.167060 1.069251 0.021984
v -1.166800 1.084070 0.006344
v -1.165455 1.095106 0.008036
v -1.158049 1.113020 -0.000426
v -1.138726 1.116304 0.016806
v -1.137645 1.121740 0.059038
v -1.142381 1.125286 0.098269
v -1.138014 1.125998 0.140751
v -1.131425 1.122723 0.105922
v -1.121300 1.125352 0.114397
v -1.119703 1.120308 0.059324
v -1.095848 1.109154 0.071167
v -1.084794 1.105294 0.046692
v -1.086874 1.081063 0.059739
v -1.090538 1.056470 0.037420
v -1.099815 1.056279 0.077427
v -1.105298 1.036667 0.043774
v -1.114544 1.032722 0.043536
v -1.127896 1.040674 0.059406
v -1.143933 1.043393 0.059116
v -1.161638 1.063845 0.064052
v -1.171492 1.077402 0.056226
v -1.179586 1.086305 0.037845
v -1.173671 1.105301 0.037793
v -1.166072 1.109677 0.062542
v -1.154331 1.117512 0.054316
v -1.155215 1.120151 0.120496
v -1.151920 1.128995 0.136629
v -1.108406 1.117185 0.062261
v -1.109692 1.115571 0.107678
v -1.099760 1.100907 0.112496
v -1.089734 1.094657 0.071701
v -1.090754 1.086729 0.119720
v -1.083132 1.076347 0.095270
v -1.089393 1.069124 0.071732
v -1.099761 1.061745 0.112496
v -1.108285 1.049257 0.106508
v -1.124538 1.046045 0.116867
v -1.113594 1.045874 0.072991
v -1.128672 1.030880 0.091840
v -1.140007 1.035892 0.114075
v -1.148272 1.032853 0.090124
v -1.158528 1.043620 0.082345
v -1.153709 1.052704 0.113504
v -1.169708 1.058298 0.103492
v -1.179215 1.068451 0.109150
v -1.183769 1.076270 0.087020
v -1.174533 1.084882 0.108498
v -1.169909 1.093504 0.070835
v -1.170884 1.101413 0.105209
v -1.160407 1.113070 0.104159
v -1.207685 1.108838 0.806018
v -1.178157 1.105369 0.806319
v -1.114130 1.125316 0.139419
v -1.104745 1.113847 0.137128
v -1.124681 1.109109 0.203823
v -1.093892 1.104866 0.141705
v -1.113456 1.072658 0.221088
v -1.090003 1.095805 0.141530
v -1.094878 1.076455 0.128174
v -1.096813 1.064230 0.143005
v -1.099308 1.049678 0.141231
v -1.106194 1.042788 0.140628
v -1.129363 1.037146 0.138568
v -1.156378 1.051447 0.177814
v -1.169077 1.042768 0.134611
v -1.174682 1.056445 0.137530
v -1.174111 1.075374 0.149833
v -1.185039 1.095855 0.133732
v -1.174630 1.106572 0.135956
v -1.159678 1.109099 0.146974
v -1.120789 1.050050 0.149111
v -1.151920 1.033658 0.136629
v -1.174612 1.085118 0.173949
v -1.222597 1.091676 0.801764
v -1.193369 1.081326 0.775343
v -1.219780 1.059918 0.808682
v -1.166285 1.072743 0.808987
v -1.191796 1.052217 0.805539
v -1.275004 1.054281 0.098429
v -1.265269 1.051736 0.122941
v -1.260907 1.046475 0.066269
v -1.266811 1.047235 0.037550
v -1.290865 1.026912 0.035415
v -1.286923 0.987920 0.036704
v -1.259835 0.975712 0.038885
v -1.227721 0.990919 0.041722
v -1.235667 1.034214 0.041162
v -1.224761 1.011074 0.079266
v -1.225990 0.995130 0.087276
v -1.233467 0.985403 0.082789
v -1.249178 0.972895 0.080429
v -1.279866 0.972293 0.081786
v -1.304547 1.002281 0.079631
v -1.303208 1.019036 0.075702
v -1.283745 1.044669 0.078114
v -1.278029 1.053890 0.203799
v -1.254215 1.053573 0.115468
v -1.244961 1.048668 0.105638
v -1.225744 1.042749 0.094335
v -1.220307 1.034485 0.094241
v -1.232393 1.030783 0.126559
v -1.225451 1.020437 0.110719
v -1.226572 1.005983 0.130680
v -1.231277 0.992397 0.124939
v -1.239920 0.978969 0.108382
v -1.260020 0.959904 0.090768
v -1.271138 0.968934 0.108335
v -1.297714 0.978966 0.097113
v -1.302299 0.992295 0.104549
v -1.301923 1.012161 0.112615
v -1.308242 1.031917 0.111944
v -1.298575 1.037336 0.102300
v -1.293154 1.044655 0.101420
v -1.286316 1.051785 0.130109
v -1.275141 1.049614 0.159095
v -1.272625 1.060894 0.236829
v -1.253345 1.046600 0.159261
v -1.237256 1.046091 0.118153
v -1.238883 1.038969 0.168003
v -1.233977 1.022229 0.162444
v -1.218856 1.015438 0.144130
v -1.231748 0.998561 0.160658
v -1.240623 0.985063 0.160652
v -1.237197 0.971221 0.141955
v -1.245276 0.965802 0.141249
v -1.255496 0.972637 0.121878
v -1.266734 0.968207 0.154138
v -1.298564 0.977818 0.173373
v -1.288142 0.974539 0.120845
v -1.306352 0.982380 0.161350
v -1.313824 0.986648 0.136374
v -1.309829 0.999911 0.154905
v -1.319493 1.005405 0.135878
v -1.317777 1.014683 0.160229
v -1.301550 1.042147 0.147570
v -1.291200 1.047977 0.171641
v -1.292412 1.058938 0.235096
v -1.284197 1.050013 0.266345
v -1.277601 1.045367 0.300801
v -1.265157 1.053099 0.199194
v -1.249788 1.055199 0.190962
v -1.248203 1.045121 0.216467
v -1.239890 1.030790 0.208385
v -1.225222 1.025257 0.193111
v -1.233866 1.015795 0.210194
v -1.230824 1.006215 0.216882
v -1.225171 0.995833 0.193115
v -1.228839 0.986649 0.191674
v -1.239797 0.992210 0.223885
v -1.241549 0.971228 0.191683
v -1.257410 0.971470 0.226993
v -1.265388 0.966358 0.199141
v -1.253559 0.973784 0.174898
v -1.278422 0.959915 0.187902
v -1.279437 0.968875 0.222277
v -1.281367 0.971668 0.156454
v -1.289838 0.967671 0.210566
v -1.295238 0.972174 0.200683
v -1.301264 0.971338 0.136351
v -1.307729 0.983600 0.219279
v -1.318084 0.986519 0.184434
v -1.318572 1.002179 0.193736
v -1.308237 1.023366 0.154405
v -1.315627 1.028208 0.193553
v -1.311530 1.039109 0.208367
v -1.303168 1.044818 0.209435
v -1.287461 1.049157 0.205706
v -1.299402 1.045387 0.251736
v -1.296303 1.058083 0.282701
v -1.267347 1.054076 0.260192
v -1.258006 1.050554 0.262459
v -1.249038 1.037541 0.272692
v -1.233279 1.034429 0.241392
v -1.239007 1.023978 0.264904
v -1.244484 0.982793 0.221981
v -1.250321 0.975517 0.263232
v -1.259675 0.972998 0.270855
v -1.268032 0.970462 0.255622
v -1.290363 0.966025 0.275155
v -1.309725 0.971228 0.234704
v -1.317075 0.991959 0.265770
v -1.317803 0.993803 0.221938
v -1.319771 1.008030 0.249657
v -1.317603 1.023435 0.252189
v -1.322338 1.034404 0.233046
v -1.317391 1.035937 0.273020
v -1.312743 1.033500 0.354567
v -1.356850 1.035913 0.952530
v -1.254921 1.043981 0.288232
v -1.238575 1.042545 0.239807
v -1.253490 1.014583 0.336023
v -1.236081 1.011936 0.275224
v -1.254598 0.987682 0.293549
v -1.270573 0.973698 0.310260
v -1.287446 0.977193 0.345161
v -1.312507 0.989880 0.346225
v -1.313740 0.978110 0.274464
v -1.325341 1.001904 0.281671
v -1.326568 1.019442 0.280961
v -1.317029 1.016009 0.217532
v -1.307137 1.046684 0.283805
v -1.319852 1.033603 0.952348
v -1.238123 1.034001 0.287792
v -1.237377 0.997939 0.265637
v -1.242204 0.988995 0.275703
v -1.275922 0.965198 0.262101
v -1.300817 0.971406 0.260092
v -1.369533 1.013476 0.948869
v -1.337599 1.010461 0.921430
v -1.352938 0.981672 0.952422
v -1.314638 0.993943 0.954814
v 1.843083 1.038887 1.553728
v 1.868139 1.033745 1.524022
v 1.854916 1.045535 1.596609
v 1.853326 1.049630 1.637568
v 1.843893 1.047896 1.593770
v 1.830248 1.047734 1.579326
v 1.872465 0.980914 1.524214
v 1.820367 0.978332 1.528377
v 1.807611 1.004916 1.535968
v 1.815521 1.028327 1.528856
v 1.817796 1.035668 1.573106
v 1.806276 1.020530 1.579424
v 1.802652 0.996578 1.577924
v 1.809487 0.984526 1.576033
v 1.830752 0.965672 1.573812
v 1.842667 0.968688 1.527252
v 1.857494 0.960916 1.574945
v 1.872687 0.972700 1.568108
v 1.886580 0.978347 1.574395
v 1.888401 0.991590 1.569132
v 1.890451 1.004295 1.571710
v 1.888631 1.016577 1.569112
v 1.884110 1.030159 1.572615
v 1.863762 1.046103 1.574397
v 1.866976 1.052980 1.626638
v 1.861518 1.054919 1.676101
v 1.851617 1.054918 1.676971
v 1.837653 1.052979 1.629204
v 1.871905 0.959698 1.577108
v 1.880127 1.043714 1.576389
v 1.869939 1.032586 1.602097
v 1.876123 1.049177 1.625838
v 1.867352 1.043636 1.658041
v 1.866691 1.049946 1.746443
v 1.859556 1.038850 1.700978
v 1.855870 1.054918 1.725585
v 1.843844 1.043677 1.658699
v 1.831168 1.039441 1.610083
v 1.813274 1.036625 1.631336
v 1.815814 1.024224 1.612836
v 1.803985 1.019178 1.632149
v 1.802053 1.009431 1.632318
v 1.810400 1.007934 1.602305
v 1.802054 0.999492 1.632319
v 1.810580 0.991502 1.612935
v 1.817555 0.973455 1.593587
v 1.813276 0.972298 1.631337
v 1.820278 0.965272 1.630722
v 1.831111 0.968454 1.612228
v 1.839913 0.959929 1.589910
v 1.837658 0.955948 1.629205
v 1.847369 0.954008 1.628354
v 1.854358 0.963546 1.610193
v 1.866980 0.955949 1.626637
v 1.869685 0.968030 1.608851
v 1.884359 0.965275 1.625118
v 1.891359 0.972303 1.624504
v 1.878225 0.984657 1.601372
v 1.896860 0.980566 1.624022
v 1.900648 0.989749 1.623690
v 1.890080 1.000977 1.605213
v 1.902579 1.009435 1.623522
v 1.900647 1.019183 1.623691
v 1.887846 1.022884 1.607215
v 1.891357 1.036628 1.624504
v 1.884356 1.043656 1.625117
v 1.875482 1.052979 1.723867
v 1.839195 1.040112 1.696958
v 1.846159 1.052979 1.726432
v 1.827131 1.036860 1.645504
v 1.824528 1.043652 1.679336
v 1.818136 1.029911 1.670311
v 1.816022 1.016817 1.662535
v 1.811201 1.004485 1.667817
v 1.813619 0.993514 1.666401
v 1.817962 0.984713 1.648474
v 1.812029 0.980563 1.680431
v 1.817529 0.972298 1.679951
v 1.828709 0.972072 1.663589
v 1.832764 0.959751 1.678617
v 1.841911 0.955947 1.677817
v 1.846954 0.970903 1.653094
v 1.851622 0.954009 1.676965
v 1.861522 0.954009 1.676098
v 1.866495 0.965030 1.658116
v 1.880381 0.959752 1.674451
v 1.880657 0.972429 1.656881
v 1.893339 0.979016 1.663733
v 1.894070 0.992111 1.655705
v 1.901087 1.004275 1.663056
v 1.894165 1.015420 1.655604
v 1.901111 1.028365 1.672640
v 1.887010 1.029617 1.656230
v 1.881089 1.042209 1.664805
v 1.878446 1.032586 1.699325
v 1.884629 1.049177 1.723064
v 1.875919 1.043996 1.754298
v 1.861856 1.044234 1.775116
v 1.851436 1.043777 1.756357
v 1.837013 1.049175 1.727230
v 1.827881 1.031261 1.712522
v 1.820589 1.024126 1.714888
v 1.815550 1.013530 1.719528
v 1.810560 0.999492 1.729546
v 1.824976 0.997751 1.703846
v 1.812493 0.989745 1.729377
v 1.816283 0.980563 1.729047
v 1.827129 0.978584 1.712590
v 1.839617 0.968453 1.709455
v 1.850959 0.959852 1.716429
v 1.862864 0.963546 1.707418
v 1.878192 0.968029 1.706081
v 1.892865 0.965275 1.722347
v 1.886731 0.984657 1.698600
v 1.905366 0.980566 1.721248
v 1.909155 0.989749 1.720919
v 1.899974 0.999991 1.704175
v 1.902969 1.009886 1.707681
v 1.895596 1.023429 1.704561
v 1.899863 1.036628 1.721735
v 1.884426 1.039380 1.773143
v 1.842282 1.038896 1.771795
v 1.837325 1.036561 1.745019
v 1.831577 1.032884 1.774147
v 1.828171 1.024261 1.757015
v 1.828377 1.015502 1.778700
v 1.823301 1.009243 1.757440
v 1.820049 0.996318 1.764308
v 1.837026 0.998797 1.822080
v 1.826858 0.985891 1.758502
v 1.834196 0.978974 1.775141
v 1.836070 0.973005 1.745177
v 1.839817 0.966697 1.772961
v 1.850860 0.965973 1.755031
v 1.863315 0.959689 1.760521
v 1.867034 0.970525 1.815975
v 1.874750 0.962960 1.746459
v 1.884765 0.965423 1.769491
v 1.889297 0.972109 1.753128
v 1.898182 0.975877 1.743694
v 1.899952 0.985134 1.771783
v 1.902851 0.991966 1.751943
v 1.904051 1.000946 1.769430
v 1.904617 1.008045 1.751786
v 1.906099 1.018184 1.743000
v 1.900706 1.022767 1.771474
v 1.895701 1.030390 1.752566
v 1.891194 1.040064 1.744302
v 1.905852 1.026210 2.002277
v 1.879784 1.033785 2.003182
v 1.882412 1.004463 1.971905
v 1.913729 0.999995 1.997232
v 1.884071 0.975347 2.001605
v 1.859123 0.989514 2.003672
v 1.859640 1.018736 2.004770
v 1.910159 0.982412 2.033314
v 1.616676 1.199893 1.251897
v 1.624838 1.204903 1.290281
v 1.600934 1.203026 1.243273
v 1.617363 1.192070 1.189414
v 1.649001 1.157145 1.185450
v 1.623612 1.122611 1.188308
v 1.587374 1.123619 1.192832
v 1.575241 1.166694 1.192126
v 1.596350 1.189920 1.234025
v 1.585643 1.173766 1.217459
v 1.575164 1.158765 1.235879
v 1.570242 1.148858 1.243084
v 1.577060 1.134511 1.238825
v 1.593651 1.126199 1.217944
v 1.607724 1.110476 1.239255
v 1.645347 1.128761 1.229738
v 1.656811 1.138382 1.234961
v 1.653897 1.157866 1.228367
v 1.641570 1.172690 1.212503
v 1.639120 1.192153 1.236507
v 1.614036 1.188593 1.215595
v 1.630296 1.203033 1.240704
v 1.630672 1.193621 1.272221
v 1.616792 1.200397 1.315537
v 1.607594 1.194526 1.274191
v 1.583535 1.193683 1.244795
v 1.665958 1.149486 1.237585
v 1.664019 1.169197 1.237756
v 1.643103 1.195567 1.313237
v 1.626416 1.195736 1.321524
v 1.638294 1.197803 1.362482
v 1.633344 1.204903 1.387511
v 1.623000 1.196183 1.373032
v 1.611929 1.197893 1.364861
v 1.596080 1.199160 1.292795
v 1.592756 1.186482 1.275537
v 1.578955 1.179847 1.255198
v 1.580847 1.186610 1.294127
v 1.575346 1.178346 1.294609
v 1.578096 1.167678 1.263287
v 1.574377 1.163608 1.299006
v 1.577103 1.151666 1.276860
v 1.575477 1.140665 1.259712
v 1.575348 1.130547 1.294609
v 1.584513 1.129168 1.262727
v 1.591195 1.116766 1.254128
v 1.596084 1.109736 1.292797
v 1.606060 1.115277 1.274373
v 1.614941 1.103994 1.291143
v 1.621755 1.110255 1.266165
v 1.630593 1.112907 1.254890
v 1.640099 1.114068 1.264622
v 1.645384 1.121344 1.253596
v 1.658932 1.122288 1.287297
v 1.654208 1.133753 1.270115
v 1.668221 1.139734 1.286484
v 1.659369 1.149099 1.269663
v 1.670153 1.159421 1.286316
v 1.657649 1.165941 1.269861
v 1.654237 1.179545 1.248610
v 1.664431 1.178350 1.286816
v 1.658930 1.186614 1.287298
v 1.644669 1.185912 1.270996
v 1.632084 1.199224 1.423209
v 1.644683 1.186394 1.485358
v 1.603679 1.190875 1.323422
v 1.592101 1.193638 1.342130
v 1.591275 1.180853 1.324654
v 1.581877 1.171581 1.330304
v 1.577962 1.154638 1.333784
v 1.581674 1.144121 1.311793
v 1.585500 1.129315 1.333125
v 1.589699 1.123019 1.306038
v 1.592104 1.115257 1.342129
v 1.605820 1.113610 1.329646
v 1.618538 1.114215 1.320792
v 1.638806 1.105933 1.338046
v 1.633162 1.114698 1.307156
v 1.648350 1.122479 1.305876
v 1.656186 1.115259 1.336524
v 1.661100 1.129288 1.326484
v 1.662204 1.141828 1.320489
v 1.663375 1.158063 1.318200
v 1.672473 1.169168 1.335099
v 1.657189 1.173550 1.317033
v 1.649774 1.189048 1.323303
v 1.646782 1.191413 1.370953
v 1.642645 1.192855 1.415637
v 1.619991 1.193413 1.417686
v 1.605623 1.192569 1.376153
v 1.595631 1.186772 1.381225
v 1.591227 1.173511 1.372167
v 1.580065 1.169163 1.392170
v 1.585463 1.158557 1.376119
v 1.583049 1.145753 1.382326
v 1.585555 1.140596 1.359353
v 1.583855 1.130547 1.391837
v 1.602617 1.129581 1.365628
v 1.589355 1.122284 1.391354
v 1.596358 1.115257 1.390743
v 1.604590 1.109735 1.390025
v 1.614902 1.114332 1.373741
v 1.629211 1.114420 1.357863
v 1.633349 1.103994 1.387510
v 1.643060 1.105934 1.386661
v 1.645343 1.118433 1.355020
v 1.654409 1.117113 1.406935
v 1.658248 1.122057 1.399211
v 1.660179 1.134003 1.366811
v 1.665877 1.150483 1.354698
v 1.675187 1.150973 1.405578
v 1.678659 1.159421 1.383545
v 1.667043 1.166588 1.369177
v 1.665377 1.179584 1.375127
v 1.657295 1.182627 1.353076
v 1.660435 1.193641 1.385140
v 1.656067 1.198632 1.432033
v 1.686560 1.184330 2.103183
v 1.612551 1.193438 1.435876
v 1.605968 1.186251 1.418913
v 1.594732 1.179823 1.426476
v 1.593062 1.166586 1.419832
v 1.582726 1.159457 1.438449
v 1.606825 1.167305 1.487817
v 1.590714 1.151295 1.420247
v 1.590463 1.142476 1.437807
v 1.595017 1.136610 1.419732
v 1.599800 1.123385 1.425859
v 1.612706 1.131989 1.483822
v 1.610937 1.119602 1.418343
v 1.622608 1.120913 1.443008
v 1.625589 1.111506 1.410717
v 1.635948 1.110789 1.433832
v 1.642510 1.115290 1.417008
v 1.653274 1.120165 1.438120
v 1.665756 1.125862 1.406483
v 1.670552 1.133121 1.430803
v 1.671380 1.141382 1.406709
v 1.670345 1.154075 1.482742
v 1.675349 1.162595 1.419422
v 1.666855 1.172806 1.413589
v 1.666653 1.181635 1.431145
v 1.657256 1.184715 1.414286
v 1.719436 1.166578 2.103047
v 1.688268 1.154449 2.072282
v 1.713645 1.135290 2.101027
v 1.692498 1.124892 2.101656
v 1.667005 1.136914 2.107073
v 1.663460 1.164715 2.105862
v 0.919240 1.192667 -0.726962
v 0.919948 1.201450 -0.690206
v 0.913124 1.198698 -0.760958
v 0.901988 1.195265 -0.761669
v 0.941077 1.178604 -0.806905
v 0.929605 1.125679 -0.806307
v 0.872185 1.162588 -0.800904
v 0.898385 1.191652 -0.803593
v 0.878322 1.183083 -0.752127
v 0.875102 1.169179 -0.757011
v 0.869852 1.155922 -0.751032
v 0.878827 1.138811 -0.758666
v 0.883639 1.124692 -0.752236
v 0.898758 1.123021 -0.802383
v 0.915387 1.112395 -0.755014
v 0.944458 1.124404 -0.757913
v 0.943504 1.143403 -0.780575
v 0.945490 1.163014 -0.781220
v 0.936568 1.180538 -0.780439
v 0.926015 1.195866 -0.761453
v 0.933519 1.205529 -0.704077
v 0.928716 1.197248 -0.635648
v 0.913668 1.202609 -0.657867
v 0.900529 1.199009 -0.710798
v 0.890747 1.201778 -0.749432
v 0.866206 1.142264 -0.747286
v 0.890769 1.112236 -0.749435
v 0.899928 1.108429 -0.750238
v 0.929289 1.108437 -0.752805
v 0.964927 1.152049 -0.755922
v 0.959192 1.180955 -0.755420
v 0.938425 1.201790 -0.753604
v 0.937018 1.193021 -0.721935
v 0.933896 1.196186 -0.672672
v 0.932315 1.207467 -0.606000
v 0.922414 1.207467 -0.605134
v 0.889523 1.189371 -0.733504
v 0.886817 1.196202 -0.699993
v 0.879817 1.189174 -0.699380
v 0.881464 1.176770 -0.717072
v 0.870528 1.171727 -0.698568
v 0.876663 1.161486 -0.716654
v 0.868598 1.152041 -0.698398
v 0.878052 1.145520 -0.716772
v 0.874319 1.133111 -0.698900
v 0.885425 1.131305 -0.717421
v 0.886821 1.117820 -0.699993
v 0.897654 1.121003 -0.718488
v 0.904201 1.108496 -0.701514
v 0.912880 1.116184 -0.719821
v 0.928101 1.116935 -0.721199
v 0.939070 1.116632 -0.728887
v 0.948680 1.130610 -0.722954
v 0.957221 1.139454 -0.745248
v 0.963403 1.133116 -0.706692
v 0.967191 1.142298 -0.707025
v 0.958339 1.151663 -0.723845
v 0.959902 1.165700 -0.745482
v 0.969123 1.161984 -0.707191
v 0.967190 1.171732 -0.707023
v 0.953631 1.175977 -0.723386
v 0.947605 1.189018 -0.744408
v 0.957900 1.189178 -0.706211
v 0.950899 1.196205 -0.705597
v 0.946919 1.201726 -0.656264
v 0.942340 1.198198 -0.584345
v 0.936452 1.200522 -0.559811
v 0.927188 1.197121 -0.576680
v 0.913938 1.197149 -0.619774
v 0.902480 1.192672 -0.671398
v 0.885615 1.182055 -0.662185
v 0.882566 1.169365 -0.668181
v 0.872850 1.161980 -0.649787
v 0.880827 1.153434 -0.668030
v 0.874783 1.142293 -0.649953
v 0.885294 1.138048 -0.668422
v 0.884073 1.124848 -0.650766
v 0.895143 1.125978 -0.670682
v 0.909619 1.116896 -0.668380
v 0.924526 1.116154 -0.684294
v 0.941459 1.120025 -0.671364
v 0.950769 1.121726 -0.681034
v 0.959884 1.131564 -0.666979
v 0.960009 1.145237 -0.676314
v 0.973376 1.152046 -0.658579
v 0.973375 1.161984 -0.658578
v 0.959521 1.166245 -0.675717
v 0.959068 1.181850 -0.670047
v 0.948304 1.189404 -0.671768
v 0.945525 1.193023 -0.624703
v 0.924050 1.187783 -0.510800
v 0.913940 1.198609 -0.568800
v 0.899176 1.188252 -0.633183
v 0.905046 1.194349 -0.582347
v 0.896510 1.189067 -0.593140
v 0.889207 1.176810 -0.617610
v 0.885169 1.161486 -0.619427
v 0.886558 1.145520 -0.619544
v 0.888724 1.131880 -0.611772
v 0.897847 1.125196 -0.619636
v 0.904760 1.120027 -0.637001
v 0.917503 1.112401 -0.614285
v 0.924228 1.112577 -0.641592
v 0.932320 1.106558 -0.606002
v 0.936935 1.117835 -0.637846
v 0.942030 1.108498 -0.606850
v 0.951177 1.112301 -0.607650
v 0.952505 1.124577 -0.623144
v 0.961716 1.137255 -0.626121
v 0.966233 1.153199 -0.626616
v 0.971049 1.165708 -0.618971
v 0.971908 1.180914 -0.609462
v 0.954172 1.175452 -0.632330
v 0.966406 1.189177 -0.608983
v 0.948615 1.187543 -0.552576
v 0.981018 1.184972 0.108559
v 0.893701 1.182388 -0.567028
v 0.909770 1.175718 -0.506186
v 0.888293 1.170079 -0.579619
v 0.888064 1.162076 -0.555584
v 0.886436 1.153324 -0.579455
v 0.889019 1.140433 -0.566620
v 0.898204 1.131970 -0.574004
v 0.904297 1.123127 -0.571573
v 0.907133 1.140140 -0.506684
v 0.908248 1.116519 -0.582085
v 0.918005 1.115327 -0.558200
v 0.925833 1.117047 -0.576492
v 0.938576 1.113320 -0.571129
v 0.940097 1.123984 -0.512540
v 0.947644 1.120990 -0.578470
v 0.954488 1.129576 -0.553976
v 0.962246 1.129179 -0.586089
v 0.969522 1.135685 -0.562706
v 0.970352 1.143945 -0.586798
v 0.975061 1.156412 -0.574146
v 0.968405 1.154364 -0.512233
v 0.968702 1.167979 -0.580172
v 0.967542 1.181277 -0.573665
v 0.963262 1.173871 -0.511826
v 0.957051 1.190063 -0.585631
v 1.015750 1.175351 0.108707
v 0.987238 1.157013 0.078774
v 1.009544 1.135172 0.106518
v 0.978968 1.127390 0.115678
v 0.959727 1.159830 0.111725
v 1.126669 1.127350 -0.030694
v 1.120037 1.131780 -0.005796
v 1.116352 1.124198 -0.061100
v 1.102417 1.122130 -0.056774
v 1.150121 1.090052 -0.110476
v 1.120718 1.044633 -0.103179
v 1.078847 1.073208 -0.105163
v 1.092070 1.107761 -0.105296
v 1.082870 1.105207 -0.055062
v 1.077529 1.085940 -0.057703
v 1.077049 1.071552 -0.054552
v 1.089166 1.056645 -0.062466
v 1.100909 1.046742 -0.063497
v 1.112825 1.037353 -0.057684
v 1.133964 1.050286 -0.108949
v 1.152628 1.050548 -0.061168
v 1.151153 1.074076 -0.084919
v 1.153092 1.102730 -0.067442
v 1.146622 1.120125 -0.058641
v 1.128340 1.116037 -0.107726
v 1.133536 1.123525 -0.041861
v 1.124627 1.121450 0.024519
v 1.112695 1.121404 -0.022746
v 1.088635 1.120561 -0.052143
v 1.088655 1.042075 -0.052145
v 1.125698 1.030806 -0.055385
v 1.135421 1.032749 -0.056236
v 1.144579 1.036561 -0.057038
v 1.165335 1.057406 -0.058853
v 1.171057 1.086315 -0.059354
v 1.169120 1.096075 -0.059183
v 1.144079 1.117308 -0.025494
v 1.139947 1.122935 0.006240
v 1.139084 1.125939 0.051134
v 1.135458 1.125056 0.077054
v 1.114581 1.129842 0.043671
v 1.101180 1.126038 -0.004144
v 1.092948 1.120515 -0.003425
v 1.099254 1.106238 -0.028256
v 1.085947 1.113488 -0.002812
v 1.082636 1.094012 -0.033704
v 1.079477 1.090486 0.002066
v 1.082705 1.077748 -0.020075
v 1.076660 1.066607 -0.001997
v 1.085328 1.062930 -0.033839
v 1.088333 1.056369 0.006718
v 1.097165 1.049863 -0.021340
v 1.101184 1.036612 -0.004142
v 1.111161 1.042154 -0.022566
v 1.120042 1.030872 -0.005793
v 1.129943 1.030871 -0.006660
v 1.128741 1.047435 -0.030835
v 1.139654 1.032810 -0.007507
v 1.148801 1.036615 -0.008309
v 1.149077 1.049292 -0.025884
v 1.164034 1.049165 -0.009641
v 1.159340 1.061568 -0.026779
v 1.165962 1.072282 -0.048906
v 1.173322 1.066612 -0.010455
v 1.175255 1.076359 -0.010625
v 1.164230 1.084905 -0.027206
v 1.173322 1.096046 -0.010454
v 1.159762 1.100291 -0.026817
v 1.157978 1.111180 -0.033436
v 1.157030 1.120519 -0.009029
v 1.153792 1.111497 0.020817
v 1.146663 1.120353 0.107655
v 1.137921 1.127673 0.135472
v 1.131488 1.122243 0.109042
v 1.120481 1.120742 0.074446
v 1.108780 1.117752 0.026483
v 1.096478 1.113649 0.035671
v 1.088084 1.103445 0.021594
v 1.086573 1.095138 0.032154
v 1.083062 1.081515 0.036848
v 1.088436 1.069834 0.028410
v 1.084703 1.057425 0.046286
v 1.096212 1.049270 0.035698
v 1.108038 1.045316 0.026696
v 1.114585 1.032809 0.043671
v 1.123264 1.040495 0.025365
v 1.137074 1.036641 0.032121
v 1.146613 1.044891 0.023320
v 1.161286 1.042136 0.039584
v 1.159065 1.054922 0.022231
v 1.166745 1.068974 0.021559
v 1.173762 1.081137 0.028911
v 1.166664 1.092450 0.020167
v 1.168285 1.113492 0.038974
v 1.149572 1.118219 0.056117
v 1.157304 1.126040 0.088921
v 1.150941 1.123011 0.136023
v 1.128295 1.114669 0.146392
v 1.161916 1.106421 0.184257
v 1.109686 1.126038 0.093085
v 1.106363 1.113360 0.075826
v 1.096328 1.100390 0.075232
v 1.085165 1.096041 0.095229
v 1.090563 1.085435 0.079182
v 1.088958 1.075903 0.081122
v 1.090696 1.064080 0.085165
v 1.100061 1.055618 0.076380
v 1.107314 1.043581 0.083709
v 1.119668 1.042153 0.074665
v 1.137247 1.047435 0.066393
v 1.148160 1.032811 0.089722
v 1.157583 1.049292 0.071346
v 1.166768 1.054396 0.074312
v 1.172339 1.060164 0.063170
v 1.172648 1.076853 0.070028
v 1.175816 1.089975 0.074614
v 1.167407 1.101117 0.054428
v 1.178038 1.105227 0.087107
v 1.163712 1.112732 0.075673
v 1.118233 1.117350 0.121210
v 1.110457 1.115671 0.139567
v 1.102529 1.109160 0.116241
v 1.106846 1.099078 0.146725
v 1.098162 1.093463 0.122894
v 1.094194 1.086389 0.140985
v 1.095814 1.078172 0.123311
v 1.104906 1.071229 0.148103
v 1.100077 1.062969 0.122936
v 1.103324 1.054140 0.140191
v 1.109811 1.050561 0.122083
v 1.118965 1.040190 0.127864
v 1.130691 1.038382 0.113779
v 1.131830 1.049334 0.184933
v 1.140332 1.035939 0.112217
v 1.149466 1.039191 0.136154
v 1.153936 1.044892 0.107078
v 1.162603 1.042496 0.133311
v 1.173441 1.055479 0.132164
v 1.163655 1.061514 0.113059
v 1.170177 1.064746 0.190687
v 1.179055 1.068540 0.108826
v 1.180882 1.076263 0.133402
v 1.176218 1.084480 0.116276
v 1.177675 1.097859 0.122554
v 1.171967 1.092395 0.186000
v 1.167734 1.105850 0.116879
v 1.161598 1.117996 0.123964
v 1.215267 1.105925 0.806250
v 1.175486 1.103621 0.806607
v 1.193369 1.081326 0.775343
v 1.224048 1.069225 0.805813
v 1.202360 1.053161 0.803755
v 1.170607 1.064822 0.805828
v 1.270899 1.056485 0.115390
v 1.264269 1.060915 0.140293
v 1.260635 1.051042 0.082581
v 1.242378 1.039733 0.049638
v 1.270561 1.043989 0.037401
v 1.297475 1.015979 0.035581
v 1.281079 0.979789 0.036638
v 1.222973 1.011992 0.041046
v 1.229571 1.029353 0.083937
v 1.220314 1.012090 0.091260
v 1.229475 0.999688 0.069066
v 1.230276 0.980642 0.091294
v 1.243742 0.979495 0.040340
v 1.252582 0.966462 0.089345
v 1.267634 0.970606 0.081257
v 1.282675 0.969656 0.086163
v 1.296860 0.979682 0.084923
v 1.306142 0.994394 0.084109
v 1.310108 1.011162 0.081835
v 1.303140 1.021870 0.078862
v 1.303663 1.036311 0.086324
v 1.289351 1.040674 0.078725
v 1.277766 1.052660 0.104227
v 1.278422 1.060915 0.188041
v 1.263980 1.055146 0.179725
v 1.255760 1.050441 0.109957
v 1.252851 1.052579 0.150898
v 1.225858 1.042657 0.094557
v 1.288787 1.055238 0.089053
v 1.288310 1.046444 0.120595
v 1.281633 1.049217 0.157182
v 1.288134 1.058977 0.187194
v 1.272591 1.051386 0.219844
v 1.240826 1.048346 0.103251
v 1.237179 1.049649 0.142664
v 1.236559 1.037778 0.125121
v 1.227427 1.023690 0.112436
v 1.225611 1.019501 0.153281
v 1.226935 1.006882 0.126012
v 1.223300 0.996362 0.119557
v 1.226883 0.988031 0.119080
v 1.230182 0.978296 0.143277
v 1.239386 0.979266 0.111388
v 1.246063 0.969396 0.117566
v 1.254563 0.961944 0.141144
v 1.261225 0.969390 0.109480
v 1.269894 0.964942 0.149411
v 1.279147 0.971027 0.121446
v 1.293032 0.965749 0.137777
v 1.292921 0.977571 0.120191
v 1.308265 0.978300 0.136445
v 1.303571 0.990703 0.119309
v 1.317553 0.995746 0.135633
v 1.309042 1.005083 0.117926
v 1.311703 1.018674 0.124859
v 1.302267 1.029562 0.117569
v 1.308262 1.042625 0.136446
v 1.302113 1.046119 0.161525
v 1.293380 1.047165 0.170082
v 1.285928 1.055072 0.226790
v 1.281316 1.054908 0.272196
v 1.286679 1.042605 0.333107
v 1.263065 1.058975 0.238374
v 1.249664 1.055173 0.190558
v 1.246719 1.043351 0.173218
v 1.234882 1.031113 0.160505
v 1.232340 1.027713 0.201655
v 1.227294 1.010650 0.182933
v 1.231857 0.998906 0.174462
v 1.240041 0.984720 0.173702
v 1.243695 0.975029 0.166486
v 1.249668 0.965747 0.190561
v 1.259981 0.970345 0.174274
v 1.268527 0.960005 0.188906
v 1.281305 0.965776 0.178207
v 1.290844 0.974027 0.169407
v 1.305517 0.971272 0.185672
v 1.302757 0.983891 0.168273
v 1.310435 1.005496 0.165015
v 1.321806 0.995746 0.184244
v 1.312122 1.022600 0.169710
v 1.309430 1.035299 0.172610
v 1.293369 1.039190 0.211409
v 1.301534 1.055174 0.235005
v 1.292729 1.048952 0.264788
v 1.268742 1.048941 0.266817
v 1.257264 1.046886 0.221183
v 1.243957 1.036091 0.209959
v 1.245686 1.049649 0.239892
v 1.238684 1.042623 0.240504
v 1.233185 1.034358 0.240988
v 1.229396 1.025175 0.241320
v 1.227466 1.015428 0.241486
v 1.241338 1.009661 0.215704
v 1.227466 1.005489 0.241487
v 1.229397 0.995741 0.241319
v 1.237983 0.990671 0.206961
v 1.233186 0.986559 0.240990
v 1.238687 0.978296 0.240505
v 1.255914 0.982313 0.214580
v 1.251787 0.974913 0.261086
v 1.253921 0.965747 0.239172
v 1.272779 0.960005 0.237521
v 1.274811 0.976074 0.212927
v 1.282681 0.960006 0.236654
v 1.294077 0.968331 0.226077
v 1.301815 0.978426 0.217435
v 1.310646 0.991399 0.204244
v 1.322272 0.986563 0.233193
v 1.321400 1.001733 0.223660
v 1.316410 1.014562 0.200293
v 1.327990 1.015433 0.232693
v 1.311599 1.029514 0.215101
v 1.309767 1.049653 0.234288
v 1.308637 1.033787 0.332401
v 1.261882 1.049451 0.285023
v 1.254949 1.041593 0.268022
v 1.244273 1.035582 0.275434
v 1.260139 1.029498 0.335606
v 1.242393 1.022598 0.268982
v 1.236215 1.011061 0.276312
v 1.253615 1.011628 0.334964
v 1.242051 0.999452 0.269013
v 1.242929 0.990498 0.286684
v 1.248505 0.985937 0.268518
v 1.261552 0.990608 0.341869
v 1.260523 0.972201 0.285145
v 1.266667 0.969275 0.260588
v 1.280290 0.966016 0.272281
v 1.284382 0.978236 0.334457
v 1.291172 0.971495 0.264925
v 1.305101 0.972899 0.270285
v 1.304248 0.983745 0.330772
v 1.312609 0.982627 0.256567
v 1.319884 0.989133 0.279949
v 1.318177 0.997602 0.262423
v 1.325080 1.009946 0.268365
v 1.318192 1.009715 0.330785
v 1.321031 1.022477 0.255832
v 1.317301 1.031840 0.265603
v 1.314472 1.039801 0.255691
v 1.306097 1.047356 0.270199
v 1.321466 1.035774 0.955619
v 1.337600 1.010461 0.921430
v 1.363736 1.029758 0.949710
v 1.366500 0.996563 0.950173
v 1.340225 0.981240 0.949457
v 1.313046 0.997380 0.955968
v -1.221125 1.683487 2.088866
v -1.204256 1.729936 2.105979
v -1.204007 1.678274 1.847733
v -0.664068 1.730831 1.841857
v -0.638079 1.788945 1.864972
v -0.678456 1.774659 1.303529
v -0.685432 1.835603 1.303138
v -1.218471 1.752031 1.862667
v -0.678600 1.840325 1.846289
v -0.996143 1.663947 -0.039064
v -0.926365 1.744637 0.046576
v -1.102722 1.590385 0.005028
v -1.142236 1.605637 0.134004
v -1.072459 1.680573 0.223137
v -0.966142 1.753361 0.177174
v -1.078892 1.688916 0.219465
v -0.972309 1.763114 0.175613
v -0.934050 1.752432 0.044421
v -1.002459 1.671981 -0.042087
v -1.109498 1.599511 0.002731
v -0.896640 1.678886 -0.188242
v -0.848205 1.741653 -0.204203
v -0.872227 1.720643 -0.209862
v -0.792363 1.794968 -0.071722
v -0.947803 1.669473 -0.178217
v -0.967703 1.660747 -0.154168
v -0.948152 1.686877 0.003560
v -0.994852 1.666870 -0.061664
v -0.990730 1.679155 -0.031956
v -0.942302 1.736447 0.028904
v -0.918281 1.757457 0.034563
v -0.842704 1.808627 0.002918
v -0.822805 1.817353 -0.021131
v -0.795656 1.811230 -0.113635
v -0.822805 1.817353 -0.021131
v -0.904082 1.796243 0.013970
v -0.842704 1.808627 0.002918
v -0.795656 1.811230 -0.113635
v -0.818711 1.812797 -0.128764
v -0.799778 1.798946 -0.143343
v -0.848205 1.741653 -0.204203
v -0.799778 1.798946 -0.143343
v -0.924050 1.713988 -0.196955
v -0.872227 1.720643 -0.209862
v -0.947803 1.669473 -0.178217
v -0.967703 1.660747 -0.154168
v -0.994852 1.666870 -0.061664
v -0.994614 1.693701 -0.055112
v -0.990729 1.679155 -0.031956
v -0.942302 1.736447 0.028904
v -0.918281 1.757457 0.034563
v -0.875846 1.622525 -0.411208
v -0.877362 1.653615 -0.423730
v -0.901383 1.632604 -0.429390
v -0.813979 1.719261 -0.350719
v -0.976960 1.581435 -0.397745
v -0.996859 1.572709 -0.373696
v -1.022074 1.585382 -0.251862
v -1.024008 1.578832 -0.281192
v -0.959469 1.655462 -0.174890
v -0.852429 1.727933 -0.219710
v -1.024008 1.578832 -0.281192
v -0.996859 1.572709 -0.373696
v -1.026061 1.590081 -0.252879
v -0.965783 1.663496 -0.177913
v -0.859200 1.737694 -0.221767
v -0.820944 1.727010 -0.352959
v -0.880283 1.654119 -0.430529
v -0.901383 1.632604 -0.429390
v -0.992177 1.598537 -0.382290
v -0.976960 1.581435 -0.397745
v -0.795449 1.847683 1.451919
v -0.757223 1.866980 1.451108
v -0.775331 1.855389 0.784759
v -0.880159 2.058176 1.313067
v -0.877267 2.052580 1.441605
v -0.910079 1.706943 2.567356
v -0.911525 1.704147 2.909750
v -0.853611 1.816176 2.891442
v -1.697415 1.704147 2.909750
v -1.698860 1.706943 2.567355
v -1.755327 1.816175 2.891442
v -0.833462 1.527819 2.929539
v -0.684136 1.536550 2.941043
v -0.648128 1.536550 2.902222
v -0.833785 1.546852 2.924659
v -0.835459 1.536550 2.547028
v -0.734145 1.536550 2.608172
v -1.775476 1.527819 2.929538
v -1.924803 1.536550 2.941043
v -1.960810 1.536550 2.902224
v -1.775153 1.546852 2.924658
v -1.773480 1.536550 2.547028
v -1.874793 1.536550 2.608170
v -1.602556 1.680400 1.613304
v -1.533318 1.697209 1.570370
v -1.561823 1.675974 1.575707
v -1.580050 1.673214 1.587525
v -1.591060 1.670347 1.566061
v -1.571931 1.674707 1.555320
v -1.580999 1.676197 1.517211
v -1.617467 1.678757 1.547863
v -0.835918 1.851298 0.340922
v -0.910092 1.835834 0.300568
v -0.841149 1.847697 0.257793
v -0.848680 1.835357 0.312319
v -0.872682 1.829958 0.309211
v -0.868370 1.830514 0.286383
v -0.849187 1.835374 0.290471
v -1.832434 1.318273 2.391449
v -1.830884 1.319442 2.572008
v -1.830842 1.617639 2.391542
v -1.832008 1.614185 2.572967
v -1.454286 1.705481 2.399542
v -1.376027 1.605494 2.366401
v -1.374902 1.331767 2.366864
v -1.454287 1.229184 2.399542
v -1.451101 1.230609 2.223182
v -1.376326 1.332227 2.187836
v -1.375614 1.600303 2.186769
v -1.451100 1.704055 2.223181
v -1.832434 1.318272 2.094145
v -1.830884 1.319443 2.274704
v -1.830842 1.617639 2.094238
v -1.832007 1.614185 2.275663
v -1.454286 1.705480 2.102237
v -1.376027 1.605494 2.069096
v -1.374902 1.331767 2.069559
v -1.454287 1.229184 2.102238
v -1.451101 1.230609 1.925878
v -1.376326 1.332226 1.890531
v -1.375614 1.600304 1.889464
v -1.451100 1.704055 1.925877
v -1.832434 1.318273 1.796840
v -1.830884 1.319442 1.977399
v -1.830842 1.617639 1.796934
v -1.832008 1.614185 1.978358
v -1.454286 1.705480 1.804933
v -1.376027 1.605493 1.771791
v -1.374902 1.331767 1.772254
v -1.454287 1.229184 1.804933
v -1.451101 1.230609 1.628573
v -1.376326 1.332227 1.593227
v -1.375614 1.600303 1.592160
v -1.451100 1.704055 1.628572
v -1.084753 1.729424 1.485465
v -1.156904 1.696465 0.938400
v -0.845961 1.770511 1.485336
v -0.767003 1.763619 0.939900
v -0.845993 1.770589 0.394992
v -1.084805 1.729357 0.395118
v -0.979673 1.834954 0.662945
v -0.984067 1.858413 0.945449
v -0.980225 1.834760 1.225998
v -0.254257 1.910229 -0.756457
v -0.238051 1.927223 -0.771000
v -0.270462 1.927223 -0.771000
v -0.137973 1.921673 -0.634242
v -0.368738 1.920882 -0.644483
v -0.354120 1.933396 -0.723096
v -0.370326 1.936983 -0.695257
v -0.370326 1.949330 -0.599449
v -0.354120 1.952917 -0.571611
v -0.254257 1.938965 -0.533466
v -0.270462 1.959090 -0.523707
v -0.238051 1.959090 -0.523707
v -0.154393 1.952917 -0.571611
v -0.138188 1.949330 -0.599449
v -0.138188 1.936983 -0.695257
v -0.138188 1.949330 -0.599449
v -0.138972 1.968207 -0.640376
v -0.154393 1.952917 -0.571611
v -0.138188 1.936983 -0.695257
v -0.154393 1.933396 -0.723096
v -0.238051 1.927223 -0.771000
v -0.154393 1.933396 -0.723096
v -0.254257 1.947348 -0.761240
v -0.270462 1.927223 -0.771000
v -0.354120 1.933396 -0.723096
v -0.368738 1.965431 -0.650223
v -0.370326 1.936983 -0.695257
v -0.370326 1.949330 -0.599449
v -0.354120 1.952917 -0.571611
v -0.270462 1.959090 -0.523707
v -0.254257 1.976084 -0.538249
v -0.238051 1.959090 -0.523707
v -0.183344 1.879919 -0.953512
v -0.110464 1.899927 -0.982811
v -0.142875 1.899927 -0.982811
v -0.029313 1.890118 -0.912521
v -0.226533 1.906101 -0.934907
v -0.242739 1.909688 -0.907068
v -0.224026 1.904486 -0.801025
v -0.242739 1.922035 -0.811261
v -0.226533 1.925622 -0.783422
v -0.061245 1.902531 -0.763157
v -0.142875 1.931795 -0.735518
v -0.110464 1.931795 -0.735518
v -0.026806 1.925622 -0.783422
v -0.010600 1.922035 -0.811261
v -0.010600 1.909688 -0.907068
v -0.010600 1.922035 -0.811261
v -0.012188 1.938136 -0.862034
v -0.026806 1.925622 -0.783422
v -0.010600 1.909688 -0.907068
v -0.026806 1.906101 -0.934907
v -0.110464 1.899927 -0.982811
v -0.026806 1.906101 -0.934907
v -0.126669 1.920053 -0.973052
v -0.142875 1.899927 -0.982811
v -0.226533 1.906101 -0.934907
v -0.241854 1.937437 -0.861945
v -0.242739 1.909688 -0.907068
v -0.242739 1.922035 -0.811261
v -0.226533 1.925622 -0.783422
v -0.142875 1.931795 -0.735518
v -0.126669 1.948789 -0.750061
v -0.110464 1.931795 -0.735518
v 1.221171 1.683683 2.088951
v 1.204286 1.729990 2.105962
v 1.204015 1.678218 1.847812
v 0.664068 1.730831 1.841857
v 0.638086 1.788961 1.864983
v 0.678430 1.774543 1.303622
v 0.685424 1.835615 1.303142
v 1.218462 1.752011 1.862644
v 0.678600 1.840325 1.846289
v 0.197580 1.907214 -0.741700
v 0.270462 1.927222 -0.770999
v 0.238051 1.927222 -0.770999
v 0.351613 1.917413 -0.700709
v 0.370326 1.936983 -0.695257
v 0.354120 1.933396 -0.723096
v 0.319680 1.929825 -0.551346
v 0.354120 1.952917 -0.571611
v 0.370326 1.949329 -0.599449
v 0.238051 1.959090 -0.523707
v 0.270462 1.959090 -0.523707
v 0.156900 1.931781 -0.589214
v 0.138188 1.949329 -0.599449
v 0.154393 1.952917 -0.571611
v 0.154393 1.952917 -0.571611
v 0.137791 1.969083 -0.650694
v 0.138188 1.949329 -0.599449
v 0.238051 1.959090 -0.523707
v 0.320662 1.979026 -0.556411
v 0.270462 1.959090 -0.523707
v 0.354120 1.952917 -0.571611
v 0.370326 1.949329 -0.599449
v 0.370326 1.936983 -0.695257
v 0.311497 1.952759 -0.748554
v 0.354120 1.933396 -0.723096
v 0.270462 1.927222 -0.770999
v 0.238051 1.927222 -0.770999
v 0.154393 1.933396 -0.723096
v 0.138188 1.936983 -0.695257
v 0.154393 1.933396 -0.723096
v 0.138188 1.936983 -0.695257
v 0.953540 1.690210 0.010402
v 1.014490 1.658024 -0.032011
v 0.990469 1.679035 -0.026352
v 1.082466 1.595559 0.023665
v 1.109967 1.598129 0.023682
v 1.090067 1.606855 -0.000367
v 1.132994 1.616536 0.145895
v 1.006768 1.700737 0.202945
v 1.060544 1.694839 0.212413
v 1.084566 1.673828 0.206754
v 0.965068 1.754735 0.156720
v 0.984968 1.746008 0.180769
v 0.984968 1.746008 0.180769
v 1.036133 1.736593 0.190795
v 0.965069 1.754735 0.156719
v 1.060544 1.694839 0.212413
v 1.084566 1.673828 0.206754
v 1.132993 1.616536 0.145895
v 1.140756 1.607550 0.127244
v 1.109967 1.598129 0.023683
v 1.058865 1.656273 -0.024275
v 1.090067 1.606855 -0.000367
v 1.014490 1.658024 -0.032011
v 0.990469 1.679035 -0.026352
v 0.942042 1.736327 0.034507
v 0.960974 1.750179 0.049087
v 0.937919 1.748612 0.064216
v 0.942042 1.736327 0.034507
v 0.937919 1.748612 0.064216
v 0.852250 1.717726 -0.191012
v 0.872226 1.720643 -0.209862
v 0.848205 1.741653 -0.204203
v 0.798224 1.794042 -0.052475
v 0.964882 1.647670 -0.102035
v 0.967703 1.660747 -0.154168
v 0.947803 1.669473 -0.178217
v 0.990729 1.679155 -0.031956
v 0.994851 1.666870 -0.061664
v 0.915439 1.731977 0.024290
v 0.918280 1.757457 0.034563
v 0.942302 1.736447 0.028904
v 0.822804 1.817353 -0.021131
v 0.842704 1.808627 0.002918
v 0.842704 1.808627 0.002918
v 0.904082 1.796243 0.013969
v 0.822804 1.817353 -0.021131
v 0.918280 1.757457 0.034563
v 0.942302 1.736447 0.028904
v 0.990729 1.679155 -0.031956
v 0.994614 1.693701 -0.055112
v 0.994851 1.666870 -0.061664
v 0.967703 1.660747 -0.154168
v 0.924051 1.713987 -0.196955
v 0.947803 1.669473 -0.178217
v 0.872226 1.720643 -0.209862
v 0.848205 1.741653 -0.204203
v 0.799777 1.798946 -0.143343
v 0.818710 1.812797 -0.128764
v 0.795655 1.811230 -0.113635
v 0.799778 1.798946 -0.143343
v 0.795655 1.811230 -0.113635
v 1.698865 1.706943 2.567355
v 1.697420 1.704147 2.909750
v 1.755332 1.816175 2.891441
v 0.853618 1.816175 2.891443
v 0.911529 1.704147 2.909750
v 0.910083 1.706944 2.567355
v 1.775482 1.527818 2.929539
v 1.924806 1.536550 2.941043
v 1.960815 1.536550 2.902225
v 1.775160 1.546852 2.924658
v 1.773485 1.536550 2.547028
v 1.874800 1.536550 2.608172
v 0.833468 1.527819 2.929538
v 0.684143 1.536550 2.941043
v 0.648134 1.536550 2.902223
v 0.833791 1.546852 2.924658
v 0.835465 1.536550 2.547028
v 0.734151 1.536550 2.608172
v 0.836966 1.662533 -0.387603
v 0.901383 1.632604 -0.429390
v 0.877362 1.653615 -0.423730
v 0.994039 1.559632 -0.321562
v 0.996859 1.572709 -0.373696
v 0.976960 1.581435 -0.397745
v 1.019886 1.591116 -0.251484
v 1.024008 1.578832 -0.281192
v 0.903634 1.672213 -0.191962
v 0.947437 1.669419 -0.184965
v 0.971458 1.648409 -0.190624
v 0.851961 1.729315 -0.240659
v 0.871860 1.720588 -0.216610
v 0.871860 1.720588 -0.216610
v 0.852138 1.746268 -0.292273
v 0.851961 1.729315 -0.240659
v 0.947437 1.669419 -0.184965
v 1.008386 1.638394 -0.228475
v 0.971458 1.648409 -0.190624
v 1.019886 1.591116 -0.251484
v 1.024008 1.578832 -0.281192
v 0.996859 1.572709 -0.373696
v 0.961593 1.620131 -0.415024
v 0.976960 1.581435 -0.397745
v 0.901383 1.632604 -0.429390
v 0.877362 1.653615 -0.423730
v 0.828934 1.710907 -0.362871
v 0.824812 1.723192 -0.333163
v 0.828934 1.710907 -0.362871
v 0.824812 1.723192 -0.333163
v 0.775332 1.855389 0.784759
v 0.880159 2.058176 1.313068
v 0.795448 1.847684 1.451919
v 0.757223 1.866980 1.451108
v 0.877266 2.052579 1.441606
v 1.555517 1.690584 1.613304
v 1.622592 1.671292 1.596752
v 1.541263 1.695254 1.547863
v 1.560593 1.676657 1.574605
v 1.584698 1.671482 1.582923
v 1.579905 1.672573 1.555243
v 1.603507 1.677597 1.526922
v 0.884815 1.849340 0.339303
v 0.802250 1.841560 0.250631
v 0.830311 1.851181 0.337618
v 0.844395 1.858414 0.265587
v 0.851929 1.833697 0.316716
v 0.872936 1.830441 0.312185
v 0.873292 1.830399 0.292947
v 0.849953 1.834582 0.290097
v 0.906227 1.832771 0.283635
v 1.832434 1.318273 2.391449
v 1.830883 1.319442 2.572008
v 1.830842 1.617639 2.391542
v 1.832007 1.614185 2.572967
v 1.454286 1.705480 2.399541
v 1.376027 1.605495 2.366399
v 1.374902 1.331765 2.366863
v 1.454287 1.229184 2.399542
v 1.451101 1.230609 2.223182
v 1.376326 1.332227 2.187836
v 1.375614 1.600303 2.186769
v 1.451101 1.704055 2.223181
v 1.832434 1.318272 2.094145
v 1.830884 1.319442 2.274703
v 1.830842 1.617639 2.094239
v 1.832008 1.614185 2.275662
v 1.454286 1.705480 2.102237
v 1.376027 1.605494 2.069095
v 1.374902 1.331767 2.069558
v 1.454287 1.229184 2.102238
v 1.451101 1.230609 1.925877
v 1.376326 1.332226 1.890531
v 1.375614 1.600304 1.889464
v 1.451100 1.704055 1.925876
v 1.832434 1.318273 1.796840
v 1.830884 1.319442 1.977399
v 1.830842 1.617639 1.796934
v 1.832008 1.614185 1.978358
v 1.454286 1.705480 1.804933
v 1.376027 1.605493 1.771791
v 1.374902 1.331767 1.772254
v 1.454287 1.229184 1.804933
v 1.451101 1.230609 1.628573
v 1.376326 1.332227 1.593227
v 1.375614 1.600303 1.592160
v 1.451100 1.704055 1.628572
v 1.084704 1.729443 1.485468
v 0.845417 1.771024 1.485083
v 0.766975 1.763419 0.938637
v 0.845950 1.770498 0.395118
v 1.156940 1.696679 0.939665
v 1.085443 1.729688 0.395239
v 0.978529 1.834901 0.662845
v 0.983974 1.857812 0.945388
v 0.981295 1.834317 1.226155
v 0.183344 1.879919 -0.953512
v 0.142875 1.899927 -0.982811
v 0.110464 1.899927 -0.982811
v 0.029313 1.890118 -0.912521
v 0.242739 1.909688 -0.907068
v 0.226533 1.906101 -0.934907
v 0.224026 1.904486 -0.801025
v 0.226533 1.925622 -0.783422
v 0.242738 1.922035 -0.811261
v 0.061245 1.902531 -0.763157
v 0.110464 1.931795 -0.735518
v 0.142875 1.931795 -0.735518
v 0.010600 1.922035 -0.811261
v 0.026806 1.925622 -0.783422
v 0.026806 1.925622 -0.783422
v 0.012188 1.938136 -0.862034
v 0.010600 1.922035 -0.811261
v 0.110464 1.931795 -0.735518
v 0.126669 1.948789 -0.750061
v 0.142875 1.931795 -0.735518
v 0.226533 1.925622 -0.783422
v 0.241853 1.937437 -0.861946
v 0.242738 1.922035 -0.811261
v 0.242739 1.909688 -0.907068
v 0.226533 1.906101 -0.934907
v 0.142875 1.899927 -0.982811
v 0.126669 1.920053 -0.973052
v 0.110464 1.899927 -0.982811
v 0.026806 1.906101 -0.934907
v 0.010600 1.909688 -0.907068
v 0.026806 1.906101 -0.934907
v 0.010600 1.909688 -0.907068
v 0.260475 1.708325 2.883622
v -0.414161 1.707686 2.944114
v 0.443654 1.609021 2.960820
v 0.415240 1.705367 2.949081
v 0.731754 1.572295 1.832775
v 0.456912 2.020135 0.702990
v 0.912751 1.534950 0.710000
v -0.456690 2.018258 0.727013
v 0.195917 1.974883 1.071595
v 0.327840 1.809629 2.262723
v 0.189233 1.975143 2.050326
v -0.189075 1.974972 2.051895
v -0.193475 1.977341 1.045216
v -0.327873 1.809588 2.262770
v -0.912667 1.536233 0.712068
v -0.731573 1.572377 1.833721
v -0.444526 1.612771 2.961107
v -0.457859 1.281032 1.833933
v 0.458187 1.279064 1.825284
v 0.457836 1.053798 0.707612
v 0.910112 1.526428 -0.063769
v 0.910112 1.545766 -0.063769
v 0.468798 1.060658 -0.063769
v 0.913873 1.537846 -0.067336
v 0.450396 1.052783 -0.115633
v 0.228211 1.176713 -2.703917
v 0.221493 1.167418 -2.391670
v 0.180285 1.309520 -2.549303
v -0.000177 1.151020 -2.045071
v 0.000277 1.381045 -2.345573
v 0.122636 1.380497 -2.562456
v 0.179294 1.454720 -2.546692
v 0.250787 1.677021 -2.703638
v 0.454566 2.017710 -0.093045
v 0.275746 1.744472 -2.223185
v 0.000000 1.800173 -1.792238
v -0.262455 1.749390 -2.184565
v -0.123676 1.382285 -2.562704
v -0.180244 1.451212 -2.548817
v -0.182125 1.304595 -2.549060
v -0.219818 1.167491 -2.384897
v -0.913106 1.535673 -0.075907
v -0.225118 1.670428 -2.704311
v -0.453146 2.018900 -0.090816
v -0.468798 2.011536 -0.063769
v -0.910112 1.545766 -0.063769
v -0.446317 2.021205 -0.063769
v -0.013320 2.021205 -0.063769
v 0.013320 2.021205 -0.063769
v 0.446317 2.021205 -0.063769
v 0.468798 2.011536 -0.063769
v -0.910112 1.526428 -0.063769
v -0.468798 1.060658 -0.063769
v -0.449226 1.053886 -0.148525
v -0.228211 1.176713 -2.703917
v -0.446317 1.050989 -0.063769
v -0.458566 1.054417 0.712344
v 0.446317 1.050989 -0.063769
v -0.264824 1.794844 2.290520
v -0.270587 1.754620 0.150082
v -0.163398 1.925107 2.092795
v -0.269820 1.711767 2.881953
v -0.253074 1.711572 0.170776
v 0.280140 1.711388 0.171227
v -0.164503 1.894321 0.168754
v 0.165272 1.884033 0.169316
v 0.164050 1.924806 2.093834
v 0.253761 1.747128 0.170282
v 0.259883 1.795768 2.279953
v 0.263595 1.711728 0.157875
v 0.274032 1.721982 2.720885
v 0.283641 1.710362 2.907007
v 0.203990 1.533909 -2.896160
v 0.095075 1.397594 -2.896654
v 0.112082 1.593919 -2.894080
v -0.083675 1.414247 -2.898066
v -0.204016 1.533059 -2.896172
v -0.151270 1.604976 -2.894820
vn -0.1431 0.0290 -0.9893
vn 0.1525 0.0282 -0.9879
vn -0.0008 0.0458 -0.9989
vn -0.5950 0.3860 -0.7050
vn 0.2247 -0.0692 -0.9720
vn -0.0010 0.6753 -0.7376
vn 0.0067 -0.2622 -0.9650
vn -0.2178 -0.0721 -0.9733
vn 0.5939 0.3892 -0.7041
vn -0.5997 -0.3832 -0.7025
vn -0.6757 -0.4210 0.6052
vn 0.0002 0.7835 0.6214
vn -0.6767 0.4236 0.6022
vn 0.6755 -0.4225 0.6043
vn -0.0013 -0.7854 0.6190
vn 0.0027 -0.6738 -0.7389
vn -0.2164 0.1049 -0.9707
vn -0.0048 0.2647 -0.9643
vn 0.2034 0.1119 -0.9727
vn 0.1932 -0.0239 -0.9809
vn 0.0005 -0.0149 -0.9999
vn -0.1965 -0.0246 -0.9802
vn 0.5985 -0.3805 -0.7050
vn 0.6768 0.4233 0.6023
vn -0.1546 0.0269 -0.9876
vn 0.1402 0.0299 -0.9897
vn 0.0006 0.0455 -0.9990
vn 0.6051 -0.3827 -0.6981
vn 0.5941 0.3859 -0.7058
vn -0.2165 -0.0798 -0.9730
vn -0.0007 0.6725 -0.7401
vn 0.0085 -0.2681 -0.9634
vn 0.2253 -0.0613 -0.9724
vn -0.5962 0.3883 -0.7026
vn -0.6004 -0.3832 -0.7019
vn -0.6777 0.4221 0.6021
vn 0.0004 -0.7852 0.6193
vn -0.0000 -0.6253 -0.7804
vn -0.2070 0.1087 -0.9723
vn 0.2013 -0.0239 -0.9792
vn -0.0003 -0.0429 -0.9991
vn -0.1838 -0.0244 -0.9827
vn 0.2054 0.1238 -0.9708
vn -0.0067 0.3434 -0.9392
vn -0.0013 0.7832 0.6218
vn -0.6763 -0.4236 0.6027
vn 0.6774 0.4236 0.6014
vn 0.6767 -0.4213 0.6038
vn -0.0409 0.1229 -0.9916
vn 0.0409 0.1210 -0.9918
vn 0.0001 0.0819 -0.9966
vn -0.5944 0.4015 -0.6968
vn 0.2889 -0.1180 -0.9501
vn -0.0022 0.6737 -0.7390
vn 0.0050 -0.2647 -0.9643
vn -0.2821 -0.1213 -0.9517
vn 0.5942 0.4055 -0.6946
vn -0.5993 -0.3856 -0.7016
vn -0.0016 -0.7839 0.6209
vn -0.6749 0.4230 0.6046
vn -0.6772 -0.4215 0.6031
vn 0.6754 0.4214 0.6052
vn 0.0011 0.7853 0.6191
vn 0.0024 -0.6739 -0.7389
vn -0.2150 0.1042 -0.9710
vn 0.2097 -0.0417 -0.9769
vn -0.0001 -0.0227 -0.9997
vn -0.2075 -0.0440 -0.9773
vn 0.5988 -0.3830 -0.7034
vn 0.6771 -0.4232 0.6020
vn -0.3058 0.4480 -0.8401
vn -0.5513 0.0014 0.8343
vn -0.4071 -0.6723 0.6183
vn -0.7734 -0.0000 0.6339
vn 0.2677 -0.4482 0.8529
vn -0.2738 -0.4596 0.8449
vn 0.3693 0.6748 0.6389
vn -0.3656 0.6848 0.6303
vn 0.3757 0.7143 -0.5904
vn -0.3783 0.7084 -0.5958
vn -0.7524 -0.0007 0.6587
vn -0.3790 -0.7111 -0.5923
vn -0.3633 -0.6809 0.6359
vn 0.3747 -0.7119 -0.5940
vn 0.3709 -0.6792 0.6334
vn 0.7524 0.0006 0.6587
vn -0.8550 -0.0000 -0.5186
vn -0.2691 0.4491 0.8520
vn -0.4079 0.6719 0.6182
vn 0.7686 0.0105 0.6396
vn 0.4089 0.6758 0.6133
vn 0.5505 -0.0002 0.8348
vn 0.4181 -0.6732 0.6100
vn 0.2732 0.4574 0.8463
vn -0.4819 0.5188 0.7061
vn -0.7593 -0.6505 0.0183
vn -0.4834 -0.5245 0.7009
vn -0.7967 0.5977 -0.0895
vn 0.3241 0.9460 -0.0007
vn 0.1472 0.9537 -0.2621
vn -0.1376 -0.0002 -0.9905
vn 0.9101 0.3382 -0.2397
vn 0.9149 -0.3239 -0.2408
vn 0.1513 -0.9531 -0.2622
vn -0.7925 -0.6033 -0.0892
vn 0.3318 -0.9433 0.0052
vn 0.8528 -0.2193 0.4740
vn 0.4618 -0.7168 0.5223
vn 0.4820 0.7052 0.5199
vn 0.8641 0.2140 0.4557
vn 0.7981 -0.5817 -0.1569
vn 0.5016 0.5022 0.7044
vn 0.4933 -0.5029 0.7098
vn -0.0680 0.0001 -0.9977
vn 0.7964 0.5836 -0.1585
vn 0.0671 0.9510 -0.3017
vn -0.3697 0.7539 0.5430
vn -0.8328 0.2798 0.4777
vn -0.8374 0.4983 -0.2247
vn -0.8442 -0.2777 0.4585
vn -0.8357 -0.5008 -0.2253
vn 0.0676 -0.9511 -0.3014
vn -0.3727 -0.7528 0.5426
vn 0.7588 -0.6511 0.0184
vn 0.4849 0.5212 0.7023
vn 0.4814 -0.5234 0.7031
vn -0.3230 0.9464 -0.0015
vn 0.7970 0.5973 -0.0892
vn -0.1495 0.9533 -0.2624
vn 0.1359 -0.0002 -0.9907
vn -0.9131 0.3324 -0.2361
vn -0.9136 -0.3324 -0.2342
vn -0.1495 -0.9537 -0.2610
vn 0.7925 -0.6035 -0.0884
vn -0.3273 -0.9449 0.0031
vn -0.4649 -0.7184 0.5174
vn -0.4809 0.7042 0.5223
vn -0.8532 -0.2151 0.4752
vn -0.8592 0.2180 0.4628
vn -0.5020 0.5015 0.7046
vn -0.7991 -0.5805 -0.1568
vn -0.4940 -0.5021 0.7099
vn -0.7967 0.5832 -0.1587
vn 0.3684 0.7547 0.5428
vn -0.0665 0.9511 -0.3017
vn 0.8333 0.2796 0.4769
vn 0.8374 0.4975 -0.2262
vn 0.8419 -0.2901 0.4550
vn 0.8329 -0.5063 -0.2233
vn 0.3638 -0.7535 0.5477
vn 0.0686 -0.0010 -0.9976
vn -0.0740 -0.9511 -0.3000
vn -0.0629 0.3909 0.9183
vn -0.7453 0.0180 0.6665
vn 0.3320 0.0802 0.9399
vn 0.0490 0.3764 0.9252
vn 0.0007 -0.7130 0.7012
vn -0.3815 0.7230 -0.5760
vn -0.3004 -0.0002 0.9538
vn -0.3803 -0.7186 -0.5823
vn 0.0595 -0.3810 0.9227
vn -0.0916 -0.4611 0.8826
vn 0.3879 -0.7177 -0.5783
vn 0.3858 0.7127 -0.5859
vn -0.8611 0.0010 -0.5084
vn -0.0545 0.7205 0.6913
vn 0.7246 0.0041 0.6892
vn -0.1035 0.9915 0.0792
vn -0.4472 0.8832 -0.1413
vn -0.4437 0.8867 0.1304
vn -0.0082 0.9818 -0.1897
vn -0.1334 0.9876 -0.0833
vn 0.2667 0.9263 0.2662
vn 0.1787 0.9346 -0.3077
vn 0.0968 0.9861 0.1349
vn -0.0024 0.9527 0.3038
vn -0.7694 -0.2111 0.6029
vn -0.0000 -0.1826 0.9832
vn -0.7994 -0.2373 -0.5520
vn 0.7995 -0.2369 -0.5520
vn -0.0000 -0.1871 -0.9823
vn 0.4402 0.8891 0.1250
vn 0.7692 -0.2115 0.6029
vn 0.0004 0.9453 -0.3261
vn 0.4349 0.8917 -0.1249
vn 0.1941 0.9776 -0.0809
vn 0.6766 -0.4226 -0.6030
vn 0.0011 -0.7840 0.6207
vn -0.0011 -0.7840 -0.6207
vn -0.6745 0.4228 0.6053
vn -0.6766 -0.4226 0.6030
vn 0.6750 -0.4211 0.6059
vn 0.0021 0.7840 0.6207
vn 0.6771 0.4209 0.6036
vn 0.6745 0.4228 -0.6053
vn -0.6750 -0.4210 -0.6059
vn -0.0021 0.7840 -0.6207
vn -0.6771 0.4209 -0.6036
vn -0.6781 -0.4228 -0.6012
vn 0.0004 -0.7836 0.6212
vn -0.6760 -0.4215 0.6045
vn -0.6783 0.4212 0.6020
vn -0.6757 0.4231 -0.6037
vn -0.0020 0.7832 0.6218
vn 0.0021 0.7832 -0.6218
vn 0.6756 0.4231 0.6038
vn 0.6783 0.4211 -0.6022
vn 0.6779 -0.4212 0.6024
vn 0.6759 -0.4229 -0.6035
vn -0.0002 -0.7827 -0.6223
vn -0.1425 0.0291 -0.9894
vn 0.1521 0.0282 -0.9880
vn -0.5957 0.3866 -0.7041
vn 0.2244 -0.0678 -0.9721
vn -0.0011 0.6723 -0.7402
vn 0.0068 -0.2674 -0.9636
vn -0.2171 -0.0703 -0.9736
vn 0.5945 0.3898 -0.7033
vn -0.6756 -0.4209 0.6053
vn 0.0002 0.7841 0.6206
vn -0.6766 0.4222 0.6033
vn 0.6754 -0.4225 0.6045
vn -0.0013 -0.7853 0.6191
vn 0.5982 -0.3804 -0.7053
vn 0.6766 0.4220 0.6034
vn 0.6010 -0.3807 -0.7028
vn -0.1431 0.0292 -0.9893
vn 0.5941 0.3883 -0.7044
vn -0.2176 -0.0724 -0.9734
vn -0.0006 0.6724 -0.7402
vn 0.0085 -0.2680 -0.9634
vn 0.2237 -0.0681 -0.9723
vn -0.5959 0.3861 -0.7041
vn -0.6773 0.4220 0.6027
vn -0.6025 -0.3845 -0.6994
vn 0.0014 -0.6268 -0.7792
vn 0.6778 -0.4235 0.6011
vn -0.0004 -0.7844 0.6203
vn -0.2147 0.1137 -0.9700
vn 0.1906 -0.0241 -0.9814
vn 0.1501 0.0278 -0.9883
vn 0.0006 -0.0430 -0.9991
vn -0.1957 -0.0238 -0.9804
vn 0.2002 0.1210 -0.9722
vn -0.0038 0.3414 -0.9399
vn -0.0013 0.7838 0.6211
vn -0.6767 -0.4234 0.6023
vn 0.6763 0.4230 0.6031
vn -0.0007 0.0458 -0.9990
vn -0.0386 0.1205 -0.9920
vn 0.0443 0.1238 -0.9913
vn -0.0001 0.1089 -0.9940
vn 0.6023 -0.3853 -0.6991
vn 0.5960 0.4059 -0.6928
vn -0.2803 -0.1334 -0.9506
vn 0.0001 0.6252 -0.7804
vn 0.2879 -0.1232 -0.9497
vn -0.5984 0.4020 -0.6931
vn -0.5982 -0.3830 -0.7039
vn -0.6764 0.4217 0.6039
vn 0.0015 -0.7833 0.6217
vn 0.0007 -0.6726 -0.7400
vn -0.2083 0.1005 -0.9729
vn 0.2068 0.1145 -0.9717
vn -0.0085 0.2681 -0.9634
vn 0.2119 -0.0423 -0.9764
vn 0.0003 -0.0225 -0.9997
vn -0.2028 -0.0431 -0.9783
vn -0.0003 0.7852 0.6193
vn -0.6780 -0.4232 0.6010
vn 0.6759 0.4241 0.6028
vn 0.6782 -0.4219 0.6017
vn 0.0067 -0.3438 -0.9390
vn 0.2814 0.4644 -0.8397
vn -0.2965 0.4504 -0.8422
vn 0.7792 -0.0012 0.6268
vn 0.2687 -0.4480 0.8527
vn 0.5494 -0.0002 0.8355
vn 0.3985 -0.6729 0.6232
vn -0.2720 -0.4488 0.8512
vn -0.3781 0.6799 0.6283
vn 0.3718 0.7136 -0.5938
vn -0.3853 0.7095 -0.5900
vn 0.7525 0.0096 0.6585
vn 0.3664 0.6813 0.6337
vn 0.3826 -0.7122 -0.5885
vn 0.8488 0.0119 -0.5285
vn -0.3603 -0.6822 0.6362
vn 0.3876 -0.6767 0.6259
vn -0.7521 -0.0093 0.6590
vn -0.3755 -0.7099 -0.5958
vn -0.8499 -0.0118 -0.5268
vn 0.2740 0.4576 0.8459
vn -0.7686 0.0108 0.6397
vn -0.4203 -0.6731 0.6085
vn -0.5507 0.0014 0.8347
vn -0.2641 0.4423 0.8571
vn -0.4053 0.6840 0.6066
vn 0.7350 0.0024 0.6780
vn 0.0640 0.3921 0.9177
vn -0.3022 0.0030 0.9532
vn 0.0676 -0.3945 0.9164
vn -0.3836 -0.7195 -0.5789
vn 0.3882 -0.7155 -0.5809
vn -0.0424 -0.3767 0.9254
vn 0.3011 -0.0028 0.9536
vn 0.8566 0.0127 -0.5158
vn 0.3772 0.7259 -0.5751
vn -0.0746 0.3927 0.9166
vn -0.3929 0.7108 -0.5835
vn -0.8585 -0.0127 -0.5127
vn 0.0039 0.7120 0.7022
vn -0.7243 -0.0024 0.6894
vn -0.0003 -0.7121 0.7021
vn -0.6776 -0.5285 0.5114
vn 0.0015 -0.5680 -0.8230
vn 0.6779 -0.4986 0.5403
vn -0.0000 0.6790 -0.7342
vn -0.0000 -0.0000 -0.0000
vn 0.3250 0.0337 -0.9451
vn 0.6559 0.5846 0.4775
vn -0.1916 -0.1818 0.9645
vn -0.8397 -0.1506 -0.5217
vn -0.0015 -0.5680 -0.8230
vn 0.6776 -0.5285 0.5114
vn -0.6779 -0.4986 0.5403
vn -0.6678 -0.5203 0.5324
vn -0.0026 -0.5679 -0.8231
vn 0.6882 -0.5067 0.5192
vn -0.0021 0.6790 -0.7342
vn 0.6744 -0.4229 0.6053
vn 0.0021 -0.7840 -0.6208
vn 0.6771 -0.4208 -0.6038
vn -0.0021 -0.7840 0.6208
vn -0.6744 0.4229 0.6053
vn -0.6771 -0.4208 0.6038
vn 0.0021 0.7840 0.6208
vn 0.6771 0.4208 0.6038
vn 0.6744 0.4229 -0.6053
vn -0.6744 -0.4229 -0.6053
vn -0.0021 0.7840 -0.6208
vn -0.6771 0.4208 -0.6038
vn -0.0020 -0.7832 -0.6218
vn -0.6757 -0.4231 0.6036
vn -0.6783 -0.4212 -0.6020
vn -0.6781 0.4228 0.6012
vn 0.0004 0.7836 -0.6212
vn -0.0002 0.7827 0.6223
vn 0.6759 0.4229 0.6035
vn 0.6779 0.4213 -0.6024
vn 0.0021 -0.7832 0.6218
vn 0.6783 -0.4211 0.6022
vn 0.6756 -0.4231 -0.6038
vn -0.6760 0.4215 -0.6045
vn 0.1102 0.2203 0.9692
vn 0.4298 0.7756 -0.4622
vn 0.8272 -0.5619 0.0043
vn 0.8267 -0.5614 0.0388
vn 0.1612 0.0879 -0.9830
vn 0.3999 0.5956 0.6967
vn -0.8478 0.5284 -0.0453
vn -0.8260 0.5490 -0.1277
vn -0.8784 0.4761 -0.0417
vn -0.8066 0.4955 -0.3223
vn -0.7622 0.5604 -0.3240
vn -0.3806 0.8015 0.4613
vn -0.3893 0.8065 0.4450
vn -0.3288 0.8932 -0.3069
vn -0.3307 0.9026 -0.2756
vn -0.3318 0.9019 -0.2765
vn -0.0000 0.9997 0.0262
vn -0.0000 0.9996 0.0282
vn 0.1803 0.9690 -0.1690
vn 0.1873 0.9809 -0.0525
vn 0.2434 0.9693 -0.0351
vn 0.2104 0.9772 0.0285
vn 0.2252 0.9727 0.0567
vn 0.1910 0.9815 0.0133
vn 0.2289 0.9734 -0.0123
vn -0.4523 0.7172 0.5301
vn 0.1482 0.9866 -0.0681
vn 0.1165 0.9918 -0.0526
vn 0.1437 0.9866 -0.0776
vn 0.3194 0.9108 0.2616
vn 0.0186 0.5204 0.8537
vn 0.1819 0.4894 0.8529
vn -0.7305 -0.4628 0.5021
vn 0.2539 -0.6085 0.7519
vn -0.4485 0.6113 0.6521
vn 0.4541 0.8631 0.2211
vn 0.8277 0.5609 -0.0194
vn -0.1056 0.9943 -0.0148
vn 0.5411 0.8295 -0.1383
vn 0.7016 0.4181 -0.5770
vn 0.9045 0.3776 0.1982
vn 0.0949 0.9433 0.3182
vn 0.1530 0.0576 -0.9866
vn 0.1997 -0.6607 -0.7236
vn 0.6853 -0.7189 -0.1161
vn -0.0273 0.9318 -0.3619
vn 0.0188 0.4679 -0.8836
vn -0.5067 0.6950 -0.5102
vn -0.6221 0.7767 -0.0991
vn -0.8088 0.5871 -0.0351
vn -0.6912 -0.4554 -0.5611
vn -0.2262 0.9627 0.1483
vn 0.6045 0.6332 -0.4834
vn -0.5467 0.0006 -0.8373
vn -0.6117 0.6395 0.4656
vn -0.5824 -0.5195 0.6253
vn 0.5758 -0.6753 -0.4609
vn 0.7656 -0.6269 0.1447
vn -0.1190 -0.9929 0.0065
vn -0.0975 -0.9952 0.0065
vn 0.5468 -0.0001 -0.8373
vn 0.6117 0.6393 0.4659
vn 0.5824 -0.5197 0.6251
vn -0.7652 -0.6272 0.1450
vn -0.6224 0.6459 -0.4420
vn -0.5628 -0.6522 -0.5077
vn 0.4354 -0.7441 -0.5068
vn -0.8727 0.1291 -0.4708
vn -0.2557 0.8029 -0.5385
vn -0.0842 0.2582 0.9624
vn 0.5478 0.6879 -0.4762
vn -0.5094 -0.6178 0.5990
vn 0.2872 -0.0049 0.9578
vn 0.8581 -0.0603 -0.5099
vn 0.1649 -0.2842 0.9445
vn -0.4173 -0.7562 -0.5041
vn -0.3131 0.0790 0.9464
vn -0.2105 0.7693 0.6033
vn 0.7682 -0.1870 0.6123
vn -0.3726 -0.9270 -0.0430
vn -0.5574 -0.8298 0.0264
vn -0.8302 -0.5571 -0.0220
vn -0.0634 -0.9980 0.0086
vn 0.2557 -0.9652 -0.0542
vn 0.4753 -0.8798 -0.0086
vn 0.7122 0.7004 -0.0465
vn 0.6942 0.7195 -0.0211
vn 0.9396 0.3419 -0.0145
vn 0.2034 0.9789 -0.0203
vn 0.2051 0.9787 0.0006
vn 0.3551 -0.7940 -0.4935
vn -0.8505 0.1827 -0.4932
vn -0.0518 0.8496 -0.5248
vn -0.2703 0.1071 0.9568
vn 0.5558 0.1698 0.8138
vn -0.4329 -0.6285 0.6462
vn 0.8652 0.0646 -0.4973
vn 0.0995 0.2106 0.9725
vn -0.4093 0.6778 0.6108
vn 0.0987 -0.2750 0.9564
vn -0.2987 -0.1207 0.9467
vn 0.7817 -0.0104 0.6236
vn -0.4326 -0.7549 -0.4929
vn -0.8110 0.5850 0.0046
vn -0.9191 0.3912 -0.0468
vn -0.9995 0.0273 0.0176
vn -0.9474 -0.3176 -0.0391
vn -0.8390 -0.5436 0.0236
vn -0.5691 -0.8212 -0.0428
vn -0.4441 -0.8960 -0.0008
vn 0.0395 -0.9976 -0.0575
vn 0.1320 -0.9901 -0.0468
vn 0.5309 -0.8472 -0.0216
vn 0.9744 -0.2219 -0.0368
vn 0.8904 -0.4541 0.0308
vn 0.6789 -0.7335 -0.0342
vn 0.9971 0.0756 0.0108
vn 0.3771 0.7824 -0.4956
vn 0.8674 0.0205 -0.4972
vn 0.3414 -0.8095 -0.4777
vn -0.7560 0.4638 -0.4619
vn 0.3042 0.3385 0.8904
vn -0.3442 -0.7217 0.6005
vn 0.2752 -0.0241 0.9611
vn -0.2561 -0.2121 0.9431
vn -0.6576 -0.5583 -0.5058
vn -0.4006 -0.1236 0.9079
vn 0.7785 0.1488 0.6098
vn -0.3876 0.9206 -0.0472
vn -0.5491 0.8355 0.0216
vn 0.0460 0.9989 -0.0004
vn -0.8813 0.4716 -0.0290
vn -0.9388 0.3442 0.0154
vn -0.9780 -0.2033 -0.0461
vn -0.9808 -0.1938 0.0220
vn -0.7547 -0.6557 -0.0202
vn -0.4836 -0.8718 -0.0779
vn -0.1801 -0.9835 -0.0158
vn 0.3453 -0.9379 -0.0349
vn 0.3864 -0.9222 0.0174
vn 0.8466 -0.5317 0.0242
vn 0.8273 -0.5613 -0.0226
vn 0.5980 0.8007 0.0362
vn 0.8495 0.5274 -0.0125
vn 0.3429 0.9378 -0.0541
vn 0.3723 -0.7096 0.5982
vn 0.1080 0.1417 0.9840
vn 0.0274 0.3821 0.9237
vn 0.4697 0.7418 -0.4787
vn -0.4513 0.7248 -0.5206
vn -0.8699 0.0113 -0.4930
vn -0.1835 -0.2065 0.9611
vn -0.5103 -0.6783 -0.5287
vn 0.6641 0.4187 0.6194
vn 0.0230 -0.1629 0.9864
vn 0.2953 -0.8067 -0.5119
vn -0.2973 0.7233 0.6232
vn 0.1994 -0.0345 0.9793
vn 0.8615 -0.0944 -0.4989
vn -0.7501 -0.2057 0.6285
vn 0.1233 0.9921 -0.0226
vn 0.0544 0.9985 -0.0082
vn 0.6066 0.7950 0.0076
vn 0.7235 0.6897 -0.0307
vn 0.9506 0.3099 0.0176
vn 0.9815 0.1892 -0.0286
vn 0.9673 -0.2535 0.0116
vn 0.2120 -0.9769 0.0274
vn -0.2802 -0.9599 0.0021
vn 0.1726 -0.9850 0.0065
vn -0.9898 -0.0171 0.1412
vn -0.8817 -0.4718 0.0002
vn -0.5859 -0.7991 0.1348
vn -0.6037 -0.7743 -0.1895
vn -0.9833 -0.0416 -0.1772
vn -0.9164 0.4002 -0.0005
vn -0.9147 0.4036 0.0228
vn -0.5198 0.8543 -0.0038
vn -0.4931 0.8700 -0.0040
vn -0.7348 0.4356 -0.5199
vn 0.1439 0.8612 -0.4875
vn 0.4502 -0.7485 -0.4868
vn -0.5803 -0.5368 0.6124
vn 0.1911 0.1969 0.9616
vn -0.1937 0.1964 0.9612
vn 0.5397 -0.5704 0.6192
vn -0.5144 0.6136 0.5990
vn -0.2898 -0.0466 0.9560
vn 0.5835 0.4795 0.6555
vn -0.1045 -0.2212 0.9696
vn -0.5986 -0.5894 -0.5425
vn 0.1985 -0.1861 0.9623
vn 0.8231 0.2257 -0.5210
vn 0.3350 0.9420 0.0179
vn 0.5134 0.8574 -0.0342
vn -0.0081 0.9995 -0.0319
vn 0.7954 0.6054 0.0293
vn 0.9995 0.0125 0.0283
vn 0.9039 0.4270 -0.0250
vn 0.9882 -0.1519 -0.0215
vn 0.3316 -0.9432 0.0184
vn 0.2313 -0.9726 -0.0240
vn 0.7493 -0.6620 -0.0151
vn -0.7677 -0.6406 0.0134
vn -0.8454 -0.5336 -0.0232
vn -0.3990 -0.9165 -0.0286
vn -0.9173 0.3982 -0.0048
vn -0.9925 -0.1210 0.0160
vn -0.9254 0.3783 0.0226
vn -0.6209 0.7838 0.0075
vn -0.5177 0.8550 -0.0304
vn -0.1607 0.9868 0.0173
vn -0.4062 0.7642 -0.5011
vn 0.8571 -0.2222 -0.4647
vn -0.0939 -0.8668 -0.4897
vn 0.1206 0.2844 0.9511
vn 0.5546 0.6670 -0.4975
vn 0.0672 -0.7749 0.6286
vn -0.2105 0.0696 0.9751
vn -0.8553 -0.1275 -0.5021
vn -0.3711 -0.1553 0.9155
vn 0.6676 0.4194 0.6152
vn -0.7591 0.2800 0.5877
vn 0.4324 -0.1101 0.8949
vn -0.1908 0.9816 0.0081
vn -0.1433 0.9895 0.0200
vn 0.5706 0.8201 -0.0427
vn 0.9957 0.0413 -0.0834
vn 0.9331 0.3584 -0.0291
vn 0.9484 -0.3169 -0.0143
vn 0.5222 -0.8528 -0.0039
vn 0.6258 -0.7781 -0.0537
vn -0.1653 -0.9855 -0.0385
vn -0.1115 -0.9937 -0.0134
vn -0.9828 -0.1813 0.0348
vn -0.7873 -0.6157 -0.0327
vn -0.6753 -0.7374 0.0097
vn 0.8641 0.1482 -0.4811
vn 0.4077 -0.7693 -0.4920
vn -0.7609 0.4059 -0.5063
vn -0.3446 0.4718 0.8116
vn 0.4384 0.7475 -0.4990
vn 0.4101 0.6693 0.6196
vn -0.7589 0.2827 0.5866
vn -0.1706 -0.7471 0.6425
vn 0.2663 0.4074 0.8736
vn 0.3804 -0.0810 0.9213
vn -0.1966 -0.2143 0.9568
vn -0.2017 -0.1205 0.9720
vn 0.7122 -0.2865 0.6409
vn 0.6549 -0.7557 -0.0045
vn 0.7487 -0.6624 0.0275
vn 0.2563 -0.9662 0.0263
vn 0.9663 0.2558 -0.0288
vn 0.9107 0.4123 0.0245
vn 0.9837 -0.1788 0.0202
vn 0.6068 0.7945 -0.0213
vn 0.4754 0.8793 0.0271
vn 0.0450 0.9984 -0.0341
vn -0.0828 0.9966 -0.0011
vn 0.8329 0.2831 -0.4756
vn 0.5673 -0.6471 -0.5094
vn -0.8394 0.0114 -0.5434
vn -0.3619 0.2369 0.9016
vn 0.4773 -0.6060 0.6364
vn -0.6009 -0.5271 0.6009
vn 0.2886 0.0622 0.9554
vn -0.0615 0.8685 -0.4919
vn -0.5552 0.5620 0.6131
vn 0.2444 -0.1029 0.9642
vn -0.3203 -0.2106 0.9236
vn 0.5324 0.5644 0.6309
vn -0.1059 0.0984 0.9895
vn -0.2227 -0.8243 -0.5206
vn -0.3812 0.9238 0.0358
vn -0.2919 0.9564 0.0110
vn -0.6416 0.7669 -0.0148
vn -0.8227 0.5678 0.0294
vn -0.8308 -0.5566 0.0070
vn -0.6036 -0.7961 0.0438
vn -0.8961 -0.4414 0.0468
vn -0.4414 -0.8971 -0.0181
vn -0.1065 -0.9942 0.0164
vn 0.1036 -0.9935 -0.0469
vn 0.3814 -0.9244 0.0045
vn 0.6464 -0.7619 -0.0396
vn 0.7714 -0.6361 0.0195
vn 0.9211 0.3894 0.0019
vn 0.6221 0.7827 -0.0192
vn 0.5918 0.8059 -0.0161
vn -0.1558 0.4433 0.8827
vn 0.5046 0.7008 -0.5043
vn -0.7936 0.3621 -0.4889
vn 0.6700 -0.4146 0.6159
vn 0.0982 0.7900 0.6051
vn -0.7292 -0.3109 0.6096
vn 0.3185 0.3101 0.8958
vn 0.7305 -0.4713 -0.4943
vn -0.0666 -0.3491 0.9347
vn -0.3770 -0.1156 0.9190
vn -0.3413 -0.8160 -0.4666
vn -0.9979 0.0640 -0.0111
vn -0.9921 0.1232 0.0236
vn -0.7263 0.6869 -0.0256
vn 0.9992 -0.0085 0.0403
vn 0.9935 0.1134 -0.0037
vn 0.8040 0.5939 0.0291
vn 0.7153 0.6983 -0.0267
vn -0.8378 -0.0153 -0.5458
vn 0.4343 0.7559 -0.4899
vn 0.2250 -0.8056 -0.5481
vn 0.4993 0.6295 0.5953
vn -0.7894 0.0012 0.6139
vn 0.2906 -0.7379 0.6091
vn -0.1663 0.3472 0.9229
vn -0.6028 0.6621 -0.4454
vn -0.2656 -0.1556 0.9514
vn -0.5035 -0.7358 -0.4528
vn 0.0842 -0.2867 0.9543
vn 0.8470 -0.2091 -0.4887
vn 0.3336 -0.0797 0.9394
vn -0.0743 0.9967 -0.0325
vn -0.0015 0.9997 -0.0237
vn 0.4501 0.8929 0.0127
vn 0.8498 0.5258 0.0382
vn 0.9838 0.1786 -0.0134
vn 0.7861 0.6181 0.0028
vn 0.7229 -0.6901 0.0357
vn 0.9329 -0.3598 -0.0157
vn 0.9967 -0.0676 0.0447
vn -0.9800 -0.1989 -0.0061
vn -0.9971 0.0668 0.0374
vn -0.9651 0.2604 -0.0272
vn -0.8284 0.5599 0.0154
vn -0.6830 0.5274 -0.5053
vn -0.0689 0.8389 -0.5399
vn -0.0149 -0.8359 -0.5487
vn -0.1481 0.2891 0.9458
vn 0.6350 0.5790 -0.5113
vn 0.4905 0.5956 0.6361
vn -0.7859 0.0012 0.6184
vn 0.2783 -0.7262 0.6287
vn -0.1386 0.0972 0.9856
vn -0.8190 -0.2471 -0.5179
vn -0.2104 -0.3561 0.9104
vn 0.1227 -0.2321 0.9649
vn 0.8120 -0.3575 -0.4614
vn 0.3087 -0.0681 0.9487
vn 0.6308 0.7756 0.0252
vn 0.3493 0.9369 -0.0154
vn 0.0892 0.9947 0.0516
vn 0.7153 0.6988 -0.0039
vn 0.9534 0.3018 0.0075
vn 0.9393 0.3430 -0.0086
vn 0.9785 -0.2062 0.0093
vn 0.9787 -0.2039 -0.0226
vn 0.7618 -0.6478 -0.0066
vn 0.7053 -0.7084 -0.0288
vn 0.3748 -0.9268 0.0238
vn -0.1124 -0.9935 0.0158
vn 0.2582 -0.9659 -0.0174
vn -0.5585 -0.8295 0.0059
vn -0.3159 -0.9477 -0.0444
vn -0.9422 0.3344 0.0227
vn -0.9965 -0.0802 -0.0240
vn -0.9934 -0.1128 0.0228
vn 0.3235 -0.7096 0.6260
vn 0.1498 0.1088 0.9827
vn -0.1998 0.3138 0.9282
vn -0.8215 0.3102 -0.4785
vn 0.1843 0.8514 -0.4911
vn -0.1710 -0.3018 0.9379
vn -0.3915 -0.7964 -0.4609
vn 0.4420 0.6796 0.5855
vn 0.2661 -0.0901 0.9597
vn 0.5929 -0.6456 -0.4814
vn 0.8200 0.2457 -0.5169
vn -0.7765 -0.0486 0.6282
vn 0.2255 -0.9739 -0.0241
vn -0.4331 -0.9007 0.0334
vn -0.3655 -0.9308 -0.0115
vn -0.9516 -0.2980 0.0747
vn -0.9996 -0.0229 0.0189
vn -0.8010 -0.5987 0.0072
vn -0.8360 0.5464 0.0505
vn -0.8176 0.5758 0.0008
vn -0.2691 0.9631 0.0037
vn -0.1625 0.9717 -0.1713
vn 0.2528 0.9667 0.0404
vn 0.0263 0.9603 -0.2778
vn -0.0556 0.9981 0.0267
vn -0.0815 0.9962 -0.0318
vn 0.2860 0.9501 -0.1244
vn 0.4486 0.8826 -0.1405
vn 0.0600 -0.8381 -0.5421
vn -0.5287 -0.4969 -0.6881
vn 0.6250 -0.3877 -0.6775
vn 0.0960 0.9793 -0.1781
vn 0.6268 0.4007 -0.6682
vn 0.0005 0.7073 -0.7069
vn 0.9526 -0.3042 0.0020
vn 0.3871 -0.9111 -0.1418
vn -0.5529 -0.8059 -0.2115
vn -0.9021 -0.3515 -0.2502
vn -0.5631 0.2505 -0.7875
vn -0.2719 0.9613 0.0437
vn -0.4490 0.8792 0.1595
vn -0.2840 0.9564 -0.0688
vn -0.2500 0.9681 -0.0184
vn -0.1851 0.9772 -0.1035
vn 0.1368 0.9906 0.0035
vn 0.6250 0.7655 0.1530
vn 0.6433 0.6769 0.3578
vn 0.9366 -0.3069 0.1690
vn 0.6642 0.7470 0.0293
vn 0.6320 0.7719 -0.0685
vn 0.9819 0.1793 -0.0608
vn 0.9992 0.0082 -0.0385
vn 0.9836 0.1768 -0.0357
vn 0.8297 -0.5419 -0.1337
vn 0.9707 -0.1508 0.1871
vn 0.9226 -0.3709 -0.1057
vn 0.9155 -0.3347 -0.2232
vn 0.0074 -0.9962 -0.0872
vn 0.8870 -0.4306 0.1667
vn 0.6048 -0.7472 0.2756
vn -0.1366 -0.9861 0.0950
vn 0.9133 -0.3956 0.0966
vn 0.8080 -0.5619 -0.1772
vn 0.2495 -0.9682 0.0153
vn 0.1206 -0.9839 -0.1316
vn 0.9517 -0.3009 -0.0604
vn 0.0470 -0.9968 0.0645
vn -0.8474 -0.4956 -0.1905
vn -0.3691 -0.8929 0.2579
vn 0.3077 -0.8934 0.3274
vn 0.9581 -0.2278 0.1736
vn -0.9084 -0.4157 0.0446
vn 0.1287 -0.9154 -0.3814
vn -0.6170 -0.7791 0.1108
vn -0.7103 -0.6731 -0.2058
vn -0.7592 -0.6338 -0.1478
vn -0.6246 -0.7508 -0.2148
vn -0.8099 -0.5530 -0.1957
vn -0.9228 0.3838 0.0330
vn -0.9139 -0.3054 -0.2675
vn -0.8631 0.4444 0.2398
vn 0.0979 0.9907 0.0944
vn -0.9210 0.3235 -0.2171
vn -0.8640 0.4401 -0.2445
vn -0.8066 0.4624 -0.3682
vn 0.0799 0.9917 -0.1010
vn -0.8562 0.5084 0.0921
vn -0.7280 0.6854 -0.0162
vn -0.1409 0.9884 -0.0568
vn -0.4158 0.8841 -0.2133
vn -0.9854 0.1537 0.0736
vn -0.4338 0.9009 -0.0166
vn 0.6251 0.7805 -0.0009
vn 0.4151 0.9089 0.0400
vn 0.4735 0.8802 0.0335
vn 0.9069 0.3995 0.1338
vn 0.8730 0.3749 0.3119
vn 0.9920 0.0252 0.1236
vn 0.7370 0.5199 0.4319
vn -0.4285 0.8802 0.2042
vn 0.9988 0.0096 0.0487
vn 0.9991 -0.0297 0.0297
vn 0.9764 -0.0914 0.1959
vn 0.4576 0.8725 0.1714
vn 0.3114 -0.9442 0.1075
vn 0.5197 -0.8542 -0.0144
vn 0.2730 -0.9586 0.0805
vn 0.6187 -0.7305 0.2892
vn 0.8555 0.4397 0.2734
vn 0.3334 -0.9425 -0.0228
vn 0.0435 -0.9990 -0.0090
vn -0.3258 -0.9452 -0.0203
vn -0.5921 -0.8048 -0.0407
vn -0.4114 -0.9110 -0.0290
vn -0.9049 -0.4240 -0.0374
vn -0.9895 -0.1441 0.0079
vn -0.9996 0.0273 0.0096
vn -0.7770 0.6270 -0.0571
vn -0.9852 0.1391 -0.1006
vn -0.9901 -0.1057 -0.0921
vn -0.9828 0.0182 -0.1836
vn -0.9922 0.0751 -0.0999
vn -0.8774 0.4696 -0.0988
vn -0.8298 0.5038 0.2400
vn -0.8682 0.4816 -0.1198
vn -0.7271 0.6837 -0.0621
vn -0.4689 0.8802 -0.0731
vn 0.0735 0.9969 0.0278
vn -0.4478 0.8766 0.1762
vn 0.4931 0.8374 0.2359
vn 0.7416 0.6632 0.1010
vn 0.6974 0.7106 0.0928
vn 0.9886 0.1217 0.0884
vn 0.9357 0.2146 0.2801
vn 0.5764 0.8171 0.0105
vn 0.8275 0.5512 -0.1068
vn 0.9774 -0.2038 0.0558
vn 0.8870 -0.4558 0.0732
vn 0.9830 -0.1825 0.0210
vn 0.9355 -0.3178 0.1546
vn 0.9290 -0.3695 0.0210
vn 0.7019 -0.7087 0.0709
vn 0.8816 -0.3492 0.3176
vn 0.5609 -0.7785 0.2818
vn 0.6589 -0.5959 -0.4590
vn 0.8551 0.4714 -0.2158
vn 0.2894 -0.9382 -0.1900
vn -0.3725 -0.9226 -0.1000
vn -0.0403 -0.9983 -0.0411
vn -0.6117 -0.7889 -0.0579
vn -0.8397 -0.5368 -0.0816
vn -0.9951 -0.0309 -0.0943
vn -0.9340 -0.3357 -0.1222
vn -0.9438 0.3134 -0.1051
vn -0.8198 0.5608 -0.1159
vn -0.6023 0.7977 -0.0303
vn -0.6541 0.7558 -0.0298
vn -0.0264 0.9716 0.2353
vn 0.6325 0.7710 0.0738
vn 0.6483 0.7612 0.0149
vn 0.9191 0.3934 -0.0229
vn 0.9722 0.1602 0.1709
vn 0.6550 0.6928 0.3018
vn 0.8730 0.4529 0.1809
vn 0.0026 0.9937 0.1124
vn 0.7985 0.5996 0.0536
vn 0.9653 -0.2512 0.0709
vn 0.9462 -0.2355 0.2220
vn 0.8164 -0.5593 0.1442
vn 0.9825 -0.1804 0.0467
vn 0.8671 -0.4771 0.1435
vn 0.4190 -0.9048 0.0763
vn 0.7209 -0.6930 0.0058
vn 0.9777 -0.0573 0.2018
vn 0.4076 -0.9129 -0.0209
vn -0.6063 -0.7916 0.0761
vn 0.1966 -0.9780 0.0695
vn 0.0078 -0.9876 0.1566
vn 0.7066 -0.6819 0.1890
vn -0.1190 -0.9928 -0.0103
vn -0.5111 -0.8589 -0.0328
vn -0.6485 -0.7592 -0.0550
vn -0.8226 -0.5686 0.0039
vn -0.8744 -0.2027 -0.4409
vn -0.9843 0.1204 -0.1287
vn -0.9812 0.1770 -0.0762
vn -0.9801 0.1707 -0.1008
vn -0.8426 0.5345 -0.0658
vn -0.6577 0.7504 -0.0658
vn -0.6098 0.7925 -0.0110
vn -0.4042 0.9146 0.0099
vn 0.0463 0.9986 0.0244
vn 0.5006 0.8634 0.0622
vn 0.8652 0.4819 0.1381
vn 0.9708 0.0408 0.2365
vn 0.9860 -0.1652 -0.0217
vn 0.9486 -0.2957 -0.1132
vn 0.9747 0.1601 0.1560
vn 0.5652 -0.8174 0.1118
vn -0.5116 -0.5856 0.6288
vn -0.9982 -0.0567 0.0175
vn -0.9559 0.2937 0.0071
vn -0.7853 0.5968 0.1649
vn -0.3704 0.5276 0.7645
vn 0.2926 0.4795 0.8273
vn 0.9771 0.1495 0.1513
vn 0.4863 -0.0821 0.8699
vn 0.3442 -0.4216 0.8389
vn 0.3124 -0.9462 0.0849
vn 0.2700 -0.9579 0.0976
vn -0.1312 -0.9905 0.0413
vn -0.2321 -0.2739 0.9333
vn -0.7616 -0.6480 0.0106
vn -0.7557 0.1015 0.6470
vn 0.1850 0.6153 0.7663
vn -0.9703 0.1842 -0.1568
vn -0.0910 0.9934 0.0704
vn 0.3430 0.8977 -0.2765
vn -0.5576 0.8064 -0.1970
vn 0.0123 0.9962 -0.0866
vn 0.1924 0.9543 0.2288
vn 0.8761 0.4821 -0.0061
vn 0.2275 0.9714 0.0673
vn 0.9720 -0.1077 -0.2087
vn 0.1166 0.9399 0.3210
vn -0.7261 0.6776 0.1170
vn 0.5823 0.7883 -0.1987
vn 0.6845 0.3203 -0.6549
vn -0.0419 0.7813 -0.6227
vn 0.9669 0.1905 -0.1698
vn 0.5753 -0.4988 -0.6482
vn 0.4372 -0.8975 -0.0581
vn -0.3858 -0.5745 -0.7219
vn -0.9528 -0.2178 -0.2115
vn -0.6062 0.2001 -0.7697
vn -0.5293 0.7949 -0.2967
vn -0.2670 0.9632 -0.0308
vn -0.5490 0.8353 -0.0300
vn -0.1899 0.9807 0.0474
vn -0.8455 0.4742 -0.2455
vn 0.1611 0.9711 -0.1762
vn -0.5213 0.8446 -0.1220
vn 0.6083 0.7882 0.0932
vn 0.7624 0.6407 -0.0908
vn -0.2511 0.9415 -0.2246
vn 0.9645 0.1563 0.2130
vn 0.9189 -0.3941 0.0158
vn 0.9407 0.3306 0.0758
vn 0.7179 0.6926 -0.0705
vn 0.9926 -0.1034 0.0641
vn 0.9891 -0.1320 0.0656
vn 0.9085 -0.4004 -0.1197
vn 0.9850 -0.0934 -0.1449
vn 0.8351 -0.4886 0.2529
vn 0.5439 -0.8356 -0.0769
vn 0.9909 0.1341 -0.0135
vn 0.5843 -0.8069 0.0866
vn -0.5344 -0.8241 -0.1880
vn 0.6284 -0.7740 0.0773
vn 0.5407 -0.8396 0.0519
vn -0.0232 -0.9778 -0.2084
vn -0.3810 -0.9221 -0.0675
vn 0.3638 -0.8702 -0.3323
vn 0.9551 0.2880 -0.0696
vn -0.1820 -0.9832 0.0121
vn -0.6311 -0.7745 -0.0434
vn 0.3278 -0.9444 0.0239
vn 0.0041 -0.9959 0.0900
vn -0.3481 -0.9205 -0.1777
vn 0.6577 -0.7434 -0.1215
vn -0.7454 -0.6596 -0.0966
vn -0.7117 -0.7015 -0.0382
vn -0.5865 -0.6211 -0.5199
vn 0.5788 -0.7362 -0.3507
vn -0.9251 -0.3692 -0.0888
vn -0.9409 -0.3099 0.1365
vn -0.9746 0.0580 -0.2161
vn -0.4567 -0.8655 -0.2056
vn -0.9708 0.2359 -0.0434
vn -0.3591 0.9246 -0.1271
vn -0.9700 -0.0564 -0.2364
vn -0.9276 -0.3190 0.1945
vn -0.3515 -0.9357 0.0315
vn -0.6265 0.7753 -0.0793
vn -0.8066 0.5636 -0.1781
vn -0.5144 0.8392 -0.1766
vn -0.4882 0.8613 -0.1404
vn -0.2756 0.9451 -0.1757
vn 0.0881 0.9409 -0.3272
vn -0.1507 0.9816 0.1174
vn 0.9753 0.1310 -0.1779
vn 0.3421 0.9328 0.1135
vn 0.2644 0.9644 0.0075
vn 0.4217 0.9066 -0.0168
vn 0.8665 0.4457 -0.2248
vn 0.6045 0.7953 -0.0465
vn 0.8258 -0.5542 -0.1048
vn 0.8094 0.5790 0.0981
vn 0.7871 -0.3691 -0.4941
vn 0.9589 -0.2755 -0.0679
vn 0.9936 0.1085 0.0310
vn 0.2105 -0.9693 0.1269
vn 0.7092 -0.6891 0.1488
vn 0.6486 -0.7599 0.0441
vn 0.5997 -0.7977 0.0630
vn -0.1062 -0.9931 -0.0489
vn -0.1557 -0.9872 0.0342
vn -0.6099 -0.7899 -0.0631
vn -0.2715 -0.9555 0.1155
vn 0.7286 -0.6561 0.1966
vn -0.9798 -0.1993 -0.0188
vn -0.8039 -0.5898 -0.0771
vn -0.7581 -0.6495 -0.0586
vn -0.9774 -0.0964 -0.1883
vn -0.9910 -0.0726 -0.1121
vn -0.8979 0.4177 -0.1393
vn -0.9388 0.3412 0.0475
vn -0.7748 -0.6309 0.0391
vn -0.1757 0.9751 0.1356
vn -0.6055 0.7956 -0.0198
vn -0.3343 0.9407 -0.0583
vn 0.1850 0.9827 0.0005
vn -0.2709 0.9335 0.2347
vn -0.0750 0.9897 0.1215
vn 0.5960 0.7931 0.1258
vn 0.6780 0.6967 0.2343
vn 0.8802 -0.3959 0.2616
vn 0.7777 0.6134 -0.1375
vn 0.7765 0.5584 0.2919
vn 0.7918 0.5980 0.1243
vn 0.9340 0.3549 0.0405
vn 0.9129 0.3894 0.1226
vn 0.9656 -0.1407 0.2187
vn 0.9272 0.3744 0.0086
vn 0.5629 0.8048 0.1881
vn 0.9835 -0.0166 0.1800
vn 0.2908 -0.9394 0.1815
vn 0.9612 -0.2742 0.0291
vn 0.9502 -0.3004 0.0826
vn 0.6097 -0.7921 0.0298
vn 0.6611 -0.7455 -0.0845
vn 0.9615 0.2691 -0.0549
vn 0.1870 -0.9708 0.1505
vn -0.3701 -0.9194 -0.1334
vn -0.2656 -0.9619 -0.0641
vn -0.7656 -0.6352 -0.1022
vn -0.9271 -0.3654 -0.0835
vn -0.9510 -0.2024 -0.2338
vn -0.9522 -0.2887 -0.0997
vn -0.9621 0.2588 -0.0862
vn -0.9049 0.4165 -0.0878
vn -0.8580 0.5020 -0.1088
vn -0.9497 0.2527 0.1852
vn -0.9809 0.1914 0.0349
vn -0.6035 -0.7956 0.0537
vn -0.6972 0.6678 -0.2605
vn -0.7836 0.6111 -0.1114
vn -0.2769 0.9574 -0.0816
vn -0.2952 0.9476 0.1221
vn 0.2740 0.9366 0.2184
vn 0.4373 0.8935 0.1021
vn 0.9833 0.1815 -0.0139
vn 0.9988 0.0361 0.0346
vn 0.9647 -0.2412 0.1053
vn 0.7628 -0.6086 0.2184
vn 0.5886 -0.7667 -0.2563
vn -0.2882 -0.9506 -0.1155
vn 0.9654 -0.2596 0.0246
vn 0.6607 -0.7465 0.0792
vn 0.4224 -0.8998 0.1092
vn 0.2735 -0.9614 0.0311
vn 0.1407 -0.9867 0.0812
vn 0.1753 -0.9822 -0.0676
vn -0.0644 -0.9972 0.0392
vn 0.0448 -0.9959 -0.0789
vn -0.4918 -0.8648 -0.1012
vn -0.7126 -0.7016 0.0081
vn -0.2786 -0.9603 -0.0123
vn -0.9003 -0.4172 -0.1242
vn -0.9594 0.2820 0.0057
vn -0.9661 -0.2559 -0.0330
vn -0.6593 0.7394 -0.1362
vn -0.5278 0.8462 0.0732
vn 0.4571 0.8754 0.1575
vn 0.5969 0.6871 0.4143
vn 0.5681 0.7602 0.3152
vn 0.7693 0.6369 0.0497
vn 0.8777 0.3921 0.2754
vn 0.8949 0.0970 0.4355
vn 0.8645 -0.4729 0.1705
vn 0.9012 -0.3986 0.1702
vn 0.9092 -0.3483 0.2281
vn 0.9488 0.2047 0.2407
vn 0.1574 -0.9786 0.1323
vn -0.6713 -0.7326 0.1122
vn -0.6623 -0.7481 -0.0404
vn -0.8030 -0.5856 0.1105
vn -0.9446 0.3115 0.1032
vn -0.9243 0.3806 0.0296
vn -0.8423 0.5376 -0.0382
vn 0.2170 0.6728 0.7073
vn -0.9414 -0.3275 0.0803
vn -0.2068 0.5106 0.8345
vn -0.6217 0.1371 0.7712
vn 0.1982 0.0309 0.9797
vn 0.4713 -0.5068 0.7218
vn -0.0845 -0.3082 0.9476
vn -0.7301 -0.2199 0.6470
vn -0.2128 0.9700 -0.1179
vn 0.2572 0.9638 -0.0707
vn -0.1710 0.9760 -0.1351
vn 0.2550 0.9667 0.0193
vn 0.2155 0.9759 0.0331
vn 0.4419 0.8960 0.0449
vn 0.6581 0.7491 -0.0761
vn -0.1614 0.9465 0.2793
vn -0.8654 0.4999 0.0342
vn 0.0987 -0.7327 -0.6734
vn -0.5895 -0.3699 -0.7181
vn 0.6589 -0.3161 -0.6826
vn 0.6698 0.7069 -0.2272
vn 0.7184 0.2955 -0.6297
vn 0.1470 0.6681 -0.7294
vn 0.2516 -0.9660 -0.0595
vn -0.4180 -0.8739 -0.2480
vn -0.9598 0.1374 -0.2446
vn -0.5315 0.4208 -0.7351
vn -0.3759 0.9139 -0.1534
vn -0.4963 0.8526 -0.1634
vn -0.2737 0.9582 -0.0833
vn -0.0525 0.9985 -0.0124
vn 0.7215 0.6797 0.1323
vn 0.4756 0.8792 0.0279
vn 0.6144 0.7886 -0.0269
vn 0.9742 0.2116 -0.0780
vn 0.9730 -0.2261 -0.0454
vn 0.9698 0.2375 0.0555
vn 0.9703 -0.2368 -0.0485
vn 0.9179 0.3814 -0.1094
vn 0.4139 -0.9100 -0.0246
vn 0.6197 -0.7839 -0.0392
vn 0.7785 -0.4870 0.3960
vn 0.9260 0.0967 0.3649
vn 0.5961 0.7939 0.1201
vn 0.1922 -0.9544 0.2286
vn 0.6829 -0.7201 0.1226
vn 0.9003 -0.2749 -0.3374
vn 0.3311 0.8928 -0.3055
vn 0.3865 -0.9084 0.1596
vn 0.7434 -0.6558 0.1315
vn 0.3636 -0.9255 -0.1060
vn 0.9958 -0.0090 -0.0912
vn 0.2549 -0.9596 0.1192
vn -0.7286 -0.6758 -0.1116
vn -0.1143 -0.9480 0.2969
vn 0.4740 -0.8259 0.3054
vn 0.9950 -0.0362 0.0928
vn -0.8375 -0.5362 0.1050
vn 0.1037 -0.9362 -0.3357
vn 0.9744 -0.1156 -0.1931
vn -0.2445 -0.9672 0.0691
vn -0.5465 -0.8243 -0.1481
vn -0.4829 -0.8756 -0.0095
vn -0.4045 -0.9114 0.0755
vn -0.6215 -0.6003 -0.5033
vn 0.5152 -0.7569 -0.4020
vn -0.9416 -0.3352 -0.0317
vn -0.9633 -0.1559 -0.2185
vn -0.9751 -0.0954 -0.2001
vn -0.9853 -0.1641 -0.0471
vn -0.9301 0.3012 -0.2102
vn -0.9142 -0.1464 -0.3780
vn -0.7063 0.6920 -0.1492
vn -0.9017 0.4202 0.1013
vn -0.7416 0.6570 -0.1356
vn -0.1388 0.9788 -0.1505
vn -0.6875 0.7261 0.0099
vn -0.6251 0.7723 0.1134
vn 0.0671 0.9943 -0.0833
vn -0.0325 0.9994 -0.0080
vn 0.1629 0.9866 0.0068
vn 0.4221 0.9065 -0.0061
vn 0.6546 0.7417 0.1464
vn 0.3262 0.9448 0.0303
vn 0.9655 -0.1905 0.1776
vn 0.9607 0.2212 0.1675
vn 0.9112 -0.4035 0.0828
vn 0.9360 -0.0520 0.3480
vn 0.8996 0.3320 0.2838
vn -0.0320 0.9971 0.0685
vn 0.9569 0.2236 -0.1854
vn 0.3125 0.9467 -0.0784
vn 0.9962 -0.0758 0.0439
vn 0.7751 -0.4533 0.4402
vn -0.2671 -0.8895 0.3709
vn 0.8731 -0.4800 0.0857
vn 0.4536 -0.8679 -0.2026
vn 0.4843 -0.8710 0.0827
vn 0.2268 -0.9724 -0.0541
vn -0.1618 -0.9808 -0.1086
vn -0.4900 -0.8687 -0.0726
vn -0.7404 -0.6648 -0.0993
vn -0.7103 -0.6972 -0.0967
vn -0.8785 -0.4639 -0.1144
vn -0.9803 -0.1804 -0.0805
vn -0.9727 0.2275 -0.0460
vn -0.8307 0.5195 -0.2001
vn -0.9783 -0.0423 -0.2028
vn -0.6080 0.7887 0.0914
vn -0.6881 0.7202 -0.0882
vn -0.8156 0.5703 -0.0979
vn -0.2609 0.9650 -0.0285
vn -0.1051 0.9944 0.0122
vn -0.1224 0.9685 0.2168
vn 0.7744 0.6296 -0.0620
vn 0.8190 0.5708 0.0588
vn 0.6571 0.6803 0.3247
vn 0.9292 0.3650 0.0575
vn 0.9931 -0.0909 0.0742
vn 0.9447 -0.2110 0.2509
vn 0.9281 0.3720 0.0174
vn 0.8047 -0.5667 -0.1772
vn 0.7618 -0.6457 0.0523
vn 0.5948 -0.8019 0.0552
vn 0.1065 -0.9942 0.0180
vn -0.0707 -0.9972 0.0256
vn -0.1251 -0.9906 0.0555
vn -0.4120 -0.9108 0.0251
vn -0.6935 -0.7161 -0.0796
vn -0.9167 -0.3855 -0.1047
vn -0.9917 -0.1275 -0.0170
vn -0.9312 -0.3537 0.0883
vn -0.9828 -0.0391 -0.1806
vn -0.8654 -0.3036 -0.3987
vn -0.1376 -0.9803 -0.1416
vn -0.9978 0.0602 0.0270
vn -0.9299 0.3675 -0.0142
vn -0.8220 0.5689 -0.0254
vn -0.8095 0.5674 -0.1511
vn -0.5261 0.8504 -0.0049
vn -0.5248 0.8456 -0.0977
vn -0.5515 0.8244 -0.1275
vn -0.3095 0.9508 -0.0120
vn -0.2756 0.9613 0.0017
vn -0.6028 0.7588 -0.2465
vn -0.3857 0.8777 0.2844
vn -0.5555 0.8313 -0.0190
vn 0.2363 0.9426 0.2358
vn 0.6577 0.7527 0.0294
vn 0.2249 0.9744 -0.0022
vn 0.8728 0.4500 0.1891
vn 0.9720 0.0724 0.2234
vn 0.8096 -0.5271 0.2582
vn 0.9478 -0.2176 0.2331
vn 0.7079 -0.7055 -0.0340
vn 0.7107 -0.7024 -0.0399
vn 0.7166 -0.6837 0.1384
vn 0.7664 -0.6414 0.0350
vn 0.1593 -0.9832 0.0888
vn -0.1370 -0.9899 -0.0354
vn -0.2461 -0.9665 -0.0726
vn -0.7880 -0.6153 -0.0235
vn -0.9518 -0.3014 -0.0571
vn -0.9390 0.3436 0.0107
vn -0.8470 0.5286 0.0555
vn -0.8848 0.4657 -0.0144
vn -0.6355 0.7502 0.1830
vn 0.8527 0.4868 0.1895
vn 0.7913 0.5907 0.1580
vn 0.7321 0.6299 0.2594
vn 0.9478 -0.1533 0.2795
vn 0.7790 -0.5679 0.2657
vn 0.4842 -0.6863 0.5427
vn -0.0057 -0.8869 0.4619
vn 0.1344 -0.9336 0.3321
vn -0.5189 -0.8546 -0.0223
vn -0.5264 -0.8393 0.1359
vn -0.7100 -0.7040 -0.0188
vn -0.9983 0.0298 -0.0492
vn -0.9986 -0.0476 0.0232
vn -0.9591 0.2372 0.1546
vn -0.9175 0.3877 0.0887
vn -0.9390 0.3072 0.1543
vn -0.6329 0.7684 -0.0953
vn -0.6021 0.7333 -0.3158
vn -0.0393 0.6529 0.7564
vn 0.3225 -0.1350 0.9369
vn -0.3147 -0.3479 0.8831
vn -0.7478 -0.1990 0.6334
vn -0.6201 0.2919 0.7282
vn -0.4009 0.4347 0.8064
vn -0.0900 0.8368 -0.5401
vn -0.3267 0.8514 -0.4104
vn 0.8475 0.5300 -0.0302
vn -0.3265 0.9416 0.0827
vn -0.4828 0.8679 0.1164
vn -0.2965 0.9544 0.0337
vn 0.3244 0.9084 -0.2638
vn 0.4248 0.8431 -0.3298
vn 0.1321 0.9899 0.0519
vn 0.0768 0.9771 -0.1985
vn 0.5061 0.5313 -0.6794
vn -0.1923 0.6910 -0.6968
vn 0.9057 0.4233 -0.0223
vn 0.7588 -0.1063 -0.6426
vn 0.9187 -0.3761 -0.1203
vn 0.0345 -0.7858 -0.6176
vn -0.7327 -0.6432 -0.2225
vn -0.6863 0.0421 -0.7261
vn -0.8524 0.4911 -0.1797
vn -0.4375 0.7684 -0.4670
vn -0.0622 0.9871 0.1473
vn 0.6366 0.7694 0.0524
vn 0.1933 0.9789 0.0669
vn 0.4525 0.8905 0.0474
vn -0.0693 0.9974 0.0178
vn 0.7076 0.7027 0.0737
vn 0.2485 0.9058 0.3431
vn 0.5834 0.7861 0.2040
vn -0.5499 0.8302 0.0914
vn 0.5791 0.8124 -0.0683
vn 0.5029 0.8262 -0.2540
vn -0.4790 0.8602 -0.1748
vn 0.8787 0.4510 0.1566
vn 0.9293 0.3500 0.1175
vn 0.9836 0.1794 0.0168
vn 0.3182 0.9318 -0.1747
vn 0.9593 -0.0772 0.2715
vn 0.6305 -0.7755 -0.0315
vn 0.9199 -0.3853 0.0733
vn 0.9664 -0.2564 0.0206
vn 0.9852 -0.0753 0.1538
vn 0.2368 -0.9710 -0.0323
vn 0.0161 -0.9743 -0.2246
vn -0.2623 -0.9646 -0.0263
vn 0.8822 -0.4603 -0.0995
vn 0.6632 -0.7192 -0.2071
vn 0.1304 -0.9912 0.0240
vn 0.3304 -0.9392 -0.0939
vn 0.4885 -0.8709 0.0539
vn 0.2133 -0.9554 -0.2042
vn 0.0251 -0.9961 -0.0843
vn -0.3217 -0.9460 -0.0386
vn 0.0394 -0.9691 -0.2435
vn -0.5508 -0.8291 -0.0955
vn -0.3861 -0.9059 -0.1740
vn -0.9580 -0.2297 -0.1720
vn -0.9794 -0.1840 -0.0830
vn -0.9610 0.2308 -0.1524
vn -0.8909 0.4447 -0.0923
vn -0.9413 0.3058 -0.1431
vn -0.6676 0.6547 -0.3545
vn -0.4042 0.9107 0.0855
vn 0.4363 0.8400 -0.3226
vn -0.6553 0.7491 0.0970
vn -0.7881 0.5985 -0.1437
vn -0.8327 -0.3646 -0.4169
vn -0.1665 0.9797 -0.1116
vn 0.3062 0.9513 -0.0355
vn -0.1025 0.9895 -0.1018
vn 0.7505 0.6496 0.1212
vn 0.6115 0.7910 0.0211
vn 0.9762 0.0341 -0.2140
vn 0.8821 -0.4699 -0.0313
vn 0.9360 0.3274 0.1295
vn 0.9930 0.1132 0.0352
vn 0.9123 -0.4094 -0.0025
vn 0.8984 -0.4391 0.0035
vn 0.9212 -0.3811 0.0788
vn 0.9353 -0.3246 0.1410
vn 0.9297 -0.3548 0.0990
vn 0.2842 -0.9564 0.0671
vn -0.0193 -0.9993 0.0314
vn -0.6805 -0.7289 -0.0757
vn -0.6722 -0.7292 -0.1277
vn -0.2495 -0.9674 -0.0429
vn -0.8865 -0.4496 0.1092
vn -0.8558 -0.5036 -0.1179
vn -0.8258 -0.4979 -0.2648
vn 0.2039 -0.9777 -0.0508
vn -0.9928 -0.1194 0.0023
vn -0.7385 0.6495 -0.1808
vn -0.9888 0.1314 -0.0714
vn -0.9675 0.2335 -0.0966
vn -0.9884 0.1319 -0.0752
vn -0.6397 0.7640 -0.0839
vn -0.2813 0.9594 -0.0221
vn -0.3936 0.9178 -0.0523
vn -0.1023 0.9941 -0.0373
vn 0.0980 0.9952 0.0049
vn 0.1654 0.9861 0.0163
vn -0.1991 0.9797 -0.0220
vn 0.3027 0.9531 -0.0024
vn 0.2463 0.9659 0.0798
vn 0.7338 0.6693 0.1163
vn 0.5513 0.8343 0.0047
vn 0.9370 0.3268 -0.1236
vn 0.9592 0.2533 0.1253
vn 0.9978 0.0504 0.0427
vn 0.9306 -0.3646 -0.0333
vn 0.5561 -0.8272 0.0809
vn 0.7067 -0.7023 0.0861
vn 0.6576 -0.7507 0.0640
vn 0.4355 -0.8924 0.1185
vn 0.2686 -0.8942 0.3581
vn -0.6446 -0.7623 0.0572
vn 0.3819 -0.9170 -0.1153
vn 0.1622 -0.9849 0.0599
vn -0.2218 -0.9722 -0.0754
vn -0.4077 -0.9124 -0.0365
vn -0.8873 -0.4575 -0.0585
vn -0.9591 0.1763 -0.2217
vn -0.9969 0.0073 -0.0785
vn -0.9206 -0.3902 0.0173
vn -0.9840 0.1780 -0.0064
vn -0.7673 0.5769 -0.2801
vn -0.4755 0.8485 -0.2322
vn -0.7900 0.6100 0.0610
vn -0.5687 0.8220 -0.0288
vn -0.7924 0.6056 -0.0733
vn -0.4323 0.8516 0.2964
vn 0.2329 0.9369 0.2609
vn 0.4834 0.8573 0.1771
vn 0.2879 0.9189 0.2697
vn 0.4194 0.9075 0.0228
vn 0.7217 0.6526 0.2306
vn 0.9136 0.3937 0.1017
vn 0.9982 0.0513 0.0316
vn 0.9658 -0.2397 0.0990
vn 0.9638 0.0855 0.2524
vn 0.2809 0.9548 0.0971
vn 0.4327 -0.8877 0.1574
vn 0.2751 -0.9532 -0.1255
vn 0.1116 -0.9603 0.2557
vn 0.4844 -0.8728 0.0597
vn -0.1903 -0.9779 0.0872
vn -0.1775 -0.9239 -0.3389
vn -0.0900 -0.9959 -0.0125
vn 0.3435 -0.9269 -0.1510
vn -0.9835 -0.0766 -0.1637
vn -0.5704 -0.7872 0.2345
vn -0.7319 -0.6154 0.2926
vn -0.5428 -0.8266 -0.1488
vn -0.5615 -0.8156 -0.1399
vn -0.9363 -0.3376 0.0971
vn -0.9256 -0.0719 -0.3717
vn -0.9788 0.1950 -0.0620
vn -0.5439 0.7952 0.2679
vn -0.2713 0.4920 0.8272
vn 0.5124 0.8306 0.2178
vn 0.7637 0.5865 0.2699
vn 0.8783 0.4640 -0.1153
vn 0.8998 0.3703 -0.2309
vn 0.9819 -0.1235 0.1438
vn 0.7694 0.5801 0.2673
vn 0.9492 -0.0198 0.3140
vn 0.8900 -0.4557 0.0176
vn 0.6995 -0.6956 0.1640
vn 0.5852 -0.7790 0.2253
vn 0.7590 -0.5775 0.3007
vn 0.5304 -0.8476 0.0158
vn 0.5920 -0.8060 0.0004
vn 0.1261 -0.9596 0.2516
vn 0.3760 -0.9123 0.1625
vn -0.2905 -0.9406 0.1758
vn -0.3869 -0.8990 0.2053
vn -0.4079 -0.8922 -0.1940
vn -0.9675 -0.2524 -0.0135
vn -0.9852 -0.1544 0.0748
vn -0.9559 0.2929 -0.0234
vn -0.8970 0.4118 0.1607
vn -0.8849 0.4460 -0.1342
vn -0.8283 0.5552 0.0755
vn -0.7309 0.6821 -0.0254
vn -0.4469 -0.8925 0.0605
vn 0.3164 0.4684 0.8249
vn 0.5018 -0.1507 0.8517
vn 0.0973 -0.5759 0.8117
vn -0.4764 -0.3416 0.8101
vn -0.6265 0.1976 0.7539
vn -0.5718 0.7392 -0.3559
vn -0.0374 0.9992 0.0166
vn 0.1451 0.9859 -0.0838
vn -0.1527 0.9836 -0.0957
vn 0.9929 0.0142 -0.1185
vn 0.7150 -0.3538 -0.6030
vn 0.5734 0.4514 -0.6837
vn 0.2597 -0.9648 -0.0428
vn 0.0555 -0.6976 -0.7143
vn -0.4263 -0.8960 -0.1248
vn -0.4957 -0.4143 -0.7633
vn -0.9685 -0.2142 -0.1266
vn -0.5876 0.2857 -0.7570
vn -0.0643 0.9964 0.0556
vn -0.0149 0.9979 0.0634
vn -0.2707 0.9564 -0.1095
vn 0.0121 0.9906 -0.1363
vn -0.0770 0.9965 0.0317
vn 0.4705 0.8786 0.0820
vn 0.4031 0.9106 -0.0912
vn 0.3215 0.9328 -0.1628
vn 0.2782 0.9602 0.0264
vn 0.4889 0.8636 -0.1231
vn 0.7819 0.5882 0.2064
vn 0.8809 0.4561 -0.1264
vn 0.9375 0.2708 -0.2184
vn 0.8031 -0.5933 -0.0546
vn 0.7743 0.6166 0.1423
vn 0.8323 0.4218 0.3596
vn 0.8881 -0.3554 0.2914
vn 0.9079 0.3984 0.1302
vn 0.9071 0.4106 -0.0929
vn 0.9332 -0.3568 0.0429
vn 0.9321 -0.3608 0.0327
vn 0.8649 -0.4945 0.0856
vn 0.7149 -0.6991 0.0100
vn 0.1483 -0.9609 -0.2339
vn 0.1905 -0.9800 0.0578
vn 0.2214 -0.9676 -0.1210
vn 0.9772 -0.2039 -0.0586
vn -0.2341 -0.9694 0.0744
vn -0.7791 -0.5989 -0.1853
vn -0.2693 -0.9630 -0.0012
vn 0.0028 -0.9828 -0.1845
vn -0.1127 -0.9796 -0.1662
vn -0.0649 -0.9854 -0.1576
vn -0.9493 -0.2654 -0.1685
vn -0.9808 -0.1646 -0.1049
vn -0.9552 -0.2156 -0.2026
vn -0.9906 -0.0973 -0.0963
vn -0.9765 0.1121 -0.1841
vn -0.8901 0.4548 0.0289
vn -0.5886 0.7980 -0.1290
vn -0.8237 0.5382 -0.1784
vn -0.6266 0.7564 -0.1877
vn -0.4340 0.8862 -0.1622
vn -0.5561 0.8307 -0.0241
vn -0.9106 -0.2301 -0.3433
vn -0.3445 0.9381 -0.0366
vn -0.0432 0.9970 0.0642
vn 0.0312 0.9988 0.0386
vn 0.3019 0.9526 0.0368
vn 0.9176 -0.0386 0.3957
vn 0.9228 0.3811 0.0564
vn 0.2023 -0.8520 0.4829
vn 0.9756 -0.2193 0.0067
vn 0.8559 -0.4770 0.1997
vn 0.6284 -0.7741 -0.0773
vn 0.7123 -0.6690 -0.2122
vn -0.4648 -0.8702 -0.1631
vn 0.4792 -0.8617 0.1672
vn 0.6449 -0.7641 0.0130
vn 0.4464 -0.8948 -0.0061
vn -0.4650 -0.8817 -0.0800
vn -0.7121 -0.6976 0.0787
vn -0.4674 -0.8835 -0.0309
vn -0.5057 -0.8627 0.0005
vn -0.7507 -0.5480 -0.3691
vn -0.8921 -0.2708 -0.3616
vn -0.7614 -0.1722 -0.6250
vn -0.6901 0.7139 -0.1189
vn -0.7215 0.6662 -0.1887
vn -0.9986 0.0511 0.0104
vn -0.7494 0.6572 -0.0802
vn -0.9482 0.2923 -0.1244
vn -0.2665 0.9637 -0.0181
vn -0.1906 0.9695 -0.1541
vn 0.1606 0.9703 0.1811
vn 0.2749 0.9390 0.2066
vn 0.7569 0.6043 -0.2487
vn -0.1016 0.9767 -0.1890
vn 0.8377 0.5334 -0.1173
vn 0.9439 0.1654 -0.2858
vn 0.8534 0.5212 -0.0039
vn 0.9513 0.2766 0.1359
vn 0.9863 -0.0527 0.1564
vn 0.8955 -0.3902 -0.2143
vn 0.9294 0.3634 -0.0647
vn 0.0494 -0.9944 -0.0936
vn 0.8325 -0.5026 0.2330
vn 0.8782 -0.4704 0.0870
vn 0.5100 -0.8410 0.1805
vn 0.8983 -0.4387 0.0254
vn 0.3592 -0.9271 -0.1072
vn -0.5308 -0.8076 0.2569
vn 0.1553 -0.9877 -0.0183
vn 0.5078 -0.8596 0.0575
vn 0.1196 -0.9911 -0.0587
vn -0.0643 -0.9968 -0.0475
vn -0.1896 -0.9710 0.1454
vn 0.8368 -0.5233 0.1611
vn -0.3558 -0.9295 -0.0966
vn -0.9815 -0.1906 0.0207
vn -0.2169 -0.9741 -0.0643
vn -0.1465 -0.9846 -0.0957
vn -0.5921 -0.7969 -0.1196
vn -0.6871 -0.7249 0.0484
vn -0.3687 -0.9290 0.0318
vn -0.9941 -0.1081 -0.0027
vn -0.9505 0.2776 -0.1398
vn -0.9119 0.4041 -0.0717
vn -0.9630 -0.2569 -0.0815
vn -0.8653 -0.4983 0.0547
vn -0.9862 -0.1644 -0.0220
vn -0.9146 -0.4043 -0.0064
vn -0.9943 0.0987 -0.0390
vn -0.6758 0.7370 -0.0082
vn -0.9575 0.2127 -0.1947
vn -0.9627 0.1779 -0.2037
vn -0.6759 0.7279 -0.1154
vn -0.4224 0.9063 -0.0130
vn -0.5174 0.8548 -0.0390
vn -0.0851 0.9866 0.1394
vn -0.8061 0.5917 0.0104
vn 0.1341 0.9641 0.2293
vn 0.5376 0.8344 0.1220
vn 0.7542 0.6515 0.0819
vn 0.8464 0.4838 0.2224
vn 0.3548 0.9305 0.0905
vn 0.8748 0.4303 -0.2227
vn 0.8788 0.4100 0.2440
vn -0.0153 0.9942 -0.1066
vn 0.9471 0.2973 0.1209
vn 0.9745 0.0739 0.2118
vn 0.8646 -0.3008 0.4026
vn 0.5449 -0.8381 0.0276
vn 0.2711 -0.9605 0.0626
vn 0.6656 -0.7456 0.0323
vn 0.2029 -0.9778 0.0530
vn 0.6159 -0.7790 0.1171
vn 0.2874 -0.9550 0.0735
vn 0.6008 -0.7948 0.0859
vn -0.2825 -0.9530 0.1096
vn -0.7281 -0.6715 -0.1376
vn -0.3834 -0.9213 0.0648
vn -0.8985 -0.3369 -0.2814
vn -0.9940 0.0290 -0.1054
vn -0.9276 -0.3619 -0.0923
vn -0.7657 -0.6416 0.0459
vn -0.9948 -0.0242 -0.0993
vn -0.9158 0.3968 -0.0624
vn -0.9771 0.1540 -0.1471
vn -0.9144 0.4047 0.0028
vn 0.0305 0.9935 0.1095
vn -0.7696 0.6264 0.1238
vn -0.5519 0.8249 0.1221
vn 0.7694 0.5845 0.2574
vn 0.9544 0.2442 0.1717
vn 0.9352 -0.3247 0.1416
vn 0.7930 -0.5258 0.3077
vn 0.4436 -0.8524 0.2769
vn -0.0270 -0.9967 0.0772
vn -0.7280 -0.6806 0.0833
vn -0.8357 -0.5466 0.0542
vn -0.9414 -0.3374 -0.0034
vn -0.9200 0.3905 -0.0333
vn -0.9778 -0.1752 0.1151
vn 0.6086 0.7456 0.2716
vn 0.3802 0.4604 0.8022
vn 0.4570 -0.3119 0.8330
vn -0.3016 -0.5580 0.7731
vn -0.6613 -0.0135 0.7500
vn -0.3266 0.4861 0.8106
vn 0.4366 0.8984 -0.0469
vn -0.0622 0.9616 -0.2672
vn 0.3432 0.9354 -0.0850
vn 0.2038 0.9648 -0.1662
vn 0.0213 0.9991 -0.0358
vn -0.3186 0.9439 -0.0866
vn -0.5466 0.5205 -0.6560
vn -0.8522 0.5228 0.0222
vn -0.9047 -0.0511 -0.4229
vn -0.8372 -0.5450 -0.0464
vn -0.9999 -0.0113 0.0071
vn 0.5406 -0.4034 -0.7383
vn 0.5471 -0.8200 -0.1684
vn -0.1519 -0.9797 -0.1307
vn 0.9801 -0.1362 -0.1444
vn 0.7889 -0.6028 0.1194
vn 0.9881 0.0087 -0.1537
vn 0.3946 0.5614 -0.7274
vn 0.9455 0.3168 -0.0757
vn 0.9526 0.2058 -0.2239
vn 0.7704 0.6237 -0.1322
vn 0.2606 0.9595 0.1067
vn 0.7357 0.6651 -0.1278
vn 0.0801 0.9367 0.3407
vn -0.1089 0.9217 0.3723
vn 0.9064 0.4220 -0.0173
vn -0.7670 0.6416 -0.0017
vn -0.3338 0.9345 0.1237
vn -0.2678 0.9418 0.2031
vn 0.7645 0.6432 0.0424
vn -0.7277 0.6849 -0.0371
vn -0.9143 0.3998 0.0641
vn -0.4916 0.8697 0.0442
vn -0.9873 0.1415 0.0717
vn -0.9674 -0.2283 0.1093
vn -0.9774 0.1073 0.1822
vn -0.5531 -0.4997 -0.6666
vn -0.6123 -0.7905 -0.0153
vn -0.6244 -0.7799 -0.0435
vn -0.8473 -0.5291 0.0462
vn -0.1325 -0.9891 -0.0644
vn -0.8598 -0.5102 0.0213
vn -0.0682 -0.7307 -0.6792
vn -0.5107 -0.8596 0.0187
vn 0.5900 -0.7787 -0.2133
vn -0.1180 -0.9625 0.2444
vn 0.2438 -0.9249 0.2918
vn 0.9874 -0.1584 -0.0047
vn 0.9456 0.3236 -0.0341
vn 0.3367 0.9288 0.1549
vn 0.8962 0.1468 0.4187
vn 0.9210 0.3892 -0.0155
vn 0.9929 0.1171 0.0228
vn 0.9631 0.1851 0.1955
vn -0.0172 0.8506 -0.5256
vn -0.3320 0.7663 -0.5501
vn 0.3205 0.9468 0.0300
vn -0.8271 0.5507 -0.1124
vn -0.9515 0.2301 0.2042
vn -0.1771 0.9733 0.1458
vn -0.8957 0.3556 -0.2668
vn -0.9619 -0.0720 -0.2639
vn -0.2524 0.9604 -0.1181
vn -0.9396 -0.1555 -0.3050
vn -0.9004 -0.3665 -0.2345
vn -0.6180 0.7847 0.0489
vn -0.7961 -0.5511 0.2499
vn -0.6771 -0.7059 0.2078
vn -0.9084 0.3894 0.1524
vn -0.0167 -0.9898 -0.1415
vn -0.2020 -0.9079 0.3672
vn -0.9324 0.0024 0.3613
vn -0.0249 -0.9322 0.3612
vn -0.9589 -0.2415 0.1488
vn 0.6234 -0.7715 -0.1268
vn 0.0955 -0.9859 -0.1371
vn 0.3257 -0.9436 0.0599
vn -0.6788 -0.7083 0.1938
vn 0.4352 -0.8801 -0.1898
vn 0.6221 -0.7088 -0.3326
vn 0.6978 -0.7163 0.0090
vn -0.3563 -0.9196 0.1656
vn 0.9062 -0.3870 -0.1703
vn 0.4113 -0.6862 -0.6000
vn 0.6747 -0.4196 -0.6072
vn -0.5068 -0.8463 -0.1642
vn 0.7426 -0.1835 -0.6441
vn 0.6611 -0.4223 -0.6202
vn -0.1533 -0.9868 -0.0521
vn 0.7259 -0.6762 -0.1256
vn 0.9552 -0.2955 -0.0163
vn 0.1259 -0.9871 0.0987
vn 0.8923 -0.3326 -0.3051
vn 0.7215 0.2924 -0.6276
vn 0.7939 0.3758 -0.4781
vn 0.6333 -0.7701 -0.0766
vn 0.7692 0.6389 0.0074
vn 0.9616 0.1206 -0.2465
vn 0.9109 0.3075 -0.2752
vn 0.9138 0.4061 -0.0020
vn 0.5203 0.7929 -0.3172
vn 0.3612 0.9284 -0.0875
vn 0.6948 0.7190 0.0153
vn 0.6441 0.4491 -0.6193
vn 0.3597 0.7328 -0.5776
vn 0.8284 -0.4807 -0.2876
vn 0.1325 0.7959 -0.5907
vn 0.3719 0.7127 -0.5949
vn 0.9774 -0.1481 -0.1510
vn 0.4524 0.8688 -0.2012
vn 0.1228 0.9751 -0.1845
vn 0.2580 0.9657 0.0274
vn 0.3795 0.9174 0.1200
vn -0.3272 0.9327 0.1514
vn -0.0387 0.9939 0.1030
vn 0.2334 0.9588 -0.1617
vn -0.2800 0.9489 0.1457
vn 0.1021 0.9558 0.2759
vn 0.0270 0.9937 -0.1085
vn -0.4559 0.8899 0.0161
vn -0.3386 0.9400 0.0431
vn -0.6717 0.7358 0.0859
vn -0.6107 0.7836 0.1140
vn -0.6618 0.7468 -0.0653
vn -0.9551 -0.2961 -0.0141
vn -0.8907 0.4213 0.1708
vn -0.9056 0.4062 0.1219
vn -0.9293 0.3691 0.0136
vn -0.9258 -0.2415 0.2907
vn -0.8137 -0.5731 0.0970
vn -0.8117 -0.4996 0.3027
vn -0.8638 -0.4867 -0.1304
vn -0.8873 -0.4574 -0.0584
vn 0.1031 -0.9887 -0.1092
vn -0.5174 -0.8495 -0.1033
vn -0.9323 -0.2885 0.2180
vn -0.8448 -0.5350 -0.0031
vn -0.4438 -0.8568 -0.2626
vn -0.3754 -0.9218 0.0970
vn -0.9727 -0.0421 0.2280
vn 0.0187 -0.9965 -0.0821
vn -0.5044 -0.6894 -0.5199
vn -0.1572 -0.8305 -0.5344
vn -0.9840 0.1293 -0.1225
vn 0.0843 -0.8055 -0.5866
vn -0.1659 -0.8200 -0.5479
vn -0.9704 -0.2408 0.0194
vn -0.3911 -0.9189 -0.0516
vn 0.0879 -0.9942 0.0621
vn -0.8545 -0.4856 0.1845
vn -0.0096 -0.9599 -0.2802
vn 0.2777 -0.9382 -0.2065
vn 0.5029 -0.8632 0.0444
vn -0.5279 -0.8299 0.1806
vn 0.5824 -0.7762 -0.2415
vn 0.3844 -0.9088 0.1621
vn 0.3711 -0.9095 0.1875
vn 0.3563 -0.9094 0.2147
vn 0.8881 -0.4468 -0.1084
vn 0.8811 -0.4683 -0.0661
vn 0.8729 -0.4872 -0.0271
vn 0.9241 0.2843 -0.2552
vn 0.8574 0.5145 0.0097
vn 0.8426 -0.5348 0.0629
vn 0.7448 0.6356 -0.2029
vn 0.9268 0.3578 0.1146
vn 0.9291 0.3435 0.1372
vn 0.9309 0.3271 0.1625
vn 0.9927 0.1191 0.0209
vn -0.4789 0.8634 0.1590
vn -0.0543 0.5355 0.8428
vn -0.9773 0.0788 0.1966
vn -0.7380 0.6569 0.1542
vn -0.4644 0.8777 -0.1182
vn -0.9951 -0.0884 -0.0453
vn -0.2073 0.9534 0.2190
vn -0.6578 0.7431 0.1227
vn -0.6730 0.7291 0.1245
vn -0.6744 0.7287 0.1190
vn -0.8875 0.4548 0.0748
vn -0.8817 0.4617 0.0969
vn -0.8645 0.4785 0.1540
vn -0.8557 0.1632 -0.4911
vn -0.8589 -0.2085 -0.4677
vn -0.2609 0.9422 -0.2102
vn -0.7562 -0.4202 -0.5016
vn -0.8846 -0.3461 -0.3126
vn -0.5795 0.8145 -0.0279
vn -0.7329 -0.6606 0.1626
vn -0.9873 0.1090 0.1160
vn -0.6400 -0.7657 0.0647
vn -0.6012 -0.7965 0.0641
vn -0.6348 -0.7714 0.0438
vn -0.6651 -0.7218 0.1915
vn -0.6561 -0.7383 0.1564
vn -0.6451 -0.7549 0.1181
vn 0.2681 -0.9619 -0.0542
vn 0.3106 -0.9491 -0.0531
vn 0.3660 -0.9295 -0.0463
vn 0.6263 -0.7047 -0.3334
vn 0.6988 -0.7153 0.0074
vn -0.3540 -0.9209 0.1634
vn 0.9032 -0.3928 -0.1728
vn 0.6349 -0.5118 -0.5788
vn 0.6070 -0.7947 0.0039
vn 0.5818 -0.8129 -0.0248
vn 0.7452 -0.1722 -0.6442
vn 0.6932 -0.7055 -0.1475
vn 0.9528 -0.3034 -0.0151
vn 0.1281 -0.9871 0.0965
vn 0.8633 -0.3563 -0.3573
vn 0.9589 -0.2830 -0.0202
vn 0.9597 -0.2793 -0.0312
vn 0.9606 -0.2739 -0.0473
vn 0.9070 0.3971 -0.1400
vn 0.9576 0.2871 -0.0231
vn 0.9983 -0.0433 0.0391
vn 0.8669 0.4812 -0.1303
vn 0.6773 0.6521 -0.3407
vn 0.7185 0.6955 0.0057
vn 0.9289 -0.3669 0.0512
vn 0.3843 0.9134 -0.1341
vn 0.4644 0.6829 -0.5638
vn 0.7967 0.6043 -0.0127
vn 0.8094 0.5864 0.0313
vn 0.1212 0.7985 -0.5896
vn 0.4815 0.8737 0.0694
vn 0.4537 0.3465 0.8211
vn -0.9063 0.4159 0.0750
vn -0.5829 0.5630 0.5859
vn -0.9219 0.3164 0.2237
vn -0.9426 0.2509 0.2203
vn -0.9431 -0.1485 0.2975
vn -0.9803 -0.1382 0.1412
vn -0.8417 -0.4941 0.2180
vn -0.5481 -0.8178 0.1754
vn -0.3888 -0.9200 0.0493
vn -0.0599 -0.9867 0.1514
vn -0.2110 -0.9720 0.1031
vn 0.4398 -0.8980 0.0120
vn 0.8959 -0.4441 0.0064
vn 0.9750 -0.2205 0.0275
vn 0.9984 -0.0563 0.0092
vn 0.8927 0.4496 0.0320
vn -0.4119 0.2352 0.8803
vn -0.4236 -0.3012 0.8543
vn 0.2184 -0.0909 0.9716
vn -0.2569 -0.6137 0.7466
vn 0.7421 0.2743 0.6116
vn 0.7263 0.6613 -0.1876
vn -0.0438 0.9671 -0.2507
vn 0.0023 0.9846 0.1748
vn -0.0788 0.9969 0.0038
vn 0.4299 0.9028 0.0116
vn -0.4358 0.9000 -0.0041
vn 0.0054 0.9998 0.0214
vn -0.2852 0.9582 0.0223
vn 0.7562 0.6541 0.0169
vn -0.4636 0.8204 -0.3348
vn 0.0684 0.7671 -0.6379
vn -0.7541 0.2803 -0.5940
vn -0.8675 0.4955 0.0436
vn -0.8698 0.4819 0.1056
vn -0.7695 -0.6369 -0.0484
vn -0.9994 0.0163 0.0310
vn -0.5315 -0.6089 -0.5889
vn 0.2325 -0.6368 -0.7352
vn -0.3028 -0.9519 -0.0477
vn 0.6885 0.0731 -0.7216
vn 0.9309 0.0769 -0.3571
vn 0.7913 -0.5607 -0.2440
vn 0.7971 0.5594 -0.2275
vn 0.0412 0.9974 -0.0599
vn 0.9244 0.3761 0.0637
vn 0.4254 0.9048 0.0204
vn -0.6957 0.7151 0.0680
vn 0.3626 0.9257 0.1080
vn -0.7730 0.6044 -0.1928
vn -0.1492 0.9824 -0.1122
vn -0.9961 0.0762 -0.0436
vn -0.8474 0.5150 0.1293
vn -0.9236 -0.3728 0.0893
vn -0.9870 -0.0975 0.1280
vn -0.6326 -0.7589 0.1546
vn -0.7923 -0.6086 -0.0437
vn -0.4631 -0.8663 -0.1872
vn -0.7764 -0.6283 0.0491
vn 0.0667 -0.9972 -0.0339
vn 0.1971 -0.9732 -0.1186
vn 0.4756 -0.8787 -0.0401
vn 0.7556 -0.6298 -0.1802
vn 0.6972 -0.6770 -0.2358
vn 0.6555 -0.7535 -0.0507
vn 0.9640 0.1127 -0.2410
vn 0.7465 -0.6493 0.1455
vn 0.9293 0.3623 -0.0717
vn 0.7140 -0.6966 0.0710
vn 0.7835 0.5731 -0.2400
vn 0.7705 0.5198 -0.3690
vn 0.7662 0.5468 -0.3376
vn 0.9451 -0.2581 -0.2002
vn 0.9609 0.2548 -0.1085
vn 0.7961 0.5824 0.1644
vn 0.5025 0.8629 -0.0532
vn 0.4225 0.9046 -0.0573
vn 0.4294 0.8999 -0.0765
vn -0.0242 0.9988 -0.0423
vn 0.2708 0.9616 -0.0433
vn -0.3448 0.9259 -0.1545
vn -0.2949 0.9543 0.0482
vn 0.1042 0.9923 0.0664
vn -0.5804 0.8138 0.0300
vn -0.4808 0.8529 -0.2036
vn -0.6274 0.7647 -0.1471
vn -0.5077 0.8511 0.1337
vn -0.8225 0.5084 0.2550
vn 0.1938 0.9740 0.1175
vn -0.9170 0.3938 0.0626
vn -0.1918 0.9812 0.0198
vn -0.9722 0.2336 0.0158
vn -0.8182 0.5512 0.1634
vn -0.9985 -0.0320 -0.0446
vn -0.9639 -0.2614 0.0509
vn -0.7831 -0.6209 0.0367
vn -0.6717 -0.7401 0.0333
vn -0.7688 -0.6149 0.1758
vn -0.6738 -0.7175 0.1768
vn -0.8852 0.4250 0.1892
vn 0.2309 -0.9575 -0.1727
vn -0.5002 -0.8624 -0.0784
vn -0.0988 -0.9802 0.1717
vn 0.0182 -0.9986 0.0493
vn 0.1021 -0.9934 0.0520
vn 0.4162 -0.9091 0.0179
vn 0.8481 -0.5161 -0.1198
vn 0.9462 -0.1493 -0.2872
vn 0.9160 -0.3154 -0.2478
vn 0.9603 -0.1415 -0.2405
vn 0.9756 -0.2192 -0.0077
vn 0.9372 0.0996 -0.3342
vn 0.9179 0.2726 -0.2885
vn 0.9883 0.1524 0.0029
vn 0.8218 0.5509 0.1456
vn 0.8081 -0.5803 0.1015
vn 0.6432 0.7386 0.2019
vn 0.9586 -0.2771 -0.0656
vn 0.0642 0.9917 -0.1114
vn 0.7149 0.6989 -0.0212
vn 0.5846 0.8109 0.0259
vn 0.1027 0.9924 0.0685
vn -0.5029 0.8497 -0.1584
vn -0.6807 0.7294 -0.0677
vn 0.1734 0.9841 -0.0380
vn -0.7384 0.6580 -0.1479
vn -0.6257 0.7546 0.1976
vn -0.9189 0.3931 -0.0340
vn -0.9387 0.3134 -0.1435
vn -0.9769 0.0346 0.2108
vn -0.7509 -0.6583 0.0539
vn -0.7774 -0.6228 0.0883
vn -0.4067 -0.9135 0.0093
vn -0.7698 -0.6335 0.0772
vn -0.7723 -0.3267 0.5447
vn -0.1750 -0.9056 0.3864
vn 0.4286 -0.9031 0.0250
vn 0.2700 -0.9573 -0.1035
vn 0.9550 -0.1898 -0.2281
vn 0.4572 -0.8891 0.0205
vn 0.8024 -0.5945 -0.0511
vn 0.5782 -0.8018 -0.1509
vn 0.9667 0.1401 -0.2141
vn 0.7712 -0.6338 0.0592
vn 0.2656 -0.9523 0.1504
vn 0.2570 -0.9537 0.1562
vn 0.9884 -0.1433 -0.0497
vn 0.5688 -0.8214 0.0414
vn 0.9906 -0.1181 -0.0687
vn 0.9973 -0.0566 -0.0462
vn 0.9757 -0.1845 -0.1181
vn 0.9429 0.1654 -0.2890
vn 0.9478 0.3181 -0.0213
vn 0.7228 -0.6881 0.0631
vn 0.8396 0.4863 -0.2422
vn 0.8677 0.4823 -0.1204
vn 0.6569 0.7448 -0.1172
vn 0.5039 0.8632 -0.0315
vn 0.6929 0.7210 0.0077
vn 0.4539 0.8899 -0.0455
vn 0.0310 0.9850 0.1697
vn 0.2261 0.9609 0.1602
vn -0.5160 0.8492 0.1121
vn -0.4726 0.8692 0.1458
vn -0.4284 0.8874 0.1702
vn -0.4343 0.8868 0.1580
vn -0.4453 0.8852 0.1344
vn -0.9737 0.2252 0.0349
vn -0.8491 0.3100 0.4278
vn -0.8689 -0.4376 0.2314
vn -0.9566 0.2502 0.1496
vn -0.9552 0.2539 0.1523
vn -0.9543 0.2553 0.1556
vn -0.9298 -0.3315 0.1598
vn -0.7992 -0.3266 -0.5046
vn -0.7761 -0.5482 -0.3118
vn -0.7276 0.6598 -0.1879
vn -0.6697 -0.6973 0.2554
vn -0.2320 -0.9581 0.1680
vn -0.5721 -0.7518 -0.3277
vn 0.6636 -0.7089 -0.2389
vn -0.5152 -0.8257 -0.2297
vn -0.0978 -0.9947 -0.0306
vn 0.0148 -0.9991 -0.0409
vn -0.2397 -0.9615 0.1346
vn 0.1750 -0.9628 -0.2057
vn 0.2979 -0.9544 0.0167
vn 0.0680 -0.9976 0.0119
vn 0.2480 -0.9245 0.2895
vn 0.3293 -0.9006 0.2836
vn 0.9962 -0.0765 0.0417
vn 0.4675 -0.8615 0.1981
vn 0.8938 -0.4250 -0.1431
vn 0.9378 -0.3370 -0.0840
vn 0.9561 -0.2930 0.0062
vn 0.8587 0.3997 -0.3206
vn 0.9789 0.1743 -0.1068
vn 0.9853 0.1571 -0.0673
vn 0.9909 0.1337 -0.0145
vn 0.6586 0.7419 -0.1262
vn 0.1848 0.9669 -0.1761
vn 0.8550 0.5082 -0.1035
vn 0.5602 0.8258 0.0643
vn -0.3979 0.9160 0.0518
vn -0.4923 0.8654 0.0932
vn -0.4495 0.8869 0.1067
vn -0.7920 0.5720 0.2134
vn -0.8693 0.4282 0.2468
vn -0.9739 -0.0632 0.2180
vn -0.9927 -0.1195 0.0140
vn -0.9463 -0.2915 0.1397
vn -0.8136 -0.5566 0.1681
vn -0.2497 -0.9441 0.2150
vn 0.0465 -0.9380 0.3436
vn 0.5330 -0.8460 0.0153
vn 0.3960 -0.8840 0.2486
vn 0.6384 -0.7590 -0.1278
vn 0.7475 -0.6587 -0.0857
vn 0.8832 -0.4572 0.1043
vn 0.9945 0.0998 0.0305
vn 0.9468 0.3117 0.0803
vn 0.8148 0.5779 -0.0448
vn 0.7722 0.6353 -0.0117
vn -0.0026 0.6051 0.7961
vn -0.3525 -0.3277 0.8766
vn 0.5038 -0.8570 0.1083
vn 0.0871 -0.5760 0.8128
vn 0.4984 -0.3604 0.7885
vn 0.5831 0.2520 0.7724
vn 0.0137 0.9544 -0.2981
vn -0.7937 0.0825 -0.6028
vn -0.9549 0.2920 0.0539
vn -0.7950 0.6064 -0.0154
vn -0.9852 0.1627 -0.0543
vn -0.8527 -0.4904 -0.1799
vn 0.4013 -0.5499 -0.7325
vn 0.9004 -0.2600 -0.3487
vn 0.8197 -0.5510 -0.1567
vn -0.3006 0.7074 -0.6398
vn -0.0324 0.9994 0.0152
vn 0.0984 0.9756 -0.1961
vn 0.2667 0.9184 -0.2923
vn -0.1061 0.9937 -0.0356
vn 0.2061 0.9766 0.0621
vn 0.2104 0.9499 -0.2310
vn -0.0708 0.9800 -0.1861
vn 0.3594 0.9330 -0.0174
vn 0.2353 0.9709 -0.0445
vn 0.2293 0.9726 0.0384
vn -0.3849 0.9221 0.0391
vn 0.2569 0.9631 -0.0804
vn 0.2712 0.9605 -0.0629
vn -0.2889 0.7093 -0.6429
vn -0.6122 0.6569 -0.4401
vn 0.4574 0.8877 -0.0522
vn -0.9477 0.2963 0.1183
vn -0.4384 0.8982 -0.0334
vn -0.6573 0.7516 0.0547
vn -0.9053 0.4095 0.1131
vn -0.8799 -0.4689 -0.0769
vn -0.8931 0.3241 0.3121
vn -0.9095 -0.4148 -0.0292
vn -0.9549 -0.2790 0.1020
vn -0.1434 -0.9874 0.0666
vn -0.8538 -0.4192 0.3087
vn -0.3698 -0.6404 -0.6732
vn -0.3145 -0.9159 -0.2493
vn -0.2497 -0.9339 -0.2558
vn -0.9903 -0.1378 -0.0164
vn -0.4050 -0.9134 -0.0411
vn -0.6176 -0.7855 0.0406
vn 0.5656 -0.8246 0.0115
vn -0.3007 -0.9238 0.2371
vn 0.4005 -0.9141 -0.0644
vn 0.0264 -0.9994 0.0230
vn 0.8378 -0.4014 -0.3702
vn 0.8696 -0.3539 -0.3443
vn 0.3435 -0.9218 -0.1795
vn 0.9988 -0.0417 -0.0241
vn 0.3194 -0.9461 0.0542
vn 0.9356 0.1228 -0.3310
vn 0.9071 0.1822 -0.3794
vn 0.9106 0.2229 -0.3479
vn 0.8347 -0.4876 -0.2561
vn 0.8680 0.4965 -0.0063
vn 0.7697 -0.6375 0.0346
vn 0.8378 0.5361 -0.1030
vn 0.6546 0.6662 -0.3573
vn 0.6442 0.6912 -0.3276
vn 0.9723 -0.0260 -0.2322
vn 0.5082 0.8602 -0.0420
vn 0.9943 -0.1057 0.0149
vn 0.9778 0.2037 0.0489
vn -0.0642 0.9967 0.0493
vn -0.0215 0.9838 -0.1778
vn -0.4125 0.8998 -0.1423
vn 0.0532 0.9985 0.0123
vn -0.7478 0.6505 0.1331
vn -0.6597 0.7391 0.1361
vn 0.3859 0.9154 0.1150
vn -0.9550 0.2745 -0.1124
vn -0.8828 0.4567 -0.1101
vn -0.9506 0.2588 0.1715
vn -0.1914 0.9698 0.1512
vn -0.9866 0.1217 -0.1089
vn -0.9953 0.0874 -0.0417
vn -0.9763 -0.1289 0.1738
vn -0.5456 0.8180 0.1822
vn -0.9606 -0.2696 -0.0677
vn -0.9491 -0.2918 -0.1186
vn -0.8522 -0.4972 0.1630
vn -0.8151 0.5416 0.2058
vn -0.7873 -0.6002 -0.1410
vn -0.7699 -0.6353 -0.0606
vn -0.5891 -0.7933 0.1535
vn -0.9576 0.1855 0.2203
vn -0.4911 -0.8646 -0.1064
vn -0.4692 -0.8831 -0.0041
vn -0.2631 -0.9609 0.0861
vn -0.9539 -0.2141 0.2102
vn -0.1271 -0.9911 -0.0406
vn 0.0426 -0.9981 0.0445
vn 0.0790 -0.9968 -0.0108
vn 0.5748 -0.8171 -0.0452
vn 0.2343 -0.9721 0.0122
vn 0.8377 -0.5367 -0.1009
vn 0.8586 -0.5014 -0.1064
vn 0.1907 -0.9814 -0.0214
vn 0.9246 -0.3590 0.1273
vn -0.0429 -0.9954 0.0852
vn 0.8635 0.4592 -0.2087
vn 0.9879 0.0410 0.1496
vn 0.9505 0.2767 0.1410
vn 0.6072 -0.7945 0.0095
vn 0.4532 0.8769 -0.1600
vn 0.7965 0.5966 -0.0984
vn 0.9733 -0.2167 -0.0753
vn 0.7015 0.7063 0.0957
vn 0.9225 -0.3860 -0.0068
vn -0.0895 0.9877 -0.1283
vn 0.5868 0.7675 -0.2580
vn 0.2736 0.9420 -0.1941
vn 0.4339 0.8998 0.0454
vn 0.6154 0.7817 -0.1013
vn 0.3707 0.9247 0.0866
vn 0.1367 0.9799 0.1453
vn -0.4945 0.8555 0.1536
vn -0.3715 0.9127 0.1699
vn -0.5519 0.8263 -0.1125
vn -0.9560 0.2764 -0.0986
vn -0.9825 0.0662 0.1744
vn -0.3759 0.9114 0.1674
vn -0.9922 -0.0686 -0.1037
vn -0.9898 -0.1058 -0.0956
vn -0.9323 -0.3192 0.1700
vn -0.6939 0.6931 0.1952
vn -0.8918 -0.4382 -0.1124
vn -0.8633 -0.4856 -0.1376
vn -0.7767 -0.6279 -0.0500
vn -0.9768 0.1984 0.0807
vn -0.6733 -0.7270 -0.1348
vn -0.5327 -0.8459 0.0248
vn -0.5384 -0.8420 0.0343
vn -0.5372 -0.8413 0.0593
vn -0.1214 -0.9909 -0.0577
vn -0.1445 -0.9883 -0.0489
vn 0.1802 -0.9820 0.0567
vn 0.4204 -0.8899 -0.1771
vn 0.4139 -0.8992 -0.1419
vn 0.3998 -0.9136 -0.0737
vn 0.2210 -0.9744 0.0414
vn 0.7515 -0.6593 -0.0259
vn 0.7248 -0.6889 0.0122
vn 0.9502 -0.1484 -0.2741
vn 0.9853 -0.1703 -0.0163
vn 0.9759 0.0187 0.2174
vn 0.9713 0.0207 -0.2370
vn 0.8157 -0.5589 0.1493
vn 0.6380 0.7614 0.1151
vn 0.9991 0.0369 -0.0216
vn 0.8669 0.4826 0.1248
vn 0.8908 0.4146 0.1860
vn 0.5468 0.8189 0.1746
vn 0.5521 0.8205 0.1484
vn 0.9976 0.0421 0.0557
vn -0.2844 0.9455 0.1583
vn -0.2842 0.9512 0.1199
vn -0.4913 0.8706 -0.0244
vn -0.5624 0.8220 0.0895
vn -0.6027 0.7962 0.0530
vn -0.7763 0.6303 -0.0018
vn -0.9641 0.2602 0.0524
vn -0.9947 0.0834 0.0600
vn -0.9650 0.2506 0.0768
vn -0.9939 -0.0947 0.0562
vn -0.9964 -0.0409 0.0744
vn -0.9902 -0.1336 0.0414
vn -0.9900 -0.1361 0.0370
vn -0.9898 -0.1385 0.0327
vn -0.5458 -0.8379 0.0094
vn -0.5670 -0.8229 0.0370
vn -0.7539 -0.6370 0.1609
vn -0.4857 -0.8739 -0.0209
vn -0.7895 -0.6125 0.0390
vn -0.1492 -0.9828 0.1085
vn 0.2076 -0.9613 0.1810
vn 0.0426 -0.9985 0.0349
vn 0.8592 -0.5085 -0.0556
vn 0.6522 -0.7518 0.0974
vn 0.2247 -0.9495 -0.2192
vn 0.9836 -0.0444 -0.1750
vn 0.7495 -0.6070 -0.2642
vn 0.4449 -0.8909 -0.0915
vn 0.7665 -0.6402 -0.0511
vn 0.8920 -0.4451 -0.0785
vn 0.6943 -0.7190 -0.0332
vn 0.9557 -0.2683 -0.1210
vn 0.9343 -0.3416 -0.1015
vn 0.8860 -0.4631 -0.0220
vn 0.9438 -0.3244 -0.0638
vn 0.9498 -0.2784 -0.1428
vn 0.7585 0.1705 -0.6290
vn 0.7834 0.4336 -0.4453
vn 0.5864 -0.7627 -0.2727
vn 0.8601 0.4970 0.1151
vn 0.8739 0.4707 -0.1215
vn 0.4657 0.8823 0.0685
vn 0.4847 0.8561 0.1794
vn 0.5701 0.3313 0.7518
vn -0.1163 0.5809 0.8057
vn -0.7057 0.7083 0.0192
vn -0.7660 0.6045 0.2187
vn -0.8540 0.4825 0.1946
vn -0.9687 0.1260 0.2140
vn -0.8864 -0.4043 0.2256
vn -0.8358 -0.5008 0.2252
vn -0.7266 -0.6714 0.1456
vn -0.1059 -0.9905 0.0881
vn -0.1931 -0.9704 0.1449
vn 0.0066 -0.9952 0.0980
vn 0.5742 -0.8067 0.1398
vn 0.8330 -0.5433 0.1043
vn 0.9956 0.0716 0.0609
vn 0.9961 -0.0874 -0.0149
vn 0.9550 0.2864 0.0776
vn 0.8823 0.4701 -0.0241
vn -0.1278 -0.5047 0.8538
vn -0.5402 0.1065 0.8348
vn 0.1878 0.6940 -0.6951
vn -0.0743 0.9900 -0.1202
vn 0.1627 0.9867 -0.0053
vn -0.1861 0.9622 0.1990
vn 0.7753 0.6244 0.0954
vn -0.5789 0.8100 -0.0934
vn -0.1377 0.9904 -0.0155
vn -0.1283 0.9899 0.0599
vn -0.7488 -0.2241 -0.6237
vn -0.9865 0.1620 0.0227
vn -0.6729 0.7374 0.0594
vn -0.9523 -0.3001 0.0554
vn -0.7729 -0.6104 -0.1735
vn -0.1910 -0.8129 -0.5502
vn -0.5036 -0.8193 -0.2739
vn 0.3991 -0.4891 -0.7756
vn 0.8516 -0.4129 -0.3228
vn 0.3937 -0.8980 -0.1966
vn 0.6315 0.1190 -0.7662
vn 0.8985 0.3796 -0.2202
vn 0.6053 0.7924 -0.0753
vn 0.4896 0.8656 -0.1048
vn 0.3098 0.9504 -0.0277
vn 0.6103 0.7850 0.1065
vn -0.8156 0.5244 0.2444
vn 0.0662 0.8685 0.4913
vn -0.5214 0.5416 -0.6594
vn -0.1117 0.9933 0.0301
vn -0.8963 0.4209 0.1398
vn -0.9865 0.0658 0.1500
vn -0.8494 -0.5252 0.0511
vn -0.6142 -0.7890 -0.0144
vn -0.9579 0.1875 0.2172
vn -0.5434 -0.8392 0.0210
vn -0.6394 -0.7653 0.0744
vn 0.4289 -0.8938 0.1311
vn -0.4566 -0.7093 0.5370
vn 0.4206 -0.8415 0.3392
vn -0.8167 -0.5660 0.1125
vn 0.0721 -0.9605 -0.2687
vn 0.5512 -0.7719 -0.3168
vn -0.6415 -0.7638 -0.0708
vn 0.0833 -0.9962 -0.0271
vn 0.9621 -0.2342 -0.1395
vn 0.4379 -0.8775 0.1957
vn 0.9030 -0.1981 -0.3812
vn 0.9198 -0.1724 -0.3526
vn 0.4914 -0.8545 -0.1683
vn 0.9755 0.2124 0.0565
vn 0.4657 -0.8829 0.0602
vn 0.8939 0.2641 -0.3621
vn 0.8665 0.3444 -0.3614
vn 0.6574 -0.7370 -0.1569
vn 0.9561 0.2565 -0.1416
vn 0.9790 0.1750 -0.1044
vn 0.9873 0.1590 -0.0044
vn 0.3422 0.9265 -0.1565
vn -0.0352 0.9983 0.0472
vn -0.1607 0.9865 0.0308
vn -0.1514 0.9883 0.0174
vn -0.0773 0.9843 -0.1589
vn -0.3016 0.9467 0.1129
vn -0.4438 0.8863 -0.1327
vn -0.3172 0.9359 -0.1534
vn -0.6922 0.6902 -0.2112
vn -0.8390 0.5440 0.0147
vn -0.5527 0.8249 0.1187
vn -0.3690 0.7622 -0.5319
vn -0.6751 0.5523 -0.4891
vn 0.6256 0.7343 -0.2633
vn -0.6119 0.7906 0.0207
vn -0.6709 0.5426 -0.5055
vn 0.3309 0.9389 -0.0945
vn -0.9753 0.0473 -0.2159
vn -0.9141 0.3794 0.1431
vn -0.9259 0.3474 0.1487
vn -0.9682 0.2443 0.0537
vn -0.9975 -0.0682 -0.0162
vn -0.9756 -0.2192 0.0090
vn -0.9916 0.0996 -0.0821
vn -0.9029 -0.3683 0.2217
vn -0.6938 0.6932 0.1952
vn -0.8812 -0.4726 0.0096
vn -0.9853 0.1660 -0.0404
vn -0.7138 -0.6996 -0.0307
vn -0.6306 -0.7622 -0.1464
vn -0.4321 -0.8929 0.1262
vn -0.9755 -0.0107 0.2198
vn -0.3256 -0.9280 -0.1814
vn -0.0422 -0.9713 -0.2340
vn -0.0094 -0.9974 0.0708
vn -0.8963 -0.3891 0.2128
vn 0.3909 -0.9159 -0.0909
vn -0.2068 -0.8119 -0.5460
vn 0.1676 -0.8094 -0.5629
vn -0.9598 -0.2515 -0.1246
vn 0.3811 -0.6925 -0.6125
vn 0.1557 -0.8025 -0.5760
vn -0.8052 -0.5930 0.0049
vn -0.0709 -0.9948 0.0732
vn 0.4608 -0.8870 0.0295
vn -0.6035 -0.7806 0.1625
vn 0.3379 -0.9225 -0.1868
vn 0.6232 -0.7603 -0.1833
vn 0.7943 -0.6073 0.0189
vn -0.1705 -0.9740 0.1494
vn 0.8467 -0.4818 -0.2258
vn 0.9843 -0.1476 0.0970
vn 0.2147 -0.9698 0.1157
vn 0.9926 -0.0186 -0.1203
vn 0.5517 -0.8328 -0.0452
vn 0.7763 0.5889 -0.2249
vn 0.9872 0.0948 -0.1282
vn 0.9451 0.3262 0.0192
vn 0.7153 -0.6949 0.0739
vn 0.8818 0.4558 -0.1212
vn 0.9760 0.2049 0.0741
vn 0.4959 0.8670 -0.0491
vn 0.5444 0.8259 0.1468
vn 0.9919 -0.1008 0.0771
vn 0.1896 0.9767 -0.1004
vn 0.6516 0.7560 -0.0624
vn 0.5691 0.8216 -0.0339
vn 0.6008 0.7990 -0.0267
vn -0.2491 0.9670 -0.0541
vn 0.0882 0.9955 0.0338
vn -0.1646 0.9362 0.3106
vn -0.8628 0.4721 0.1811
vn -0.2115 0.9661 0.1482
vn -0.2388 0.9647 0.1110
vn -0.2664 0.9611 0.0725
vn -0.9322 0.3604 -0.0346
vn -0.9351 0.3192 -0.1539
vn -0.6447 0.7636 0.0340
vn -0.8933 -0.4474 0.0429
vn -0.9195 0.3857 0.0757
vn -0.8839 -0.4492 0.1304
vn -0.9045 -0.3999 0.1480
vn -0.4693 -0.8717 -0.1412
vn -0.2502 -0.9619 0.1103
vn -0.9544 -0.2038 0.2180
vn -0.1399 -0.9740 -0.1782
vn -0.3634 -0.9034 0.2275
vn -0.3727 -0.8929 0.2526
vn -0.3824 -0.8807 0.2793
vn 0.4543 -0.8627 -0.2220
vn 0.6612 -0.7496 0.0306
vn 0.7217 -0.6440 -0.2536
vn 0.8529 -0.5044 -0.1348
vn 0.8982 -0.4283 -0.0988
vn 0.8075 -0.5808 0.1030
vn 0.8935 -0.4269 -0.1390
vn 0.8501 -0.5237 0.0549
vn 0.8621 -0.5065 0.0151
vn 0.8237 0.5598 -0.0900
vn 0.8314 0.5471 -0.0968
vn 0.8278 0.5604 -0.0281
vn 0.3052 0.9330 0.1909
vn -0.2985 0.9510 0.0807
vn -0.2983 0.9054 0.3022
vn -0.6220 0.7719 -0.1312
vn -0.5004 0.8500 0.1645
vn -0.7582 0.6464 0.0857
vn -0.7396 0.6644 0.1073
vn -0.7831 0.6162 0.0841
vn -0.9417 0.3147 0.1189
vn -0.9692 0.1945 0.1509
vn -0.9695 0.1939 0.1501
vn -0.9700 0.1933 0.1472
vn -0.9896 -0.1168 0.0837
vn -0.9884 -0.1090 0.1062
vn -0.9824 -0.0882 0.1644
vn -0.8844 -0.4426 0.1482
vn -0.8838 -0.4454 0.1431
vn -0.8833 -0.4477 0.1389
vn 0.2140 -0.9742 -0.0719
vn 0.1824 -0.9815 -0.0575
vn -0.1701 -0.9854 -0.0104
vn -0.3285 -0.9419 -0.0695
vn 0.2350 -0.7703 -0.5928
vn 0.2213 -0.9747 -0.0298
vn 0.7470 -0.6618 -0.0640
vn 0.4805 -0.8768 0.0208
vn 0.4617 -0.8826 0.0891
vn 0.4270 -0.8826 0.1965
vn 0.8469 -0.5067 0.1612
vn 0.9046 -0.4244 -0.0381
vn 0.7251 -0.6787 -0.1164
vn 0.9882 0.0630 -0.1398
vn 0.9730 -0.2303 -0.0133
vn 0.9737 -0.2268 -0.0236
vn 0.9743 -0.2217 -0.0387
vn 0.8762 0.4633 -0.1325
vn 0.9042 0.4135 -0.1066
vn 0.9216 0.3773 0.0912
vn 0.7425 0.6656 0.0756
vn 0.8606 0.4460 -0.2459
vn -0.1539 0.9853 -0.0739
vn 0.5059 0.8571 -0.0968
vn 0.7704 0.6360 -0.0449
vn 0.6665 0.7451 0.0234
vn -0.5133 0.7612 0.3965
vn -0.8216 0.4588 0.3383
vn -0.9831 -0.1244 0.1345
vn -0.9127 0.1048 0.3950
vn -0.9109 -0.3909 0.1323
vn -0.9238 -0.1821 0.3367
vn -0.7478 -0.6571 0.0952
vn -0.7939 -0.5732 0.2031
vn -0.4559 -0.8696 0.1897
vn -0.2309 -0.9595 0.1612
vn 0.4791 -0.8721 0.0994
vn 0.1580 -0.9783 0.1344
vn 0.5533 -0.8315 -0.0504
vn 0.7175 -0.6955 0.0380
vn 0.9941 0.0960 -0.0508
vn 0.9993 0.0233 0.0298
vn 0.9539 0.2992 0.0227
vn 0.5627 0.8260 0.0317
vn -0.3810 0.4387 0.8139
vn 0.5863 -0.2211 0.7793
vn -0.4682 -0.3256 0.8214
vn 0.0980 -0.5931 0.7991
vn 0.4096 0.4980 0.7643
vn 0.1263 0.6851 -0.7174
vn -0.2392 0.9637 -0.1183
vn 0.1415 0.9855 -0.0937
vn -0.3573 0.9339 0.0131
vn 0.5578 0.8300 0.0011
vn -0.2591 0.9615 -0.0915
vn -0.5212 0.7522 -0.4031
vn -0.4133 -0.6309 -0.6567
vn 0.0636 -0.9880 -0.1410
vn -0.2052 -0.9756 -0.0786
vn 0.3189 -0.6102 -0.7252
vn 0.7192 -0.6842 -0.1213
vn 0.2608 -0.9621 -0.0797
vn 0.9081 -0.3949 -0.1390
vn 0.6543 0.1339 -0.7443
vn 0.9810 0.1098 -0.1597
vn 0.9570 0.2619 -0.1244
vn 0.7511 0.6038 -0.2670
vn 0.7714 0.6363 -0.0059
vn 0.4939 0.8694 -0.0137
vn 0.4960 0.8591 -0.1266
vn 0.2167 0.9762 0.0096
vn -0.4223 0.9012 0.0976
vn -0.1843 0.9470 -0.2629
vn -0.2113 0.9064 -0.3657
vn -0.4350 0.9003 0.0138
vn -0.0376 0.9964 0.0766
vn -0.6295 0.7691 -0.1105
vn -0.7581 0.6390 0.1302
vn 0.2984 0.9533 0.0477
vn -0.9595 0.2623 -0.1029
vn -0.9948 -0.0934 0.0399
vn -0.9238 0.3748 0.0779
vn -0.8962 -0.4323 -0.0997
vn -0.9990 -0.0440 0.0003
vn -0.9548 0.2899 0.0652
vn -0.8215 -0.5687 -0.0412
vn -0.7015 -0.7103 -0.0579
vn -0.6509 -0.7592 0.0051
vn -0.7822 -0.6230 -0.0011
vn 0.1003 -0.9946 -0.0264
vn -0.0732 -0.9968 0.0314
vn 0.5780 -0.8159 0.0157
vn 0.8459 -0.5334 0.0058
vn 0.9980 -0.0533 0.0331
vn 0.3179 0.9458 0.0660
vn 0.9995 0.0233 0.0216
vn 0.8679 0.4877 -0.0946
vn 0.0020 0.9911 0.1329
vn -0.2213 0.9736 0.0560
vn -0.5913 0.7723 0.2321
vn 0.5087 0.8607 0.0186
vn -0.9916 0.1235 -0.0386
vn -0.8471 0.5285 0.0554
vn -0.7783 0.6262 0.0469
vn -0.9575 0.2874 0.0236
vn -0.9991 0.0305 0.0296
vn -0.9592 0.2468 0.1381
vn -0.9036 -0.3977 0.1592
vn -0.6444 -0.7225 0.2505
vn -0.7108 -0.7002 0.0669
vn -0.8524 -0.4784 0.2109
vn -0.1795 -0.9789 -0.0977
vn -0.1429 -0.9740 0.1759
vn -0.9195 -0.3180 0.2310
vn -0.1325 -0.9898 -0.0530
vn -0.7458 -0.6660 0.0133
vn 0.1850 -0.9764 -0.1114
vn 0.2531 -0.9564 -0.1456
vn 0.5138 -0.8564 0.0500
vn -0.5279 -0.8299 0.1807
vn 0.5644 -0.7996 -0.2051
vn 0.7466 -0.6214 -0.2375
vn 0.8552 -0.4676 -0.2235
vn 0.8159 -0.5777 0.0237
vn 0.8273 -0.5360 -0.1682
vn 0.9024 -0.4191 0.1003
vn -0.0198 -0.9503 0.3106
vn 0.9757 -0.1889 -0.1114
vn 0.9977 0.0027 -0.0680
vn 0.9850 -0.1716 -0.0165
vn 0.8242 0.3083 -0.4751
vn 0.4969 0.7300 -0.4692
vn 0.9487 -0.3025 -0.0919
vn 0.6776 0.7274 0.1083
vn 0.7485 0.6458 -0.1505
vn 0.7119 0.6852 -0.1537
vn 0.2436 0.9698 -0.0154
vn 0.1302 0.9823 0.1344
vn 0.1156 0.9753 0.1882
vn -0.0633 0.9935 -0.0942
vn -0.2967 0.9437 0.1463
vn -0.3970 0.9169 0.0415
vn -0.3090 0.9399 -0.1454
vn -0.9317 0.3631 -0.0138
vn -0.3905 0.8931 0.2233
vn -0.7453 0.6622 0.0782
vn -0.6343 0.7729 -0.0163
vn -0.7824 0.6227 0.0031
vn -0.8930 -0.4500 -0.0062
vn -0.9190 -0.3821 0.0977
vn -0.9293 -0.3204 0.1836
vn -0.9834 0.1798 -0.0228
vn -0.9410 0.1491 0.3039
vn -0.8957 -0.4273 0.1230
vn -0.7955 -0.5916 0.1311
vn -0.8771 -0.4803 -0.0048
vn -0.5260 -0.6890 0.4986
vn 0.0135 -0.9962 -0.0862
vn -0.0078 -0.9376 0.3477
vn 0.0062 -0.8319 0.5549
vn 0.9369 -0.3495 -0.0113
vn 0.4646 -0.8577 -0.2200
vn 0.6734 -0.7387 0.0290
vn 0.7427 -0.6385 -0.2018
vn 0.9223 -0.3780 -0.0802
vn 0.9359 -0.3440 -0.0759
vn 0.8273 -0.5506 -0.1114
vn 0.9965 -0.0184 -0.0820
vn 0.9692 0.2272 -0.0953
vn 0.9402 0.3361 -0.0544
vn 0.5427 0.8346 -0.0947
vn 0.7138 0.6748 0.1874
vn 0.9444 0.3287 -0.0073
vn 0.8947 0.4458 -0.0275
vn 0.8716 0.4839 -0.0781
vn 0.2905 0.9458 0.1455
vn -0.0006 0.9927 0.1209
vn -0.8655 0.4605 0.1970
vn -0.3477 0.9205 -0.1780
vn -0.6531 0.7245 0.2204
vn -0.5897 0.7040 0.3958
vn -0.9186 -0.3373 0.2059
vn -0.7938 0.5435 0.2730
vn -0.8167 0.5579 -0.1471
vn -0.7806 -0.6250 -0.0011
vn -0.9098 0.3324 0.2485
vn -0.9087 0.3996 0.1204
vn -0.8823 -0.4606 0.0968
vn -0.8560 -0.3626 0.3684
vn -0.6962 0.6068 0.3836
vn -0.5859 -0.7848 0.2022
vn -0.7979 -0.3554 -0.4868
vn -0.9450 -0.1432 -0.2940
vn -0.3770 0.9247 -0.0532
vn -0.8744 -0.4486 0.1847
vn -0.9057 0.1602 0.3924
vn -0.7819 -0.4614 0.4191
vn -0.0190 -0.9898 0.1413
vn -0.8645 -0.4878 0.1213
vn -0.8663 -0.4964 -0.0562
vn 0.1388 -0.9853 -0.0995
vn -0.2362 -0.9643 -0.1196
vn -0.7039 -0.6716 0.2314
vn -0.3826 -0.9227 -0.0474
vn -0.7981 -0.5977 0.0760
vn -0.2947 -0.9553 -0.0248
vn -0.2939 -0.8710 -0.3938
vn -0.0772 -0.9273 -0.3662
vn 0.0689 -0.9804 0.1846
vn -0.4446 -0.8845 0.1417
vn -0.4184 -0.9047 0.0802
vn -0.3987 -0.9160 0.0448
vn 0.7581 -0.6421 -0.1137
vn 0.7817 -0.6237 -0.0000
vn 0.8922 -0.3709 -0.2577
vn 0.9394 -0.3428 -0.0030
vn 0.9390 -0.3390 -0.0576
vn 0.4751 -0.8795 0.0285
vn 0.7970 -0.4297 -0.4245
vn 0.9717 0.1966 -0.1306
vn 0.9934 -0.0767 0.0851
vn 0.9111 0.3962 -0.1135
vn 0.8876 0.4605 0.0132
vn 0.4603 0.8817 -0.1030
vn 0.4217 0.6715 -0.6093
vn 0.8801 0.2168 -0.4224
vn 0.1082 0.8053 -0.5829
vn 0.4415 0.6645 -0.6029
vn 0.9572 -0.2303 -0.1752
vn -0.4412 0.8933 0.0863
vn -0.4350 0.8959 0.0904
vn -0.7488 0.6397 0.1734
vn -0.9530 0.0105 0.3029
vn -0.9803 0.0447 0.1924
vn -0.8657 -0.4840 0.1275
vn -0.7468 -0.6421 0.1732
vn -0.3472 -0.9165 0.1987
vn -0.4241 -0.8884 0.1759
vn -0.0610 -0.9909 0.1203
vn 0.2921 -0.9459 0.1413
vn 0.4893 -0.8650 0.1112
vn 0.6072 -0.7917 0.0667
vn 0.9075 -0.4198 0.0142
vn 0.9987 -0.0392 0.0335
vn 0.9340 0.3530 0.0547
vn 0.7038 0.7094 0.0379
vn 0.8928 0.4500 0.0218
vn 0.4272 0.8865 0.1778
vn -0.2684 0.5184 0.8119
vn -0.4455 -0.2655 0.8550
vn 0.5615 -0.2794 0.7789
vn 0.5172 0.4340 0.7377
vn 0.0742 -0.6186 0.7822
vn -0.4125 0.6769 0.6097
vn 0.7999 0.5493 0.2418
vn -0.3546 0.9120 0.2060
vn 0.4175 0.6578 0.6269
vn -0.5755 -0.3576 0.7355
vn 0.5717 -0.3822 0.7261
vn 0.9809 0.0147 0.1939
vn 0.3912 0.9182 0.0624
vn 0.9967 -0.0078 0.0812
vn 0.0341 0.9948 0.0955
vn -0.0271 0.9946 0.1001
vn -0.3188 0.8954 0.3109
vn 0.3223 0.8968 0.3031
vn -0.3908 0.9182 0.0652
vn -0.9809 0.0134 0.1940
vn -0.3877 -0.8947 0.2217
vn 0.3877 -0.8950 0.2204
vn 0.3855 -0.9181 0.0919
vn 0.9279 -0.3727 0.0009
vn 1.0000 -0.0000 -0.0034
vn 0.5742 -0.8187 0.0011
vn -0.0000 -0.0000 -1.0000
vn 0.7216 -0.6742 -0.1573
vn 0.8349 -0.1219 0.5368
vn 0.5474 -0.4085 -0.7304
vn -0.0074 0.0344 -0.9994
vn -0.9540 -0.2767 -0.1156
vn -0.4454 -0.8800 -0.1650
vn -0.5360 -0.0040 -0.8442
vn -0.9454 0.3035 -0.1189
vn -0.9729 0.0531 0.2250
vn -0.9721 0.0804 0.2203
vn -0.3986 0.9109 -0.1072
vn -0.1489 0.9511 -0.2707
vn 0.0025 0.9919 -0.1274
vn -0.0005 0.9750 -0.2223
vn -0.1048 0.9328 -0.3449
vn 0.9130 0.3783 -0.1528
vn 0.5384 0.0213 -0.8424
vn 0.9730 -0.2202 -0.0687
vn -0.0023 0.9918 -0.1276
vn -0.7610 0.6310 -0.1505
vn -0.1692 0.9847 -0.0412
vn -0.1550 0.9869 -0.0455
vn -0.3950 0.9184 0.0215
vn -0.7085 0.6673 -0.2297
vn -0.6774 0.6416 -0.3599
vn -0.6756 0.6402 -0.3657
vn -0.7262 0.6875 0.0057
vn -0.9967 -0.0054 0.0809
vn -0.2005 0.9797 0.0005
vn -0.3951 0.9186 -0.0018
vn -0.0000 1.0000 0.0014
vn -0.0000 0.9964 -0.0850
vn 0.0010 0.9947 -0.1029
vn 0.1522 0.9856 -0.0743
vn 0.1650 0.9837 -0.0709
vn 0.3951 0.9186 0.0017
vn 0.5743 0.8187 -0.0003
vn 0.3951 0.9186 -0.0042
vn 0.7123 0.6708 -0.2063
vn 0.5934 0.5619 -0.5763
vn 0.7125 0.6710 -0.2049
vn 0.7272 0.6864 0.0052
vn -0.7267 -0.6869 0.0050
vn -0.3863 -0.9177 0.0930
vn -0.7240 -0.6801 -0.1153
vn -0.9442 -0.3293 -0.0044
vn -0.7242 -0.6803 -0.1129
vn -0.0636 -0.9975 -0.0319
vn -0.1965 -0.9801 -0.0268
vn -0.3950 -0.9185 -0.0178
vn 0.0918 -0.9954 -0.0272
vn 0.1912 -0.9814 -0.0189
vn -0.0007 -0.9870 -0.1607
vn -0.0015 -0.9987 -0.0507
vn -0.5739 -0.8189 0.0010
vn -0.3951 -0.9186 -0.0022
vn -0.0004 -1.0000 0.0041
vn 0.3951 -0.9186 -0.0026
vn 0.9805 -0.1962 0.0087
vn 0.6085 -0.0443 0.7924
vn 0.0348 0.9966 0.0746
vn -0.8982 0.4395 0.0007
vn 0.6197 0.7848 0.0038
vn 0.4486 -0.8936 0.0165
vn -0.6137 -0.0124 0.7894
vn -0.4923 -0.8702 0.0203
vn -0.8282 0.4864 0.2785
vn -0.8398 -0.5427 0.0149
vn -0.8104 -0.5859 0.0007
vn -0.4825 0.8723 0.0789
vn -0.5784 -0.4082 0.7063
vn 0.5595 -0.6821 -0.4707
vn 0.3256 0.7354 -0.5942
vn -0.0424 0.9767 -0.2106
vn -0.3783 -0.6385 -0.6702
vn 0.4415 -0.8819 -0.1652
vn -0.7553 -0.6300 -0.1805
vn -0.6908 -0.1238 -0.7124
vn 0.6692 -0.0287 -0.7426
vn 0.2526 0.4171 -0.8731
vn 0.9366 0.1679 -0.3076
vn 0.7541 -0.6318 -0.1791
vn 0.9753 0.0053 -0.2207
vn -0.3634 0.9302 -0.0520
vn -0.4984 -0.0821 0.8631
vn 0.0764 0.9502 0.3021
vn 0.2311 0.8852 -0.4038
vn -0.5298 -0.1410 -0.8363
vn 0.2767 0.9288 0.2466
vn 0.9822 -0.1855 0.0288
vn 0.4747 -0.1582 -0.8658
vn 0.8066 -0.0473 0.5892
vn -0.9486 -0.0546 -0.3119
vn -0.1162 0.9328 0.3411
vn -0.4598 -0.4915 0.7396
vn -0.1115 0.9707 -0.2128
vn 0.2356 0.9643 -0.1209
vn -0.5616 -0.1462 0.8144
vn 0.7569 0.6518 0.0479
vn -0.0266 -0.3159 0.9484
vn 0.2486 0.8010 -0.5446
vn -0.1991 0.9257 -0.3215
vn 0.3111 0.9502 -0.0178
vn 0.1577 0.8973 0.4124
vn 0.8492 -0.3413 -0.4028
vn 0.3442 0.7962 0.4976
vn 0.6156 -0.1454 0.7745
vn -0.6749 -0.4834 -0.5576
vn 0.7694 -0.3403 -0.5406
vn -0.1645 0.8044 -0.5709
vn -0.2019 0.9776 0.0594
vn -0.0000 -0.6762 0.7367
vn -0.6766 0.5287 -0.5125
vn -0.0026 -0.8152 -0.5792
vn 0.0014 0.5671 0.8237
vn 0.6769 0.4987 -0.5413
vn 0.8697 0.2857 -0.4025
vn 0.2062 0.6949 0.6889
vn -0.1477 -0.5059 0.8499
vn -0.5835 0.7076 -0.3984
vn 0.2678 0.9486 -0.1686
vn -0.7977 -0.2399 -0.5533
vn -0.0001 -0.9783 0.2074
vn -0.7773 -0.4678 0.4207
vn 0.4348 0.8924 -0.1209
vn 0.0004 0.4011 0.9160
vn 0.2317 0.2789 0.9319
vn -0.4350 0.8923 -0.1209
vn -0.0000 0.9468 -0.3217
vn 0.0001 -0.1893 -0.9819
vn 0.7774 -0.4676 0.4206
vn 0.7978 -0.2399 -0.5531
vn -0.7680 -0.3450 -0.5396
vn 0.5684 -0.1585 0.8074
vn -0.6160 -0.1437 0.7745
vn 0.1620 0.8050 -0.5707
vn 0.6771 -0.4784 -0.5592
vn 0.2018 0.9776 0.0595
vn -0.5769 -0.5772 0.5780
vn 0.3934 0.0051 0.9194
vn -0.3253 0.3868 0.8629
vn -0.6162 -0.7090 -0.3431
vn 0.0961 -0.9935 -0.0604
vn 0.3505 -0.4812 -0.8035
vn 0.9903 0.1319 -0.0431
vn 0.9196 -0.3889 -0.0562
vn 0.2187 0.5819 -0.7833
vn -0.8005 0.5506 -0.2367
vn 0.2882 0.5197 0.8043
vn -0.1609 0.9868 0.0155
vn 0.6124 -0.7569 0.2280
vn 0.5935 -0.7686 0.2388
vn 0.5927 -0.7709 0.2332
vn -0.6362 0.7422 -0.2108
vn -0.6214 0.7392 -0.2597
vn -0.6182 0.7513 -0.2311
vn 0.6441 -0.6133 -0.4572
vn 0.7857 -0.6128 -0.0846
vn 0.7181 -0.6933 0.0611
vn 0.5866 -0.8044 0.0942
vn -0.0823 -0.4819 -0.8723
vn 0.1296 -0.9617 -0.2417
vn 0.1008 -0.9285 -0.3575
vn 0.2864 -0.9503 0.1219
vn 0.4622 -0.8707 0.1682
vn 0.2298 -0.9643 0.1313
vn -0.1670 -0.9027 0.3965
vn -0.4994 -0.3469 0.7938
vn 0.2034 -0.4646 0.8618
vn 0.0657 -0.4604 0.8853
vn 0.6345 -0.5466 0.5465
vn 0.6225 -0.5361 0.5702
vn 0.6408 -0.5522 0.5333
vn 0.7893 -0.2212 0.5728
vn 0.8514 0.3734 -0.3684
vn 0.4455 -0.8944 -0.0390
vn -0.8437 0.1903 0.5020
vn -0.8952 -0.4444 -0.0332
vn 0.0503 0.5145 0.8560
vn -0.1281 0.9336 0.3345
vn -0.1544 0.9628 0.2216
vn -0.2328 0.9712 -0.0500
vn -0.0296 0.9986 -0.0434
vn -0.2716 0.9610 -0.0510
vn 0.3206 0.8588 -0.3996
vn -0.3167 -0.9439 0.0936
vn -0.0000 -0.0000 1.0000
vn -0.4356 -0.8082 0.3963
vn -0.2933 0.7501 -0.5927
vn -0.1033 0.7435 -0.6608
vn 0.0030 0.7269 -0.6867
vn 0.3397 0.4019 0.8503
vn -0.1834 -0.6690 0.7203
vn 0.8181 0.5548 0.1510
vn 0.9915 -0.0744 -0.1068
vn 0.9966 0.0615 -0.0544
vn -0.2109 -0.2096 -0.9548
vn -0.2686 0.5247 -0.8078
vn -0.2697 0.4148 -0.8690
vn 0.3277 0.2866 0.9002
vn 0.4607 -0.0000 0.8876
vn 0.0791 0.0536 0.9954
vn 0.0872 -0.0000 0.9962
vn -0.7887 0.1725 -0.5901
vn -0.3143 -0.1378 -0.9393
vn -0.0872 -0.0000 -0.9962
vn -0.8598 0.3665 -0.3555
vn -0.8557 0.5136 -0.0624
vn -0.6911 0.6794 -0.2466
vn 0.8357 -0.1885 -0.5159
vn -0.2022 0.9770 -0.0680
vn -0.9885 -0.0275 0.1486
vn 0.2292 0.8736 -0.4293
vn 0.2280 0.8740 -0.4291
vn -0.8128 0.4627 0.3539
vn -0.7046 0.6960 -0.1384
vn -0.0664 0.6420 -0.7638
vn -0.0669 0.6409 -0.7647
vn -0.6063 0.5346 0.5888
vn 0.1097 0.0960 -0.9893
vn 0.0702 0.4476 0.8915
vn -0.8260 -0.5592 0.0708
vn 0.9962 -0.0001 -0.0871
vn 0.8173 -0.1805 -0.5472
vn 0.7775 -0.6048 0.1720
vn 0.8114 -0.5833 -0.0360
vn 0.5739 -0.7584 0.3088
vn 0.5263 -0.7966 0.2973
vn 0.2292 -0.7624 -0.6051
vn 0.3732 -0.9274 -0.0277
vn 0.3632 -0.9264 -0.0997
vn 0.4204 -0.8894 0.1795
vn 0.4127 -0.8932 0.1783
vn 0.3943 -0.9021 0.1754
vn 0.8560 -0.1931 -0.4796
vn -0.0658 0.9972 -0.0356
vn -0.9123 0.3454 -0.2199
vn -0.9539 0.1113 -0.2786
vn -0.9552 0.0782 -0.2855
vn -0.6390 0.7542 -0.1514
vn -0.6188 0.7492 -0.2362
vn -0.5996 0.7706 -0.2159
vn -0.5049 0.3079 -0.8064
vn -0.5770 0.4643 -0.6720
vn -0.6151 0.5747 -0.5398
vn -0.7534 -0.0806 -0.6526
vn 0.4639 0.3141 0.8284
vn -0.5163 -0.0000 0.8564
vn -0.2583 -0.1133 0.9594
vn 0.4337 -0.0000 0.9011
vn 0.7228 -0.0024 -0.6911
vn -0.3492 -0.0016 -0.9370
vn -0.6006 0.6554 0.4581
vn -0.5699 -0.5373 0.6217
vn 0.3492 -0.0016 -0.9370
vn 0.6006 0.6554 0.4581
vn 0.5698 -0.5373 0.6217
vn -0.4881 0.8402 -0.2361
vn 0.4848 -0.0552 -0.8729
vn -0.9060 -0.4209 -0.0441
vn -0.2017 0.9724 0.1177
vn 0.0844 0.9934 0.0778
vn 0.8314 -0.0961 0.5473
vn 0.1572 0.0935 0.9831
vn -0.6874 0.7260 0.0205
vn -0.5133 -0.2655 -0.8161
vn -0.4465 -0.2045 0.8711
vn 0.0798 0.9291 -0.3610
vn -0.4737 0.8666 -0.1566
vn -0.7384 -0.5175 -0.4324
vn -0.4887 0.4913 0.7210
vn -0.7335 0.5243 -0.4325
vn -0.4837 -0.4971 0.7204
vn 0.8502 -0.2364 0.4705
vn 0.3879 -0.7672 0.5107
vn 0.1315 -0.7632 -0.6327
vn 0.5592 0.2673 -0.7848
vn 0.5582 -0.2746 -0.7830
vn 0.3883 0.7652 0.5134
vn 0.1315 0.7636 -0.6321
vn 0.8489 0.2426 0.4695
vn 0.8490 0.2426 0.4695
vn 0.9937 -0.1119 -0.0008
vn -0.5732 -0.1932 0.7963
vn -0.8991 -0.4378 -0.0028
vn 0.6018 0.0118 -0.7986
vn -0.5717 -0.1906 -0.7980
vn -0.1680 0.9811 -0.0956
vn -0.1696 0.9806 0.0982
vn 0.6054 0.0097 0.7958
vn 0.2882 -0.9332 -0.2147
vn 0.3342 -0.8478 -0.4118
vn 0.3536 -0.7796 -0.5170
vn -0.0000 -0.6502 -0.7598
vn -0.2943 -0.9256 -0.2380
vn -0.3367 -0.8406 -0.4242
vn -0.2849 -0.9370 -0.2021
vn -0.9888 -0.1484 -0.0161
vn -0.6695 -0.7138 -0.2054
vn -0.5720 -0.7868 -0.2316
vn -0.9975 -0.0699 0.0090
vn -0.5721 -0.7024 0.4235
vn -0.2943 -0.8350 0.4649
vn -0.3367 -0.7056 0.6235
vn -0.3536 -0.6230 0.6977
vn -0.0000 -0.4363 0.8998
vn 0.3985 -0.6966 0.5966
vn 0.0841 -0.9631 0.2556
vn 0.2122 -0.8511 0.4802
vn 0.6698 -0.5792 0.4646
vn 0.1061 -0.0235 0.9941
vn -0.0000 0.8437 0.5369
vn 0.9987 -0.0000 -0.0519
vn 0.6366 0.6742 -0.3745
vn 0.9941 0.0994 -0.0423
vn 0.9995 0.0324 -0.0042
vn 0.6679 0.6806 0.3011
vn 0.5416 0.7340 -0.4098
vn 0.2981 0.0660 -0.9523
vn -0.0873 -0.0000 -0.9962
vn 0.2900 0.8445 -0.4503
vn 0.0003 0.8659 -0.5003
vn 0.0768 0.9740 -0.2130
vn 0.2523 0.0186 -0.9675
vn 0.9977 -0.0649 -0.0198
vn 0.5368 -0.8179 -0.2071
vn 0.6313 -0.7517 -0.1908
vn -0.0000 0.4364 -0.8998
vn 0.0872 -0.0000 -0.9962
vn -0.2942 0.8350 -0.4649
vn -0.3536 0.6231 -0.6977
vn 0.2812 -0.0207 -0.9594
vn -0.0769 -0.4713 -0.8786
vn -0.9888 0.1395 -0.0533
vn -0.5721 0.7024 -0.4235
vn -0.6695 0.6384 -0.3797
vn -0.9391 0.2079 0.2737
vn -0.9821 -0.0803 -0.1706
vn -0.0000 0.4762 -0.8793
vn -0.5720 0.7868 0.2316
vn 0.0435 0.0096 0.9990
vn -0.2943 0.9256 0.2381
vn -0.3367 0.8406 0.4242
vn -0.2849 0.9370 0.2021
vn -0.7765 -0.0573 0.6276
vn -0.7044 -0.0000 0.7098
vn -0.0000 0.6502 0.7598
vn 0.3977 0.8247 0.4022
vn 0.2781 0.9101 0.3072
vn 0.4376 0.7880 0.4332
vn -0.2523 0.0186 -0.9675
vn -0.0904 0.9707 -0.2226
vn 0.1654 -0.9325 -0.3211
vn 0.3408 -0.9391 -0.0440
vn 0.0584 -0.9979 0.0289
vn -0.4589 -0.2977 -0.8371
vn -0.0827 -0.7661 -0.6374
vn -0.0000 -0.8258 -0.5639
vn -0.4967 -0.2234 -0.8387
vn -0.0035 -0.9925 0.1218
vn -0.5758 -0.7833 -0.2343
vn -0.4617 -0.8862 0.0380
vn -0.6271 -0.7756 0.0726
vn -0.7071 -0.7013 0.0904
vn -0.7246 -0.4898 0.4849
vn -0.1556 -0.8284 0.5381
vn -0.2829 -0.7090 0.6460
vn -0.1298 -0.8478 0.5142
vn -0.0000 -0.6866 0.7270
vn 0.5376 -0.0638 0.8408
vn 0.6652 -0.5860 0.4627
vn 0.6619 -0.4868 0.5700
vn 0.6371 -0.7478 0.1870
vn 0.1426 -0.9848 0.0991
vn -0.2981 0.0660 -0.9523
vn -0.0000 0.4933 -0.8699
vn -0.0871 -0.0000 -0.9962
vn 0.9888 0.1484 0.0161
vn 0.5721 0.7868 0.2316
vn 0.6695 0.7138 0.2054
vn 0.5721 0.7024 -0.4235
vn 0.2943 0.8350 -0.4649
vn 0.3367 0.7056 -0.6235
vn 0.2849 0.8551 -0.4331
vn 0.7246 -0.5967 -0.3449
vn -0.0000 0.4363 -0.8998
vn -0.2929 0.8380 -0.4604
vn -0.1726 0.8990 -0.4025
vn -0.3536 0.6230 -0.6977
vn -0.1004 0.0074 -0.9949
vn -0.9927 0.1103 -0.0484
vn -0.5696 0.7051 -0.4224
vn -0.6668 0.6406 -0.3809
vn -0.3859 0.0854 -0.9186
vn -0.5695 0.7892 0.2299
vn 0.3859 0.0854 -0.9186
vn -0.2929 0.9273 0.2329
vn -0.3365 0.8412 0.4233
vn -0.2834 0.9386 0.1965
vn 0.1004 0.0074 -0.9949
vn 0.2943 0.9256 0.2380
vn 0.3367 0.8406 0.4242
vn 0.3536 0.7796 0.5170
vn -0.0871 0.9715 -0.2203
vn -0.0031 0.9952 -0.0978
vn -0.0031 0.9918 -0.1278
vn 0.5773 -0.5762 0.5786
vn -0.3933 0.0052 0.9194
vn -0.3885 -0.4853 0.7833
vn 0.6160 -0.7094 -0.3425
vn -0.0962 -0.9936 -0.0600
vn -0.3507 -0.4818 -0.8031
vn -0.9903 0.1320 -0.0430
vn -0.9196 -0.3887 -0.0561
vn -0.2187 0.5814 -0.7837
vn 0.8005 0.5504 -0.2370
vn 0.3249 0.3874 0.8627
vn -0.2881 0.5199 0.8042
vn 0.1610 0.9868 0.0155
vn -0.7878 0.6158 -0.0152
vn 0.7245 -0.5967 -0.3449
vn 0.1425 -0.9848 0.0991
vn 0.4496 -0.8859 0.1142
vn 0.6652 -0.5860 0.4628
vn 0.6618 -0.4868 0.5701
vn 0.4979 0.0184 0.8671
vn -0.4282 -0.9031 0.0313
vn -0.6403 0.7150 0.2806
vn -0.1184 0.9848 -0.1267
vn -0.1642 0.9648 0.2055
vn 0.0943 0.9950 -0.0324
vn -0.0000 0.8539 0.5205
vn -0.2469 -0.0554 -0.9675
vn 0.5396 0.2181 0.8131
vn 0.6688 0.6082 0.4276
vn 0.3850 0.9124 -0.1386
vn 0.0678 0.9673 -0.2445
vn 0.9993 -0.0000 0.0371
vn -0.0000 0.7853 0.6191
vn 0.5247 0.0368 -0.8505
vn 0.5902 0.6209 -0.5159
vn -0.5507 -0.1219 -0.8258
vn 0.7716 0.4492 -0.4504
vn 0.4988 -0.0405 -0.8658
vn -0.0656 0.6585 -0.7497
vn 0.7964 0.0588 -0.6019
vn -0.0000 0.6602 -0.7511
vn -0.1756 0.8751 -0.4509
vn -0.2059 0.8582 -0.4702
vn -0.9973 0.0545 -0.0482
vn -0.6403 0.6205 -0.4527
vn -0.7405 0.5421 -0.3971
vn -0.9648 0.2136 0.1536
vn -0.9601 -0.0000 -0.2795
vn -0.9999 -0.0150 0.0019
vn -0.6781 0.1353 -0.7224
vn -0.6788 -0.5119 -0.5264
vn -0.6434 -0.6115 -0.4605
vn -0.3676 -0.9300 -0.0007
vn -0.5442 -0.8045 -0.2382
vn -0.3412 -0.8046 -0.4861
vn -0.6716 -0.6889 0.2725
vn -0.6909 -0.7105 0.1338
vn 0.0855 -0.9118 -0.4016
vn -0.3287 -0.8155 0.4764
vn -0.4524 -0.8535 0.2588
vn -0.3027 -0.8023 0.5144
vn -0.2027 -0.4640 0.8623
vn -0.1955 0.3539 0.9146
vn -0.7069 0.0061 0.7073
vn -0.7812 -0.0724 0.6201
vn -0.8490 -0.4581 0.2633
vn -0.2209 0.8639 0.4526
vn 0.0001 0.0003 1.0000
vn -0.2836 -0.5507 0.7851
vn -0.6503 -0.5070 0.5658
vn 0.2399 0.8400 0.4867
vn 0.1296 0.9617 0.2417
vn -0.0293 0.4460 0.8945
vn 0.5637 0.6150 0.5513
vn 0.6441 0.6133 0.4572
vn 0.6671 -0.5835 0.4632
vn 0.6232 0.5920 0.5109
vn 0.6142 0.7402 -0.2737
vn 0.7856 0.6175 0.0404
vn 0.6853 0.7161 0.1326
vn -0.7636 -0.3410 0.5483
vn 0.4894 0.8697 -0.0640
vn 0.7664 0.4928 -0.4120
vn 0.1638 0.9557 -0.2445
vn 0.8246 0.4861 -0.2894
vn 0.2128 -0.3134 -0.9255
vn 0.7893 0.2212 -0.5728
vn 0.7410 0.1513 -0.6543
vn 0.5699 0.3756 -0.7309
vn 0.0199 0.6435 0.7652
vn 0.1471 -0.3540 -0.9236
vn 0.1958 0.6835 -0.7032
vn 0.6615 -0.4479 -0.6015
vn 0.1713 0.4341 -0.8844
vn 0.5780 -0.5056 -0.6405
vn -0.8154 -0.0000 -0.5789
vn 0.2324 0.7728 -0.5906
vn 0.1234 0.6980 -0.7054
vn 0.0835 0.6661 -0.7412
vn -0.4455 -0.8945 0.0390
vn 0.6279 -0.7429 -0.2320
vn -0.3206 0.8588 -0.3996
vn -0.1715 0.5109 0.8424
vn 0.0372 -0.9051 0.4236
vn -0.9745 -0.2198 -0.0444
vn 0.0695 -0.5755 0.8148
vn -0.9706 0.1779 0.1624
vn 0.0203 0.9989 -0.0431
vn 0.2319 0.9714 -0.0499
vn 0.2699 0.9615 -0.0510
vn -0.5691 -0.4687 -0.6756
vn -0.3737 -0.8427 -0.3875
vn -0.4210 -0.8856 -0.1959
vn -0.4280 -0.8897 -0.1587
vn -0.8735 -0.4121 -0.2594
vn -0.8578 -0.5079 -0.0788
vn -0.8653 -0.3462 -0.3626
vn -0.1221 -0.9611 -0.2477
vn 0.6229 -0.7767 -0.0930
vn 0.1681 -0.9328 0.3188
vn 0.0647 -0.9190 0.3890
vn -0.4797 -0.6600 0.5782
vn -0.2175 -0.8397 0.4975
vn 0.0030 -0.7269 0.6867
vn -0.0988 -0.3626 0.9267
vn -0.5997 -0.7114 0.3664
vn -0.6181 -0.2918 0.7299
vn -0.6018 -0.5074 0.6168
vn -0.8185 0.5116 0.2613
vn -0.7755 -0.0303 0.6307
vn -0.8166 0.0957 0.5692
vn -0.7943 0.5753 0.1951
vn 0.8902 -0.3904 -0.2348
vn 0.8396 -0.0000 -0.5432
vn 0.9962 -0.0000 -0.0872
vn -0.8030 0.5437 -0.2440
vn -0.0503 0.5145 0.8560
vn 0.1544 0.9628 0.2216
vn 0.1281 0.9336 0.3345
vn -0.0702 0.4476 0.8915
vn 0.6062 0.5346 0.5888
vn 0.0691 -0.0604 0.9958
vn 0.7046 0.6960 -0.1384
vn 0.8128 0.4627 0.3539
vn 0.8557 0.5136 -0.0624
vn 0.2740 0.6667 -0.6931
vn -0.5666 0.6703 -0.4792
vn 0.9885 -0.0275 0.1485
vn 0.1223 -0.3645 -0.9232
vn -0.1627 0.8096 -0.5640
vn 0.8598 0.3665 -0.3555
vn 0.6911 0.6794 -0.2466
vn -0.3248 0.9370 -0.1284
vn 0.8911 0.2010 0.4068
vn 0.2684 -0.2486 -0.9307
vn 0.7887 0.1725 -0.5901
vn 0.7288 0.1040 -0.6768
vn -0.0966 0.0423 0.9944
vn 0.1961 -0.2897 -0.9368
vn 0.1627 -0.1102 -0.9805
vn 0.2686 0.5247 -0.8078
vn 0.7527 -0.6583 0.0088
vn -0.9962 -0.0001 0.0872
vn 0.1033 0.7435 -0.6608
vn 0.2933 0.7501 -0.5927
vn -0.0030 0.7269 -0.6867
vn -0.0807 -0.0081 0.9967
vn -0.1111 -0.7276 0.6770
vn 0.0337 -0.9228 0.3839
vn 0.0360 0.0570 0.9977
vn -0.9673 -0.2518 -0.0301
vn -0.0000 -1.0000 -0.0000
vn -0.7068 0.5547 -0.4389
vn 0.0296 0.9986 -0.0434
vn 0.2328 0.9712 -0.0500
vn 0.2716 0.9610 -0.0510
vn -0.5698 -0.5373 0.6217
vn -0.6286 0.1986 -0.7519
vn -0.6507 -0.4396 -0.6191
vn -0.6183 -0.5577 -0.5537
vn -0.5037 -0.8505 -0.1516
vn -0.5039 -0.8526 -0.1381
vn -0.5040 -0.8536 -0.1313
vn 0.6022 -0.7814 -0.1634
vn 0.0032 -0.9700 -0.2431
vn 0.6665 -0.7308 -0.1472
vn 0.0648 -0.9190 0.3890
vn -0.5947 -0.7190 0.3597
vn -0.3157 -0.8124 0.4903
vn -0.2915 -0.8013 0.5224
vn -0.1320 0.2980 0.9454
vn -0.1691 -0.4319 0.8859
vn -0.1691 -0.2967 0.9399
vn -0.1214 0.3862 0.9144
vn -0.7892 -0.2278 0.5704
vn -0.7307 -0.6264 0.2714
vn -0.8283 -0.4734 0.2997
vn -0.8608 -0.4244 0.2807
vn 0.9099 -0.3991 -0.1132
vn -0.2546 -0.8592 -0.4439
vn -0.0067 0.0305 -0.9995
vn -0.7291 0.6510 0.2113
vn -0.0990 0.9455 0.3102
vn 0.0393 0.9493 0.3119
vn 0.5150 0.8318 -0.2072
vn 0.5219 0.8416 0.1392
vn 0.5851 0.8083 -0.0663
vn 0.6423 0.6089 0.4655
vn 0.2533 -0.2215 -0.9417
vn 0.3991 -0.0000 -0.9169
vn 0.1740 0.5821 -0.7943
vn -0.5092 0.6025 -0.6146
vn 0.7358 -0.1432 0.6619
vn 0.9742 0.1593 0.1595
vn 0.9756 0.2146 0.0466
vn 0.1801 -0.5367 -0.8244
vn -0.1623 0.8945 -0.4166
vn 0.8635 0.4249 -0.2716
vn 0.8566 0.4443 -0.2624
vn 0.8711 0.4018 -0.2823
vn -0.2503 0.9631 -0.0989
vn 0.8775 0.1979 0.4368
vn 0.2340 -0.3174 -0.9190
vn 0.7747 0.0256 -0.6318
vn 0.6891 -0.0492 -0.7230
vn -0.8142 0.3571 -0.4577
vn 0.1742 0.9774 -0.1197
vn 0.1470 -0.3540 -0.9236
vn -0.0879 -0.4411 0.8932
vn 0.3308 -0.2240 0.9167
vn 0.3000 0.5525 -0.7777
vn 0.6198 -0.5421 -0.5674
vn -0.7254 -0.4729 -0.5002
vn 0.3567 0.7945 -0.4915
vn 0.3147 0.8032 -0.5058
vn -0.1236 -0.9923 0.0108
vn 0.6226 -0.7366 -0.2642
vn -0.1686 0.9024 -0.3966
vn -0.1328 0.3958 0.9087
vn 0.2163 -0.8179 0.5331
vn -0.9890 -0.1193 -0.0879
vn 0.2242 -0.9705 0.0886
vn -0.9196 -0.2074 -0.3335
vn 0.3882 0.7513 0.5337
vn 0.4478 0.8662 -0.2216
vn -0.7940 -0.2027 0.5732
vn 0.2933 -0.7546 0.5870
vn 0.5044 0.8622 -0.0458
vn 0.4321 -0.2454 -0.8678
vn 0.1225 0.9802 -0.1558
vn 0.1841 0.9574 0.2223
vn 0.7705 -0.3683 0.5203
vn -0.5299 0.0330 0.8474
vn 0.4890 0.8047 0.3366
vn 0.6523 -0.4181 0.6322
vn 0.2910 0.9176 -0.2709
vn 0.0882 -0.7409 0.6658
vn 0.0661 0.9696 0.2354
vn -0.5290 -0.3327 -0.7807
vn -0.0828 0.9541 -0.2880
vn -0.6143 0.7704 -0.1709
vn 0.4887 0.4913 0.7210
vn 0.7384 -0.5175 -0.4324
vn 0.7335 0.5243 -0.4325
vn -0.3883 0.7652 0.5134
vn -0.8490 0.2426 0.4695
vn -0.3879 -0.7672 0.5107
vn -0.1315 -0.7632 -0.6327
vn -0.8502 -0.2364 0.4705
vn -0.5582 -0.2746 -0.7830
vn -0.5592 0.2673 -0.7848
vn -0.1315 0.7636 -0.6321
vn -0.8489 0.2426 0.4695
vn 0.5720 -0.1934 0.7971
vn -0.9937 -0.1120 -0.0000
vn 0.8998 -0.4363 -0.0042
vn 0.5736 -0.1889 -0.7970
vn -0.6012 0.0108 -0.7990
vn 0.1636 0.9820 -0.0946
vn 0.1690 0.9856 0.0018
vn 0.1731 0.9801 0.0972
vn -0.6071 0.0124 0.7945
vn 0.4589 -0.2977 -0.8371
vn 0.0827 -0.7661 -0.6374
vn 0.4967 -0.2234 -0.8387
vn -0.3408 -0.9391 -0.0440
vn -0.1654 -0.9325 -0.3211
vn -0.0584 -0.9979 0.0289
vn 0.6271 -0.7756 0.0726
vn 0.4617 -0.8862 0.0380
vn 0.7071 -0.7013 0.0904
vn 0.5758 -0.7833 -0.2343
vn 0.2829 -0.7090 0.6460
vn 0.1556 -0.8284 0.5381
vn 0.1298 -0.8478 0.5142
vn 0.7246 -0.4898 0.4849
vn -0.1426 -0.9848 0.0991
vn -0.6371 -0.7478 0.1870
vn -0.5376 -0.0638 0.8408
vn -0.6619 -0.4868 0.5700
vn -0.6652 -0.5860 0.4627
vn -0.2943 0.9256 0.2380
vn -0.3536 0.7796 0.5170
vn -0.9888 0.1484 0.0161
vn -0.6695 0.7138 0.2054
vn -0.5721 0.7868 0.2316
vn 0.3365 0.8412 0.4233
vn 0.2929 0.9273 0.2329
vn 0.2834 0.9386 0.1965
vn 0.9927 0.1190 0.0188
vn 0.5696 0.7891 0.2299
vn 0.6667 0.7162 0.2060
vn 0.9992 0.0403 -0.0052
vn 0.0001 0.4933 -0.8699
vn 0.5696 0.7051 -0.4224
vn 0.1726 0.8990 -0.4025
vn 0.2929 0.8380 -0.4604
vn 0.3536 0.6230 -0.6977
vn -0.3367 0.7056 -0.6235
vn -0.2943 0.8350 -0.4649
vn -0.2849 0.8551 -0.4331
vn -0.7246 -0.5967 -0.3449
vn 0.2660 0.4664 -0.8437
vn 0.8540 -0.0000 -0.5203
vn 0.8632 -0.0024 -0.5049
vn 0.4074 0.6644 0.6266
vn -0.0026 0.8152 0.5792
vn 0.0026 0.8152 0.5792
vn -0.0034 0.8153 0.5790
vn -0.8257 0.5641 -0.0045
vn 0.8294 -0.5586 0.0037
vn 0.2865 -0.0097 0.9580
vn 0.7533 0.6193 0.2213
vn -0.2865 -0.0096 0.9580
vn -0.7533 0.6191 0.2220
vn -0.3124 0.9499 -0.0034
vn -0.4236 0.9053 0.0307
vn -0.7940 0.6075 -0.0231
vn -0.8584 0.5130 0.0004
vn -0.9982 0.0433 -0.0426
vn -0.9990 0.0359 -0.0248
vn -0.9015 -0.4328 0.0061
vn 0.8096 -0.5837 -0.0616
vn 0.8272 -0.5616 -0.0192
vn 0.9905 -0.1367 -0.0106
vn 0.9966 0.0661 -0.0498
vn 0.2031 0.9787 -0.0287
vn -0.4333 0.9004 -0.0380
vn 0.0913 0.9958 -0.0011
vn -0.4288 0.9034 0.0036
vn 0.9486 0.3132 -0.0458
vn 0.8457 0.5335 0.0101
vn 0.6651 0.7462 -0.0281
vn 0.5515 0.8340 0.0189
vn -0.5431 0.5698 0.6167
vn 0.9979 -0.0637 0.0083
vn 0.9713 0.2290 0.0641
vn 0.9361 -0.3507 -0.0252
vn 0.6955 -0.7181 0.0230
vn 0.6058 -0.7956 -0.0041
vn -0.2694 -0.9629 0.0189
vn 0.8149 -0.5790 0.0277
vn -0.2542 -0.9669 0.0200
vn -0.9940 -0.1089 0.0003
vn 0.5663 0.8242 0.0042
vn -0.9999 -0.0000 -0.0146
vn -0.8315 0.5544 0.0360
vn -0.7732 0.6341 0.0082
vn -0.5560 -0.6658 -0.4975
vn -0.5134 0.8579 -0.0202
vn -0.5304 0.8478 -0.0006
vn -0.8595 0.5108 0.0168
vn -0.8521 0.5235 0.0007
vn -0.9968 0.0804 -0.0010
vn -0.9983 -0.0466 0.0364
vn -0.9203 -0.3912 -0.0086
vn -0.7974 -0.6022 0.0403
vn -0.6552 -0.7553 -0.0140
vn -0.3121 -0.9498 0.0222
vn -0.2173 -0.9761 -0.0096
vn 0.2376 -0.9714 0.0025
vn 0.9458 -0.3235 -0.0279
vn 0.1393 0.9901 0.0185
vn 0.1734 0.9846 0.0205
vn -0.9178 0.3965 -0.0178
vn -0.9996 -0.0129 0.0260
vn -0.9932 -0.1163 -0.0051
vn -0.5684 0.8227 0.0101
vn 0.1836 0.9829 0.0171
vn 0.0311 0.9986 -0.0430
vn -0.8070 -0.5905 -0.0061
vn -0.7998 -0.6002 0.0025
vn -0.2404 -0.9707 0.0011
vn -0.1633 -0.9863 -0.0225
vn 0.4083 -0.9127 0.0143
vn 0.4990 -0.8663 -0.0234
vn 0.8522 -0.5229 0.0174
vn 0.9009 -0.4337 -0.0138
vn 0.4046 0.9143 0.0171
vn 0.5761 -0.8170 -0.0266
vn 0.1652 -0.9856 0.0348
vn 0.0046 -0.9999 -0.0112
vn -0.4378 -0.8986 0.0290
vn -0.4581 -0.8886 -0.0246
vn -0.7753 -0.6316 -0.0042
vn -0.8632 -0.5030 0.0431
vn -0.6618 0.7481 -0.0489
vn -0.4433 0.8963 -0.0128
vn -0.1173 0.9930 0.0130
vn -0.7940 -0.6065 -0.0416
vn -0.8799 -0.4751 0.0058
vn -0.8937 0.4487 -0.0017
vn -0.5541 0.8313 0.0451
vn -0.5975 0.8019 -0.0012
vn 0.4399 0.8974 -0.0349
vn -0.1592 0.9868 0.0306
vn 0.5418 0.8404 -0.0132
vn 0.9369 0.3439 -0.0633
vn 0.8982 0.4397 0.0013
vn 0.9901 -0.1396 -0.0163
vn 0.8698 -0.4887 -0.0678
vn 0.6829 -0.7305 -0.0078
vn 0.1918 -0.9812 0.0201
vn 0.2511 0.9645 -0.0814
vn -0.4833 0.8096 -0.3331
vn -0.5203 -0.7632 -0.3832
vn -0.9340 -0.1131 -0.3389
vn -0.7121 0.3505 -0.6083
vn 0.4947 -0.7879 0.3668
vn -0.9281 -0.3373 0.1576
vn -0.1825 -0.5765 0.7964
vn -0.6526 -0.2805 0.7039
vn -0.2471 0.9674 -0.0556
vn 0.4868 0.6201 -0.6153
vn 0.7768 -0.6183 -0.1194
vn -0.1733 -0.9746 -0.1417
vn -0.4705 0.8240 -0.3157
vn -0.5267 0.7675 -0.3655
vn -0.9330 0.3257 -0.1527
vn 0.6379 0.5898 0.4952
vn 0.9161 0.0003 0.4009
vn 0.3318 -0.9433 0.0056
vn 0.2922 -0.9556 0.0393
vn -0.0004 -1.0000 -0.0063
vn -0.8410 0.5303 -0.1074
vn -0.7482 0.6627 0.0306
vn 0.7305 0.6487 0.2135
vn 0.3133 -0.9466 -0.0761
vn 0.9416 0.2241 0.2514
vn 0.4459 -0.5699 0.6901
vn -0.1061 -0.7620 0.6388
vn 0.6839 0.0876 0.7243
vn 0.0022 0.8262 0.5634
vn -0.8617 0.0072 0.5073
vn 0.7274 0.6189 -0.2964
vn 0.6489 0.7430 -0.1642
vn 0.5255 -0.8040 -0.2783
vn -0.4342 -0.8479 -0.3041
vn -0.2182 0.9662 0.1371
vn -0.2170 0.9499 0.2250
vn -0.9606 -0.2207 -0.1689
vn 0.8402 -0.3033 0.4496
vn 0.9523 -0.2953 0.0767
vn -0.1044 -0.8741 -0.4743
vn -0.2361 -0.9578 -0.1641
vn -0.9715 -0.0379 0.2342
vn -0.2813 0.9595 0.0145
vn 0.3243 -0.8737 0.3626
vn 0.2335 -0.4769 0.8474
vn 0.4237 0.3952 0.8150
vn -0.0862 -0.9537 -0.2881
vn 0.7168 0.3072 0.6260
vn 0.5749 -0.8176 -0.0322
vn 0.5685 -0.7984 -0.1983
vn 0.6595 -0.6610 -0.3579
vn 0.4142 -0.9101 0.0138
vn 0.2850 -0.9446 0.1629
vn 0.1660 -0.9730 0.1605
vn 0.8650 0.3770 0.3312
vn 0.8101 -0.5670 0.1492
vn -0.7374 -0.5898 0.3293
vn -0.9186 0.2731 0.2856
vn 0.4398 -0.5568 0.7047
vn -0.0961 -0.7629 0.6394
vn 0.6956 0.2113 0.6867
vn 0.2671 0.7007 0.6616
vn -0.5517 0.5859 0.5936
vn -0.7853 -0.2390 0.5712
vn -0.0389 0.7557 -0.6538
vn -0.0134 0.9786 -0.2053
vn 0.1369 0.9906 0.0067
vn 0.7882 0.6112 0.0718
vn 0.8280 -0.5564 -0.0698
vn 0.9940 0.0888 0.0642
vn -0.9598 -0.2424 -0.1416
vn -0.9583 -0.0903 0.2712
vn -0.8088 -0.5283 0.2583
vn 0.0675 0.9293 0.3630
vn 0.7342 0.3641 0.5731
vn 0.8563 -0.3666 0.3639
vn 0.6623 -0.7491 0.0157
vn 0.8344 0.3986 0.3805
vn -0.3422 -0.9311 0.1266
vn -0.9721 -0.1965 0.1278
vn 0.5635 -0.4333 0.7034
vn -0.0461 -0.7869 0.6154
vn 0.6190 0.3986 0.6767
vn -0.2821 0.7685 0.5743
vn -0.8388 -0.0768 0.5390
vn -0.8005 0.5718 0.1797
vn -0.9266 0.3449 0.1497
vn -0.2836 0.9237 0.2575
vn -0.6956 0.7148 0.0718
vn -0.9759 0.2178 0.0140
vn 0.9973 -0.0099 0.0723
vn 0.9543 -0.0126 0.2985
vn 0.9881 0.1519 0.0260
vn -0.7057 0.7080 0.0268
vn -0.8445 0.5167 -0.1411
vn -0.9326 0.0688 0.3544
vn -0.9630 0.1216 0.2405
vn -0.1326 0.9893 0.0610
vn -0.6969 0.5478 -0.4629
vn -0.6398 0.7070 -0.3013
vn -0.9527 -0.2963 0.0678
vn -0.5879 -0.7905 0.1715
vn -0.3326 -0.9420 -0.0455
vn -0.8194 -0.5626 -0.1101
vn 0.0399 -0.9989 -0.0261
vn 0.4089 -0.9088 0.0832
vn 0.8522 -0.5232 -0.0041
vn 0.9352 -0.2849 0.2103
vn 0.2873 -0.9530 0.0966
vn 0.9886 -0.1396 0.0555
vn 0.8920 -0.4519 0.0139
vn 0.9404 0.3385 0.0334
vn 0.7983 0.5856 -0.1405
vn 0.4960 0.8290 -0.2584
vn 0.7894 -0.6021 0.1199
vn 0.6571 0.7496 0.0797
vn 0.9714 0.1102 0.2103
vn 0.8143 -0.5721 0.0979
vn 0.9949 0.1011 0.0038
vn 0.9990 -0.0388 0.0222
vn 0.4408 0.8868 0.1389
vn -0.5896 0.8075 -0.0191
vn -0.0151 0.9717 0.2358
vn 0.0167 0.9846 0.1739
vn 0.0012 0.9789 0.2041
vn -0.0310 0.9634 0.2662
vn 0.3234 0.9322 0.1626
vn -0.7874 0.5880 0.1849
vn -0.1742 0.9337 0.3129
vn -0.9895 -0.0056 -0.1446
vn 0.3995 0.9043 -0.1508
vn -0.4460 0.8894 0.1000
vn -0.9904 0.1269 0.0557
vn -0.9892 0.1445 0.0257
vn -0.9899 0.1364 0.0395
vn -0.9905 0.1185 0.0699
vn -0.8468 0.4515 0.2811
vn -0.7588 0.6488 -0.0567
vn -0.7453 -0.5789 0.3307
vn -0.8729 0.4579 0.1686
vn -0.7865 -0.5891 0.1854
vn -0.0242 -0.9973 0.0691
vn 0.6776 -0.7332 0.0564
vn 0.8407 -0.5219 -0.1442
vn 0.9412 -0.1601 -0.2974
vn -0.3115 -0.9441 0.1081
vn 0.9427 -0.3282 0.0595
vn 0.4613 -0.8869 -0.0241
vn 0.9970 0.0542 0.0548
vn 0.3982 -0.9073 0.1352
vn 0.9884 0.0355 0.1480
vn 0.9961 -0.0015 0.0882
vn 0.9930 0.0165 0.1173
vn 0.9826 0.0540 0.1775
vn 0.8925 -0.4269 -0.1455
vn 0.8583 0.5122 -0.0311
vn 0.8733 0.4775 -0.0969
vn -0.0750 0.9873 0.1397
vn 0.9234 0.3732 0.0896
vn -0.8392 0.5234 -0.1472
vn 0.6392 0.7482 -0.1779
vn -0.8999 0.4357 0.0177
vn -0.7955 -0.5941 0.1196
vn -0.7600 -0.6264 0.1735
vn -0.7730 -0.6153 0.1545
vn -0.8076 -0.5812 0.0994
vn -0.1872 -0.9816 -0.0385
vn -0.9319 -0.0913 0.3511
vn -0.7647 0.6238 0.1617
vn -0.8817 -0.4491 0.1450
vn -0.6149 -0.7841 0.0844
vn -0.6736 -0.7027 0.2289
vn 0.2960 -0.9552 -0.0005
vn 0.3893 -0.9102 0.1413
vn 0.3424 -0.9371 0.0682
vn 0.2452 -0.9668 -0.0723
vn 0.2801 -0.9599 -0.0083
vn 0.8903 -0.4554 0.0039
vn 0.9402 0.3389 0.0338
vn 0.5023 0.8232 -0.2646
vn 0.7540 -0.6567 0.0149
vn 0.6703 0.7374 0.0835
vn 0.9575 -0.2883 -0.0041
vn 0.8834 0.4577 -0.1007
vn 0.4634 0.8856 0.0311
vn -0.3276 0.9337 0.1447
vn 0.3949 0.8822 0.2564
vn -0.9252 0.3064 0.2238
vn -0.8872 0.3698 0.2759
vn -0.4931 -0.8594 0.1350
vn 0.9042 -0.3710 0.2119
vn 0.9909 -0.1096 -0.0781
vn -0.1875 -0.7244 0.6634
vn -0.6224 -0.3241 0.7124
vn -0.4306 0.6323 0.6440
vn 0.4252 0.6581 0.6214
vn 0.8140 -0.0362 0.5797
vn 0.5033 -0.6089 0.6131
vn -0.9234 0.3531 0.1503
vn -0.7951 0.5784 0.1822
vn -0.9554 0.1583 0.2493
vn -0.9141 -0.3580 0.1903
vn 0.5065 0.8546 0.1143
vn 0.0337 0.9936 0.1075
vn 0.4862 0.8702 0.0793
vn -0.6298 0.7765 -0.0177
vn -0.7099 0.6990 0.0862
vn -0.4741 0.8799 0.0318
vn -0.7693 -0.6221 0.1455
vn -0.8880 -0.4535 0.0765
vn -0.9759 0.1656 0.1419
vn -0.1353 -0.9908 0.0040
vn -0.3552 -0.9262 -0.1265
vn 0.4498 -0.8928 -0.0250
vn 0.9632 0.2501 -0.0980
vn 0.9477 -0.3179 0.0283
vn 0.8185 -0.5732 0.0383
vn 0.9887 0.1023 -0.1093
vn -0.2432 0.9653 0.0951
vn -0.4315 0.8349 0.3416
vn 0.7759 0.6307 0.0136
vn -0.4425 0.8964 0.0258
vn -0.6227 0.7793 0.0705
vn -0.9955 -0.0472 0.0816
vn -0.5978 0.7605 0.2535
vn -0.9228 -0.3842 0.0280
vn -0.9237 -0.3822 0.0269
vn -0.9588 0.1220 0.2566
vn -0.8978 0.4145 0.1490
vn -0.2805 -0.9421 -0.1839
vn 0.0434 -0.9990 -0.0059
vn 0.0266 -0.9992 -0.0300
vn 0.0345 -0.9992 -0.0186
vn 0.0515 -0.9987 0.0057
vn -0.7285 -0.6824 -0.0605
vn 0.4524 -0.8906 -0.0456
vn -0.4332 -0.8957 -0.1002
vn 0.8347 -0.5444 0.0827
vn 0.9288 0.3672 -0.0502
vn 0.1629 0.9815 0.1003
vn 0.8776 0.4658 -0.1136
vn -0.4169 0.8881 0.1936
vn -0.9549 0.2953 0.0320
vn -0.9567 0.2879 0.0435
vn -0.9559 0.2911 0.0385
vn -0.9540 0.2984 0.0269
vn -0.4967 0.8560 0.1435
vn -0.8714 0.2200 -0.4384
vn -0.4944 -0.7871 0.3689
vn -0.7488 0.6433 0.1598
vn -0.8412 -0.4817 0.2456
vn -0.9176 0.3974 -0.0020
vn -0.7282 -0.5800 0.3653
vn -0.9768 0.1205 0.1770
vn -0.5012 -0.8542 0.1386
vn -0.7579 -0.6272 0.1796
vn 0.1671 -0.9210 -0.3518
vn 0.1139 -0.9925 -0.0451
vn 0.6689 -0.7309 -0.1354
vn 0.7760 -0.6054 -0.1770
vn 0.8095 -0.5795 -0.0946
vn 0.6357 0.7601 -0.1348
vn 0.5460 0.8374 -0.0237
vn 0.9680 0.1958 -0.1568
vn 0.6174 0.7308 0.2911
vn 0.9528 -0.3035 0.0109
vn 0.6670 0.7350 0.1217
vn 0.4878 0.8728 0.0170
vn -0.4411 0.8874 0.1345
vn -0.4255 0.8957 0.1291
vn 0.7887 0.6092 -0.0820
vn -0.3643 -0.6795 0.6369
vn -0.7169 0.0880 0.6916
vn -0.2992 0.6507 0.6979
vn 0.4413 0.6635 0.6041
vn 0.8160 0.1286 0.5635
vn -0.4474 0.2308 0.8640
vn 0.5607 -0.5795 0.5914
vn 0.6316 0.4024 -0.6627
vn -0.8014 0.5706 0.1794
vn -0.6653 0.7410 0.0913
vn -0.9756 0.1836 0.1205
vn -0.1287 -0.9796 0.1545
vn 0.7936 -0.6084 -0.0042
vn 0.7848 -0.5920 -0.1833
vn 0.9983 0.0535 0.0231
vn 0.9914 -0.0765 -0.1060
vn 0.3955 0.9138 0.0922
vn -0.1564 0.9797 0.1251
vn -0.5244 0.8263 0.2055
vn 0.0445 0.9412 0.3349
vn 0.8810 0.4725 0.0240
vn -0.0531 0.9853 0.1623
vn -0.5082 0.8349 -0.2112
vn -0.9944 -0.0842 -0.0631
vn -0.9586 -0.2674 0.0982
vn -0.9491 0.3007 0.0940
vn -0.6457 -0.7373 0.1985
vn -0.9745 -0.0863 0.2070
vn -0.3146 -0.9340 0.1696
vn -0.8852 -0.4617 0.0576
vn 0.0664 -0.9885 0.1362
vn -0.6251 -0.7603 0.1765
vn 0.4568 -0.8820 0.1158
vn -0.2566 -0.9048 0.3399
vn 0.7251 -0.6864 0.0555
vn 0.0590 -0.9921 0.1110
vn 0.8981 0.4337 -0.0727
vn 0.6493 0.7564 0.0794
vn 0.0768 0.9787 0.1903
vn 0.0044 1.0000 -0.0054
vn -0.3883 0.9087 0.1529
vn 0.4272 0.9036 -0.0310
vn -0.5797 0.7917 0.1927
vn -0.7270 0.6790 0.1025
vn -0.9772 0.1950 0.0843
vn -0.9764 0.2093 0.0537
vn -0.9769 0.2018 0.0699
vn -0.9771 0.1872 0.1008
vn -0.9887 0.1089 0.1027
vn -0.4898 -0.8520 0.1849
vn -0.9549 -0.2798 0.0998
vn -0.1268 -0.9800 0.1531
vn -0.7640 -0.6395 0.0860
vn 0.0678 -0.9975 -0.0189
vn 1.0000 -0.0083 0.0012
vn 0.9945 0.0524 0.0902
vn 0.9985 0.0248 0.0497
vn 0.9986 -0.0363 -0.0397
vn 0.7481 -0.1589 -0.6442
vn 0.8690 -0.1090 -0.4827
vn 0.3667 0.9280 -0.0657
vn 0.9917 0.0683 -0.1086
vn 0.0948 0.9951 -0.0285
vn -0.4793 0.8762 -0.0498
vn -0.9656 0.2436 0.0909
vn -0.9909 -0.0870 0.1029
vn -0.9903 -0.1312 0.0457
vn -0.4922 -0.8562 0.1567
vn -0.4533 -0.8662 0.2103
vn -0.4725 -0.8618 0.1843
vn -0.5105 -0.8500 0.1302
vn -0.7595 -0.6474 0.0632
vn 0.4315 -0.8682 -0.2450
vn -0.8580 -0.5134 -0.0136
vn 0.4056 -0.8614 0.3056
vn -0.6227 -0.7673 0.1531
vn 0.4482 -0.8848 0.1274
vn 0.8132 -0.5804 0.0444
vn 0.9586 -0.2743 -0.0763
vn 0.5249 0.8500 -0.0432
vn 0.5586 0.8227 -0.1057
vn 0.5472 0.8328 -0.0839
vn 0.5113 0.8592 -0.0193
vn 0.6487 0.6204 -0.4409
vn 0.9004 0.4345 0.0197
vn -0.6005 -0.7849 0.1526
vn 0.8705 0.4915 0.0240
vn -0.2062 -0.7346 0.6464
vn -0.7456 0.0791 0.6617
vn 0.5683 -0.3890 0.7251
vn -0.0118 0.7811 0.6243
vn 0.6942 0.4774 0.5388
vn 0.6531 -0.4793 0.5863
vn -0.1681 0.9848 -0.0442
vn -0.2264 0.9740 -0.0109
vn -0.9321 0.2756 0.2350
vn -0.8532 -0.5170 0.0693
vn 0.4373 -0.8931 0.1050
vn 0.9938 -0.0203 -0.1094
vn 0.9500 0.3031 0.0746
vn 0.9803 0.0876 -0.1773
vn 0.7241 0.6881 0.0461
vn 0.0469 0.9975 0.0537
vn 0.0193 0.9921 -0.1237
vn -0.3503 0.9352 0.0526
vn -0.2753 0.9613 -0.0092
vn 0.2514 0.9636 0.0915
vn -0.7680 0.5918 0.2446
vn -0.9089 -0.4169 0.0089
vn -0.6154 0.7879 0.0233
vn -0.9774 0.1569 0.1415
vn -0.0141 -0.9937 0.1109
vn -0.4808 -0.8765 0.0222
vn 0.6044 -0.7917 0.0891
vn 0.3459 -0.9273 0.1432
vn 0.9063 -0.4210 0.0363
vn 0.9752 -0.1569 -0.1560
vn 0.9292 0.2208 -0.2963
vn -0.0078 -0.9253 0.3793
vn 0.9970 0.0543 0.0548
vn 0.7680 -0.6381 0.0546
vn 0.9014 0.4284 0.0631
vn 0.4866 0.8729 0.0356
vn 0.6698 0.7397 -0.0641
vn 0.9349 0.2655 0.2357
vn 0.1331 0.9806 0.1441
vn 0.4529 0.8848 0.1099
vn -0.4751 0.8552 0.2070
vn 0.6050 0.7951 -0.0416
vn -0.1830 0.9653 0.1861
vn -0.8662 0.4669 0.1781
vn -0.8858 0.3966 0.2408
vn -0.8923 -0.4484 0.0526
vn -0.8982 -0.4382 0.0346
vn -0.8955 -0.4429 0.0429
vn -0.8893 -0.4532 0.0610
vn -0.1425 -0.9897 0.0133
vn -0.3356 -0.9416 -0.0272
vn -0.3275 -0.9447 -0.0153
vn -0.3314 -0.9432 -0.0210
vn -0.3394 -0.9401 -0.0329
vn -0.2982 -0.9536 0.0423
vn 0.7468 -0.6606 0.0767
vn -0.3533 -0.9137 0.2009
vn 0.7299 -0.6620 0.1705
vn 0.7075 -0.6975 0.1134
vn 0.7189 -0.6806 0.1414
vn 0.7396 -0.6430 0.1988
vn 0.6249 -0.7798 -0.0385
vn 0.9676 0.2460 0.0574
vn 0.8747 -0.4810 -0.0603
vn 0.8356 -0.5407 0.0969
vn 0.8810 0.4563 -0.1248
vn 0.8798 0.4604 -0.1185
vn 0.8803 0.4586 -0.1212
vn 0.8816 0.4545 -0.1275
vn 1.0000 -0.0031 -0.0068
vn 0.6163 0.5602 -0.5535
vn 0.7765 0.4893 -0.3971
vn -0.1401 0.9901 0.0030
vn 0.5464 0.8128 -0.2022
vn -0.7799 0.5944 0.1963
vn -0.8714 0.2201 -0.4385
vn -0.9903 -0.1368 0.0256
vn -0.5766 -0.8017 0.1575
vn -0.5309 -0.8179 0.2218
vn -0.5537 -0.8106 0.1905
vn -0.5979 -0.7917 0.1252
vn -0.8848 -0.4403 0.1524
vn -0.1409 -0.9894 -0.0363
vn -0.1378 -0.9899 -0.0319
vn -0.1393 -0.9897 -0.0340
vn -0.1424 -0.9891 -0.0384
vn 0.3108 -0.9489 0.0546
vn 0.0727 -0.9946 0.0745
vn 0.5045 -0.8594 -0.0833
vn 0.9719 -0.2353 0.0018
vn 0.6982 -0.7023 -0.1388
vn -0.9368 -0.2682 0.2248
vn -0.7797 -0.6184 0.0979
vn -0.7826 -0.6015 0.1603
vn 0.6018 -0.7354 0.3116
vn 0.9795 -0.0027 -0.2013
vn 0.9823 -0.0857 0.1664
vn 0.0517 -0.7989 0.5992
vn -0.7281 -0.1821 0.6608
vn -0.4711 0.5474 0.6917
vn 0.3059 0.7228 0.6197
vn 0.8248 -0.1148 0.5537
vn -0.7906 0.0275 -0.6117
vn 0.4317 0.8962 0.1023
vn 0.4626 0.8767 0.1317
vn -0.8610 0.5041 0.0674
vn -0.8707 -0.4314 0.2360
vn -0.7606 -0.6475 0.0479
vn 0.8470 0.5174 -0.1217
vn 0.1784 0.9601 0.2154
vn -0.7941 0.5884 0.1521
vn 0.8158 0.4743 -0.3309
vn -0.8413 0.5406 0.0064
vn 0.2605 0.9403 -0.2191
vn -0.9286 -0.2912 0.2299
vn -0.9697 -0.0872 0.2283
vn 0.7940 -0.6075 0.0242
vn -0.3511 -0.9226 0.1600
vn 0.4336 -0.8977 0.0782
vn 0.9956 0.0805 0.0478
vn 0.1679 -0.9813 0.0946
vn 0.7774 -0.6271 0.0493
vn 0.7780 0.6237 -0.0756
vn 0.7849 0.6108 -0.1037
vn 0.7818 0.6170 -0.0905
vn 0.7745 0.6295 -0.0623
vn 0.7627 0.6430 -0.0697
vn -0.6480 0.6792 0.3446
vn 0.7149 0.6991 0.0117
vn -0.5444 0.8349 -0.0807
vn -0.5983 0.8007 0.0292
vn -0.5743 0.8184 -0.0223
vn -0.9239 -0.3814 0.0311
vn -0.3407 -0.8725 0.3503
vn 0.5913 -0.7991 -0.1083
vn 0.5988 -0.7951 -0.0963
vn 0.5952 -0.7971 -0.1021
vn 0.5876 -0.8010 -0.1140
vn 0.9594 0.2777 0.0493
vn 0.9403 -0.3389 -0.0315
vn 0.7044 -0.3713 -0.6049
vn 0.7352 0.6713 -0.0944
vn 0.9598 0.2376 -0.1497
vn 0.6910 0.6895 0.2169
vn -0.8045 0.5825 -0.1162
vn 0.3091 0.9395 -0.1476
vn -0.1353 0.9908 0.0084
vn -0.5161 0.8463 -0.1319
vn 0.0535 0.9963 0.0677
vn -0.8590 -0.5029 -0.0959
vn -0.7916 0.3463 -0.5034
vn -0.9418 0.1531 -0.2993
vn -0.4045 -0.9145 -0.0131
vn -0.5840 0.7958 0.1602
vn -0.9183 0.2878 -0.2720
vn -0.7852 0.6182 -0.0360
vn -0.3698 -0.8553 0.3629
vn -0.8744 0.4489 0.1840
vn -0.3421 -0.8798 -0.3300
vn -0.2843 -0.9265 0.2464
vn 0.2264 -0.7700 -0.5965
vn 0.1560 -0.9029 -0.4006
vn 0.9542 0.0276 -0.2978
vn 0.7394 -0.6637 -0.1133
vn 0.7418 -0.6618 -0.1088
vn 0.7406 -0.6627 -0.1110
vn 0.7382 -0.6646 -0.1154
vn 0.9672 -0.0073 -0.2538
vn -0.5370 0.8436 -0.0009
vn 0.0303 0.9766 0.2130
vn 0.0671 -0.9940 0.0860
vn 0.7706 0.6262 0.1188
vn -0.0337 -0.8108 0.5844
vn -0.7163 -0.0499 0.6960
vn -0.3813 0.6219 0.6840
vn 0.5105 0.6187 0.5972
vn 0.8326 -0.1778 0.5246
vn 0.0068 0.9956 -0.0934
vn -0.0141 0.9984 -0.0546
vn 0.3601 0.9101 0.2051
vn 0.6882 -0.0000 0.7255
vn 0.7220 -0.6746 -0.1537
vn 0.3503 0.9249 -0.1480
vn -0.7087 0.6675 -0.2284
vn -0.9278 0.3730 0.0015
vn 0.5774 0.5471 -0.6060
vn -1.0000 -0.0000 -0.0033
vn -0.8489 -0.4999 -0.1714
vn -0.9709 -0.0000 0.2395
vn 0.0026 -0.9987 -0.0508
vn 0.3796 -0.6514 -0.6570
vn -0.0000 -1.0000 0.0036
vn 0.3951 -0.9186 -0.0007
vn 0.0054 0.9948 0.1013
vn -0.9737 0.0266 -0.2261
vn -0.7181 0.6788 -0.1532
vn 0.7187 0.6801 -0.1449
vn 0.7686 -0.4318 -0.4719
vn -0.6700 0.7424 -0.0068
vn -0.5688 -0.1569 0.8074
vn -0.1976 0.6971 0.6892
vn 0.1462 -0.5070 0.8494
vn 0.5802 0.7085 -0.4017
vn 0.0958 -0.3297 -0.9392
vn -0.8717 0.2836 -0.3997
vn -0.2813 0.9447 -0.1686
vn -0.0952 -0.3292 -0.9395
vn -0.2318 0.2791 0.9319
vn 0.3886 -0.4853 0.7833
vn 0.7878 0.6157 -0.0153
vn 0.6136 -0.7596 0.2158
vn 0.6166 -0.7504 0.2379
vn 0.5339 -0.8050 0.2588
vn -0.5994 0.7646 -0.2370
vn -0.6075 0.7592 -0.2337
vn -0.6255 0.7504 -0.2137
vn 0.8159 -0.5665 -0.1159
vn -0.1023 -0.4096 -0.9065
vn -0.5724 -0.3187 0.7555
vn 0.6048 -0.5207 0.6026
vn 0.7607 0.6231 0.1820
vn 0.4455 -0.8945 -0.0390
vn -0.8629 -0.3784 0.3351
vn -0.8952 -0.4444 -0.0331
vn 0.8574 -0.1934 -0.4769
vn 0.0929 0.9949 -0.0386
vn -0.4357 -0.8082 0.3962
vn 0.1803 0.5372 0.8239
vn -0.3280 0.7479 -0.5771
vn -0.5070 -0.5998 0.6190
vn 0.4607 -0.0000 0.8875
vn -0.3636 -0.3180 0.8756
vn -0.1961 -0.2897 -0.9368
vn -0.0636 -0.0431 0.9970
vn -0.2061 -0.0904 -0.9743
vn -0.2021 0.9770 -0.0680
vn -0.8622 0.1945 0.4677
vn -0.1635 -0.0000 0.9865
vn -0.8206 0.5567 0.1289
vn -0.1883 -0.1516 0.9703
vn -0.0196 -0.0172 -0.9997
vn 0.8030 0.5437 -0.2440
vn -0.6106 0.7561 -0.2355
vn 0.1993 -0.7112 -0.6741
vn 0.6525 -0.6947 0.3026
vn 0.4216 -0.8888 0.1797
vn -0.0657 0.9972 -0.0356
vn -0.8450 0.1906 0.4996
vn -0.9043 0.3701 -0.2126
vn -0.6121 0.7535 -0.2399
vn -0.5453 0.7958 -0.2635
vn -0.5853 0.7865 -0.1970
vn -0.4979 0.2942 -0.8158
vn -0.3809 -0.2579 0.8879
vn 0.4731 0.2075 0.8562
vn -0.4478 0.8662 -0.2216
vn 0.0633 -0.1225 -0.9904
vn -0.2934 -0.7546 0.5870
vn -0.3882 0.7513 0.5337
vn 0.7940 -0.2027 0.5732
vn -0.5547 -0.8321 -0.0000
vn -0.4472 -0.8944 -0.0000
vn -0.0000 -0.8682 0.4963
vn 0.4915 -0.7373 0.4635
vn 0.4964 -0.7446 0.4462
vn 0.9883 -0.0034 0.1522
vn 0.5600 -0.0050 0.8285
vn -0.9883 -0.0034 0.1522
vn -0.5600 -0.0050 0.8285
vn -0.7228 -0.0024 -0.6911
vn -0.2428 0.9002 -0.3616
vn 0.9990 0.0382 -0.0241
vn -0.2767 0.9448 0.1755
vn 0.0496 0.9299 0.3645
vn -0.1698 0.9855 0.0018
vn 0.2779 -0.9444 -0.1759
vn -0.3536 -0.7796 -0.5170
vn -0.0023 -0.9919 0.1274
vn -0.0008 -0.9956 0.0939
vn 0.2170 -0.8891 0.4030
vn -0.2849 -0.8551 0.4331
vn 1.0000 0.0093 -0.0012
vn -0.0434 0.0096 0.9990
vn -0.0000 -0.8459 -0.5334
vn 0.3535 0.6231 -0.6977
vn -0.0768 -0.4713 -0.8786
vn -0.6331 0.0467 -0.7726
vn -0.9821 -0.0803 -0.1705
vn 0.8044 -0.1780 -0.5668
vn -0.9975 0.0699 -0.0090
vn -0.1061 -0.0235 0.9941
vn 0.5851 0.0432 0.8098
vn 0.2172 0.9414 0.2580
vn -0.0083 0.9962 -0.0863
vn 0.9975 0.0699 -0.0090
vn 0.3536 0.6230 -0.6978
vn -0.9992 0.0403 -0.0052
vn 0.2849 0.9370 0.2021
vn -0.2059 0.9494 0.2373
vn 0.4997 0.1430 0.8543
vn 0.4344 0.8933 -0.1151
vn -0.0000 -0.9024 -0.4310
vn 0.9753 0.2159 -0.0478
vn -0.4764 -0.0352 -0.8785
vn -0.2468 -0.0554 -0.9675
vn -0.9601 0.0001 -0.2796
vn 0.7196 -0.1593 -0.6759
vn -0.0000 0.4933 -0.8698
vn -0.6555 0.2150 -0.7240
vn -0.3535 -0.8855 0.3015
vn 0.0928 -0.9937 0.0628
vn -0.4729 -0.8545 0.2149
vn -0.1179 0.3905 0.9130
vn -0.8608 -0.4245 0.2807
vn -0.2220 0.8635 0.4528
vn 0.6244 -0.4227 0.6568
vn -0.1023 0.4095 0.9065
vn 0.6232 0.5921 0.5110
vn -0.6223 0.5443 0.5626
vn 0.6979 0.7026 -0.1389
vn 0.4915 0.8688 -0.0607
vn 0.0652 0.2790 -0.9581
vn -0.2189 0.9293 0.2974
vn 0.5701 0.3770 -0.7300
vn -0.4988 0.3377 -0.7982
vn 0.1957 0.6835 -0.7032
vn -0.8154 -0.0001 -0.5789
vn -0.6446 0.5639 -0.5163
vn 0.2824 0.8004 -0.5288
vn -0.6043 0.7149 0.3517
vn -0.4454 -0.8945 0.0389
vn 0.0371 -0.9051 0.4237
vn 0.3154 -0.9398 0.1316
vn -0.9700 0.1811 0.1619
vn -0.0929 0.9949 -0.0386
vn 0.6565 0.7267 -0.2020
vn 0.5776 0.7828 -0.2313
vn -0.3412 -0.8045 -0.4861
vn -0.8505 -0.5243 -0.0428
vn -0.6045 -0.7633 0.2279
vn -0.5357 -0.7840 0.3136
vn -0.5124 0.2247 -0.8288
vn -0.2127 0.9746 0.0709
vn 0.9962 -0.0000 -0.0871
vn -0.0618 0.0540 0.9966
vn 0.8206 0.5567 0.1289
vn 0.3080 -0.3643 -0.8789
vn 0.2740 0.6667 -0.6932
vn -0.1628 0.8096 -0.5640
vn -0.3146 0.9376 -0.1481
vn 0.9552 0.0782 -0.2855
vn -0.7938 -0.1790 -0.5813
vn -0.3247 0.9371 -0.1283
vn 0.0509 -0.0223 0.9985
vn -0.7412 0.6483 0.1741
vn 0.3280 0.7479 -0.5771
vn -0.1113 -0.7276 0.6769
vn 0.0336 -0.9228 0.3838
vn 0.8250 0.1861 0.5337
vn 0.6106 0.7561 -0.2355
vn -0.5199 -0.8542 -0.0000
vn -0.4789 -0.8779 -0.0000
vn -0.7012 0.7012 0.1288
vn -0.7641 0.6368 0.1029
vn -0.6202 0.7753 0.1195
vn -0.5032 -0.8475 -0.1687
vn -0.6046 0.2807 -0.7454
vn -0.4869 -0.7985 0.3540
vn -0.2545 -0.8592 -0.4439
vn -0.5878 0.2578 -0.7668
vn 0.5086 0.8470 0.1549
vn -0.3446 0.3014 -0.8891
vn 0.6797 -0.1807 0.7109
vn 0.2257 -0.2670 -0.9369
vn -0.3179 0.9473 0.0395
vn 0.8535 0.4525 -0.2584
vn -0.8149 -0.1838 -0.5497
vn -0.2502 0.9631 -0.0989
vn 0.1742 0.9774 -0.1198
vn 0.8864 -0.3887 0.2515
vn -0.4052 0.2743 0.8721
vn -0.0878 -0.4411 0.8932
vn -0.7254 -0.4728 -0.5002
vn -0.6786 0.5936 -0.4325
vn 0.5108 0.7848 -0.3510
vn -0.6109 0.7227 0.3233
vn 0.3048 -0.9084 0.2864
vn 0.7693 0.1735 0.6149
vn -0.7844 0.5901 0.1911
vn -0.0633 -0.1225 -0.9904
vn -0.8719 0.1582 -0.4634
vn 0.0369 0.1940 -0.9803
vn -0.7904 -0.1400 -0.5964
vn 0.2702 0.8526 -0.4473
vn 0.4837 -0.4971 0.7204
vn 0.0035 -0.9925 0.1218
vn 0.4282 -0.9031 0.0313
vn 0.3536 -0.6230 0.6977
vn -0.4979 0.0184 0.8671
vn -0.4496 -0.8859 0.1142
vn 0.0871 0.9715 -0.2203
vn -0.3536 0.6230 -0.6978
vn 0.0031 0.9918 -0.1278
vn 0.0031 0.9952 -0.0978
vt 0.696657 0.406122
vt 0.693901 0.387167
vt 0.692000 0.399842
vt 0.690765 0.388410
vt 0.691855 0.389750
vt 0.688656 0.402306
vt 0.690058 0.401688
vt 0.694386 0.408267
vt 0.693706 0.410094
vt 0.707424 0.373125
vt 0.717714 0.407921
vt 0.701499 0.433612
vt 0.703155 0.420476
vt 0.721454 0.428959
vt 0.722936 0.415378
vt 0.713199 0.379997
vt 0.710481 0.393784
vt 0.712089 0.381710
vt 0.707180 0.375708
vt 0.705053 0.377338
vt 0.710049 0.383458
vt 0.708287 0.395683
vt 0.711296 0.394363
vt 0.706206 0.441730
vt 0.708144 0.492614
vt 0.704400 0.463538
vt 0.702306 0.481291
vt 0.725787 0.480809
vt 0.704673 0.497371
vt 0.705409 0.494593
vt 0.698325 0.483984
vt 0.699993 0.483199
vt 0.701914 0.466472
vt 0.700633 0.464482
vt 0.720429 0.447824
vt 0.713109 0.491523
vt 0.736123 0.489404
vt 0.727550 0.460116
vt 0.724695 0.479260
vt 0.717673 0.453008
vt 0.723857 0.463707
vt 0.722090 0.481406
vt 0.720206 0.451237
vt 0.726278 0.461931
vt 0.711394 0.508430
vt 0.729888 0.478221
vt 0.717079 0.520366
vt 0.734682 0.507149
vt 0.477735 0.340291
vt 0.512881 0.264715
vt 0.500210 0.328197
vt 0.513285 0.287975
vt 0.513577 0.287963
vt 0.498009 0.351008
vt 0.500171 0.343325
vt 0.484140 0.362515
vt 0.479338 0.376018
vt 0.528978 0.140663
vt 0.727420 0.346262
vt 0.635222 0.395935
vt 0.698783 0.322120
vt 0.635191 0.500260
vt 0.623960 0.455747
vt 0.492262 0.098440
vt 0.460632 0.169678
vt 0.500323 0.113851
vt 0.527569 0.148265
vt 0.523906 0.168472
vt 0.500660 0.138694
vt 0.465840 0.202047
vt 0.443393 0.165162
vt 0.718436 0.421475
vt 0.484052 0.345738
vt 0.727506 0.501124
vt 0.709967 0.486487
vt 0.723022 0.488420
vt 0.711908 0.479686
vt 0.714591 0.498965
vt 0.711675 0.504508
vt 0.708127 0.479405
vt 0.684250 0.464505
vt 0.678768 0.407373
vt 0.720216 0.454874
vt 0.716843 0.372170
vt 0.736821 0.456542
vt 0.727801 0.427018
vt 0.741303 0.481582
vt 0.728651 0.508510
vt 0.693811 0.368991
vt 0.737304 0.481376
vt 0.733016 0.468220
vt 0.716887 0.448562
vt 0.729711 0.449389
vt 0.721091 0.461045
vt 0.707411 0.467419
vt 0.733798 0.462199
vt 0.691240 0.423335
vt 0.705727 0.318138
vt 0.724935 0.393893
vt 0.605720 0.278392
vt 0.560721 0.370316
vt 0.401391 0.316356
vt 0.334690 0.276106
vt 0.360767 0.312827
vt 0.334187 0.280092
vt 0.313974 0.200352
vt 0.655528 0.206277
vt 0.703737 0.193560
vt 0.727642 0.498156
vt 0.747698 0.457801
vt 0.681860 0.511430
vt 0.702368 0.517720
vt 1.003170 0.908232
vt 0.820464 0.865884
vt 0.850975 0.846383
vt 0.214543 0.825687
vt 0.010694 0.950055
vt 0.006142 0.908428
vt 0.237012 0.910968
vt 0.788844 0.855341
vt 1.006252 0.950030
vt 1.236949 0.915708
vt 0.796403 0.846836
vt 1.223720 0.893559
vt 0.830178 0.828215
vt 1.158811 0.869391
vt 1.117692 0.865999
vt 0.123316 0.863874
vt 0.163267 0.866114
vt 0.224194 0.888593
vt 0.843270 0.824499
vt 0.922386 0.879841
vt 0.780695 0.860209
vt 0.846855 0.824260
vt 0.416153 0.857453
vt 0.246878 0.928814
vt 0.310932 0.608272
vt 0.266375 0.534688
vt 0.293333 0.548285
vt 0.267937 0.530193
vt 0.226897 0.554585
vt 0.103320 0.870841
vt 1.099637 0.872659
vt 1.077543 0.822515
vt 1.223615 0.562922
vt 0.820470 0.749938
vt 0.716011 0.795169
vt 0.780034 0.753001
vt 0.741515 0.769525
vt 0.699773 0.394698
vt 0.679229 0.274306
vt 0.715530 0.380807
vt 0.657415 0.297748
vt 0.695386 0.421610
vt 0.599799 0.262723
vt 0.701003 0.422106
vt 0.593377 0.241038
vt 0.718816 0.406584
vt 0.617055 0.201434
vt 0.724053 0.396683
vt 0.563920 0.190832
vt 0.644048 0.196775
vt 0.710310 0.432659
vt 0.714763 0.423018
vt 0.717589 0.432551
vt 0.709010 0.423132
vt 0.708349 0.419531
vt 0.695397 0.385643
vt 0.714264 0.413062
vt 0.711193 0.371466
vt 0.721184 0.412937
vt 0.723054 0.422046
vt 0.715095 0.391422
vt 0.698423 0.405761
vt 0.701743 0.370177
vt 0.718783 0.411082
vt 0.712173 0.407386
vt 0.510897 0.571735
vt 0.389611 0.437011
vt 0.534062 0.544583
vt 0.375877 0.485915
vt 0.391056 0.469693
vt 0.496362 0.627163
vt 0.383084 0.505204
vt 0.503670 0.642880
vt 0.544153 0.638906
vt 0.601102 0.517532
vt 0.625418 0.661703
vt 0.366942 0.382238
vt 0.326497 0.524055
vt 0.336272 0.442445
vt 0.503239 0.705180
vt 0.576693 0.795929
vt 0.365877 0.474757
vt 0.361629 0.534313
vt 0.374075 0.520947
vt 0.803794 0.808673
vt 0.796650 0.768661
vt 0.803737 0.796229
vt 0.770808 0.771622
vt 0.789127 0.761820
vt 0.796500 0.780031
vt 0.770081 0.782915
vt 0.777755 0.790102
vt 0.779412 0.820487
vt 0.793893 0.789141
vt 0.769257 0.812715
vt 0.770209 0.800419
vt 0.813196 0.824113
vt 0.811581 0.800024
vt 0.803537 0.794856
vt 0.784389 0.805237
vt 0.788251 0.836463
vt 0.783933 0.815099
vt 0.787810 0.846894
vt 0.792338 0.820725
vt 0.799260 0.852241
vt 0.811791 0.809981
vt 0.824373 0.839284
vt 0.823738 0.828755
vt 0.772003 0.812226
vt 0.761056 0.784654
vt 0.759178 0.800938
vt 0.754279 0.784959
vt 0.756636 0.786409
vt 0.752337 0.803597
vt 0.755014 0.802241
vt 0.766852 0.813225
vt 0.766237 0.816421
vt 0.787825 0.769813
vt 0.783883 0.739145
vt 0.757843 0.768810
vt 0.759146 0.752264
vt 0.793813 0.766583
vt 0.794094 0.749697
vt 0.801632 0.781498
vt 0.799088 0.798652
vt 0.799169 0.782424
vt 0.787451 0.772568
vt 0.783439 0.774718
vt 0.795420 0.784691
vt 0.795090 0.801216
vt 0.801533 0.800595
vt 0.768092 0.780028
vt 0.851722 0.863397
vt 0.820883 0.879185
vt 0.814851 0.883434
vt 0.814876 0.881004
vt 0.796150 0.878236
vt 0.799111 0.876523
vt 0.799275 0.865774
vt 0.796459 0.865635
vt 0.788894 0.826419
vt 0.833646 0.846954
vt 0.849431 0.850743
vt 0.828576 0.829680
vt 0.827709 0.817109
vt 0.848711 0.862678
vt 0.829227 0.851267
vt 0.804528 0.863736
vt 0.843162 0.854401
vt 0.844867 0.865575
vt 0.833392 0.848629
vt 0.846731 0.851705
vt 0.788388 0.838830
vt 0.816104 0.811608
vt 0.801038 0.845221
vt 0.804033 0.874758
vt 0.300293 0.791466
vt 0.351744 0.722129
vt 0.349897 0.764967
vt 0.331174 0.765263
vt 0.319776 0.792566
vt 0.319904 0.793026
vt 0.364669 0.755445
vt 0.367869 0.726398
vt 0.374241 0.713095
vt 0.235399 0.694018
vt 0.634996 0.824638
vt 0.978410 0.767547
vt 0.890179 0.834742
vt 1.183707 0.720705
vt 0.186438 0.717922
vt 0.206744 0.768713
vt 0.237174 0.712265
vt 0.194064 0.730573
vt 0.258353 0.720468
vt 0.209558 0.742223
vt 0.221626 0.776571
vt 0.606904 0.869113
vt 0.815402 0.815916
vt 1.233517 0.697130
vt 0.634997 0.931916
vt 0.911008 0.889608
vt 0.360722 0.762016
vt 0.357327 0.731449
vt 0.308365 0.795332
vt 0.780820 0.768402
vt 0.766051 0.771871
vt 0.779341 0.753141
vt 0.766509 0.787645
vt 0.772629 0.790389
vt 0.760046 0.770593
vt 0.771685 0.887611
vt 0.740269 0.834248
vt 0.796944 0.796804
vt 0.768318 0.795567
vt 0.859747 0.846637
vt 0.841969 0.888363
vt 0.803201 0.746939
vt 0.812628 0.771149
vt 0.777117 0.746149
vt 0.822491 0.800892
vt 0.770271 0.792897
vt 0.799323 0.753438
vt 0.797159 0.805614
vt 0.773860 0.805530
vt 0.794207 0.791170
vt 0.806808 0.771339
vt 0.810415 0.785248
vt 0.813228 0.825510
vt 0.800990 0.826218
vt 0.809091 0.815424
vt 0.822690 0.813037
vt 0.840156 0.842070
vt 0.856795 0.857594
vt 0.827807 0.821414
vt 0.820622 0.832455
vt 0.849454 0.874507
vt 0.824366 0.877496
vt 0.806325 0.834650
vt 0.807404 0.861081
vt 0.817706 0.843620
vt 0.827198 0.826350
vt 0.823078 0.838895
vt 0.808493 0.837812
vt 0.379851 0.262550
vt 0.389984 0.255061
vt 0.382407 0.257441
vt 0.383199 0.243347
vt 0.391930 0.255865
vt 0.403878 0.248488
vt 0.394717 0.250721
vt 0.397213 0.235233
vt 0.369700 0.269110
vt 0.378327 0.261758
vt 0.372039 0.264087
vt 0.371627 0.251367
vt 0.414231 0.227513
vt 0.409376 0.244260
vt 0.420439 0.242516
vt 0.406358 0.249371
vt 0.397137 0.299101
vt 0.409586 0.298148
vt 0.408531 0.294564
vt 0.348805 0.260325
vt 0.356724 0.252122
vt 0.340257 0.277646
vt 0.350200 0.257397
vt 0.359647 0.250066
vt 0.361388 0.243492
vt 0.353462 0.251089
vt 0.276811 0.616101
vt 0.277369 0.599638
vt 0.275673 0.605226
vt 0.269022 0.611555
vt 0.277232 0.636878
vt 0.277815 0.618343
vt 0.275955 0.624029
vt 0.268648 0.632284
vt 0.275516 0.588712
vt 0.276504 0.598001
vt 0.276946 0.583299
vt 0.269343 0.593591
vt 0.276295 0.645574
vt 0.268188 0.656199
vt 0.277747 0.660751
vt 0.278354 0.639873
vt 0.723508 0.450615
vt 0.716670 0.412194
vt 0.715354 0.423639
vt 0.724561 0.439988
vt 0.709581 0.443008
vt 0.720671 0.433758
vt 0.708397 0.453379
vt 0.712046 0.459978
vt 0.702279 0.434903
vt 0.712311 0.405944
vt 0.698282 0.428144
vt 0.699757 0.416990
vt 0.723000 0.448878
vt 0.726222 0.466720
vt 0.718230 0.440992
vt 0.714377 0.476219
vt 0.703112 0.465410
vt 0.713183 0.487811
vt 0.717145 0.495659
vt 0.707543 0.473913
vt 0.730457 0.474199
vt 0.729419 0.486108
vt 0.721674 0.462332
vt 0.704632 0.452449
vt 0.890633 0.858606
vt 0.890353 0.860018
vt 0.890322 0.860000
vt 0.890254 0.859962
vt 0.889975 0.861298
vt 0.889400 0.860171
vt 0.890718 0.856107
vt 0.888975 0.863378
vt 0.269118 0.629893
vt 0.260630 0.632184
vt 0.267167 0.627660
vt 0.259641 0.645355
vt 0.269679 0.616184
vt 0.267736 0.614551
vt 0.264948 0.617788
vt 0.264501 0.645011
vt 0.262246 0.643747
vt 0.266861 0.639643
vt 0.265516 0.632782
vt 0.269997 0.625524
vt 0.266142 0.626388
vt 0.267564 0.616493
vt 0.270350 0.616374
vt 0.264273 0.629670
vt 0.261516 0.629898
vt 0.263731 0.647956
vt 0.260953 0.647159
vt 0.263321 0.635513
vt 0.262845 0.651686
vt 0.267879 0.641772
vt 0.261941 0.652934
vt 0.262564 0.621236
vt 0.252780 0.648476
vt 0.269187 0.632810
vt 0.259510 0.650030
vt 0.260391 0.644421
vt 0.261525 0.636612
vt 0.260818 0.634198
vt 0.259215 0.630668
vt 0.256747 0.649724
vt 0.263849 0.625439
vt 0.264772 0.620398
vt 0.255199 0.614199
vt 0.250177 0.636931
vt 0.267884 0.613537
vt 0.265246 0.611087
vt 0.269771 0.607069
vt 0.271434 0.613514
vt 0.271953 0.612712
vt 0.262526 0.600319
vt 0.271435 0.624347
vt 1.241819 0.873165
vt 1.259756 0.833180
vt 0.793333 0.945925
vt 0.815312 0.941913
vt 0.259286 0.832501
vt 0.238440 0.871481
vt 0.228390 0.870005
vt 0.040533 0.956265
vt 0.373764 0.768736
vt 0.592184 0.872343
vt 0.372064 0.769512
vt 0.548370 0.231201
vt 0.659825 0.359422
vt 0.663921 0.355247
vt 0.655655 0.304536
vt 0.579740 0.237199
vt 0.581848 0.230126
vt 0.721999 0.504262
vt 0.715626 0.495937
vt 0.713005 0.504455
vt 0.715991 0.507109
vt 0.714973 0.511209
vt 0.715569 0.507502
vt 0.720322 0.511734
vt 0.719339 0.511776
vt 0.722575 0.502852
vt 0.720924 0.495481
vt 0.718895 0.499565
vt 0.720216 0.501883
vt 0.715800 0.497619
vt 0.721296 0.497697
vt 0.721512 0.498532
vt 0.719432 0.495338
vt 0.722795 0.501657
vt 0.722231 0.502483
vt 0.722949 0.506147
vt 0.715933 0.511445
vt 0.716578 0.513289
vt 0.718350 0.513513
vt 0.714309 0.508170
vt 0.715112 0.509892
vt 0.733371 0.495543
vt 0.727068 0.486444
vt 0.724288 0.497137
vt 0.726853 0.495280
vt 0.726800 0.502269
vt 0.726727 0.498845
vt 0.730155 0.503370
vt 0.730120 0.504859
vt 0.731692 0.494909
vt 0.733398 0.499340
vt 0.730957 0.491625
vt 0.727827 0.488660
vt 0.731878 0.486456
vt 0.726322 0.492577
vt 0.726407 0.489059
vt 0.728440 0.489243
vt 0.729209 0.486904
vt 0.730961 0.488892
vt 0.731749 0.488015
vt 0.732862 0.490574
vt 0.733273 0.492008
vt 0.734074 0.494137
vt 0.733918 0.498053
vt 0.731408 0.501865
vt 0.732718 0.502300
vt 0.732988 0.498427
vt 0.730623 0.505008
vt 0.719347 0.484919
vt 0.722761 0.486214
vt 0.724722 0.480632
vt 0.719973 0.476979
vt 0.720717 0.486066
vt 0.720196 0.483481
vt 0.723899 0.486803
vt 0.724389 0.480256
vt 0.723518 0.475179
vt 0.721121 0.480135
vt 0.721653 0.476965
vt 0.719039 0.481310
vt 0.719617 0.481531
vt 0.719665 0.485086
vt 0.719897 0.477887
vt 0.720713 0.478569
vt 0.721569 0.475940
vt 0.722213 0.477273
vt 0.723664 0.477386
vt 0.723863 0.476948
vt 0.724928 0.479275
vt 0.724832 0.481015
vt 0.725216 0.482590
vt 0.724606 0.485616
vt 0.724069 0.484261
vt 0.720595 0.487213
vt 0.721226 0.486905
vt 0.719617 0.485017
vt 0.704347 0.427861
vt 0.706608 0.437673
vt 0.705872 0.432018
vt 0.704351 0.435116
vt 0.703335 0.427502
vt 0.706455 0.421966
vt 0.709161 0.427501
vt 0.709464 0.421781
vt 0.707862 0.422680
vt 0.711549 0.430533
vt 0.710794 0.427872
vt 0.709495 0.427251
vt 0.710262 0.436383
vt 0.708141 0.434926
vt 0.706786 0.432667
vt 0.703963 0.433194
vt 0.704651 0.435253
vt 0.705824 0.437645
vt 0.705516 0.435785
vt 0.707835 0.438053
vt 0.707517 0.435692
vt 0.709935 0.436482
vt 0.711720 0.429722
vt 0.710558 0.424987
vt 0.711043 0.427316
vt 0.707745 0.425624
vt 0.708749 0.423169
vt 0.710122 0.425623
vt 0.709128 0.423375
vt 0.707120 0.423416
vt 0.705162 0.425417
vt 0.705956 0.427853
vt 0.704748 0.431197
vt 0.703885 0.429180
vt 0.713720 0.416513
vt 0.713089 0.425007
vt 0.720303 0.421716
vt 0.714920 0.424288
vt 0.716994 0.430178
vt 0.714974 0.425712
vt 0.713961 0.418143
vt 0.718918 0.420164
vt 0.716984 0.419605
vt 0.717545 0.414469
vt 0.720208 0.420700
vt 0.718424 0.413570
vt 0.720554 0.426904
vt 0.716040 0.427418
vt 0.714534 0.428364
vt 0.714270 0.426835
vt 0.713354 0.424198
vt 0.716141 0.430019
vt 0.718539 0.429421
vt 0.716258 0.427837
vt 0.718428 0.426643
vt 0.721361 0.422714
vt 0.720718 0.419926
vt 0.720118 0.423737
vt 0.719149 0.417267
vt 0.718014 0.414904
vt 0.719774 0.416205
vt 0.714631 0.417279
vt 0.717167 0.417630
vt 0.715330 0.419831
vt 0.714170 0.422458
vt 0.713349 0.420987
vt 0.713939 0.425625
vt 0.713665 0.447585
vt 0.717695 0.451302
vt 0.719359 0.444552
vt 0.715597 0.452445
vt 0.714263 0.451556
vt 0.714251 0.447864
vt 0.716021 0.447213
vt 0.716330 0.442368
vt 0.718706 0.446342
vt 0.716668 0.443275
vt 0.717227 0.448901
vt 0.718917 0.451962
vt 0.713938 0.448936
vt 0.714536 0.450689
vt 0.714920 0.451793
vt 0.717277 0.452106
vt 0.716958 0.454089
vt 0.718630 0.452698
vt 0.719772 0.449782
vt 0.719159 0.448781
vt 0.719061 0.444860
vt 0.719605 0.446337
vt 0.716985 0.444389
vt 0.717658 0.442856
vt 0.718575 0.444660
vt 0.801275 0.840000
vt 0.807455 0.834013
vt 0.793131 0.831243
vt 0.794041 0.834429
vt 0.794420 0.839255
vt 0.802429 0.830777
vt 0.803779 0.837457
vt 0.794759 0.837960
vt 0.792228 0.829172
vt 0.802353 0.831855
vt 0.802719 0.825089
vt 0.796260 0.824350
vt 0.795232 0.832338
vt 0.806798 0.833664
vt 0.805614 0.832248
vt 0.805886 0.828731
vt 0.800802 0.838627
vt 0.799018 0.836297
vt 0.803154 0.834622
vt 0.795728 0.838642
vt 0.794111 0.835581
vt 0.792544 0.836509
vt 0.791490 0.833262
vt 0.818446 0.830506
vt 0.825075 0.823010
vt 0.812957 0.819107
vt 0.809633 0.821252
vt 0.812383 0.825268
vt 0.816881 0.830057
vt 0.816164 0.824242
vt 0.809797 0.827293
vt 0.823167 0.825690
vt 0.821096 0.818381
vt 0.818095 0.814646
vt 0.819399 0.820604
vt 0.812109 0.815798
vt 0.822636 0.818095
vt 0.808992 0.822642
vt 0.809862 0.825761
vt 0.810067 0.823262
vt 0.809777 0.818890
vt 0.817704 0.816625
vt 0.818717 0.814690
vt 0.815994 0.814693
vt 0.820774 0.817389
vt 0.821783 0.816662
vt 0.823342 0.819842
vt 0.822953 0.819259
vt 0.823982 0.823319
vt 0.822541 0.822137
vt 0.818630 0.828904
vt 0.816534 0.826879
vt 0.820343 0.824788
vt 0.813833 0.829408
vt 0.812636 0.827135
vt 0.793625 0.806721
vt 0.795294 0.812295
vt 0.794242 0.805060
vt 0.795201 0.806701
vt 0.800992 0.806035
vt 0.798193 0.811347
vt 0.798594 0.807809
vt 0.802147 0.809783
vt 0.801346 0.803894
vt 0.796718 0.801104
vt 0.801342 0.803298
vt 0.795309 0.803366
vt 0.794767 0.801817
vt 0.793227 0.805689
vt 0.799375 0.809375
vt 0.799522 0.811387
vt 0.796763 0.810088
vt 0.796641 0.811608
vt 0.764702 0.757243
vt 0.763987 0.771797
vt 0.775070 0.763851
vt 0.770028 0.761519
vt 0.769451 0.771258
vt 0.762835 0.765961
vt 0.763223 0.762767
vt 0.761068 0.761043
vt 0.766835 0.754951
vt 0.771345 0.757329
vt 0.772810 0.761130
vt 0.772451 0.771691
vt 0.768649 0.767770
vt 0.761522 0.766662
vt 0.761639 0.764950
vt 0.763519 0.767829
vt 0.766805 0.769759
vt 0.769404 0.771948
vt 0.765638 0.771722
vt 0.774046 0.765273
vt 0.772334 0.770271
vt 0.770933 0.769105
vt 0.766905 0.756192
vt 0.765245 0.754771
vt 0.764278 0.757652
vt 0.762541 0.757765
vt 0.778476 0.751240
vt 0.777067 0.758634
vt 0.790915 0.753428
vt 0.779116 0.754893
vt 0.781682 0.765024
vt 0.786387 0.752558
vt 0.786115 0.762592
vt 0.779464 0.757851
vt 0.780197 0.747550
vt 0.783737 0.747138
vt 0.785529 0.746152
vt 0.788631 0.752883
vt 0.789474 0.761346
vt 0.784593 0.759471
vt 0.780775 0.761019
vt 0.779296 0.761399
vt 0.778356 0.757949
vt 0.781423 0.763435
vt 0.784571 0.761470
vt 0.784379 0.763712
vt 0.787986 0.759893
vt 0.788089 0.762106
vt 0.789722 0.757027
vt 0.790190 0.758230
vt 0.790203 0.752769
vt 0.789361 0.749193
vt 0.790697 0.754214
vt 0.787174 0.746350
vt 0.788939 0.750230
vt 0.779701 0.747641
vt 0.782119 0.748107
vt 0.782013 0.746055
vt 0.780269 0.777351
vt 0.781578 0.777540
vt 0.780294 0.771975
vt 0.780563 0.772899
vt 0.779983 0.780704
vt 0.785804 0.770145
vt 0.786887 0.771908
vt 0.785327 0.774288
vt 0.785919 0.776387
vt 0.788351 0.778395
vt 0.785030 0.781926
vt 0.784687 0.780815
vt 0.788223 0.774666
vt 0.786470 0.770331
vt 0.786928 0.772126
vt 0.783086 0.769169
vt 0.782076 0.770974
vt 0.784675 0.770729
vt 0.779779 0.771676
vt 0.779687 0.773133
vt 0.779041 0.776892
vt 0.703299 0.242551
vt 0.704911 0.244668
vt 0.702568 0.234961
vt 0.705405 0.246904
vt 0.706917 0.251026
vt 0.705074 0.244754
vt 0.704556 0.241320
vt 0.710327 0.231345
vt 0.707670 0.230089
vt 0.709263 0.232699
vt 0.705504 0.235279
vt 0.709950 0.239509
vt 0.711285 0.235346
vt 0.709788 0.233332
vt 0.707865 0.234795
vt 0.703910 0.232312
vt 0.703221 0.241902
vt 0.708513 0.257256
vt 0.708813 0.258802
vt 0.707110 0.251402
vt 0.705344 0.243700
vt 0.707249 0.247523
vt 0.706246 0.243711
vt 0.708016 0.244834
vt 0.709620 0.244416
vt 0.707600 0.239160
vt 0.711772 0.245179
vt 0.711901 0.240423
vt 0.713466 0.244541
vt 0.712557 0.239599
vt 0.713029 0.240462
vt 0.713354 0.240464
vt 0.713393 0.236812
vt 0.713477 0.241101
vt 0.713105 0.236283
vt 0.712627 0.235916
vt 0.712684 0.239249
vt 0.711504 0.237835
vt 0.710749 0.238771
vt 0.710183 0.239424
vt 0.705592 0.238200
vt 0.706007 0.236153
vt 0.707430 0.242599
vt 0.704778 0.238880
vt 0.706009 0.243762
vt 0.704138 0.239670
vt 0.703521 0.237669
vt 0.704399 0.242489
vt 0.706624 0.250156
vt 0.709452 0.258225
vt 0.708168 0.253169
vt 0.710119 0.253027
vt 0.711367 0.251269
vt 0.710144 0.249765
vt 0.713292 0.252816
vt 0.712115 0.248684
vt 0.715194 0.249056
vt 0.715483 0.248748
vt 0.715185 0.244854
vt 0.715416 0.246909
vt 0.714279 0.245672
vt 0.713079 0.245282
vt 0.712448 0.247595
vt 0.710313 0.242807
vt 0.710453 0.245991
vt 0.708261 0.239203
vt 0.709285 0.246232
vt 0.708716 0.249385
vt 0.706820 0.245325
vt 0.707301 0.249262
vt 0.708566 0.256087
vt 0.710992 0.265483
vt 0.710259 0.263668
vt 0.710966 0.265612
vt 0.709602 0.254042
vt 0.710379 0.259768
vt 0.712082 0.258835
vt 0.711976 0.256274
vt 0.713811 0.258853
vt 0.715279 0.255180
vt 0.715364 0.259135
vt 0.713837 0.248885
vt 0.716886 0.256784
vt 0.716124 0.252959
vt 0.716851 0.251443
vt 0.717254 0.255261
vt 0.715880 0.251306
vt 0.716544 0.252111
vt 0.715622 0.253118
vt 0.714177 0.251025
vt 0.711216 0.252212
vt 0.712758 0.252490
vt 0.710356 0.253596
vt 0.709117 0.253898
vt 0.709422 0.257214
vt 0.710555 0.262171
vt 0.711435 0.268761
vt 0.711392 0.264346
vt 0.712541 0.264745
vt 0.713556 0.265410
vt 0.714921 0.266388
vt 0.713687 0.262594
vt 0.716248 0.265486
vt 0.716902 0.262564
vt 0.718277 0.262583
vt 0.718438 0.257842
vt 0.718856 0.262476
vt 0.718736 0.260906
vt 0.718441 0.256443
vt 0.717856 0.257224
vt 0.717540 0.259552
vt 0.715953 0.257158
vt 0.715443 0.258576
vt 0.713834 0.255474
vt 0.714361 0.260050
vt 0.713001 0.258643
vt 0.712208 0.259178
vt 0.711401 0.259424
vt 0.710983 0.260447
vt 0.711132 0.265661
vt 0.712754 0.269926
vt 0.714019 0.269814
vt 0.717253 0.271352
vt 0.718309 0.266740
vt 0.719535 0.265387
vt 0.715363 0.261309
vt 0.713999 0.263133
vt 0.712741 0.264653
vt 0.711585 0.264457
vt 0.719831 0.293796
vt 0.720889 0.295488
vt 0.722553 0.294596
vt 0.723728 0.293490
vt 0.719999 0.264221
vt 0.719376 0.262673
vt 0.724380 0.293418
vt 0.717411 0.261359
vt 0.721026 0.291310
vt 0.721980 0.289511
vt 0.671672 0.216900
vt 0.669751 0.215666
vt 0.668965 0.210036
vt 0.673592 0.222643
vt 0.675958 0.224844
vt 0.673706 0.219735
vt 0.670166 0.215818
vt 0.670480 0.213199
vt 0.670473 0.205142
vt 0.667094 0.206079
vt 0.674627 0.210365
vt 0.674920 0.201847
vt 0.680904 0.205857
vt 0.674604 0.199460
vt 0.674794 0.205442
vt 0.669581 0.202183
vt 0.670694 0.209044
vt 0.671951 0.217783
vt 0.676670 0.225330
vt 0.677484 0.230363
vt 0.680137 0.233309
vt 0.674128 0.218991
vt 0.672646 0.215150
vt 0.675207 0.216664
vt 0.677076 0.217430
vt 0.679125 0.217322
vt 0.677408 0.212035
vt 0.677583 0.207777
vt 0.679392 0.212790
vt 0.680968 0.211722
vt 0.681198 0.207995
vt 0.683148 0.212885
vt 0.684403 0.212899
vt 0.678370 0.202962
vt 0.681808 0.205766
vt 0.682166 0.210358
vt 0.681393 0.208582
vt 0.680349 0.205233
vt 0.681057 0.209750
vt 0.679119 0.209489
vt 0.677298 0.206395
vt 0.678956 0.212879
vt 0.676163 0.210994
vt 0.673722 0.208915
vt 0.675472 0.214886
vt 0.672634 0.209926
vt 0.673280 0.215550
vt 0.671772 0.214326
vt 0.672013 0.215874
vt 0.677209 0.229182
vt 0.680164 0.233628
vt 0.677015 0.225357
vt 0.677777 0.222337
vt 0.678886 0.225021
vt 0.682212 0.225685
vt 0.681284 0.219830
vt 0.683713 0.222660
vt 0.683414 0.217682
vt 0.684678 0.220236
vt 0.685315 0.218307
vt 0.687274 0.220333
vt 0.685728 0.216673
vt 0.686335 0.218317
vt 0.686042 0.219228
vt 0.684111 0.213037
vt 0.683514 0.217559
vt 0.681926 0.217682
vt 0.680799 0.219448
vt 0.678845 0.218909
vt 0.675654 0.218407
vt 0.678684 0.223470
vt 0.676443 0.222869
vt 0.680535 0.232087
vt 0.683010 0.239577
vt 0.683847 0.243957
vt 0.686665 0.248490
vt 0.681763 0.234199
vt 0.679329 0.230639
vt 0.680390 0.230446
vt 0.683706 0.234051
vt 0.684464 0.232819
vt 0.684842 0.227510
vt 0.686623 0.232192
vt 0.689341 0.229374
vt 0.687407 0.228191
vt 0.688371 0.223588
vt 0.688942 0.225708
vt 0.688806 0.225082
vt 0.687148 0.224840
vt 0.686515 0.226251
vt 0.685092 0.226258
vt 0.682343 0.225533
vt 0.682821 0.229708
vt 0.680146 0.224479
vt 0.680631 0.230015
vt 0.682491 0.238082
vt 0.684106 0.242990
vt 0.685576 0.246584
vt 0.683728 0.239827
vt 0.688028 0.238631
vt 0.689852 0.236488
vt 0.690175 0.233109
vt 0.692848 0.238921
vt 0.692585 0.235008
vt 0.693093 0.234419
vt 0.692888 0.232970
vt 0.693198 0.232978
vt 0.689060 0.224165
vt 0.692861 0.232504
vt 0.692492 0.231996
vt 0.692207 0.233541
vt 0.688548 0.225930
vt 0.689596 0.234169
vt 0.686189 0.234690
vt 0.687138 0.233701
vt 0.684130 0.239361
vt 0.681203 0.234543
vt 0.685134 0.245065
vt 0.686861 0.246576
vt 0.686835 0.244838
vt 0.685177 0.239764
vt 0.688662 0.244255
vt 0.690048 0.243177
vt 0.691549 0.242419
vt 0.696050 0.249586
vt 0.696252 0.244633
vt 0.694333 0.241967
vt 0.690310 0.231476
vt 0.691697 0.235137
vt 0.689529 0.244855
vt 0.685303 0.240498
vt 0.684707 0.235475
vt 0.715655 0.329412
vt 0.689868 0.236767
vt 0.714594 0.327829
vt 0.715514 0.325398
vt 0.717744 0.331504
vt 0.718448 0.327244
vt 0.719289 0.326961
vt 0.717630 0.324628
vt 0.317455 0.239600
vt 0.317020 0.240941
vt 0.314106 0.244335
vt 0.319936 0.234112
vt 0.318647 0.236518
vt 0.316753 0.240216
vt 0.316334 0.243562
vt 0.307283 0.239494
vt 0.310514 0.237451
vt 0.307749 0.244062
vt 0.314172 0.244731
vt 0.310713 0.246643
vt 0.307284 0.239304
vt 0.308470 0.236021
vt 0.314353 0.237131
vt 0.313922 0.239958
vt 0.316689 0.240798
vt 0.317723 0.237623
vt 0.319602 0.236240
vt 0.320957 0.231827
vt 0.315310 0.241133
vt 0.313695 0.243857
vt 0.312379 0.243728
vt 0.311341 0.241840
vt 0.309571 0.241915
vt 0.309615 0.237981
vt 0.307898 0.241226
vt 0.307371 0.239925
vt 0.308922 0.236019
vt 0.306905 0.236072
vt 0.308964 0.232808
vt 0.307184 0.234828
vt 0.307686 0.233720
vt 0.309876 0.231031
vt 0.309924 0.233503
vt 0.310904 0.229950
vt 0.311965 0.230918
vt 0.312181 0.231483
vt 0.312603 0.233893
vt 0.314352 0.229409
vt 0.314457 0.231815
vt 0.316161 0.230590
vt 0.315759 0.233474
vt 0.316722 0.234257
vt 0.317378 0.236422
vt 0.317518 0.236376
vt 0.320340 0.232319
vt 0.323517 0.227162
vt 0.323328 0.226944
vt 0.320172 0.233078
vt 0.317806 0.237437
vt 0.315723 0.238583
vt 0.314275 0.240817
vt 0.314568 0.236830
vt 0.313163 0.240596
vt 0.312092 0.239901
vt 0.312204 0.236659
vt 0.310224 0.238129
vt 0.310764 0.232947
vt 0.309158 0.233174
vt 0.310231 0.229837
vt 0.309492 0.230843
vt 0.310974 0.228349
vt 0.312598 0.226934
vt 0.314173 0.225182
vt 0.314813 0.226807
vt 0.316652 0.227645
vt 0.318502 0.228303
vt 0.318700 0.231082
vt 0.318991 0.231101
vt 0.319475 0.232682
vt 0.321439 0.229832
vt 0.324324 0.225410
vt 0.325738 0.223790
vt 0.321527 0.228205
vt 0.318105 0.235073
vt 0.320249 0.232271
vt 0.316751 0.233922
vt 0.313889 0.232177
vt 0.314938 0.233458
vt 0.311818 0.234070
vt 0.312648 0.230872
vt 0.311771 0.228313
vt 0.311203 0.226295
vt 0.312782 0.223777
vt 0.311532 0.224262
vt 0.313758 0.221707
vt 0.314733 0.222307
vt 0.316843 0.220824
vt 0.318178 0.221421
vt 0.316845 0.223381
vt 0.318024 0.223810
vt 0.319767 0.223346
vt 0.321332 0.224828
vt 0.321800 0.226039
vt 0.321382 0.228312
vt 0.323845 0.226569
vt 0.326961 0.217750
vt 0.324243 0.226975
vt 0.319175 0.229874
vt 0.317890 0.229048
vt 0.316672 0.228764
vt 0.314116 0.225669
vt 0.315204 0.226762
vt 0.312241 0.226965
vt 0.314017 0.223366
vt 0.312857 0.223063
vt 0.313155 0.220543
vt 0.313640 0.220218
vt 0.314659 0.218920
vt 0.317488 0.216555
vt 0.319303 0.216301
vt 0.322270 0.220630
vt 0.323526 0.223778
vt 0.325938 0.222389
vt 0.323125 0.227408
vt 0.322346 0.223013
vt 0.321126 0.228195
vt 0.317179 0.224826
vt 0.315101 0.220941
vt 0.313831 0.219916
vt 0.314977 0.215438
vt 0.314613 0.216351
vt 0.316632 0.216622
vt 0.316318 0.214292
vt 0.321030 0.209388
vt 0.320691 0.218973
vt 0.321440 0.214464
vt 0.323595 0.214931
vt 0.324497 0.217325
vt 0.325861 0.218214
vt 0.325888 0.220961
vt 0.386399 0.145248
vt 0.379603 0.137637
vt 0.381242 0.132747
vt 0.381932 0.136814
vt 0.386973 0.140988
vt 0.376047 0.143167
vt 0.363476 0.145107
vt 0.369721 0.143378
vt 0.373792 0.138426
vt 0.373783 0.138077
vt 0.380444 0.132795
vt 0.368436 0.143342
vt 0.356041 0.148415
vt 0.361118 0.146952
vt 0.358674 0.144083
vt 0.350483 0.145303
vt 0.351159 0.137823
vt 0.349262 0.139046
vt 0.358511 0.132132
vt 0.358264 0.141134
vt 0.365116 0.139894
vt 0.370459 0.142321
vt 0.375542 0.135902
vt 0.369725 0.139413
vt 0.365985 0.144628
vt 0.364150 0.144583
vt 0.364225 0.141315
vt 0.361470 0.139376
vt 0.356803 0.141164
vt 0.358060 0.136864
vt 0.357310 0.131575
vt 0.352137 0.140864
vt 0.350820 0.133968
vt 0.350633 0.136133
vt 0.357372 0.127520
vt 0.353672 0.131105
vt 0.353975 0.130114
vt 0.355995 0.127375
vt 0.356953 0.126724
vt 0.358108 0.127849
vt 0.354799 0.132140
vt 0.362964 0.133399
vt 0.369954 0.128021
vt 0.364979 0.135894
vt 0.373046 0.133438
vt 0.369503 0.133244
vt 0.370366 0.138371
vt 0.371592 0.137638
vt 0.373779 0.137896
vt 0.396023 0.123839
vt 0.395546 0.123283
vt 0.387219 0.128183
vt 0.369898 0.134758
vt 0.373734 0.134566
vt 0.365532 0.135738
vt 0.367295 0.131429
vt 0.364095 0.131149
vt 0.362005 0.129657
vt 0.365751 0.123691
vt 0.364409 0.123089
vt 0.362690 0.122755
vt 0.366248 0.119839
vt 0.369685 0.119771
vt 0.361340 0.127727
vt 0.367456 0.119963
vt 0.374150 0.119417
vt 0.363719 0.129166
vt 0.369308 0.123965
vt 0.375991 0.121601
vt 0.376190 0.125866
vt 0.378552 0.127693
vt 0.378625 0.131779
vt 0.379815 0.132136
vt 0.388027 0.126543
vt 0.396073 0.123162
vt 0.385039 0.129051
vt 0.383010 0.128865
vt 0.381813 0.127420
vt 0.375383 0.130401
vt 0.378442 0.125330
vt 0.373322 0.125001
vt 0.373691 0.121266
vt 0.373251 0.117755
vt 0.372631 0.115259
vt 0.365076 0.118921
vt 0.365709 0.117646
vt 0.371369 0.115410
vt 0.380816 0.110882
vt 0.381769 0.115853
vt 0.383289 0.121769
vt 0.384240 0.118811
vt 0.389392 0.119839
vt 0.385558 0.124999
vt 0.389810 0.123600
vt 0.401098 0.119959
vt 0.405476 0.119616
vt 0.404705 0.120196
vt 0.415180 0.110647
vt 0.391374 0.123323
vt 0.396204 0.119912
vt 0.388487 0.120930
vt 0.386192 0.118007
vt 0.386260 0.114766
vt 0.378439 0.119778
vt 0.375659 0.109934
vt 0.382034 0.109017
vt 0.382870 0.106954
vt 0.378799 0.109137
vt 0.374176 0.114665
vt 0.387809 0.108150
vt 0.389418 0.110093
vt 0.394171 0.110543
vt 0.391361 0.114260
vt 0.396044 0.113752
vt 0.409253 0.115660
vt 0.629598 0.130654
vt 0.400059 0.120858
vt 0.394120 0.118217
vt 0.405930 0.103933
vt 0.391871 0.116843
vt 0.380775 0.113934
vt 0.386819 0.110837
vt 0.384559 0.108364
vt 0.378466 0.112084
vt 0.384135 0.106825
vt 0.388226 0.104369
vt 0.386015 0.103813
vt 0.389042 0.103122
vt 0.403153 0.099898
vt 0.393169 0.103935
vt 0.396856 0.104841
vt 0.405183 0.106614
vt 0.412043 0.107147
vt 0.404628 0.112273
vt 0.397469 0.117097
vt 0.406163 0.114983
vt 0.397881 0.119970
vt 0.631090 0.128853
vt 0.638342 0.124106
vt 0.640596 0.121350
vt 0.639755 0.124369
vt 0.631840 0.127523
vt 0.404338 0.103639
vt 0.408064 0.101200
vt 0.394642 0.106477
vt 0.404748 0.102564
vt 0.383909 0.101357
vt 0.374765 0.102480
vt 0.382741 0.107865
vt 0.379739 0.093733
vt 0.375512 0.098362
vt 0.385143 0.091890
vt 0.382139 0.099260
vt 0.395428 0.095834
vt 0.388931 0.103464
vt 0.412999 0.099685
vt 0.418208 0.097033
vt 0.431858 0.093491
vt 0.428254 0.094222
vt 0.400031 0.103285
vt 0.401353 0.101705
vt 0.393753 0.104196
vt 0.399748 0.098696
vt 0.391360 0.103224
vt 0.392785 0.099108
vt 0.394864 0.094239
vt 0.381818 0.097969
vt 0.391686 0.092404
vt 0.379851 0.096261
vt 0.390916 0.088405
vt 0.382406 0.090413
vt 0.390225 0.088861
vt 0.397472 0.087575
vt 0.394080 0.090653
vt 0.399240 0.091574
vt 0.405050 0.094035
vt 0.397876 0.099225
vt 0.408751 0.097105
vt 0.406114 0.099496
vt 0.406055 0.100994
vt 0.399873 0.104246
vt 0.433148 0.092393
vt 0.452222 0.088434
vt 0.441707 0.092141
vt 0.414330 0.097193
vt 0.399194 0.094467
vt 0.407274 0.093209
vt 0.402030 0.089443
vt 0.400896 0.086549
vt 0.392997 0.086919
vt 0.386270 0.091953
vt 0.405113 0.082478
vt 0.393158 0.085756
vt 0.414212 0.082099
vt 0.403136 0.085136
vt 0.413299 0.084296
vt 0.408167 0.087102
vt 0.414984 0.087477
vt 0.412323 0.090080
vt 0.420371 0.089276
vt 0.418576 0.091798
vt 0.418331 0.095883
vt 0.424261 0.094951
vt 0.444140 0.091601
vt 0.447929 0.089423
vt 0.423316 0.095358
vt 0.429225 0.091549
vt 0.415019 0.090584
vt 0.423159 0.089931
vt 0.420166 0.087224
vt 0.419982 0.084809
vt 0.409751 0.085470
vt 0.421094 0.081162
vt 0.408293 0.083928
vt 0.407686 0.080989
vt 0.419560 0.079424
vt 0.413117 0.078640
vt 0.422181 0.076638
vt 0.400629 0.083651
vt 0.424465 0.076150
vt 0.411656 0.078454
vt 0.404534 0.083354
vt 0.422520 0.077020
vt 0.421257 0.078778
vt 0.431617 0.078646
vt 0.422890 0.082297
vt 0.436367 0.080175
vt 0.428271 0.084192
vt 0.437880 0.084809
vt 0.431468 0.089029
vt 0.436923 0.089700
vt 0.436599 0.091024
vt 0.449754 0.088183
vt 0.460389 0.088545
vt 0.484947 0.081465
vt 0.464583 0.087235
vt 0.446513 0.088682
vt 0.446860 0.085709
vt 0.434245 0.089138
vt 0.432763 0.087499
vt 0.440444 0.083578
vt 0.441785 0.080454
vt 0.440084 0.075723
vt 0.435077 0.074395
vt 0.439603 0.072920
vt 0.434553 0.073750
vt 0.438428 0.072345
vt 0.446656 0.071090
vt 0.435694 0.075464
vt 0.443753 0.073528
vt 0.452908 0.073463
vt 0.451855 0.076584
vt 0.448221 0.080982
vt 0.445765 0.086780
vt 0.450467 0.083636
vt 0.458891 0.084902
vt 0.462740 0.086927
vt 0.449526 0.083788
vt 0.468198 0.078092
vt 0.436718 0.078530
vt 0.448204 0.072727
vt 0.456636 0.069844
vt 0.479450 0.069559
vt 0.483249 0.072454
vt 0.461042 0.077161
vt 0.462622 0.081328
vt 0.454497 0.086452
vt 0.672778 0.148559
vt 0.680100 0.145047
vt 0.680355 0.144378
vt 0.673680 0.146573
vt 0.670848 0.149365
vt 0.016402 0.860296
vt 0.018185 0.858875
vt 0.011694 0.860228
vt 0.011463 0.860386
vt 0.004334 0.861243
vt 0.013416 0.860369
vt 0.020777 0.856485
vt 0.013387 0.858214
vt 0.018581 0.852656
vt 0.011622 0.850053
vt 0.011135 0.852263
vt 0.023346 0.849557
vt 0.016696 0.848536
vt 0.014523 0.846857
vt 0.017715 0.851811
vt 0.016441 0.849870
vt 0.017922 0.853756
vt 0.023616 0.857010
vt 0.017675 0.857873
vt 0.018215 0.855737
vt 0.011416 0.858880
vt 0.007018 0.861643
vt 0.002612 0.860129
vt 0.000511 0.861166
vt 1.001563 0.860274
vt 0.997205 0.862094
vt 0.993545 0.860448
vt 0.999711 0.860488
vt 0.004754 0.861431
vt 0.000913 0.860050
vt 0.007544 0.859390
vt 0.011439 0.855906
vt 0.007234 0.856777
vt 0.007454 0.854210
vt 0.005604 0.851716
vt 0.019514 0.849154
vt 0.009132 0.848981
vt 0.013009 0.847235
vt 0.006569 0.848616
vt 0.010879 0.847170
vt 0.020999 0.847171
vt 0.008231 0.848146
vt 0.014664 0.847383
vt 0.009362 0.848983
vt 0.011476 0.851219
vt 0.011502 0.854076
vt 0.011230 0.857201
vt 0.016527 0.859668
vt 1.001106 0.860776
vt 0.997993 0.862193
vt 0.989059 0.862072
vt 0.986099 0.861396
vt 1.002205 0.856628
vt 1.000656 0.856132
vt 0.997278 0.856152
vt 0.001870 0.856263
vt 1.002677 0.855189
vt 1.001088 0.854781
vt 1.002600 0.854027
vt 1.001067 0.853293
vt 0.996133 0.854201
vt 0.002636 0.852901
vt 0.002445 0.853115
vt 1.003381 0.850022
vt 1.000959 0.849484
vt 0.998047 0.849559
vt 0.003108 0.848340
vt 0.004323 0.847213
vt 0.000936 0.849202
vt 0.005002 0.847063
vt 0.006388 0.847600
vt 0.002264 0.849461
vt 0.007658 0.849149
vt 0.003252 0.850597
vt 0.008197 0.850233
vt 0.008645 0.851470
vt 0.002360 0.851478
vt 0.008987 0.852816
vt 0.004164 0.853363
vt 0.009295 0.855640
vt 0.003010 0.855254
vt 0.004352 0.856478
vt 0.009243 0.857016
vt 0.008719 0.859447
vt 0.008259 0.860410
vt 0.003962 0.858355
vt 0.007684 0.861153
vt 0.002216 0.860465
vt 0.995255 0.859688
vt 0.990666 0.862047
vt 0.985476 0.860739
vt 0.983461 0.860360
vt 0.980605 0.861522
vt 0.988288 0.861663
vt 0.993062 0.859957
vt 0.001366 0.859422
vt 0.989489 0.858464
vt 0.995080 0.860154
vt 0.999795 0.858747
vt 0.987728 0.855582
vt 0.996650 0.852582
vt 0.999168 0.851487
vt 1.001194 0.851856
vt 0.990908 0.853320
vt 0.989974 0.850551
vt 0.994429 0.850742
vt 1.000897 0.849391
vt 0.996072 0.848047
vt 0.991298 0.849323
vt 1.000849 0.849193
vt 0.996755 0.847646
vt 0.997465 0.847523
vt 0.991019 0.848350
vt 0.998179 0.847678
vt 0.993111 0.848990
vt 0.000153 0.848449
vt 1.001396 0.849272
vt 0.999524 0.848781
vt 0.994243 0.849889
vt 0.001172 0.848735
vt 1.002387 0.850710
vt 1.000119 0.851620
vt 0.996147 0.852227
vt 1.000586 0.853953
vt 1.000717 0.855377
vt 0.995749 0.854839
vt 1.000490 0.857477
vt 1.000371 0.858758
vt 0.995321 0.858185
vt 0.001834 0.858830
vt 1.002507 0.859197
vt 1.000988 0.860559
vt 0.979231 0.859902
vt 0.948099 0.853597
vt 0.984760 0.859230
vt 0.987585 0.860988
vt 0.988681 0.857154
vt 0.982043 0.857095
vt 0.986098 0.853384
vt 0.981913 0.854791
vt 0.986378 0.852009
vt 0.980858 0.852787
vt 0.982422 0.851450
vt 0.985545 0.849833
vt 0.984831 0.849021
vt 0.987745 0.849170
vt 0.992691 0.849920
vt 0.987454 0.850648
vt 0.989489 0.851514
vt 0.993510 0.852256
vt 0.993735 0.853595
vt 0.988272 0.853704
vt 0.995275 0.856375
vt 0.988234 0.856018
vt 0.989633 0.857567
vt 0.992729 0.860039
vt 0.987265 0.859073
vt 0.988200 0.860396
vt 0.991432 0.861621
vt 0.982992 0.861139
vt 0.950096 0.853400
vt 0.978750 0.858548
vt 0.977635 0.855841
vt 0.973455 0.851963
vt 0.979705 0.849465
vt 0.981231 0.848195
vt 0.984852 0.848413
vt 0.976927 0.848850
vt 0.984945 0.848975
vt 0.985478 0.852177
vt 0.985940 0.854908
vt 0.984943 0.858614
vt 0.947249 0.851489
vt 0.948460 0.848132
vt 0.948547 0.847583
vt 0.950996 0.847268
vt 0.951938 0.850669
vt 0.070893 0.873348
vt 0.075671 0.872812
vt 0.067687 0.876358
vt 0.060914 0.877468
vt 0.059643 0.877167
vt 0.069499 0.874000
vt 0.082105 0.868649
vt 0.077079 0.872834
vt 0.078256 0.870676
vt 0.087249 0.865886
vt 0.082904 0.862529
vt 0.073492 0.865492
vt 0.078542 0.866952
vt 0.070540 0.861253
vt 0.070909 0.864362
vt 0.079324 0.856337
vt 0.080518 0.855113
vt 0.069816 0.856716
vt 0.085478 0.860205
vt 0.078404 0.863430
vt 0.075245 0.860731
vt 0.079605 0.870174
vt 0.078765 0.872144
vt 0.047440 0.880249
vt 0.075116 0.871718
vt 0.067751 0.873017
vt 0.071428 0.870380
vt 0.068522 0.869070
vt 0.063712 0.867442
vt 0.066733 0.864067
vt 0.074271 0.858227
vt 0.065542 0.862380
vt 0.066616 0.859550
vt 0.062627 0.860672
vt 0.064942 0.859199
vt 0.067849 0.858711
vt 0.066360 0.859623
vt 0.069377 0.859907
vt 0.074806 0.858538
vt 0.067046 0.863009
vt 0.075661 0.862989
vt 0.068628 0.865407
vt 0.077350 0.866106
vt 0.070041 0.868241
vt 0.081732 0.865101
vt 0.075848 0.868683
vt 0.071054 0.871767
vt 0.062367 0.876177
vt 0.051119 0.879509
vt 0.049017 0.880015
vt 0.057692 0.876841
vt 0.065254 0.876042
vt 0.063130 0.874271
vt 0.055880 0.875391
vt 0.062060 0.872992
vt 0.059724 0.870931
vt 0.053237 0.874159
vt 0.055878 0.868292
vt 0.058351 0.864924
vt 0.056189 0.864156
vt 0.050084 0.867008
vt 0.058242 0.861165
vt 0.050889 0.863960
vt 0.059062 0.860002
vt 0.053465 0.863375
vt 0.057422 0.862496
vt 0.059065 0.863690
vt 0.063131 0.862455
vt 0.065019 0.865110
vt 0.066694 0.868202
vt 0.067907 0.871301
vt 0.060568 0.872839
vt 0.068269 0.872717
vt 0.059887 0.875797
vt 0.049066 0.879010
vt 0.036175 0.881799
vt 0.052980 0.878331
vt 0.045252 0.879856
vt 0.044168 0.876663
vt 0.042049 0.874277
vt 0.045238 0.870091
vt 0.039780 0.872358
vt 0.043695 0.868183
vt 0.047834 0.865067
vt 0.048225 0.865801
vt 0.050596 0.863056
vt 0.047164 0.868809
vt 0.052360 0.864409
vt 0.055489 0.866086
vt 0.057741 0.867646
vt 0.059406 0.870221
vt 0.051376 0.871001
vt 0.057085 0.872905
vt 0.049029 0.874506
vt 0.053491 0.876412
vt 0.048364 0.876918
vt 0.038266 0.881404
vt 0.035929 0.882774
vt 0.025219 0.882800
vt 0.043152 0.879282
vt 0.034545 0.880741
vt 0.032522 0.877435
vt 0.038753 0.876788
vt 0.031550 0.874763
vt 0.031386 0.872116
vt 0.037184 0.868645
vt 0.029916 0.870015
vt 0.032065 0.869016
vt 0.037415 0.867390
vt 0.041925 0.866233
vt 0.046396 0.865309
vt 0.034416 0.867407
vt 0.039754 0.865231
vt 0.034236 0.868105
vt 0.040582 0.865485
vt 0.039462 0.872033
vt 0.040487 0.873590
vt 0.039228 0.877648
vt 0.039124 0.879787
vt 0.035784 0.882726
vt 0.030969 0.883328
vt 0.031607 0.879918
vt 0.020733 0.879573
vt 0.027382 0.876781
vt 0.026426 0.873434
vt 0.019933 0.872450
vt 0.026830 0.868037
vt 0.029678 0.867125
vt 0.037255 0.868030
vt 0.030281 0.868446
vt 0.039615 0.868519
vt 0.038462 0.869599
vt 0.033899 0.871264
vt 0.024087 0.877052
vt 0.037850 0.876078
vt 0.035951 0.880444
vt 1.015641 0.879358
vt 0.907465 0.861937
vt 1.019645 0.882692
vt 1.017010 0.871063
vt 0.909226 0.855905
vt 1.015929 0.872918
vt 1.020816 0.871844
vt 0.912425 0.856053
vt 1.012706 0.877966
vt 0.913125 0.858287
vt 0.910844 0.861265
vt 0.243114 0.523027
vt 0.243258 0.525808
vt 0.244095 0.527583
vt 0.242187 0.524812
vt 0.240743 0.524184
vt 0.239413 0.528029
vt 0.239580 0.532182
vt 0.237940 0.532561
vt 0.244609 0.527365
vt 0.244556 0.532574
vt 0.244025 0.534284
vt 0.242710 0.538418
vt 0.243406 0.535690
vt 0.243406 0.539836
vt 0.243284 0.538934
vt 0.242275 0.542138
vt 0.241940 0.544430
vt 0.243106 0.540813
vt 0.243879 0.534765
vt 0.244621 0.530903
vt 0.244862 0.530704
vt 0.243852 0.530978
vt 0.241810 0.529050
vt 0.241117 0.524377
vt 0.240570 0.528294
vt 0.239424 0.524747
vt 0.239322 0.528399
vt 0.238389 0.525722
vt 0.238262 0.529338
vt 0.239863 0.523586
vt 0.237912 0.526629
vt 0.237715 0.528151
vt 0.237549 0.530964
vt 0.237271 0.530182
vt 0.237274 0.532866
vt 0.237229 0.533704
vt 0.238673 0.535963
vt 0.237797 0.536242
vt 0.239596 0.536816
vt 0.239111 0.538576
vt 0.241020 0.533767
vt 0.240506 0.537767
vt 0.241780 0.537727
vt 0.241045 0.539461
vt 0.242631 0.533787
vt 0.242480 0.537615
vt 0.243744 0.536421
vt 0.240968 0.549507
vt 0.242047 0.548005
vt 0.242038 0.543924
vt 0.242813 0.537825
vt 0.243466 0.532378
vt 0.242268 0.535741
vt 0.242846 0.530560
vt 0.242392 0.530239
vt 0.241484 0.534060
vt 0.240977 0.528883
vt 0.240296 0.532878
vt 0.239443 0.528523
vt 0.238999 0.532527
vt 0.238033 0.529212
vt 0.237869 0.532974
vt 0.236963 0.530833
vt 0.236749 0.534541
vt 0.236665 0.535135
vt 0.236456 0.539283
vt 0.236266 0.538752
vt 0.237460 0.539373
vt 0.236644 0.542123
vt 0.238041 0.540333
vt 0.237802 0.542267
vt 0.239424 0.541655
vt 0.240173 0.541967
vt 0.239378 0.543588
vt 0.241650 0.541835
vt 0.240488 0.544742
vt 0.242322 0.541394
vt 0.241384 0.543679
vt 0.242054 0.545250
vt 0.240951 0.547513
vt 0.240720 0.550850
vt 0.241105 0.552888
vt 0.243821 0.533638
vt 0.240810 0.533817
vt 0.239980 0.537886
vt 0.239270 0.532917
vt 0.238680 0.537091
vt 0.237735 0.533076
vt 0.237416 0.537264
vt 0.235649 0.538296
vt 0.235225 0.539756
vt 0.235605 0.540639
vt 0.235420 0.544428
vt 0.237751 0.545601
vt 0.237355 0.547685
vt 0.239565 0.547255
vt 0.241242 0.548504
vt 0.239596 0.554696
vt 0.241395 0.545790
vt 0.241967 0.540079
vt 0.241046 0.539502
vt 0.239830 0.542284
vt 0.238544 0.541019
vt 0.237187 0.541710
vt 0.236542 0.536492
vt 0.236854 0.537447
vt 0.235488 0.542312
vt 0.235101 0.541632
vt 0.234535 0.544401
vt 0.233874 0.546403
vt 0.234310 0.542068
vt 0.234352 0.547439
vt 0.234242 0.543387
vt 0.236218 0.546163
vt 0.234857 0.549168
vt 0.235817 0.551059
vt 0.238073 0.549616
vt 0.236415 0.553636
vt 0.239074 0.551283
vt 0.237600 0.553021
vt 0.238579 0.554143
vt 0.239724 0.552184
vt 0.239853 0.555688
vt 0.216497 0.648271
vt 0.218623 0.644547
vt 0.241392 0.543277
vt 0.240444 0.544909
vt 0.238586 0.551097
vt 0.238863 0.543173
vt 0.235509 0.548658
vt 0.236402 0.541740
vt 0.233810 0.544468
vt 0.233093 0.551873
vt 0.233388 0.551651
vt 0.234383 0.553309
vt 0.234934 0.558658
vt 0.236814 0.559557
vt 0.212424 0.641114
vt 0.216078 0.640617
vt 0.215091 0.625234
vt 0.215066 0.630768
vt 0.213481 0.636525
vt 0.213052 0.639869
vt 0.210687 0.644558
vt 0.212966 0.635880
vt 0.215046 0.629213
vt 0.212276 0.616525
vt 0.211958 0.622572
vt 0.213740 0.625345
vt 0.210323 0.621603
vt 0.208711 0.620491
vt 0.208518 0.618452
vt 0.207350 0.621053
vt 0.209123 0.621550
vt 0.209517 0.628119
vt 0.206472 0.628808
vt 0.211756 0.625244
vt 0.212022 0.632853
vt 0.211787 0.638939
vt 0.213438 0.635403
vt 0.211175 0.643322
vt 0.214677 0.628168
vt 0.212307 0.631824
vt 0.215585 0.621106
vt 0.211572 0.627814
vt 0.209200 0.628583
vt 0.208357 0.625411
vt 0.206975 0.621619
vt 0.206047 0.627784
vt 0.205974 0.622909
vt 0.204980 0.628714
vt 0.205164 0.624879
vt 0.205199 0.629960
vt 0.205162 0.626123
vt 0.205348 0.627449
vt 0.204916 0.633609
vt 0.206917 0.631419
vt 0.205923 0.635794
vt 0.207865 0.634085
vt 0.209545 0.634387
vt 0.208135 0.638343
vt 0.210517 0.634973
vt 0.209769 0.639181
vt 0.211222 0.638563
vt 0.213526 0.634451
vt 0.208264 0.654345
vt 0.208409 0.651866
vt 0.206644 0.658773
vt 0.210850 0.646748
vt 0.210613 0.642529
vt 0.212899 0.637336
vt 0.212525 0.635961
vt 0.211968 0.634584
vt 0.210038 0.642035
vt 0.209831 0.638012
vt 0.208521 0.638612
vt 0.209642 0.632514
vt 0.207427 0.629507
vt 0.206005 0.635922
vt 0.205707 0.631274
vt 0.203952 0.629688
vt 0.203034 0.635903
vt 0.203032 0.631296
vt 0.202235 0.637155
vt 0.202848 0.632387
vt 0.202856 0.633613
vt 0.201254 0.639559
vt 0.203055 0.634927
vt 0.202218 0.640129
vt 0.203983 0.637618
vt 0.202987 0.642381
vt 0.205492 0.640063
vt 0.204255 0.644469
vt 0.206399 0.641079
vt 0.208355 0.642520
vt 0.206700 0.646339
vt 0.208972 0.646629
vt 0.211107 0.642856
vt 0.208300 0.651997
vt 0.209534 0.650489
vt 0.206119 0.660154
vt 0.205941 0.665222
vt 0.207925 0.649692
vt 0.206800 0.647088
vt 0.205117 0.645550
vt 0.203994 0.637074
vt 0.202532 0.644634
vt 0.203343 0.636199
vt 0.201822 0.643530
vt 0.200916 0.638166
vt 0.199994 0.644412
vt 0.200284 0.645501
vt 0.200986 0.643986
vt 0.199995 0.649164
vt 0.201333 0.650623
vt 0.200257 0.651261
vt 0.205008 0.647390
vt 0.202565 0.653306
vt 0.205292 0.666600
vt 0.205795 0.658997
vt 0.205133 0.665368
vt 0.208274 0.653833
vt 0.205483 0.655458
vt 0.203569 0.654472
vt 0.205591 0.648476
vt 0.203977 0.644902
vt 0.201865 0.652853
vt 0.200029 0.644514
vt 0.198540 0.651664
vt 0.197291 0.651690
vt 0.196919 0.652468
vt 0.197747 0.649301
vt 0.197809 0.653701
vt 0.198765 0.657622
vt 0.199668 0.659440
vt 0.203654 0.655557
vt 0.200927 0.661874
vt 0.206107 0.652242
vt 0.202039 0.664193
vt 0.203438 0.663006
vt 0.204616 0.658891
vt 0.206277 0.656382
vt 0.204543 0.664476
vt 0.205291 0.661100
vt 0.203218 0.659954
vt 0.201919 0.655953
vt 0.200090 0.651833
vt 0.199201 0.656255
vt 0.197673 0.653541
vt 0.196921 0.652779
vt 0.193960 0.663914
vt 0.194989 0.657484
vt 0.195438 0.658959
vt 0.194656 0.671882
vt 0.198889 0.665066
vt 0.198713 0.674331
vt 0.200472 0.674197
vt 0.138111 0.795824
vt 0.134703 0.791916
vt 0.133536 0.789488
vt 0.132539 0.788078
vt 0.138114 0.796967
vt 0.197977 0.656720
vt 0.197120 0.663086
vt 0.195171 0.669331
vt 0.194371 0.672975
vt 0.192062 0.676325
vt 0.195309 0.666521
vt 0.197740 0.655761
vt 0.191912 0.648821
vt 0.188436 0.655438
vt 0.188122 0.654727
vt 0.191749 0.652308
vt 0.188770 0.660221
vt 0.187976 0.657880
vt 0.190103 0.662523
vt 0.194822 0.656842
vt 0.191925 0.664321
vt 0.193191 0.664298
vt 0.195551 0.664696
vt 0.194161 0.666519
vt 0.193492 0.671302
vt 0.195313 0.667984
vt 0.188604 0.685895
vt 0.191330 0.681937
vt 0.193274 0.672685
vt 0.191549 0.678870
vt 0.195747 0.663681
vt 0.195887 0.660292
vt 0.193539 0.665928
vt 0.195509 0.657535
vt 0.193347 0.655906
vt 0.193123 0.661401
vt 0.193045 0.652810
vt 0.189947 0.659469
vt 0.190535 0.661959
vt 0.189102 0.658976
vt 0.189927 0.653960
vt 0.188494 0.658196
vt 0.187029 0.659067
vt 0.187190 0.659258
vt 0.186195 0.663295
vt 0.186646 0.665114
vt 0.187777 0.667357
vt 0.191776 0.670708
vt 0.196066 0.667076
vt 0.188214 0.688571
vt 0.185373 0.695622
vt 0.193674 0.669564
vt 0.191121 0.675098
vt 0.190985 0.670326
vt 0.190337 0.667070
vt 0.186783 0.669288
vt 0.186673 0.662145
vt 0.184651 0.666741
vt 0.185171 0.668469
vt 0.184776 0.662796
vt 0.183283 0.669177
vt 0.184277 0.665719
vt 0.184670 0.666563
vt 0.183385 0.671957
vt 0.185673 0.669049
vt 0.187212 0.671456
vt 0.186417 0.676346
vt 0.189164 0.668897
vt 0.190045 0.671588
vt 0.191869 0.674998
vt 0.188979 0.680318
vt 0.191016 0.678721
vt 0.190605 0.679497
vt 0.187697 0.685601
vt 0.188354 0.688506
vt 0.185392 0.693041
vt 0.188366 0.684175
vt 0.191186 0.679007
vt 0.188269 0.679581
vt 0.188065 0.676234
vt 0.185152 0.677458
vt 0.187511 0.671296
vt 0.183767 0.673848
vt 0.181806 0.675805
vt 0.181368 0.671269
vt 0.180882 0.676853
vt 0.182042 0.675502
vt 0.180576 0.680823
vt 0.184224 0.673906
vt 0.182699 0.680755
vt 0.187866 0.678873
vt 0.185819 0.686609
vt 0.185016 0.694964
vt 0.180508 0.705063
vt 0.187624 0.686175
vt 0.184769 0.691156
vt 0.183758 0.690684
vt 0.186981 0.684889
vt 0.182876 0.688018
vt 0.186185 0.683593
vt 0.185269 0.682333
vt 0.183231 0.680134
vt 0.181171 0.687531
vt 0.180337 0.685461
vt 0.182194 0.679285
vt 0.178814 0.684573
vt 0.181201 0.678652
vt 0.180291 0.678257
vt 0.178175 0.682557
vt 0.177401 0.683336
vt 0.178081 0.679219
vt 0.175997 0.686143
vt 0.179206 0.680379
vt 0.176823 0.686608
vt 0.178273 0.688414
vt 0.180187 0.685884
vt 0.179262 0.691470
vt 0.182279 0.686032
vt 0.184222 0.679198
vt 0.185198 0.683058
vt 0.180075 0.694274
vt 0.182247 0.693165
vt 0.186709 0.691196
vt 0.184213 0.694326
vt 0.187396 0.691114
vt 0.184169 0.696834
vt 0.184787 0.695888
vt 0.179369 0.701680
vt 0.177218 0.698415
vt 0.177755 0.686986
vt 0.173100 0.697147
vt 0.175396 0.686408
vt 0.172199 0.696496
vt 0.176417 0.688937
vt 0.172872 0.699306
vt 0.176838 0.693841
vt 0.175276 0.702838
vt 0.182694 0.695429
vt 0.179463 0.705421
vt 0.104500 0.810152
vt 0.101232 0.804197
vt 0.103155 0.804877
vt 0.105859 0.809811
vt 0.101162 0.801591
vt 0.000000 0.000000
vt 0.391933 0.507486
vt 0.388996 0.506796
vt 0.390845 0.503782
vt 0.393817 0.503836
vt 0.394900 0.513556
vt 0.392767 0.500917
vt 0.395880 0.496533
vt 0.635019 0.656457
vt 0.626436 0.651598
vt 0.632305 0.676524
vt 0.629988 0.662688
vt 0.625443 0.667656
vt 0.632917 0.665525
vt 0.632406 0.658594
vt 0.479557 0.603441
vt 0.490776 0.610642
vt 0.497033 0.608445
vt 0.489729 0.599989
vt 0.486552 0.605191
vt 0.487295 0.595367
vt 0.484487 0.598548
vt 0.489558 0.589369
vt 0.742776 0.695307
vt 0.631525 0.764864
vt 0.631318 0.824752
vt 0.608577 0.768815
vt 0.721700 0.693325
vt 0.337415 0.306960
vt 0.334428 0.299155
vt 0.341320 0.303565
vt 0.331754 0.300517
vt 0.336414 0.294152
vt 0.523851 0.781396
vt 0.583699 0.778205
vt 0.639541 0.778313
vt 0.524992 0.774558
vt 0.551809 0.777324
vt 0.380002 0.410725
vt 0.363287 0.471675
vt 0.392418 0.416598
vt 0.351309 0.533058
vt 0.368913 0.477912
vt 0.360064 0.549399
vt 0.383997 0.420262
vt 0.357366 0.465446
vt 0.352046 0.459160
vt 0.353867 0.548663
vt 0.345201 0.530847
vt 0.633298 0.498764
vt 0.726810 0.603105
vt 0.723583 0.580810
vt 0.617539 0.551799
vt 0.632694 0.557226
vt 0.708683 0.599737
vt 0.707514 0.658565
vt 0.694254 0.841105
vt 0.704893 0.665897
vt 0.691965 0.671264
vt 0.707462 0.841854
vt 0.495523 0.892465
vt 0.497114 0.878058
vt 0.681421 0.670000
vt 0.677952 0.833745
vt 0.315241 0.514050
vt 0.323360 0.490802
vt 0.307329 0.459238
vt 0.314861 0.458428
vt 0.323769 0.492388
vt 0.323286 0.520455
vt 0.301394 0.498555
vt 0.302792 0.503192
vt 0.303812 0.509911
vt 0.309446 0.533260
vt 0.302581 0.483194
vt 0.301983 0.486347
vt 0.308916 0.503855
vt 0.306863 0.484808
vt 0.308808 0.489318
vt 0.315466 0.519324
vt 0.314324 0.511398
vt 0.315698 0.536481
vt 0.314771 0.538558
vt 0.310147 0.533619
vt 0.316448 0.521360
vt 0.311097 0.527795
vt 0.310147 0.533620
vt 0.308409 0.528979
vt 0.308409 0.528978
vt 0.305261 0.495647
vt 0.310026 0.487920
vt 0.293369 0.482339
vt 0.297769 0.500406
vt 0.291542 0.480771
vt 0.301111 0.481769
vt 0.296004 0.460288
vt 0.291585 0.457073
vt 0.291268 0.460343
vt 0.294641 0.456758
vt 0.293728 0.459620
vt 0.296219 0.460143
vt 0.301248 0.481835
vt 0.302485 0.503508
vt 0.293471 0.482072
vt 0.292414 0.476248
vt 0.766501 0.724891
vt 0.761809 0.712659
vt 0.763392 0.694125
vt 0.764934 0.693295
vt 0.727481 0.526786
vt 0.734931 0.544068
vt 0.736160 0.543114
vt 0.650151 0.511060
vt 0.653938 0.502976
vt 0.646223 0.524783
vt 0.647444 0.504303
vt 0.649605 0.498603
vt 0.644708 0.485438
vt 0.639241 0.496073
vt 0.331038 0.576695
vt 0.334722 0.587767
vt 0.331085 0.572860
vt 0.333125 0.573482
vt 0.332171 0.580144
vt 0.743583 0.489980
vt 0.719588 0.523341
vt 0.713563 0.512988
vt 0.746374 0.503019
vt 0.759666 0.585369
vt 0.768099 0.560313
vt 0.767561 0.553210
vt 0.720835 0.605232
vt 0.757731 0.580899
vt 0.714817 0.596832
vt 0.707193 0.594285
vt 0.727248 0.607058
vt 0.736613 0.459181
vt 0.708905 0.503478
vt 0.700258 0.488363
vt 0.740832 0.478493
vt 0.755887 0.576685
vt 0.766852 0.544940
vt 0.765902 0.532438
vt 0.703622 0.599898
vt 0.752431 0.568936
vt 0.700040 0.590326
vt 0.687974 0.585310
vt 0.714507 0.603635
vt 0.725381 0.411507
vt 0.693282 0.474423
vt 0.680082 0.451587
vt 0.732393 0.441785
vt 0.749037 0.560548
vt 0.764671 0.517584
vt 0.762653 0.491139
vt 0.671748 0.587048
vt 0.741602 0.543072
vt 0.676342 0.578191
vt 0.655571 0.567197
vt 0.692658 0.596265
vt 0.374410 0.774028
vt 0.622643 0.745192
vt 0.432043 0.617797
vt 0.327521 0.591819
vt 0.342181 0.517060
vt 0.366938 0.608300
vt 0.523886 0.774944
vt 0.606161 0.842117
vt 0.286949 0.577344
vt 0.288190 0.562387
vt 0.288740 0.563887
vt 0.289720 0.560163
vt 0.293131 0.554141
vt 0.293189 0.560224
vt 0.294161 0.554443
vt 0.296027 0.562651
vt 0.296042 0.567203
vt 0.291991 0.582306
vt 0.294130 0.582115
vt 0.293018 0.586047
vt 0.287094 0.584252
vt 0.289360 0.591193
vt 0.288374 0.590369
vt 0.286875 0.581582
vt 0.289651 0.585387
vt 0.290645 0.563653
vt 0.295765 0.561556
vt 0.294671 0.583500
vt 0.282292 0.561336
vt 0.279769 0.574235
vt 0.283408 0.556780
vt 0.283153 0.557963
vt 0.286038 0.552502
vt 0.286621 0.562223
vt 0.286874 0.552767
vt 0.288264 0.560112
vt 0.288204 0.564183
vt 0.286420 0.577545
vt 0.282475 0.580999
vt 0.285456 0.581090
vt 0.281605 0.585133
vt 0.282399 0.585829
vt 0.280502 0.577310
vt 0.282730 0.579892
vt 0.280623 0.573498
vt 0.283989 0.561141
vt 0.288211 0.559174
vt 0.286983 0.578854
vt 0.709045 0.648886
vt 0.666713 0.489266
vt 0.672523 0.484684
vt 0.693696 0.648355
vt 0.598768 0.415509
vt 0.593938 0.426676
vt 0.684468 0.654961
vt 0.705072 0.644096
vt 0.660095 0.500582
vt 0.367482 0.296295
vt 0.364812 0.302164
vt 0.363370 0.305715
vt 0.362300 0.312347
vt 0.362204 0.314692
vt 0.378173 0.289035
vt 0.362986 0.316343
vt 0.372134 0.306278
vt 0.368467 0.315563
vt 0.370926 0.313388
vt 0.378060 0.303044
vt 0.379667 0.299305
vt 0.380624 0.290568
vt 0.379603 0.289190
vt 0.373665 0.290492
vt 0.376790 0.293800
vt 0.374278 0.310362
vt 0.365154 0.310837
vt 0.371280 0.292582
vt 0.346517 0.373610
vt 0.340668 0.377740
vt 0.336244 0.380402
vt 0.326578 0.388619
vt 0.326327 0.391899
vt 0.355281 0.388682
vt 0.324928 0.396048
vt 0.332022 0.407501
vt 0.347943 0.404493
vt 0.353224 0.401290
vt 0.363328 0.388592
vt 0.363955 0.384540
vt 0.358193 0.376042
vt 0.356249 0.399442
vt 0.329601 0.405056
vt 0.332022 0.407500
vt 0.324928 0.396049
vt 0.334879 0.390234
vt 0.354426 0.374999
vt 0.355580 0.381586
vt 0.354426 0.375000
vt 0.344907 0.354784
vt 0.346815 0.357202
vt 0.342983 0.359233
vt 0.334615 0.367653
vt 0.337143 0.368009
vt 0.358838 0.354864
vt 0.333555 0.370562
vt 0.337046 0.377044
vt 0.340347 0.377809
vt 0.355185 0.368241
vt 0.354036 0.375060
vt 0.358470 0.372756
vt 0.362645 0.355681
vt 0.366829 0.363996
vt 0.367293 0.361232
vt 0.362146 0.355501
vt 0.359995 0.373356
vt 0.340440 0.380640
vt 0.341027 0.367863
vt 0.359842 0.360221
vt 0.774304 0.747030
vt 0.769725 0.736835
vt 0.769533 0.714621
vt 0.771079 0.713765
vt 0.733050 0.556183
vt 0.739589 0.568038
vt 0.740833 0.567070
vt 0.331160 0.351394
vt 0.327066 0.355333
vt 0.323631 0.357459
vt 0.315700 0.365524
vt 0.316859 0.365538
vt 0.314470 0.368128
vt 0.316406 0.373367
vt 0.318934 0.373712
vt 0.335324 0.360072
vt 0.330345 0.370038
vt 0.334318 0.367620
vt 0.342658 0.359227
vt 0.343504 0.356792
vt 0.340090 0.352351
vt 0.340192 0.359544
vt 0.326011 0.374198
vt 0.320817 0.366054
vt 0.337409 0.352129
vt 0.588445 0.534481
vt 0.568712 0.521632
vt 0.610641 0.478273
vt 0.612272 0.487060
vt 0.672541 0.817538
vt 0.675652 0.807434
vt 0.677393 0.824377
vt 0.670932 0.827799
vt 0.658609 0.811800
vt 0.663043 0.841367
vt 0.395091 0.372589
vt 0.403560 0.372596
vt 0.397682 0.373129
vt 0.389461 0.387015
vt 0.393055 0.377271
vt 0.398684 0.384037
vt 0.395162 0.377734
vt 0.762994 0.749299
vt 0.802299 0.740325
vt 0.760955 0.764338
vt 0.731677 0.695240
vt 0.740189 0.674621
vt 0.790957 0.659116
vt 0.793532 0.664753
vt 0.774784 0.653288
vt 0.775172 0.659190
vt 0.735236 0.682656
vt 0.725122 0.704535
vt 0.759996 0.777199
vt 0.812590 0.769599
vt 0.756529 0.798752
vt 0.719073 0.714188
vt 0.730027 0.690214
vt 0.796485 0.671296
vt 0.801144 0.680873
vt 0.775441 0.664696
vt 0.776126 0.674948
vt 0.721028 0.703038
vt 0.707645 0.728114
vt 0.754323 0.817525
vt 0.833316 0.812808
vt 0.746785 0.849643
vt 0.696132 0.742351
vt 0.711075 0.715241
vt 0.806733 0.692047
vt 0.817285 0.710853
vt 0.776697 0.685241
vt 0.778262 0.707025
vt 0.690943 0.737034
vt 0.672470 0.762920
vt 0.633444 0.596310
vt 0.515645 0.370259
vt 0.468389 0.534539
vt 0.372970 0.423086
vt 0.401545 0.359437
vt 0.428383 0.423793
vt 0.496368 0.475937
vt 0.574523 0.527565
vt 0.627543 0.498177
vt 0.357634 0.296431
vt 0.358098 0.295379
vt 0.356942 0.303165
vt 0.359426 0.292188
vt 0.365216 0.281484
vt 0.362624 0.299285
vt 0.357611 0.304480
vt 0.362455 0.303196
vt 0.371086 0.291560
vt 0.370799 0.283045
vt 0.364651 0.301081
vt 0.372562 0.288226
vt 0.367435 0.281305
vt 0.373563 0.280699
vt 0.372691 0.279621
vt 0.372142 0.291937
vt 0.370259 0.284020
vt 0.361899 0.303584
vt 0.360366 0.295230
vt 0.365295 0.283328
vt 0.515067 0.274405
vt 0.709684 0.478948
vt 1.247488 0.931174
vt 0.080110 0.820943
vt 0.220405 0.904218
vt 0.708331 0.408731
vt 0.802290 0.768312
vt 0.374390 0.249276
vt 0.386543 0.241193
vt 0.364306 0.257051
vt 0.401280 0.233116
vt 0.269230 0.597961
vt 0.268902 0.616623
vt 0.269500 0.581692
vt 0.268504 0.638133
vt 0.989225 0.956292
vt 0.914688 0.955363
vt 1.225570 0.870846
vt 0.984648 0.962275
vt 0.047171 0.963127
vt 0.660647 0.323012
vt 0.653005 0.308773
vt 0.713773 0.504287
vt 0.714679 0.504626
vt 0.714646 0.499625
vt 0.715952 0.500059
vt 0.716741 0.496031
vt 0.717548 0.497359
vt 0.719507 0.496992
vt 0.721416 0.508034
vt 0.722093 0.510010
vt 0.720443 0.512571
vt 0.718912 0.511532
vt 0.725325 0.500013
vt 0.724841 0.494835
vt 0.725652 0.500787
vt 0.725462 0.496296
vt 0.728913 0.503350
vt 0.728578 0.505243
vt 0.726716 0.502604
vt 0.726990 0.503879
vt 0.723471 0.481980
vt 0.722815 0.486249
vt 0.722466 0.487923
vt 0.709346 0.433970
vt 0.711252 0.433468
vt 0.710722 0.430507
vt 0.711189 0.427099
vt 0.720579 0.426414
vt 0.720765 0.419276
vt 0.716410 0.415369
vt 0.715447 0.453442
vt 0.716098 0.443178
vt 0.715256 0.446641
vt 0.714579 0.445478
vt 0.803075 0.827157
vt 0.791707 0.833176
vt 0.791158 0.830557
vt 0.792500 0.827710
vt 0.792921 0.830281
vt 0.795467 0.828057
vt 0.795866 0.825197
vt 0.799190 0.827155
vt 0.800374 0.824497
vt 0.802378 0.827212
vt 0.804141 0.825751
vt 0.805094 0.828521
vt 0.806787 0.830987
vt 0.804798 0.836602
vt 0.810213 0.825474
vt 0.811075 0.828108
vt 0.811229 0.820447
vt 0.813033 0.815714
vt 0.814466 0.817836
vt 0.822263 0.826509
vt 0.792597 0.804888
vt 0.793451 0.808214
vt 0.793470 0.809564
vt 0.798718 0.802397
vt 0.798508 0.800703
vt 0.801338 0.802241
vt 0.801832 0.804062
vt 0.802282 0.804913
vt 0.802718 0.806949
vt 0.801494 0.807546
vt 0.801674 0.809598
vt 0.763010 0.769871
vt 0.774352 0.766321
vt 0.774291 0.760287
vt 0.774132 0.761401
vt 0.772164 0.756198
vt 0.772093 0.758376
vt 0.769811 0.756413
vt 0.768806 0.754122
vt 0.761752 0.761340
vt 0.761481 0.761331
vt 0.777779 0.758555
vt 0.785815 0.747500
vt 0.784511 0.745408
vt 0.779124 0.750646
vt 0.777640 0.752597
vt 0.777765 0.754181
vt 0.780630 0.780087
vt 0.779097 0.775939
vt 0.781017 0.778989
vt 0.783834 0.781134
vt 0.783244 0.779644
vt 0.785868 0.778778
vt 0.787382 0.778922
vt 0.787895 0.775848
vt 0.788011 0.773243
vt 0.715764 0.323457
vt 0.381286 0.144718
vt 0.626381 0.119870
vt 0.388556 0.108471
vt 0.413036 0.095346
vt 0.670926 0.139818
vt 0.003494 0.858947
vt 0.002788 0.858803
vt 0.996127 0.858114
vt 1.000865 0.858708
vt 0.002618 0.851385
vt 0.002617 0.849279
vt 0.000008 0.849808
vt 0.994886 0.849624
vt 1.000094 0.858861
vt 0.986790 0.850753
vt 0.953884 0.851360
vt 0.045287 0.882027
vt 0.051201 0.871482
vt 0.037129 0.870108
vt 0.037807 0.866393
vt 0.046123 0.873887
vt 0.046775 0.879717
vt 1.019770 0.882353
vt 1.017127 0.875020
vt 1.020120 0.870770
vt 1.023712 0.873862
vt 1.023871 0.880728
vt 0.914033 0.860906
vt 0.907012 0.858739
vt 0.242865 0.531232
vt 0.242287 0.546782
vt 0.238487 0.546166
vt 0.234328 0.544741
vt 0.239832 0.551098
vt 0.217031 0.637622
vt 0.212871 0.643900
vt 0.206968 0.637647
vt 0.207997 0.650913
vt 0.207225 0.658691
vt 0.196524 0.661742
vt 0.140589 0.786207
vt 0.195573 0.649983
vt 0.190982 0.682539
vt 0.182276 0.671522
vt 0.182147 0.670201
vt 0.184270 0.681165
vt 0.178852 0.678240
vt 0.177979 0.680035
vt 0.182995 0.689198
vt 0.108837 0.801683
vt 0.738390 0.673258
vt 0.602568 0.537832
vt 0.637990 0.545614
vt 0.568108 0.507689
vt 0.530308 0.461608
vt 0.569291 0.501186
vt 0.583443 0.523553
vt 0.460061 0.755461
vt 0.395852 0.426655
vt 0.308388 0.486408
vt 0.323148 0.520557
vt 0.314814 0.458381
vt 0.315762 0.514875
vt 0.308341 0.484943
vt 0.307676 0.458187
vt 0.302328 0.503737
vt 0.298162 0.501029
vt 0.518783 0.772397
vt 0.370102 0.714918
vt 0.572499 0.844878
vt 0.550753 0.781646
vt 0.566354 0.851837
vt 0.744931 0.691347
vt 0.738131 0.706848
vt 0.736982 0.703983
vt 0.714798 0.560966
vt 0.714203 0.553134
vt 0.723642 0.564133
vt 0.771024 0.721028
vt 0.769886 0.714886
vt 0.731024 0.516564
vt 0.732372 0.522488
vt 0.726665 0.514439
vt 0.652555 0.505717
vt 0.336144 0.564056
vt 0.331641 0.571156
vt 0.425280 0.696095
vt 0.750813 0.712666
vt 0.745355 0.731891
vt 0.742858 0.724969
vt 0.719114 0.584986
vt 0.719432 0.582201
vt 0.728197 0.588300
vt 0.777579 0.739890
vt 0.776244 0.733831
vt 0.735478 0.540125
vt 0.736829 0.545784
vt 0.731880 0.542218
vt 0.482506 0.383044
vt 0.682183 0.835455
vt 0.394606 0.360331
vt 0.395120 0.374672
vt 0.798319 0.727710
vt 0.805764 0.751424
vt 0.819131 0.785804
s 1
usemtl body_skin
f 318/367/368 340/368/369 339/369/370
f 340/368/369 323/370/371 319/371/372
f 319/371/372 320/372/373 321/373/374
f 341/374/375 320/372/373 322/375/376
f 340/368/369 326/376/377 323/370/371
f 325/377/378 327/378/379 324/379/380
f 329/380/381 327/378/379 328/381/382
f 328/381/382 326/376/377 330/382/383
f 335/383/384 330/382/383 336/384/385
f 337/385/386 330/382/383 326/376/377
f 332/386/387 318/367/368 338/387/388
f 318/367/368 333/388/389 338/387/388
f 331/389/390 318/367/368 322/375/376
f 320/372/373 334/390/391 322/375/376
f 324/379/380 320/372/373 323/370/371
f 329/380/381 330/382/383 331/389/390
f 331/389/390 322/375/376 334/390/391
f 335/383/384 338/387/388 333/388/389
f 337/385/386 338/387/388 336/384/385
f 322/375/376 318/367/368 341/374/375
f 339/369/370 341/374/375 318/367/368
f 339/369/370 319/371/372 321/373/374
f 363/391/392 365/392/393 364/393/394
f 351/394/395 363/391/392 342/395/396
f 342/395/396 363/391/392 362/396/397
f 343/397/398 362/396/397 361/398/399
f 343/397/398 360/399/400 344/400/401
f 345/401/402 344/400/401 365/392/393
f 346/402/403 344/400/401 345/401/402
f 351/394/395 349/403/404 348/404/405
f 348/404/405 354/405/406 351/394/395
f 353/406/407 365/392/393 357/407/408
f 352/408/409 365/392/393 363/391/392
f 348/404/405 356/409/410 355/410/411
f 357/407/408 354/405/406 355/410/411
f 356/409/410 357/407/408 355/410/411
f 344/400/401 358/411/412 343/397/398
f 348/404/405 347/412/413 345/401/402
f 351/394/395 359/413/414 350/414/415
f 343/397/398 359/413/414 342/395/396
f 358/411/412 347/412/413 349/403/404
f 350/414/415 358/411/412 349/403/404
f 365/392/393 344/400/401 360/399/400
f 360/399/400 364/393/394 365/392/393
f 364/393/394 362/396/397 363/391/392
f 366/415/416 367/416/417 386/417/418
f 367/416/417 370/418/419 388/419/420
f 388/419/420 368/420/421 389/421/422
f 390/422/423 368/420/421 369/423/424
f 367/416/417 372/424/425 370/418/419
f 374/425/426 371/426/427 373/427/428
f 374/425/426 378/428/429 379/429/430
f 374/425/426 372/424/425 376/430/431
f 381/431/432 376/430/431 382/432/385
f 385/433/386 376/430/431 372/424/425
f 377/434/433 366/415/416 383/435/434
f 366/415/416 384/436/435 383/435/434
f 380/437/436 366/415/416 369/423/424
f 379/429/430 369/423/424 368/420/421
f 371/426/427 368/420/421 370/418/419
f 375/438/437 376/430/431 380/437/436
f 380/437/436 369/423/424 378/428/429
f 381/431/432 383/435/434 384/436/435
f 385/433/386 383/435/434 382/432/385
f 369/423/424 366/415/416 390/422/423
f 386/417/418 390/422/423 391/439/438
f 386/417/418 388/419/420 389/421/422
f 386/417/418 391/439/438 366/415/416
f 392/440/439 395/441/440 394/442/441
f 397/443/442 395/441/440 393/444/443
f 397/443/442 399/445/444 398/446/445
f 400/447/446 398/446/445 399/445/444
f 401/448/447 403/449/448 398/446/445
f 403/449/448 405/450/449 404/451/450
f 404/451/450 406/452/451 407/453/452
f 406/452/451 408/454/453 407/453/452
f 408/454/453 400/447/446 399/445/444
f 405/450/449 402/455/454 401/448/447
f 393/444/443 408/454/453 399/445/444
f 410/456/455 408/454/453 392/440/439
f 392/440/439 411/457/456 410/456/455
f 413/458/457 412/459/458 411/457/456
f 414/460/459 396/461/460 397/443/442
f 415/462/461 413/458/457 414/460/459
f 415/462/461 403/449/448 404/451/450
f 410/456/455 404/451/450 407/453/452
f 415/462/461 411/457/456 412/459/458
f 397/443/442 403/449/448 414/460/459
f 418/463/462 417/464/463 416/465/464
f 421/466/465 419/467/466 420/468/467
f 422/469/468 421/466/465 420/468/467
f 422/469/468 420/468/467 423/470/469
f 427/471/470 422/469/468 423/470/469
f 424/472/471 422/469/468 427/471/470
f 425/473/472 422/469/468 424/472/471
f 422/469/468 425/473/472 421/466/465
f 421/466/465 425/473/472 417/464/463
f 425/473/472 426/474/473 417/464/463
f 424/472/471 427/471/470 426/474/473
f 426/474/473 428/475/474 429/476/475
f 417/464/463 426/474/473 429/476/475
f 417/464/463 429/476/475 416/465/464
f 429/476/475 418/463/462 416/465/464
f 428/475/474 430/477/476 429/476/475
f 431/478/477 428/475/474 427/471/470
f 419/467/466 418/463/462 430/477/476
f 433/479/478 434/480/479 432/481/480
f 436/482/481 435/483/482 433/484/478
f 436/482/481 437/485/483 435/483/482
f 438/486/484 435/487/482 437/488/483
f 439/489/485 437/488/483 440/490/486
f 442/491/487 440/490/486 441/492/488
f 444/493/489 442/491/487 441/492/488
f 444/494/489 441/495/488 436/482/481
f 441/495/488 440/496/486 436/482/481
f 433/484/478 444/494/489 436/482/481
f 433/479/478 443/497/490 444/493/489
f 432/481/480 438/486/484 443/497/490
f 443/497/490 439/489/485 442/491/487
f 436/482/481 440/496/486 437/485/483
f 446/498/491 447/499/492 445/500/493
f 448/501/494 450/502/495 449/503/496
f 451/504/497 449/503/496 450/502/495
f 451/504/497 452/505/498 449/503/496
f 453/506/499 452/505/498 451/504/497
f 454/507/500 453/506/499 451/504/497
f 455/508/501 454/507/500 451/504/497
f 451/504/497 450/502/495 455/508/501
f 455/509/501 456/510/502 454/511/500
f 446/498/491 458/512/503 456/510/502
f 446/498/491 445/500/493 458/512/503
f 445/500/493 459/513/504 458/512/503
f 457/514/505 459/513/504 460/515/506
f 457/514/505 452/505/498 453/506/499
f 448/501/494 459/513/504 447/499/492
f 463/516/507 462/517/508 461/518/509
f 464/519/510 466/520/511 465/521/512
f 465/521/512 467/522/513 468/523/514
f 468/523/514 470/524/515 469/525/516
f 467/522/513 471/526/517 470/524/515
f 466/520/511 461/518/509 471/526/517
f 462/517/508 471/526/517 461/518/509
f 462/517/508 473/527/518 472/528/519
f 473/527/518 462/517/508 464/519/510
f 473/527/518 464/519/510 465/521/512
f 473/527/518 465/521/512 468/523/514
f 469/525/516 473/527/518 468/523/514
f 472/528/519 473/527/518 469/525/516
f 472/528/519 470/524/515 471/526/517
f 474/529/520 475/530/521 485/531/522
f 477/532/523 476/533/524 474/529/520
f 474/529/520 479/534/525 477/532/523
f 479/534/525 481/535/526 477/532/523
f 481/535/526 482/536/527 489/537/528
f 482/536/527 484/538/529 489/537/528
f 483/539/530 485/531/522 484/538/529
f 485/531/522 478/540/531 474/529/520
f 482/536/527 480/541/532 479/534/525
f 485/531/522 487/542/533 484/538/529
f 477/532/523 488/543/534 476/533/524
f 489/537/528 488/543/534 481/535/526
f 490/544/535 493/545/536 492/546/537
f 495/547/538 493/545/536 491/548/539
f 491/548/539 497/549/540 496/550/541
f 497/549/540 490/544/535 498/551/542
f 498/551/542 492/546/537 499/552/543
f 499/552/543 501/553/544 500/554/545
f 492/546/537 502/555/546 501/553/544
f 502/555/546 500/554/545 501/553/544
f 504/556/547 500/554/545 503/557/548
f 504/556/547 506/558/549 505/559/550
f 494/560/551 504/556/547 503/557/548
f 502/555/546 494/560/551 503/557/548
f 495/547/538 507/561/552 494/560/551
f 496/550/541 508/562/553 495/547/538
f 497/549/540 508/562/553 496/550/541
f 498/551/542 507/561/552 508/562/553
f 505/559/550 499/552/543 500/554/545
f 539/563/554 532/564/555 533/565/556
f 532/564/555 535/566/557 534/567/558
f 531/568/559 536/569/560 532/564/555
f 539/563/554 537/570/561 531/568/559
f 533/565/556 538/571/562 539/563/554
f 541/572/563 540/573/564 533/565/556
f 533/565/556 534/567/558 541/572/563
f 534/567/558 542/574/565 541/572/563
f 535/566/557 540/573/564 542/574/565
f 536/569/560 538/571/562 540/573/564
f 545/575/566 553/576/567 543/577/568
f 547/578/569 545/575/566 543/577/568
f 546/579/570 549/580/571 548/581/572
f 548/581/572 551/582/573 550/583/574
f 551/582/573 553/576/567 552/584/575
f 549/580/571 543/577/568 553/576/567
f 550/583/574 552/584/575 554/585/576
f 554/585/576 553/576/567 544/586/577
f 548/581/572 554/585/576 544/586/577
f 546/579/570 544/586/577 545/575/566
f 555/587/578 575/588/579 574/589/370
f 575/588/579 558/590/580 576/591/581
f 576/591/581 556/592/582 578/593/583
f 577/594/584 556/592/582 557/595/585
f 575/588/579 561/596/377 558/590/580
f 560/597/586 562/598/587 559/599/588
f 565/600/589 562/598/587 564/601/590
f 564/601/590 561/596/377 566/602/383
f 572/603/384 566/602/383 569/604/385
f 573/605/386 566/602/383 561/596/377
f 568/606/387 555/587/578 570/607/388
f 555/587/578 571/608/389 570/607/388
f 567/609/591 555/587/578 557/595/585
f 562/598/587 557/595/585 556/592/582
f 558/590/580 562/598/587 556/592/582
f 565/600/589 566/602/383 567/609/591
f 567/609/591 557/595/585 563/610/592
f 572/603/384 570/607/388 571/608/389
f 573/605/386 570/607/388 569/604/385
f 557/595/585 555/587/578 577/594/584
f 574/589/370 577/594/584 555/587/578
f 574/589/370 576/591/581 578/593/583
f 587/611/593 601/612/594 580/613/595
f 580/613/595 601/612/594 600/614/596
f 581/615/597 600/614/596 599/616/598
f 581/615/597 598/617/599 582/618/600
f 584/619/601 582/618/600 583/620/602
f 586/621/603 595/622/604 594/623/605
f 586/621/603 590/624/606 587/611/593
f 592/625/607 583/620/602 579/626/608
f 592/625/607 601/612/594 589/627/609
f 588/628/610 601/612/594 587/611/593
f 586/621/603 593/629/611 591/630/612
f 593/629/611 589/627/609 591/630/612
f 589/627/609 590/624/606 591/630/612
f 582/618/600 597/631/613 581/615/597
f 586/621/603 585/632/614 583/620/602
f 587/611/593 596/633/615 595/622/604
f 581/615/597 596/633/615 580/613/595
f 597/631/613 585/632/614 594/623/605
f 596/633/615 594/623/605 595/622/604
f 579/626/608 582/618/600 598/617/599
f 598/617/599 602/634/616 579/626/608
f 602/634/616 600/614/596 601/612/594
f 604/635/617 603/636/618 627/637/619
f 613/638/620 604/635/617 605/639/621
f 605/639/621 604/635/617 625/640/622
f 606/641/623 623/642/624 607/643/625
f 608/644/626 607/643/625 603/636/618
f 609/645/627 607/643/625 608/644/626
f 613/646/620 620/647/628 611/648/629
f 611/649/629 618/650/630 613/638/620
f 611/649/629 615/651/631 619/652/632
f 616/653/633 603/636/618 617/654/634
f 614/655/635 603/636/618 604/635/617
f 617/654/634 618/650/630 619/652/632
f 615/651/631 617/654/634 619/652/632
f 607/643/625 622/656/636 606/641/623
f 611/648/629 610/657/637 608/658/626
f 613/638/620 621/659/638 612/660/639
f 606/641/623 621/659/638 605/639/621
f 620/647/628 609/645/627 610/657/637
f 621/659/638 620/647/628 612/660/639
f 603/636/618 607/643/625 623/642/624
f 606/641/623 625/640/622 624/661/640
f 628/662/641 627/637/619 603/636/618
f 623/642/624 627/637/619 628/662/641
f 627/637/619 625/640/622 626/663/642
f 630/664/643 633/665/644 629/666/645
f 631/667/646 634/668/647 633/665/644
f 634/668/647 636/669/648 633/665/644
f 636/669/648 638/670/649 637/671/650
f 640/672/651 638/670/649 635/673/652
f 640/672/651 642/674/653 639/675/654
f 644/676/655 642/674/653 641/677/656
f 645/678/657 643/679/658 644/676/655
f 645/678/657 637/671/650 646/680/659
f 642/674/653 643/679/658 638/670/649
f 633/665/644 645/678/657 629/666/645
f 645/678/657 647/681/660 629/666/645
f 647/681/660 630/664/643 629/666/645
f 650/682/661 632/683/662 631/667/646
f 632/683/662 651/684/663 634/668/647
f 650/682/661 652/685/664 651/684/663
f 652/685/664 640/672/651 651/684/663
f 644/676/655 652/685/664 647/681/660
f 649/686/665 647/681/660 652/685/664
f 640/672/651 634/668/647 651/684/663
f 653/687/666 667/688/667 658/689/668
f 657/690/669 653/687/666 658/689/668
f 658/689/668 660/691/670 657/690/669
f 657/690/669 661/692/671 662/693/672
f 663/694/673 661/692/671 664/695/674
f 663/694/673 665/696/675 666/697/676
f 667/688/667 665/696/675 668/698/677
f 658/689/668 668/698/677 659/699/678
f 662/693/672 656/700/679 657/690/669
f 655/701/680 662/693/672 663/694/673
f 666/697/676 655/701/680 663/694/673
f 667/688/667 654/702/681 666/697/676
f 661/692/671 660/691/670 668/698/677
f 671/703/682 669/704/683 670/705/684
f 671/703/682 673/706/685 669/704/683
f 673/706/685 670/705/684 669/704/683
f 676/707/682 674/708/683 675/709/684
f 676/707/682 678/710/685 674/708/683
f 678/710/685 675/709/684 674/708/683
f 681/711/682 680/712/683 679/713/684
f 682/714/685 679/713/684 680/712/683
f 681/711/682 682/714/685 680/712/683
f 685/715/685 687/716/684 684/717/683
f 688/718/682 685/715/685 684/717/683
f 688/718/682 684/717/683 687/716/684
f 690/719/686 691/720/686 689/721/686
f 693/722/686 692/723/686 694/724/686
f 696/725/687 697/726/688 695/727/689
f 697/726/688 698/728/690 695/727/689
f 695/727/689 698/728/690 696/725/687
f 699/729/691 701/730/692 700/731/693
f 703/732/685 701/730/692 699/729/691
f 700/731/693 703/732/685 699/729/691
f 704/733/691 706/734/692 705/735/693
f 708/736/685 706/734/692 704/733/691
f 705/735/693 708/736/685 704/733/691
f 709/737/694 710/738/695 711/739/696
f 709/737/694 712/740/697 710/738/695
f 712/740/697 711/739/696 710/738/695
f 717/741/693 715/742/685 714/743/691
f 715/742/685 718/744/692 714/743/691
f 714/743/691 718/744/692 717/741/693
f 719/745/698 720/746/699 727/747/700
f 721/748/701 723/749/702 722/750/703
f 719/745/698 724/751/704 721/748/701
f 727/747/700 725/752/705 719/745/698
f 720/746/699 726/753/706 727/747/700
f 729/754/707 728/755/708 720/746/699
f 721/748/701 729/754/707 720/746/699
f 722/750/703 730/756/709 729/754/707
f 723/749/702 728/755/708 730/756/709
f 724/751/704 726/753/706 728/755/708
f 732/757/710 736/758/711 733/759/712
f 735/760/713 733/759/712 736/758/711
f 737/761/714 735/760/713 738/762/715
f 737/761/714 740/763/716 739/764/717
f 740/763/716 731/765/718 741/766/719
f 738/762/715 736/758/711 731/765/718
f 739/764/717 741/766/719 742/767/720
f 742/767/720 731/765/718 732/757/710
f 737/761/714 742/767/720 732/757/710
f 734/768/721 732/757/710 733/759/712
f 743/769/722 745/770/723 744/771/724
f 743/769/722 744/771/724 747/772/725
f 746/773/726 745/770/727 744/771/728
f 750/774/729 744/771/728 747/772/730
f 749/775/731 750/774/729 747/772/730
f 748/776/732 743/769/722 747/772/725
f 753/777/733 751/778/734 752/779/733
f 754/780/735 756/781/736 755/782/737
f 756/781/736 754/780/735 755/782/737
f 759/783/738 758/784/739 757/785/739
f 760/786/740 792/787/741 761/788/742
f 761/788/742 792/787/741 793/789/743
f 761/788/742 762/790/744 790/791/745
f 761/788/742 793/789/743 762/790/744
f 762/790/744 793/789/743 763/792/746
f 762/790/744 763/792/746 765/793/747
f 769/794/748 768/795/749 760/786/740
f 760/786/740 767/796/750 792/787/741
f 772/797/751 769/794/748 770/798/752
f 773/799/753 791/800/754 774/801/755
f 772/797/751 770/798/752 771/802/756
f 773/799/753 775/803/757 772/797/751
f 776/804/758 768/795/749 775/803/757
f 776/804/758 766/805/759 768/795/749
f 775/803/757 777/806/760 776/804/758
f 779/807/761 775/803/757 778/808/762
f 777/806/760 764/809/763 766/805/759
f 764/809/763 777/806/760 782/810/764
f 781/811/765 779/807/761 780/812/766
f 779/807/761 783/813/767 777/806/760
f 783/813/767 782/810/764 777/806/760
f 783/813/767 762/790/744 782/810/764
f 785/814/768 784/815/769 783/813/767
f 784/815/769 787/816/770 783/813/767
f 788/817/771 786/818/772 791/800/754
f 789/819/773 787/816/770 784/815/769
f 787/816/770 761/788/742 790/791/745
f 789/819/773 761/788/742 787/816/770
f 788/817/771 771/802/756 789/819/773
f 770/798/752 761/788/742 789/819/773
f 780/812/766 774/801/755 791/800/754
f 787/816/770 790/791/745 783/813/767
f 783/813/767 790/791/745 762/790/744
f 785/814/768 781/811/765 786/818/772
f 778/808/762 774/801/755 780/812/766
f 793/789/743 792/787/741 767/796/750
f 824/820/774 822/821/775 821/822/776
f 821/822/776 822/821/775 817/823/777
f 822/824/775 824/825/774 823/826/778
f 824/825/774 819/827/779 823/826/778
f 827/828/780 825/829/781 826/830/780
f 845/831/782 844/832/783 840/833/784
f 842/834/785 847/835/786 846/836/787
f 856/837/788 860/838/789 848/839/790
f 848/839/790 849/840/791 851/841/792
f 849/840/791 850/842/793 852/843/794
f 851/841/792 852/843/794 853/844/795
f 853/844/795 852/843/794 856/837/788
f 856/837/788 852/843/794 855/845/796
f 856/837/788 855/845/796 857/846/797
f 857/846/797 855/845/796 858/847/798
f 858/847/798 854/848/799 859/849/800
f 857/846/797 858/847/798 860/838/789
f 858/847/798 859/849/800 849/840/791
f 860/838/789 849/840/791 848/839/790
f 871/850/801 872/851/802 870/852/803
f 872/851/802 871/850/801 873/853/804
f 874/854/805 875/855/806 873/853/804
f 881/856/807 882/857/808 880/858/809
f 861/859/810 862/860/811 881/856/807
f 891/861/812 895/862/813 883/863/814
f 883/863/814 884/864/815 885/865/816
f 884/864/815 886/866/817 885/865/816
f 885/865/816 888/867/818 883/863/814
f 885/865/816 886/866/817 887/868/819
f 885/865/816 887/868/819 888/867/818
f 887/868/819 889/869/820 890/870/821
f 888/867/818 890/870/821 891/861/812
f 890/870/821 889/869/820 892/871/822
f 892/871/822 889/869/820 894/872/823
f 891/861/812 892/871/822 893/873/824
f 895/862/813 892/871/822 884/864/815
f 892/871/822 894/872/823 884/864/815
f 895/862/813 884/864/815 883/863/814
f 901/874/825 900/875/826 902/876/827
f 902/876/827 900/875/826 903/877/828
f 904/878/829 903/877/828 905/879/830
f 905/879/830 906/880/831 904/878/829
f 907/881/832 908/882/833 906/880/831
f 909/883/834 908/882/833 907/881/832
f 912/884/835 911/885/836 910/886/837
f 912/884/835 914/887/838 911/885/836
f 918/888/839 923/889/840 924/890/841
f 929/891/842 919/892/843 918/888/839
f 919/892/843 920/893/844 921/894/845
f 923/889/840 919/892/843 921/894/845
f 923/889/840 921/894/845 924/890/841
f 924/890/841 921/894/845 925/895/846
f 924/890/841 925/895/846 927/896/847
f 927/896/847 928/897/848 929/891/842
f 925/895/846 926/898/849 928/897/848
f 919/892/843 926/898/849 920/893/844
f 931/899/850 932/900/851 930/901/852
f 932/900/851 931/899/850 933/902/853
f 934/903/854 933/902/853 935/904/855
f 936/905/856 935/904/855 938/906/857
f 938/906/857 935/904/855 937/907/858
f 937/907/858 939/908/859 938/906/857
f 940/909/860 939/908/859 937/907/858
f 941/910/861 940/909/860 943/911/862
f 943/911/862 940/909/860 942/912/863
f 948/913/864 946/914/865 947/915/866
f 947/915/866 930/901/852 948/913/864
f 952/916/867 950/917/868 951/918/869
f 951/918/869 949/919/870 953/920/871
f 954/921/872 951/918/869 953/920/871
f 952/916/867 951/918/869 955/922/873
f 955/922/873 954/921/872 956/923/874
f 957/924/875 955/922/873 958/925/876
f 958/925/876 956/923/874 959/926/877
f 961/927/878 958/925/876 960/928/879
f 962/929/880 960/928/879 959/926/877
f 963/930/881 960/928/879 950/917/868
f 950/917/868 962/929/880 949/919/870
f 964/931/882 986/932/883 965/933/884
f 966/934/885 965/933/884 967/935/886
f 968/936/887 967/935/886 969/937/888
f 973/938/889 976/939/890 974/940/891
f 981/941/892 979/942/893 978/943/894
f 979/942/893 977/944/895 978/943/894
f 979/942/893 980/945/896 977/944/895
f 979/942/893 981/941/892 980/945/896
f 983/946/897 981/941/892 982/947/898
f 983/946/897 984/948/899 985/949/900
f 990/950/901 1000/951/902 995/952/903
f 988/953/904 999/954/905 987/955/906
f 988/953/904 989/956/907 997/957/908
f 987/955/906 1000/951/902 990/950/901
f 989/956/907 987/955/906 991/958/909
f 992/959/910 991/958/909 994/960/911
f 993/961/912 991/958/909 990/950/901
f 994/960/911 991/958/909 993/961/912
f 994/960/911 993/961/912 995/952/903
f 997/957/908 994/960/911 996/962/913
f 996/962/913 995/952/903 998/963/914
f 997/957/908 996/962/913 999/954/905
f 999/954/905 998/963/914 1000/951/902
f 1003/964/915 1004/965/916 1001/966/917
f 1005/967/918 1004/965/916 1003/964/915
f 1007/968/919 1006/969/920 1005/967/918
f 1007/968/919 1008/970/921 1006/969/920
f 1011/971/922 1012/972/923 1009/973/924
f 1015/974/925 1016/975/926 1014/976/927
f 1020/977/928 1018/978/929 1019/979/930
f 1020/977/928 1021/980/931 1022/981/932
f 1022/981/932 1021/980/931 1002/982/933
f 1025/983/934 1032/984/935 1030/985/936
f 1025/983/934 1023/986/937 1034/987/938
f 1024/988/939 1023/986/937 1026/989/940
f 1027/990/941 1026/989/940 1025/983/934
f 1028/991/942 1029/992/943 1026/989/940
f 1030/985/936 1028/991/942 1027/990/941
f 1033/993/944 1028/991/942 1031/994/945
f 1031/994/945 1030/985/936 1032/984/935
f 1023/986/937 1032/984/935 1034/987/938
f 1033/993/944 1031/994/945 1023/986/937
f 1035/995/946 1036/996/947 1038/997/948
f 1040/998/949 1039/999/950 1041/1000/951
f 1042/1001/952 1043/1002/953 1041/1000/951
f 1045/1003/954 1042/1001/952 1044/1004/955
f 1048/1005/956 1047/1006/957 1046/1007/958
f 1058/1008/959 1060/1009/960 1052/1010/961
f 1055/1011/962 1056/1012/963 1052/1010/961
f 1062/1013/964 1057/1014/965 1054/1015/966
f 1053/1016/967 1054/1015/966 1055/1011/962
f 1056/1012/963 1055/1011/962 1059/1017/968
f 1056/1012/963 1059/1017/968 1058/1008/959
f 1060/1009/960 1059/1017/968 1061/1018/969
f 1061/1018/969 1062/1013/964 1063/1019/970
f 1063/1019/970 1065/1020/971 1053/1016/967
f 1052/1010/961 1063/1019/970 1053/1016/967
f 1053/1016/967 1065/1020/971 1054/1015/966
f 1052/1010/961 1053/1016/967 1055/1011/962
f 1080/1021/972 1081/1022/973 1078/1023/974
f 1084/1024/975 1085/1025/976 1083/1026/977
f 1086/1027/978 1087/1028/979 1085/1025/976
f 1066/1029/980 1088/1030/981 1087/1028/979
f 1092/1031/982 1093/1032/983 1100/1033/984
f 1102/1034/985 1101/1035/986 1090/1036/987
f 1102/1034/985 1090/1036/987 1091/1037/988
f 1089/1038/989 1102/1034/985 1091/1037/988
f 1091/1037/988 1090/1036/987 1095/1039/990
f 1093/1032/983 1091/1037/988 1094/1040/991
f 1091/1037/988 1095/1039/990 1094/1040/991
f 1098/1041/992 1097/1042/993 1099/1043/994
f 1098/1041/992 1100/1033/984 1096/1044/995
f 1100/1033/984 1099/1043/994 1102/1034/985
f 1100/1033/984 1102/1034/985 1089/1038/989
f 1104/1045/996 1103/1046/997 1105/1047/998
f 1105/1047/998 1106/1048/999 1104/1045/996
f 1111/1049/1000 1113/1050/1001 1110/1051/1002
f 1112/1052/1003 1115/1053/1004 1113/1050/1001
f 1115/1053/1004 1112/1052/1003 1114/1054/1005
f 1114/1054/1005 1116/1055/1006 1115/1053/1004
f 1117/1056/1007 1118/1057/1008 1116/1055/1006
f 1121/1058/975 1122/1059/1009 1120/1060/977
f 1123/1061/1010 1124/1062/1011 1122/1059/1009
f 1127/1063/1012 1130/1064/1013 1137/1065/1014
f 1135/1066/1015 1133/1067/1016 1128/1068/1017
f 1127/1063/1012 1128/1068/1017 1129/1069/1018
f 1130/1064/1013 1129/1069/1018 1131/1070/1019
f 1131/1070/1019 1129/1069/1018 1132/1071/1020
f 1132/1071/1020 1133/1067/1016 1134/1072/1021
f 1136/1073/1022 1132/1071/1020 1134/1072/1021
f 1134/1072/1021 1133/1067/1016 1135/1066/1015
f 1140/1074/1023 1141/1075/1024 1138/1076/1025
f 1150/1077/1026 1151/1078/1027 1153/1079/1028
f 1153/1079/1028 1151/1078/1027 1152/1080/1029
f 1161/1081/1030 1156/1082/1031 1165/1083/1032
f 1163/1084/1033 1168/1085/1034 1159/1086/1035
f 1157/1087/1036 1156/1082/1031 1158/1088/1037
f 1160/1089/1038 1159/1086/1035 1157/1087/1036
f 1160/1089/1038 1158/1088/1037 1161/1081/1030
f 1162/1090/1039 1160/1089/1038 1161/1081/1030
f 1163/1084/1033 1160/1089/1038 1164/1091/1040
f 1164/1091/1040 1162/1090/1039 1165/1083/1032
f 1164/1091/1040 1165/1083/1032 1166/1092/1041
f 1168/1085/1034 1164/1091/1040 1167/1093/1042
f 1167/1093/1042 1166/1092/1041 1156/1082/1031
f 1168/1085/1034 1167/1093/1042 1157/1087/1036
f 1169/1094/1043 1170/1095/1044 1171/1096/1045
f 1173/1097/1046 1175/1098/1047 1174/1099/1048
f 1178/1100/1049 1177/1101/1050 1176/1102/1051
f 1186/1103/1052 1187/1104/1053 1188/1105/1054
f 1188/1105/1054 1187/1104/1053 1189/1106/1055
f 1194/1107/1056 1192/1108/1057 1201/1109/1058
f 1192/1108/1057 1193/1110/1059 1205/1111/1060
f 1199/1112/1061 1204/1113/1062 1195/1114/1063
f 1193/1110/1059 1192/1108/1057 1194/1107/1056
f 1196/1115/1064 1195/1114/1063 1193/1110/1059
f 1196/1115/1064 1194/1107/1056 1197/1116/1065
f 1198/1117/1066 1199/1112/1061 1196/1115/1064
f 1199/1112/1061 1198/1117/1066 1200/1118/1067
f 1200/1118/1067 1198/1117/1066 1201/1109/1058
f 1200/1118/1067 1201/1109/1058 1202/1119/1068
f 1204/1113/1062 1200/1118/1067 1203/1120/1069
f 1203/1120/1069 1202/1119/1068 1205/1111/1060
f 1204/1113/1062 1203/1120/1069 1193/1110/1059
f 1209/1121/1070 1208/1122/1071 1207/1123/1072
f 1210/1124/1073 1211/1125/1074 1212/1126/1075
f 1214/1127/1076 1213/1128/1077 1211/1125/1074
f 1215/1129/1078 1213/1128/1077 1214/1127/1076
f 1213/1128/1077 1215/1129/1078 1216/1130/1079
f 1216/1130/1079 1215/1129/1078 1217/1131/1080
f 1219/1132/1081 1218/1133/1082 1217/1131/1080
f 1221/1134/1083 1220/1135/1084 1219/1132/1081
f 1226/1136/1085 1224/1137/1086 1225/1138/1087
f 1232/1139/1088 1240/1140/1089 1230/1141/1090
f 1231/1142/1091 1230/1141/1090 1241/1143/1092
f 1233/1144/1093 1231/1142/1091 1234/1145/1094
f 1233/1144/1093 1235/1146/1095 1230/1141/1090
f 1235/1146/1095 1233/1144/1093 1236/1147/1096
f 1236/1147/1096 1234/1145/1094 1237/1148/1097
f 1236/1147/1096 1237/1148/1097 1238/1149/1098
f 1239/1150/1099 1236/1147/1096 1240/1140/1089
f 1241/1143/1092 1240/1140/1089 1238/1149/1098
f 1251/1151/1100 1254/1152/1101 1253/1153/1102
f 1256/1154/1103 1257/1155/1104 1255/1156/1105
f 1258/1157/1106 1259/1158/1107 1257/1155/1104
f 1259/1158/1107 1258/1157/1106 1242/1159/1108
f 1266/1160/1109 1268/1161/1110 1271/1162/1111
f 1285/1163/1112 1267/1164/1113 1268/1161/1110
f 1268/1161/1110 1269/1165/1114 1270/1166/1115
f 1274/1167/1116 1273/1168/1117 1275/1169/1118
f 1270/1166/1119 1276/1170/1120 1271/1162/1121
f 1278/1171/1122 1275/1169/1118 1276/1170/1120
f 1279/1172/1123 1274/1167/1116 1275/1169/1118
f 1280/1173/1124 1273/1168/1117 1274/1167/1116
f 1281/1174/1125 1272/1175/1126 1273/1168/1117
f 1271/1162/1121 1284/1176/1127 1285/1163/1128
f 1286/1177/1129 1287/1178/1130 1267/1164/1131
f 1268/1161/1110 1267/1164/1113 1288/1179/1132
f 1289/1180/1133 1270/1166/1119 1315/1181/1134
f 1289/1180/1133 1315/1181/1134 1276/1170/1135
f 1315/1181/1136 1290/1182/1137 1276/1170/1120
f 1276/1170/1120 1290/1182/1137 1291/1183/1138
f 1292/1184/1139 1277/1185/1140 1291/1183/1138
f 1278/1171/1122 1293/1186/1141 1275/1169/1118
f 1293/1186/1142 1294/1187/1143 1275/1169/1144
f 1275/1169/1144 1294/1187/1143 1296/1188/1145
f 1295/1189/1146 1275/1169/1118 1296/1188/1147
f 1295/1189/1146 1296/1188/1147 1279/1172/1148
f 1296/1188/1149 1297/1190/1150 1279/1172/1123
f 1298/1191/1151 1299/1192/1152 1274/1167/1153
f 1299/1192/1152 1301/1193/1154 1274/1167/1155
f 1301/1193/1156 1300/1194/1157 1274/1167/1158
f 1300/1194/1157 1301/1193/1156 1280/1173/1159
f 1301/1193/1154 1325/1195/1160 1280/1173/1124
f 1280/1173/1124 1325/1195/1160 1302/1196/1161
f 1302/1196/1161 1303/1197/1162 1280/1173/1124
f 1280/1173/1124 1303/1197/1162 1304/1198/1163
f 1304/1198/1164 1305/1199/1165 1281/1174/1125
f 1307/1200/1166 1282/1201/1167 1308/1202/1168
f 1307/1200/1166 1308/1202/1168 1272/1175/1169
f 1308/1202/1170 1333/1203/1171 1272/1175/1172
f 1272/1175/1172 1333/1203/1171 1310/1204/1173
f 1309/1205/1174 1272/1175/1126 1310/1204/1175
f 1309/1205/1174 1310/1204/1175 1283/1206/1176
f 1311/1207/1177 1285/1163/1112 1283/1206/1176
f 1285/1163/1128 1284/1176/1127 1283/1206/1178
f 1312/1208/1179 1286/1177/1129 1267/1164/1113
f 1288/1179/1132 1287/1178/1180 1357/1209/1181
f 1269/1165/1114 1288/1179/1132 1313/1210/1182
f 1315/1181/1136 1316/1211/1183 1291/1183/1184
f 1291/1183/1184 1316/1211/1183 1318/1212/1185
f 1317/1213/1186 1291/1183/1138 1318/1212/1187
f 1292/1184/1139 1317/1213/1186 1318/1212/1188
f 1292/1184/1139 1318/1212/1188 1342/1214/1189
f 1319/1215/1190 1292/1184/1139 1342/1214/1191
f 1293/1186/1141 1319/1215/1190 1342/1214/1192
f 1296/1188/1149 1321/1216/1193 1297/1190/1150
f 1297/1190/1150 1321/1216/1193 1323/1217/1194
f 1322/1218/1195 1297/1190/1150 1323/1217/1196
f 1298/1191/1151 1322/1218/1195 1323/1217/1197
f 1298/1191/1151 1323/1217/1197 1324/1219/1198
f 1303/1197/1162 1302/1196/1161 1326/1220/1199
f 1327/1221/1200 1303/1197/1162 1326/1220/1201
f 1304/1198/1163 1327/1221/1200 1328/1222/1202
f 1305/1199/1165 1304/1198/1164 1328/1222/1202
f 1328/1222/1202 1329/1223/1203 1305/1199/1165
f 1329/1223/1203 1330/1224/1204 1306/1225/1205
f 1330/1224/1204 1331/1226/1206 1306/1225/1207
f 1282/1201/1167 1306/1225/1208 1308/1202/1209
f 1334/1227/1210 1332/1228/1211 1308/1202/1209
f 1333/1203/1171 1308/1202/1170 1310/1204/1212
f 1332/1228/1211 1334/1227/1210 1310/1204/1175
f 1312/1208/1179 1311/1207/1177 1335/1229/1213
f 1336/1230/1214 1312/1208/1179 1335/1229/1213
f 1337/1231/1215 1286/1177/1129 1356/1232/1216
f 1357/1209/1181 1287/1178/1180 1339/1233/1217
f 1314/1234/1218 1340/1235/1219 1361/1236/1220
f 1316/1211/1183 1314/1234/1218 1361/1236/1221
f 1316/1211/1183 1361/1236/1221 1318/1212/1185
f 1361/1236/1222 1341/1237/1223 1318/1212/1188
f 1318/1212/1188 1341/1237/1223 1363/1238/1224
f 1343/1239/1225 1342/1214/1226 1365/1240/1227
f 1320/1241/1228 1343/1239/1225 1345/1242/1229
f 1344/1243/1230 1320/1241/1228 1345/1242/1231
f 1344/1243/1230 1345/1242/1231 1321/1216/1193
f 1323/1217/1194 1321/1216/1193 1345/1242/1231
f 1346/1244/1232 1323/1217/1197 1345/1242/1233
f 1323/1217/1197 1346/1244/1232 1347/1245/1234
f 1323/1217/1197 1347/1245/1234 1324/1219/1198
f 1349/1246/1235 1326/1220/1199 1348/1247/1236
f 1349/1246/1235 1350/1248/1237 1326/1220/1199
f 1350/1248/1237 1327/1221/1200 1326/1220/1201
f 1327/1221/1200 1350/1248/1237 1351/1249/1238
f 1353/1250/1239 1330/1224/1204 1352/1251/1240
f 1330/1224/1204 1353/1250/1239 1331/1226/1206
f 1331/1226/1206 1353/1250/1239 1354/1252/1241
f 1335/1229/1213 1355/1253/1242 1380/1254/1243
f 1336/1230/1214 1335/1229/1213 1380/1254/1243
f 1356/1232/1216 1336/1230/1214 1381/1255/1244
f 1337/1231/1215 1356/1232/1216 1338/1256/1245
f 1357/1209/1181 1339/1233/1217 1358/1257/1246
f 1340/1235/1219 1359/1258/1247 1361/1236/1220
f 1361/1236/1220 1359/1258/1247 1360/1259/1248
f 1360/1259/1248 1386/1260/1249 1361/1236/1220
f 1386/1260/1250 1362/1261/1251 1361/1236/1252
f 1363/1238/1253 1362/1261/1251 1386/1260/1250
f 1365/1240/1254 1364/1262/1255 1366/1263/1256
f 1343/1239/1225 1365/1240/1227 1366/1263/1257
f 1367/1264/1258 1345/1242/1229 1366/1263/1257
f 1368/1265/1259 1345/1242/1260 1397/1266/1261
f 1347/1245/1262 1368/1265/1259 1397/1266/1263
f 1398/1267/1264 1369/1268/1265 1347/1245/1266
f 1348/1247/1236 1369/1268/1265 1398/1267/1264
f 1370/1269/1267 1348/1247/1236 1398/1267/1264
f 1349/1246/1235 1370/1269/1267 1371/1270/1268
f 1349/1246/1235 1371/1270/1268 1350/1248/1237
f 1350/1248/1237 1372/1271/1269 1351/1249/1238
f 1351/1249/1238 1372/1271/1269 1373/1272/1270
f 1374/1273/1271 1352/1251/1240 1373/1272/1270
f 1352/1251/1240 1374/1273/1271 1375/1274/1272
f 1353/1250/1239 1375/1274/1272 1376/1275/1273
f 1376/1275/1273 1377/1276/1274 1354/1252/1241
f 1354/1252/1241 1377/1276/1274 1378/1277/1275
f 1355/1253/1242 1334/1227/1210 1354/1252/1241
f 1378/1277/1275 1379/1278/1276 1355/1253/1277
f 1381/1255/1244 1382/1279/1278 1338/1256/1279
f 1356/1232/1216 1381/1255/1244 1338/1256/1245
f 1358/1257/1246 1339/1233/1217 1338/1256/1245
f 1384/1280/1280 1358/1257/1246 1338/1256/1279
f 1384/1280/1280 1359/1258/1247 1358/1257/1246
f 1385/1281/1281 1359/1258/1247 1384/1280/1280
f 1386/1260/1249 1395/1282/1282 1364/1262/1255
f 1366/1263/1256 1364/1262/1255 1395/1282/1282
f 1387/1283/1283 1366/1263/1284 1395/1282/1285
f 1387/1283/1283 1396/1284/1286 1366/1263/1284
f 1396/1284/1286 1367/1264/1258 1366/1263/1257
f 1372/1271/1269 1350/1248/1237 1371/1270/1268
f 1400/1285/1287 1373/1272/1270 1391/1286/1288
f 1375/1274/1272 1400/1285/1287 1391/1286/1288
f 1376/1275/1273 1375/1274/1272 1391/1286/1288
f 1392/1287/1289 1377/1276/1274 1391/1286/1288
f 1392/1287/1289 1379/1278/1276 1378/1277/1275
f 1401/1288/1290 1379/1278/1276 1392/1287/1289
f 1379/1278/1276 1401/1288/1290 1382/1279/1278
f 1382/1279/1278 1394/1289/1291 1338/1256/1279
f 1383/1290/1292 1384/1280/1280 1338/1256/1279
f 1383/1290/1292 1385/1281/1281 1384/1280/1280
f 1385/1281/1281 1383/1290/1292 1395/1282/1293
f 1395/1282/1282 1386/1260/1249 1385/1281/1281
f 1383/1290/1292 1404/1291/1294 1395/1282/1293
f 1395/1282/1293 1404/1291/1294 1403/1292/1295
f 1387/1283/1283 1403/1292/1295 1396/1284/1286
f 1397/1266/1296 1396/1284/1286 1388/1293/1297
f 1398/1267/1264 1388/1293/1297 1389/1294/1298
f 1389/1294/1298 1399/1295/1299 1390/1296/1300
f 1390/1296/1300 1371/1270/1268 1389/1294/1298
f 1391/1286/1288 1373/1272/1270 1390/1296/1300
f 1393/1297/1301 1392/1287/1289 1391/1286/1288
f 1392/1287/1289 1394/1289/1291 1382/1279/1278
f 1382/1279/1278 1401/1288/1290 1392/1287/1289
f 1403/1292/1295 1402/1298/1302 1399/1295/1299
f 1266/1160/1109 1271/1162/1111 1285/1163/1303
f 1406/1299/1304 1408/1300/1305 1409/1301/1306
f 1405/1302/1307 1407/1303/1308 1406/1299/1309
f 1408/1300/1305 1425/1304/1310 1409/1301/1311
f 1425/1304/1310 1410/1305/1312 1409/1301/1313
f 1411/1306/1314 1416/1307/1315 1412/1308/1316
f 1417/1309/1317 1415/1310/1318 1416/1307/1315
f 1419/1311/1319 1414/1312/1320 1415/1310/1318
f 1421/1313/1321 1413/1314/1322 1414/1312/1320
f 1422/1315/1323 1412/1308/1316 1413/1314/1322
f 1409/1301/1306 1423/1316/1324 1406/1299/1304
f 1423/1316/1324 1449/1317/1325 1406/1299/1304
f 1449/1317/1326 1405/1302/1307 1406/1299/1327
f 1424/1318/1328 1407/1303/1308 1451/1319/1329
f 1410/1305/1312 1425/1304/1310 1411/1306/1314
f 1454/1320/1330 1426/1321/1331 1416/1307/1332
f 1426/1321/1331 1427/1322/1333 1416/1307/1334
f 1428/1323/1335 1417/1309/1317 1427/1322/1336
f 1458/1324/1337 1429/1325/1338 1417/1309/1317
f 1418/1326/1339 1429/1325/1338 1458/1324/1337
f 1430/1327/1340 1418/1326/1339 1458/1324/1337
f 1431/1328/1341 1432/1329/1342 1415/1310/1343
f 1432/1329/1342 1433/1330/1344 1415/1310/1345
f 1433/1330/1346 1419/1311/1319 1415/1310/1318
f 1419/1311/1319 1464/1331/1347 1420/1332/1348
f 1464/1331/1349 1434/1333/1350 1420/1332/1351
f 1434/1333/1350 1435/1334/1352 1420/1332/1353
f 1435/1334/1352 1436/1335/1354 1420/1332/1353
f 1436/1335/1355 1437/1336/1356 1414/1312/1357
f 1437/1336/1356 1438/1337/1358 1414/1312/1320
f 1439/1338/1359 1414/1312/1320 1438/1337/1358
f 1439/1338/1359 1440/1339/1360 1421/1313/1361
f 1440/1339/1360 1441/1340/1362 1421/1313/1321
f 1442/1341/1363 1443/1342/1364 1413/1314/1365
f 1443/1342/1364 1445/1343/1366 1413/1314/1367
f 1445/1343/1368 1444/1344/1369 1413/1314/1370
f 1444/1344/1369 1445/1343/1368 1422/1315/1371
f 1446/1345/1372 1447/1346/1373 1422/1315/1371
f 1447/1346/1373 1448/1347/1374 1409/1301/1375
f 1448/1347/1374 1423/1316/1324 1409/1301/1306
f 1450/1348/1376 1451/1319/1377 1449/1317/1378
f 1451/1319/1329 1407/1303/1308 1449/1317/1326
f 1424/1318/1328 1476/1349/1379 1407/1303/1308
f 1425/1304/1310 1407/1303/1380 1453/1350/1381
f 1456/1351/1382 1427/1322/1333 1455/1352/1383
f 1427/1322/1333 1456/1351/1382 1457/1353/1384
f 1428/1323/1335 1427/1322/1336 1457/1353/1385
f 1457/1353/1385 1458/1324/1337 1428/1323/1335
f 1459/1354/1386 1458/1324/1337 1457/1353/1385
f 1458/1324/1337 1459/1354/1386 1460/1355/1387
f 1461/1356/1388 1430/1327/1340 1460/1355/1387
f 1461/1356/1389 1462/1357/1390 1431/1328/1341
f 1431/1328/1341 1462/1357/1390 1463/1358/1391
f 1464/1331/1347 1433/1330/1346 1465/1359/1392
f 1464/1331/1349 1466/1360/1393 1435/1334/1352
f 1435/1334/1352 1466/1360/1393 1467/1361/1394
f 1467/1361/1394 1436/1335/1354 1435/1334/1352
f 1436/1335/1354 1467/1361/1394 1487/1362/1395
f 1468/1363/1396 1436/1335/1355 1487/1362/1397
f 1468/1363/1396 1438/1337/1358 1436/1335/1355
f 1438/1337/1358 1468/1363/1396 1487/1362/1398
f 1469/1364/1399 1439/1338/1359 1438/1337/1358
f 1470/1365/1400 1439/1338/1359 1469/1364/1399
f 1442/1341/1401 1441/1340/1362 1471/1366/1402
f 1471/1366/1402 1492/1367/1403 1442/1341/1401
f 1472/1368/1404 1445/1343/1368 1494/1369/1405
f 1446/1345/1372 1472/1368/1404 1494/1369/1406
f 1447/1346/1373 1446/1345/1372 1473/1370/1407
f 1473/1370/1407 1448/1347/1374 1447/1346/1373
f 1449/1317/1325 1448/1347/1374 1473/1370/1407
f 1496/1371/1408 1450/1348/1376 1449/1317/1325
f 1452/1372/1409 1475/1373/1410 1497/1374/1411
f 1477/1375/1412 1453/1350/1381 1476/1349/1379
f 1478/1376/1413 1453/1350/1381 1477/1375/1412
f 1453/1350/1381 1478/1376/1413 1455/1352/1383
f 1478/1376/1413 1477/1375/1412 1455/1352/1414
f 1477/1375/1412 1479/1377/1415 1455/1352/1416
f 1455/1352/1416 1479/1377/1415 1501/1378/1417
f 1502/1379/1418 1457/1353/1419 1501/1378/1417
f 1480/1380/1420 1457/1353/1421 1505/1381/1422
f 1460/1355/1423 1480/1380/1420 1505/1381/1424
f 1482/1382/1425 1462/1357/1390 1481/1383/1426
f 1462/1357/1390 1482/1382/1425 1463/1358/1391
f 1482/1382/1427 1483/1384/1428 1463/1358/1429
f 1483/1384/1428 1484/1385/1430 1463/1358/1431
f 1467/1361/1394 1486/1386/1432 1487/1362/1395
f 1487/1362/1395 1488/1387/1433 1469/1364/1399
f 1488/1387/1433 1489/1388/1434 1469/1364/1435
f 1489/1388/1434 1470/1365/1400 1469/1364/1399
f 1470/1365/1400 1489/1388/1434 1490/1389/1436
f 1471/1366/1402 1491/1390/1437 1492/1367/1403
f 1491/1390/1437 1518/1391/1438 1492/1367/1439
f 1518/1391/1440 1493/1392/1441 1492/1367/1442
f 1494/1369/1443 1493/1392/1441 1518/1391/1440
f 1496/1371/1408 1473/1370/1407 1495/1393/1444
f 1496/1371/1408 1449/1317/1325 1473/1370/1407
f 1474/1394/1445 1522/1395/1446 1497/1374/1411
f 1475/1373/1410 1474/1394/1445 1497/1374/1411
f 1452/1372/1409 1497/1374/1411 1498/1396/1447
f 1452/1372/1409 1498/1396/1447 1499/1397/1448
f 1502/1379/1418 1501/1378/1417 1503/1398/1449
f 1504/1399/1450 1481/1383/1426 1505/1381/1451
f 1481/1383/1426 1460/1355/1452 1505/1381/1451
f 1506/1400/1453 1481/1383/1426 1504/1399/1450
f 1481/1383/1426 1506/1400/1453 1527/1401/1454
f 1482/1382/1425 1481/1383/1426 1527/1401/1455
f 1484/1385/1430 1507/1402/1456 1508/1403/1457
f 1508/1403/1457 1509/1404/1458 1484/1385/1430
f 1509/1404/1458 1510/1405/1459 1485/1406/1460
f 1510/1405/1459 1511/1407/1461 1485/1406/1462
f 1486/1386/1432 1511/1407/1461 1512/1408/1463
f 1512/1408/1463 1513/1409/1464 1486/1386/1432
f 1513/1409/1464 1514/1410/1465 1486/1386/1432
f 1488/1387/1433 1531/1411/1466 1489/1388/1434
f 1490/1389/1436 1489/1388/1434 1531/1411/1466
f 1517/1412/1467 1491/1390/1437 1516/1413/1468
f 1521/1414/1469 1520/1415/1470 1495/1393/1444
f 1496/1371/1408 1520/1415/1470 1521/1414/1469
f 1474/1394/1445 1496/1371/1408 1521/1414/1469
f 1498/1396/1447 1535/1416/1471 1499/1397/1448
f 1499/1397/1448 1535/1416/1471 1536/1417/1472
f 1537/1418/1473 1500/1419/1474 1536/1417/1472
f 1500/1419/1474 1537/1418/1473 1524/1420/1475
f 1525/1421/1476 1503/1398/1449 1524/1420/1475
f 1503/1398/1449 1525/1421/1476 1538/1422/1477
f 1504/1399/1450 1505/1381/1451 1503/1398/1449
f 1504/1399/1450 1538/1422/1477 1526/1423/1478
f 1527/1401/1479 1504/1399/1480 1526/1423/1478
f 1507/1402/1456 1527/1401/1479 1526/1423/1478
f 1508/1403/1457 1507/1402/1456 1526/1423/1478
f 1508/1403/1457 1528/1424/1481 1509/1404/1458
f 1511/1407/1461 1510/1405/1459 1528/1424/1481
f 1512/1408/1463 1511/1407/1461 1528/1424/1481
f 1513/1409/1464 1512/1408/1463 1529/1425/1482
f 1513/1409/1464 1529/1425/1482 1515/1426/1483
f 1530/1427/1484 1515/1426/1483 1529/1425/1482
f 1531/1411/1466 1530/1427/1484 1529/1425/1482
f 1517/1412/1467 1516/1413/1468 1533/1428/1485
f 1534/1429/1486 1519/1430/1487 1533/1428/1485
f 1542/1431/1488 1536/1417/1472 1498/1396/1447
f 1536/1417/1472 1535/1416/1471 1498/1396/1447
f 1524/1420/1475 1537/1418/1473 1536/1417/1472
f 1526/1423/1478 1538/1422/1477 1524/1420/1475
f 1525/1421/1476 1524/1420/1475 1538/1422/1477
f 1508/1403/1457 1526/1423/1478 1528/1424/1481
f 1512/1408/1463 1528/1424/1481 1529/1425/1482
f 1532/1432/1489 1531/1411/1466 1529/1425/1482
f 1533/1428/1485 1516/1413/1468 1532/1432/1489
f 1534/1429/1486 1497/1374/1411 1522/1395/1446
f 1522/1395/1446 1521/1414/1469 1534/1429/1486
f 1523/1433/1490 1497/1374/1411 1533/1428/1485
f 1540/1434/1491 1523/1433/1490 1533/1428/1485
f 1542/1431/1488 1545/1435/1492 1536/1417/1472
f 1545/1435/1492 1526/1423/1478 1536/1417/1472
f 1541/1436/1493 1544/1437/1494 1528/1424/1481
f 1528/1424/1481 1544/1437/1494 1529/1425/1482
f 1544/1437/1494 1543/1438/1495 1529/1425/1482
f 1543/1438/1495 1533/1428/1485 1529/1425/1482
f 1546/1439/1496 1547/1440/1497 1548/1441/1498
f 1547/1440/1497 1585/1442/1499 1586/1443/1500
f 1547/1440/1497 1587/1444/1501 1548/1441/1502
f 1587/1444/1501 1563/1445/1503 1548/1441/1504
f 1552/1446/1505 1551/1447/1506 1553/1448/1507
f 1549/1449/1508 1554/1450/1509 1548/1441/1510
f 1555/1451/1511 1552/1446/1505 1553/1448/1507
f 1556/1452/1512 1551/1447/1506 1552/1446/1505
f 1559/1453/1513 1550/1454/1514 1551/1447/1506
f 1560/1455/1515 1548/1441/1510 1550/1454/1514
f 1560/1455/1515 1546/1439/1496 1548/1441/1510
f 1546/1439/1496 1560/1455/1515 1584/1456/1516
f 1546/1439/1496 1561/1457/1517 1585/1442/1499
f 1586/1443/1500 1585/1442/1499 1562/1458/1518
f 1563/1445/1503 1587/1444/1501 1549/1449/1519
f 1589/1459/1520 1564/1460/1521 1549/1449/1519
f 1564/1460/1521 1565/1461/1522 1554/1450/1509
f 1554/1450/1509 1565/1461/1522 1566/1462/1523
f 1566/1462/1524 1567/1463/1525 1553/1448/1526
f 1567/1463/1525 1597/1464/1527 1553/1448/1528
f 1597/1464/1529 1568/1465/1530 1553/1448/1531
f 1568/1465/1530 1597/1464/1529 1555/1451/1532
f 1597/1464/1533 1569/1466/1534 1555/1451/1535
f 1569/1466/1534 1570/1467/1536 1555/1451/1511
f 1555/1451/1511 1570/1467/1536 1552/1446/1505
f 1570/1467/1537 1571/1468/1538 1552/1446/1539
f 1571/1468/1538 1573/1469/1540 1552/1446/1541
f 1573/1469/1542 1572/1470/1543 1552/1446/1544
f 1572/1470/1543 1573/1469/1542 1556/1452/1545
f 1573/1469/1540 1574/1471/1546 1556/1452/1547
f 1574/1471/1546 1575/1472/1548 1556/1452/1512
f 1575/1472/1548 1557/1473/1549 1556/1452/1512
f 1602/1474/1550 1557/1473/1549 1575/1472/1548
f 1576/1475/1551 1577/1476/1552 1558/1477/1553
f 1577/1476/1552 1578/1478/1554 1558/1477/1555
f 1579/1479/1556 1580/1480/1557 1559/1453/1558
f 1580/1480/1557 1607/1481/1559 1559/1453/1513
f 1559/1453/1513 1607/1481/1559 1581/1482/1560
f 1581/1482/1561 1582/1483/1562 1550/1454/1514
f 1550/1454/1514 1582/1483/1562 1583/1484/1563
f 1583/1484/1564 1584/1456/1516 1560/1455/1515
f 1561/1457/1517 1584/1456/1516 1612/1485/1565
f 1614/1486/1566 1562/1458/1518 1636/1487/1567
f 1586/1443/1500 1562/1458/1518 1615/1488/1568
f 1588/1489/1569 1589/1459/1520 1587/1444/1501
f 1590/1490/1570 1564/1460/1521 1589/1459/1520
f 1591/1491/1571 1564/1460/1521 1590/1490/1570
f 1591/1491/1572 1592/1492/1573 1565/1461/1574
f 1592/1492/1575 1593/1493/1576 1565/1461/1577
f 1566/1462/1523 1593/1493/1576 1592/1492/1575
f 1594/1494/1578 1566/1462/1524 1592/1492/1579
f 1566/1462/1524 1594/1494/1578 1595/1495/1580
f 1596/1496/1581 1567/1463/1525 1595/1495/1580
f 1597/1464/1527 1596/1496/1581 1595/1495/1582
f 1597/1464/1533 1621/1497/1583 1570/1467/1536
f 1598/1498/1584 1570/1467/1536 1621/1497/1583
f 1570/1467/1536 1598/1498/1584 1599/1499/1585
f 1600/1500/1586 1570/1467/1537 1599/1499/1585
f 1601/1501/1587 1575/1472/1548 1573/1469/1540
f 1602/1474/1550 1575/1472/1548 1603/1502/1588
f 1576/1475/1589 1557/1473/1549 1602/1474/1550
f 1604/1503/1590 1576/1475/1589 1603/1502/1588
f 1604/1503/1590 1605/1504/1591 1576/1475/1589
f 1579/1479/1556 1578/1478/1554 1606/1505/1592
f 1580/1480/1557 1608/1506/1593 1607/1481/1559
f 1609/1507/1594 1581/1482/1560 1608/1506/1595
f 1609/1507/1594 1610/1508/1596 1581/1482/1560
f 1582/1483/1562 1581/1482/1561 1583/1484/1564
f 1611/1509/1597 1583/1484/1564 1610/1508/1598
f 1612/1485/1565 1583/1484/1564 1611/1509/1597
f 1634/1510/1599 1637/1511/1600 1636/1487/1567
f 1614/1486/1566 1636/1487/1567 1613/1512/1601
f 1562/1458/1518 1614/1486/1566 1615/1488/1568
f 1641/1513/1602 1615/1488/1568 1614/1486/1566
f 1616/1514/1603 1588/1489/1569 1640/1515/1604
f 1590/1490/1570 1616/1514/1603 1617/1516/1605
f 1644/1517/1606 1595/1495/1607 1618/1518/1608
f 1619/1519/1609 1595/1495/1607 1644/1517/1606
f 1619/1519/1609 1620/1520/1610 1595/1495/1607
f 1622/1521/1611 1599/1499/1585 1598/1498/1584
f 1601/1501/1587 1623/1522/1612 1624/1523/1613
f 1624/1523/1613 1625/1524/1614 1601/1501/1587
f 1625/1524/1614 1626/1525/1615 1603/1502/1588
f 1627/1526/1616 1603/1502/1588 1626/1525/1615
f 1604/1503/1590 1603/1502/1588 1627/1526/1616
f 1628/1527/1617 1605/1504/1591 1604/1503/1590
f 1670/1528/1618 1656/1529/1619 1605/1504/1591
f 1606/1505/1620 1656/1529/1619 1670/1528/1618
f 1629/1530/1621 1606/1505/1592 1670/1528/1622
f 1606/1505/1592 1629/1530/1621 1630/1531/1623
f 1631/1532/1624 1632/1533/1625 1610/1508/1626
f 1632/1533/1627 1633/1534/1628 1610/1508/1629
f 1611/1509/1597 1633/1534/1630 1634/1510/1631
f 1612/1485/1565 1611/1509/1597 1634/1510/1599
f 1634/1510/1599 1635/1535/1632 1637/1511/1600
f 1637/1511/1600 1638/1536/1633 1636/1487/1567
f 1638/1536/1634 1613/1512/1601 1636/1487/1567
f 1639/1537/1635 1614/1486/1566 1613/1512/1601
f 1641/1513/1602 1640/1515/1604 1615/1488/1568
f 1588/1489/1569 1615/1488/1568 1640/1515/1604
f 1616/1514/1603 1640/1515/1604 1641/1513/1602
f 1642/1538/1636 1616/1514/1603 1641/1513/1637
f 1617/1516/1605 1642/1538/1636 1663/1539/1638
f 1617/1516/1605 1663/1539/1638 1618/1518/1608
f 1592/1492/1573 1617/1516/1605 1618/1518/1608
f 1643/1540/1639 1618/1518/1608 1663/1539/1638
f 1643/1540/1639 1644/1517/1606 1618/1518/1608
f 1646/1541/1640 1620/1520/1610 1645/1542/1641
f 1647/1543/1642 1620/1520/1610 1646/1541/1640
f 1622/1521/1643 1647/1543/1642 1648/1544/1644
f 1648/1544/1644 1649/1545/1645 1622/1521/1643
f 1650/1546/1646 1623/1522/1612 1649/1545/1645
f 1651/1547/1647 1623/1522/1612 1650/1546/1646
f 1624/1523/1613 1651/1547/1647 1652/1548/1648
f 1628/1527/1617 1654/1549/1649 1655/1550/1650
f 1628/1527/1617 1655/1550/1650 1670/1528/1618
f 1632/1533/1625 1631/1532/1624 1658/1551/1651
f 1632/1533/1627 1659/1552/1652 1633/1534/1628
f 1659/1552/1653 1635/1535/1632 1634/1510/1599
f 1637/1511/1600 1660/1553/1654 1638/1536/1633
f 1676/1554/1655 1639/1537/1635 1613/1512/1601
f 1641/1513/1602 1639/1537/1635 1676/1554/1655
f 1641/1513/1602 1676/1554/1655 1662/1555/1656
f 1677/1556/1657 1641/1513/1637 1662/1555/1656
f 1642/1538/1636 1677/1556/1657 1662/1555/1656
f 1642/1538/1636 1662/1555/1656 1663/1539/1638
f 1643/1540/1639 1663/1539/1638 1664/1557/1658
f 1646/1541/1640 1645/1542/1641 1665/1558/1659
f 1678/1559/1660 1648/1544/1644 1665/1558/1659
f 1650/1546/1646 1649/1545/1645 1678/1559/1660
f 1667/1560/1661 1651/1547/1647 1666/1561/1662
f 1653/1562/1663 1668/1563/1664 1669/1564/1665
f 1654/1549/1649 1653/1562/1663 1669/1564/1665
f 1655/1550/1650 1654/1549/1649 1669/1564/1665
f 1657/1565/1666 1671/1566/1667 1672/1567/1668
f 1658/1551/1651 1672/1567/1668 1673/1568/1669
f 1658/1551/1651 1673/1568/1669 1674/1569/1670
f 1658/1551/1651 1674/1569/1670 1659/1552/1652
f 1674/1569/1670 1675/1570/1671 1659/1552/1672
f 1659/1552/1672 1675/1570/1671 1638/1536/1634
f 1660/1553/1654 1659/1552/1653 1638/1536/1633
f 1661/1571/1673 1662/1555/1656 1613/1512/1601
f 1663/1539/1638 1662/1555/1656 1664/1557/1658
f 1645/1542/1641 1664/1557/1658 1665/1558/1659
f 1650/1546/1646 1678/1559/1660 1666/1561/1662
f 1666/1561/1662 1668/1563/1664 1667/1560/1661
f 1666/1561/1662 1669/1564/1665 1668/1563/1664
f 1669/1564/1665 1672/1567/1668 1671/1566/1667
f 1671/1566/1667 1655/1550/1650 1669/1564/1665
f 1672/1567/1668 1674/1569/1670 1673/1568/1669
f 1638/1536/1634 1675/1570/1671 1674/1569/1670
f 1683/1572/1674 1666/1561/1662 1665/1558/1659
f 1683/1572/1674 1684/1573/1675 1666/1561/1662
f 1681/1574/1676 1680/1575/1677 1672/1567/1668
f 1679/1576/1678 1684/1573/1675 1683/1572/1674
f 1688/1577/1679 1685/1578/1680 1686/1579/1681
f 1686/1579/1682 1704/1580/1683 1705/1581/1684
f 1687/1582/1685 1688/1577/1686 1686/1579/1687
f 1688/1577/1688 1693/1583/1689 1689/1584/1690
f 1694/1585/1691 1692/1586/1692 1693/1583/1689
f 1696/1587/1693 1691/1588/1694 1692/1586/1692
f 1699/1589/1695 1690/1590/1696 1691/1588/1694
f 1702/1591/1697 1689/1584/1690 1690/1590/1696
f 1703/1592/1698 1704/1580/1699 1688/1577/1700
f 1704/1580/1683 1685/1578/1680 1688/1577/1679
f 1687/1582/1685 1686/1579/1687 1705/1581/1701
f 1706/1593/1702 1687/1582/1685 1705/1581/1703
f 1687/1582/1685 1706/1593/1702 1728/1594/1704
f 1687/1582/1685 1728/1594/1704 1688/1577/1686
f 1728/1594/1705 1707/1595/1706 1688/1577/1707
f 1693/1583/1689 1707/1595/1706 1728/1594/1705
f 1708/1596/1708 1693/1583/1709 1728/1594/1710
f 1708/1596/1708 1709/1597/1711 1693/1583/1709
f 1710/1598/1712 1711/1599/1713 1692/1586/1714
f 1711/1599/1713 1712/1600/1715 1692/1586/1716
f 1713/1601/1717 1696/1587/1693 1695/1602/1718
f 1713/1601/1717 1714/1603/1719 1696/1587/1693
f 1697/1604/1720 1714/1603/1721 1715/1605/1722
f 1716/1606/1723 1697/1604/1724 1715/1605/1725
f 1716/1606/1723 1717/1607/1726 1697/1604/1724
f 1717/1607/1726 1737/1608/1727 1697/1604/1728
f 1737/1608/1729 1718/1609/1730 1697/1604/1731
f 1718/1609/1730 1719/1610/1732 1698/1611/1733
f 1700/1612/1734 1722/1613/1735 1701/1614/1736
f 1724/1615/1737 1702/1591/1697 1723/1616/1738
f 1724/1615/1737 1725/1617/1739 1702/1591/1697
f 1725/1617/1739 1726/1618/1740 1702/1591/1741
f 1727/1619/1742 1689/1584/1690 1726/1618/1743
f 1727/1619/1742 1703/1592/1698 1688/1577/1744
f 1749/1620/1745 1751/1621/1746 1748/1622/1747
f 1709/1597/1711 1708/1596/1708 1728/1594/1704
f 1730/1623/1748 1709/1597/1711 1729/1624/1749
f 1731/1625/1750 1710/1598/1712 1730/1623/1748
f 1710/1598/1712 1731/1625/1750 1732/1626/1751
f 1732/1626/1752 1733/1627/1753 1712/1600/1754
f 1734/1628/1755 1712/1600/1754 1733/1627/1753
f 1713/1601/1717 1734/1628/1755 1757/1629/1756
f 1715/1605/1757 1713/1601/1717 1735/1630/1758
f 1714/1603/1719 1713/1601/1717 1715/1605/1757
f 1716/1606/1723 1715/1605/1725 1736/1631/1759
f 1737/1608/1727 1717/1607/1726 1736/1631/1759
f 1718/1609/1730 1737/1608/1729 1738/1632/1760
f 1738/1632/1760 1719/1610/1732 1718/1609/1730
f 1740/1633/1761 1720/1634/1762 1739/1635/1763
f 1741/1636/1764 1720/1634/1762 1740/1633/1761
f 1720/1634/1762 1741/1636/1764 1721/1637/1765
f 1741/1636/1764 1742/1638/1766 1721/1637/1767
f 1742/1638/1766 1743/1639/1768 1721/1637/1769
f 1743/1639/1768 1722/1613/1735 1721/1637/1765
f 1700/1612/1734 1721/1637/1765 1722/1613/1735
f 1744/1640/1770 1745/1641/1771 1723/1616/1772
f 1745/1641/1771 1724/1615/1737 1723/1616/1738
f 1746/1642/1773 1724/1615/1737 1745/1641/1771
f 1726/1618/1740 1746/1642/1773 1747/1643/1774
f 1727/1619/1742 1726/1618/1743 1747/1643/1774
f 1747/1643/1774 1768/1644/1775 1748/1622/1776
f 1752/1645/1777 1753/1646/1778 1751/1621/1779
f 1753/1646/1778 1771/1647/1780 1706/1593/1781
f 1729/1624/1749 1728/1594/1704 1706/1593/1702
f 1754/1648/1782 1729/1624/1749 1771/1647/1783
f 1755/1649/1784 1730/1623/1748 1754/1648/1782
f 1730/1623/1748 1755/1649/1784 1774/1650/1785
f 1756/1651/1786 1732/1626/1752 1774/1650/1785
f 1733/1627/1753 1756/1651/1786 1777/1652/1787
f 1757/1629/1756 1734/1628/1755 1777/1652/1787
f 1757/1629/1788 1758/1653/1789 1735/1630/1790
f 1781/1654/1791 1759/1655/1792 1735/1630/1790
f 1759/1655/1792 1781/1654/1791 1736/1631/1793
f 1781/1654/1791 1760/1656/1794 1736/1631/1795
f 1736/1631/1795 1760/1656/1794 1761/1657/1796
f 1740/1633/1761 1739/1635/1763 1785/1658/1797
f 1763/1659/1798 1741/1636/1764 1740/1633/1761
f 1741/1636/1764 1763/1659/1798 1743/1639/1768
f 1765/1660/1799 1744/1640/1800 1764/1661/1801
f 1765/1660/1799 1791/1662/1802 1744/1640/1800
f 1791/1662/1802 1745/1641/1771 1744/1640/1770
f 1791/1662/1802 1766/1663/1803 1745/1641/1771
f 1745/1641/1771 1766/1663/1803 1767/1664/1804
f 1767/1664/1805 1768/1644/1775 1746/1642/1806
f 1768/1644/1775 1769/1665/1807 1748/1622/1776
f 1769/1665/1807 1749/1620/1745 1748/1622/1747
f 1749/1620/1745 1770/1666/1808 1750/1667/1809
f 1751/1621/1746 1750/1667/1809 1798/1668/1810
f 1752/1645/1777 1751/1621/1779 1798/1668/1811
f 1752/1645/1777 1771/1647/1780 1753/1646/1778
f 1772/1669/1812 1771/1647/1780 1752/1645/1777
f 1772/1669/1812 1797/1670/1813 1771/1647/1780
f 1797/1670/1813 1754/1648/1782 1771/1647/1783
f 1754/1648/1782 1773/1671/1814 1774/1650/1785
f 1756/1651/1786 1775/1672/1815 1802/1673/1816
f 1776/1674/1817 1756/1651/1786 1802/1673/1818
f 1777/1652/1787 1776/1674/1817 1802/1673/1819
f 1782/1675/1820 1761/1657/1821 1780/1676/1822
f 1782/1675/1820 1783/1677/1823 1761/1657/1821
f 1784/1678/1824 1762/1679/1825 1783/1677/1826
f 1762/1679/1825 1784/1678/1824 1786/1680/1827
f 1785/1658/1828 1762/1679/1825 1786/1680/1829
f 1785/1658/1828 1786/1680/1829 1763/1659/1798
f 1786/1680/1830 1787/1681/1831 1763/1659/1798
f 1788/1682/1832 1763/1659/1798 1787/1681/1831
f 1789/1683/1833 1764/1661/1801 1788/1682/1832
f 1764/1661/1801 1789/1683/1833 1790/1684/1834
f 1790/1684/1834 1791/1662/1802 1764/1661/1801
f 1770/1666/1808 1769/1665/1807 1813/1685/1835
f 1770/1666/1808 1813/1685/1835 1750/1667/1809
f 1813/1685/1835 1794/1686/1836 1798/1668/1810
f 1796/1687/1837 1752/1645/1777 1798/1668/1811
f 1772/1669/1812 1796/1687/1837 1798/1668/1811
f 1797/1670/1813 1772/1669/1812 1798/1668/1838
f 1754/1648/1782 1797/1670/1813 1773/1671/1814
f 1773/1671/1814 1797/1670/1813 1798/1668/1838
f 1799/1688/1839 1773/1671/1840 1798/1668/1810
f 1773/1671/1840 1799/1688/1839 1800/1689/1841
f 1801/1690/1842 1773/1671/1814 1800/1689/1843
f 1775/1672/1815 1801/1690/1842 1800/1689/1843
f 1802/1673/1816 1775/1672/1815 1800/1689/1843
f 1778/1691/1844 1803/1692/1845 1800/1689/1843
f 1804/1693/1846 1778/1691/1844 1800/1689/1847
f 1779/1694/1848 1758/1653/1789 1778/1691/1844
f 1779/1694/1848 1804/1693/1846 1800/1689/1847
f 1805/1695/1849 1779/1694/1848 1800/1689/1841
f 1779/1694/1848 1805/1695/1849 1814/1696/1850
f 1806/1697/1851 1780/1676/1822 1814/1696/1850
f 1815/1698/1852 1783/1677/1823 1807/1699/1853
f 1786/1680/1830 1815/1698/1852 1807/1699/1853
f 1808/1700/1854 1786/1680/1830 1807/1699/1853
f 1786/1680/1830 1808/1700/1854 1809/1701/1855
f 1786/1680/1830 1809/1701/1855 1787/1681/1831
f 1787/1681/1831 1809/1701/1855 1810/1702/1856
f 1790/1684/1834 1810/1702/1856 1816/1703/1857
f 1811/1704/1858 1790/1684/1834 1816/1703/1857
f 1792/1705/1859 1811/1704/1858 1816/1703/1857
f 1812/1706/1860 1792/1705/1859 1816/1703/1857
f 1793/1707/1861 1767/1664/1805 1792/1705/1859
f 1813/1685/1835 1793/1707/1861 1812/1706/1860
f 1769/1665/1807 1793/1707/1861 1813/1685/1835
f 1800/1689/1841 1799/1688/1839 1798/1668/1810
f 1802/1673/1816 1800/1689/1843 1803/1692/1845
f 1805/1695/1849 1800/1689/1841 1814/1696/1850
f 1814/1696/1850 1807/1699/1862 1806/1697/1851
f 1783/1677/1823 1806/1697/1851 1807/1699/1853
f 1807/1699/1862 1810/1702/1856 1809/1701/1855
f 1809/1701/1855 1808/1700/1854 1807/1699/1853
f 1795/1708/1863 1820/1709/1864 1798/1668/1810
f 1820/1709/1864 1821/1710/1865 1814/1696/1850
f 1821/1710/1865 1819/1711/1866 1814/1696/1850
f 1819/1711/1866 1807/1699/1862 1814/1696/1850
f 1807/1699/1862 1819/1711/1866 1810/1702/1856
f 1810/1702/1856 1817/1712/1867 1816/1703/1857
f 1817/1712/1867 1794/1686/1836 1813/1685/1835
f 1822/1713/1868 1823/1714/1869 1824/1715/1870
f 1824/1715/1870 1823/1714/1869 1840/1716/1871
f 1831/1717/1872 1829/1718/1873 1830/1719/1874
f 1834/1720/1875 1828/1721/1876 1829/1718/1873
f 1835/1722/1877 1827/1723/1878 1828/1721/1876
f 1836/1724/1879 1826/1725/1880 1827/1723/1878
f 1822/1713/1868 1857/1726/1881 1858/1727/1882
f 1839/1728/1883 1883/1729/1884 1858/1727/1885
f 1840/1716/1871 1823/1714/1869 1858/1727/1882
f 1840/1716/1886 1841/1730/1887 1830/1719/1888
f 1841/1730/1887 1861/1731/1889 1830/1719/1890
f 1861/1731/1891 1842/1732/1892 1830/1719/1893
f 1830/1719/1893 1842/1732/1892 1844/1733/1894
f 1843/1734/1895 1830/1719/1874 1844/1733/1896
f 1843/1734/1895 1844/1733/1896 1831/1717/1897
f 1844/1733/1898 1845/1735/1899 1831/1717/1872
f 1831/1717/1872 1845/1735/1899 1846/1736/1900
f 1831/1717/1872 1846/1736/1900 1832/1737/1901
f 1832/1737/1901 1847/1738/1902 1833/1739/1903
f 1834/1720/1875 1869/1740/1904 1828/1721/1876
f 1869/1740/1905 1849/1741/1906 1828/1721/1907
f 1849/1741/1906 1850/1742/1908 1828/1721/1909
f 1835/1722/1877 1872/1743/1910 1827/1723/1878
f 1872/1743/1911 1851/1744/1912 1827/1723/1913
f 1851/1744/1914 1852/1745/1915 1827/1723/1916
f 1836/1724/1879 1853/1746/1917 1837/1747/1918
f 1837/1747/1918 1854/1748/1919 1826/1725/1880
f 1826/1725/1880 1854/1748/1919 1855/1749/1920
f 1855/1749/1921 1856/1750/1922 1838/1751/1923
f 1838/1751/1923 1857/1726/1924 1824/1715/1870
f 1857/1726/1881 1822/1713/1868 1824/1715/1925
f 1839/1728/1883 1858/1727/1885 1910/1752/1926
f 1881/1753/1927 1859/1754/1928 1839/1728/1883
f 1861/1731/1889 1841/1730/1887 1860/1755/1929
f 1864/1756/1930 1845/1735/1899 1863/1757/1931
f 1846/1736/1900 1864/1756/1930 1863/1757/1932
f 1846/1736/1900 1865/1758/1933 1847/1738/1902
f 1866/1759/1934 1867/1760/1935 1848/1761/1936
f 1848/1761/1936 1867/1760/1935 1896/1762/1937
f 1868/1763/1938 1848/1761/1939 1896/1762/1940
f 1868/1763/1938 1896/1762/1940 1869/1740/1905
f 1871/1764/1941 1902/1765/1942 1872/1743/1910
f 1851/1744/1912 1902/1765/1942 1871/1764/1941
f 1873/1766/1943 1851/1744/1914 1871/1764/1944
f 1874/1767/1945 1852/1745/1915 1873/1766/1943
f 1852/1745/1915 1874/1767/1945 1875/1768/1946
f 1876/1769/1947 1853/1746/1917 1875/1768/1946
f 1853/1746/1917 1876/1769/1947 1877/1770/1948
f 1877/1770/1948 1906/1771/1949 1853/1746/1917
f 1855/1749/1920 1854/1748/1919 1906/1771/1950
f 1878/1772/1951 1855/1749/1921 1906/1771/1952
f 1856/1750/1922 1878/1772/1951 1879/1773/1953
f 1857/1726/1924 1856/1750/1922 1879/1773/1953
f 1880/1774/1954 1881/1753/1927 1910/1752/1926
f 1881/1753/1927 1839/1728/1883 1910/1752/1926
f 1859/1754/1928 1913/1775/1955 1883/1729/1956
f 1884/1776/1957 1860/1755/1929 1883/1729/1958
f 1860/1755/1929 1884/1776/1957 1885/1777/1959
f 1887/1778/1960 1863/1757/1931 1886/1779/1961
f 1863/1757/1931 1887/1778/1960 1888/1780/1962
f 1888/1780/1962 1889/1781/1963 1863/1757/1931
f 1890/1782/1964 1865/1758/1933 1889/1781/1965
f 1865/1758/1933 1890/1782/1964 1892/1783/1966
f 1891/1784/1967 1865/1758/1933 1892/1783/1968
f 1891/1784/1967 1892/1783/1968 1866/1759/1934
f 1893/1785/1969 1866/1759/1934 1918/1786/1970
f 1896/1762/1971 1893/1785/1969 1918/1786/1972
f 1895/1787/1973 1896/1762/1940 1894/1788/1974
f 1870/1789/1975 1895/1787/1973 1898/1790/1976
f 1897/1791/1977 1870/1789/1975 1898/1790/1978
f 1899/1792/1979 1897/1791/1977 1898/1790/1980
f 1900/1793/1981 1899/1792/1982 1898/1790/1976
f 1900/1793/1981 1901/1794/1983 1899/1792/1982
f 1901/1794/1983 1871/1764/1941 1899/1792/1979
f 1873/1766/1943 1871/1764/1944 1903/1795/1984
f 1903/1795/1984 1904/1796/1985 1873/1766/1943
f 1875/1768/1986 1904/1796/1987 1925/1797/1988
f 1905/1798/1989 1875/1768/1990 1925/1797/1991
f 1877/1770/1992 1905/1798/1989 1943/1799/1993
f 1906/1771/1949 1877/1770/1948 1943/1799/1994
f 1907/1800/1995 1906/1771/1996 1943/1799/1993
f 1907/1800/1995 1908/1801/1997 1906/1771/1996
f 1878/1772/1951 1908/1801/1997 1909/1802/1998
f 1879/1773/1953 1909/1802/1998 1910/1752/1926
f 1880/1774/1954 1910/1752/1926 1911/1803/1999
f 1881/1753/1927 1912/1804/2000 1930/1805/2001
f 1881/1753/1927 1930/1805/2001 1882/1806/2002
f 1883/1729/1956 1913/1775/1955 1914/1807/2003
f 1915/1808/2004 1933/1809/2005 1885/1777/2006
f 1886/1779/1961 1933/1809/2005 1915/1808/2004
f 1916/1810/2007 1886/1779/2008 1915/1808/2009
f 1886/1779/2008 1916/1810/2007 1917/1811/2010
f 1935/1812/2011 1888/1780/1962 1917/1811/2010
f 1948/1813/2012 1918/1786/1970 1892/1783/1968
f 1919/1814/2013 1920/1815/2014 1918/1786/1970
f 1920/1815/2014 1894/1788/1974 1918/1786/2015
f 1894/1788/1974 1921/1816/2016 1895/1787/1973
f 1921/1816/2017 1949/1817/2018 1895/1787/2019
f 1922/1818/2020 1900/1793/1981 1898/1790/1976
f 1923/1819/2021 1901/1794/1983 1950/1820/2022
f 1903/1795/2023 1923/1819/2021 1940/1821/2024
f 1924/1822/2025 1925/1797/2026 1903/1795/1984
f 1905/1798/1989 1925/1797/1991 1926/1823/2027
f 1928/1824/2028 1907/1800/1995 1927/1825/2029
f 1908/1801/1997 1928/1824/2028 1929/1826/2030
f 1908/1801/1997 1929/1826/2030 1909/1802/1998
f 1911/1803/1999 1944/1827/2031 1930/1805/2032
f 1912/1804/2000 1911/1803/2033 1930/1805/2001
f 1913/1775/1955 1882/1806/2002 1914/1807/2003
f 1946/1828/2034 1915/1808/2004 1934/1829/2035
f 1917/1811/2010 1946/1828/2034 1934/1829/2035
f 1935/1812/2011 1917/1811/2010 1934/1829/2035
f 1935/1812/2011 1934/1829/2035 1947/1830/2036
f 1948/1813/2012 1947/1830/2036 1936/1831/2037
f 1920/1815/2014 1919/1814/2013 1937/1832/2038
f 1920/1815/2014 1937/1832/2038 1921/1816/2016
f 1921/1816/2016 1937/1832/2038 1938/1833/2039
f 1949/1817/2018 1921/1816/2017 1938/1833/2039
f 1922/1818/2020 1949/1817/2018 1938/1833/2039
f 1950/1820/2022 1922/1818/2020 1938/1833/2039
f 1940/1821/2040 1950/1820/2022 1939/1834/2041
f 1924/1822/2025 1940/1821/2040 1939/1834/2041
f 1926/1823/2027 1941/1835/2042 1942/1836/2043
f 1927/1825/2029 1942/1836/2043 1930/1805/2001
f 1929/1826/2030 1927/1825/2044 1930/1805/2032
f 1914/1807/2003 1882/1806/2002 1932/1837/2045
f 1934/1829/2035 1915/1808/2004 1932/1837/2045
f 1936/1831/2037 1947/1830/2036 1934/1829/2035
f 1936/1831/2037 1938/1833/2039 1937/1832/2038
f 1937/1832/2038 1919/1814/2013 1936/1831/2037
f 1950/1820/2022 1938/1833/2039 1939/1834/2041
f 1924/1822/2025 1939/1834/2041 1941/1835/2042
f 1941/1835/2042 1930/1805/2001 1942/1836/2043
f 1929/1826/2030 1930/1805/2032 1944/1827/2031
f 1945/1838/2046 1934/1829/2035 1882/1806/2002
f 1954/1839/2047 1936/1831/2037 1934/1829/2035
f 1936/1831/2037 1954/1839/2047 1938/1833/2039
f 1938/1833/2039 1953/1840/2048 1939/1834/2041
f 1953/1840/2048 1951/1841/2049 1939/1834/2041
f 1951/1841/2049 1930/1805/2001 1939/1834/2041
f 1951/1841/2049 1931/1842/2050 1930/1805/2001
f 1978/1843/2051 1955/1844/2052 1957/1845/2053
f 1957/1845/2053 1959/1846/2054 1958/1847/2055
f 1955/1844/2052 1959/1846/2054 1957/1845/2053
f 1955/1844/2052 1960/1848/2056 1959/1846/2054
f 1964/1849/2057 1965/1850/2058 1960/1848/2056
f 1963/1851/2059 1968/1852/2060 1967/1853/2061
f 1961/1854/2062 1972/1855/2063 1971/1856/2064
f 1961/1854/2062 1974/1857/2065 1973/1858/2066
f 1961/1854/2062 1975/1859/2067 1974/1857/2065
f 1956/1860/2068 1977/1861/2069 1976/1862/2070
f 1956/1860/2068 1955/1844/2052 1978/1843/2051
f 1985/1863/2071 1957/1845/2053 1979/1864/2072
f 1957/1845/2053 1958/1847/2055 1987/1865/2073
f 1987/1865/2073 1958/1847/2055 1980/1866/2074
f 1958/1867/2055 1981/1868/2075 1989/1869/2076
f 1958/1867/2055 1991/1870/2077 1981/1868/2075
f 1959/1846/2078 1982/1871/2079 1991/1872/2080
f 1959/1846/2078 1992/1873/2081 1982/1871/2079
f 1964/1849/2057 1966/1874/2082 1994/1875/2083
f 1966/1874/2082 1963/1851/2059 1997/1876/2084
f 1963/1851/2059 1967/1853/2061 1997/1876/2084
f 1967/1853/2061 1999/1877/2085 1997/1876/2086
f 1968/1852/2060 1999/1877/2085 1967/1853/2061
f 1968/1852/2060 1962/1878/2087 2000/1879/2088
f 1962/1878/2087 1969/1880/2089 2003/1881/2090
f 1969/1880/2089 2004/1882/2091 2003/1881/2092
f 1969/1880/2089 1970/1883/2093 2004/1882/2091
f 1970/1883/2093 1971/1856/2064 2007/1884/2094
f 1971/1856/2064 1983/1885/2095 2009/1886/2096
f 1971/1856/2064 1972/1855/2063 1983/1885/2095
f 1972/1855/2063 1973/1858/2066 2012/1887/2097
f 1974/1857/2065 1975/1859/2067 2015/1888/2098
f 1976/1862/2070 1977/1861/2069 2018/1889/2099
f 1977/1861/2069 1984/1890/2100 1985/1863/2101
f 1977/1861/2069 1956/1860/2068 1984/1890/2100
f 1956/1860/2068 1978/1843/2051 1985/1863/2102
f 1985/1863/2071 1979/1864/2072 1987/1865/2103
f 1987/1891/2073 1980/1892/2074 1989/1869/2104
f 1989/1869/2105 1990/1893/2106 1988/1894/2107
f 1994/1895/2108 1995/1896/2109 2027/1897/2110
f 1994/1875/2108 1997/1876/2084 1995/1898/2109
f 1997/1899/2111 1996/1900/2112 2027/1897/2113
f 1997/1901/2114 1998/1902/2115 2028/1903/2116
f 2029/1904/2117 1998/1905/2115 1997/1876/2114
f 2000/1879/2088 1999/1877/2085 1968/1852/2060
f 2000/1906/2088 2002/1907/2118 2033/1908/2119
f 2000/1879/2088 2003/1881/2120 2002/1909/2118
f 2003/1881/2092 2005/1910/2121 2036/1911/2122
f 2003/1881/2092 2004/1882/2091 2005/1910/2121
f 2004/1882/2091 2006/1912/2123 2036/1911/2124
f 2004/1882/2091 2007/1884/2125 2006/1912/2123
f 2007/1884/2126 2008/1913/2127 2039/1914/2128
f 2007/1884/2126 2009/1886/2129 2008/1913/2127
f 2009/1886/2130 2010/1915/2131 2041/1916/2132
f 2009/1886/2130 2012/1887/2133 2010/1915/2131
f 2012/1887/2134 2011/1917/2135 2041/1916/2136
f 2012/1887/2137 2013/1918/2138 2042/1919/2139
f 2012/1887/2140 2014/1920/2141 2043/1921/2142
f 2012/1887/2140 2015/1888/2143 2014/1920/2141
f 2015/1888/2144 2016/1922/2145 2044/1923/2146
f 2045/1924/2147 2016/1922/2145 2015/1888/2144
f 2015/1888/2148 2018/1889/2149 2017/1925/2150
f 2018/1889/2151 1985/1863/2152 2019/1926/2153
f 1985/1863/2154 2020/1927/2155 2047/1928/2156
f 1985/1863/2157 1986/1929/2158 2048/1930/2159
f 2049/1931/2160 1989/1869/2161 2021/1932/2162
f 1989/1869/2105 1988/1894/2107 2051/1933/2163
f 1988/1894/2107 2053/1934/2164 2052/1935/2165
f 1989/1869/2166 2023/1936/2167 2053/1934/2168
f 1989/1869/2166 2022/1937/2169 2023/1936/2167
f 2024/1938/2170 1991/1872/2171 1992/1873/2172
f 2055/1939/2173 2025/1940/2174 2024/1941/2175
f 2027/1897/2176 2028/1903/2177 2057/1942/2178
f 2029/1943/2117 2028/1903/2179 1998/1902/2115
f 2030/1944/2180 2029/1943/2117 1999/1945/2085
f 2059/1946/2181 2029/1943/2117 2030/1944/2180
f 2062/1947/2182 2031/1948/2183 2030/1944/2184
f 2033/1908/2185 2030/1944/2186 2001/1949/2187
f 2033/1908/2188 2034/1950/2189 2063/1951/2190
f 2033/1908/2188 2036/1952/2191 2034/1950/2189
f 2036/1952/2192 2035/1953/2193 2063/1951/2194
f 2036/1952/2195 2037/1954/2196 2064/1955/2197
f 2036/1952/2198 2038/1956/2199 2065/1957/2200
f 2036/1911/2198 2039/1914/2201 2038/1958/2199
f 2039/1959/2202 2040/1960/2203 2066/1961/2204
f 2039/1914/2202 2041/1916/2205 2040/1962/2203
f 2041/1963/2206 2042/1964/2207 2068/1965/2208
f 2043/1966/2209 2044/1967/2210 2071/1968/2211
f 2045/1969/2212 2046/1970/2213 2073/1971/2214
f 2045/1924/2212 2047/1928/2215 2046/1972/2213
f 2047/1973/2216 2048/1974/2217 2049/1931/2218
f 2049/1931/2160 2021/1932/2162 2051/1933/2219
f 2051/1933/2163 1988/1894/2107 2052/1935/2165
f 2076/1975/2220 2104/1976/2221 2052/1935/2165
f 2053/1934/2168 2023/1936/2167 2022/1937/2222
f 2077/1977/2223 2054/1978/2224 2022/1937/2225
f 2055/1939/2173 2022/1937/2226 2025/1940/2174
f 2055/1939/2227 2056/1979/2228 2079/1980/2229
f 2056/1979/2230 2057/1942/2231 2079/1980/2232
f 2059/1946/2233 2058/1981/2234 2081/1982/2235
f 2059/1946/2236 2060/1983/2237 2082/1984/2238
f 2084/1985/2239 2060/1983/2237 2059/1946/2236
f 2062/1947/2182 2059/1946/2240 2031/1948/2183
f 2062/1947/2241 2063/1951/2242 2086/1986/2243
f 2063/1951/2244 2064/1955/2245 2088/1987/2246
f 2065/1957/2247 2066/1961/2248 2091/1988/2249
f 2066/1961/2250 2067/1989/2251 2093/1990/2252
f 2066/1961/2250 2068/1965/2253 2067/1989/2251
f 2068/1965/2254 2094/1991/2255 2093/1990/2256
f 2068/1965/2254 2069/1992/2257 2094/1991/2255
f 2068/1965/2258 2070/1993/2259 2096/1994/2260
f 2068/1965/2258 2071/1968/2261 2070/1993/2259
f 2071/1968/2262 2072/1995/2263 2098/1996/2264
f 2072/1995/2265 2099/1997/2266 2098/1996/2267
f 2072/1995/2265 2073/1971/2268 2099/1997/2266
f 2073/1971/2269 2074/1998/2270 2101/1999/2271
f 2073/1971/2269 2049/1931/2272 2074/1998/2270
f 2049/1931/2273 2102/2000/2274 2101/1999/2275
f 2049/1931/2273 2050/2001/2276 2102/2000/2274
f 2102/2000/2274 2051/1933/2163 2075/2002/2277
f 2052/1935/2165 2104/1976/2221 2103/2003/2278
f 2053/1934/2164 2077/1977/2223 2076/1975/2220
f 2077/1977/2223 2079/1980/2279 2078/2004/2280
f 2079/1980/2279 2081/1982/2281 2080/2005/2282
f 2081/1982/2281 2082/1984/2283 2083/2006/2284
f 2084/1985/2239 2086/1986/2243 2085/2007/2285
f 2086/1986/2243 2087/2008/2286 2085/2007/2285
f 2086/1986/2243 2088/1987/2287 2087/2008/2286
f 2088/1987/2287 2089/2009/2288 2090/2010/2289
f 2091/1988/2249 2093/1990/2256 2092/2011/2290
f 2093/1990/2256 2094/1991/2255 2095/2012/2291
f 2094/1991/2255 2096/1994/2292 2095/2012/2291
f 2096/1994/2292 2098/1996/2267 2097/2013/2293
f 2098/1996/2267 2099/1997/2266 2100/2014/2294
f 2099/1997/2266 2101/1999/2275 2100/2014/2294
f 2101/1999/2275 2102/2000/2274 2075/2002/2277
f 2052/1935/2165 2103/2003/2278 2075/2002/2277
f 2080/2005/2282 2104/1976/2221 2076/1975/2220
f 2083/2006/2284 2109/2015/2295 2080/2005/2282
f 2085/2007/2285 2108/2016/2296 2083/2006/2284
f 2090/2010/2289 2108/2016/2296 2085/2007/2285
f 2110/2017/2297 2107/2018/2298 2090/2010/2289
f 2097/2013/2293 2110/2017/2297 2095/2012/2291
f 2097/2013/2293 2106/2019/2299 2110/2017/2297
f 2100/2014/2294 2106/2019/2299 2097/2013/2293
f 2100/2014/2294 2103/2003/2278 2106/2019/2299
f 2075/2002/2277 2103/2003/2278 2100/2014/2294
f 2083/2006/2284 2108/2016/2296 2109/2015/2295
f 2110/2017/2297 2106/2019/2299 2107/2018/2298
f 2133/2020/2300 2111/2021/2301 2112/2022/2302
f 2111/2021/2301 2134/2023/2303 2140/2024/2304
f 2111/2021/2301 2135/2025/2305 2134/2023/2303
f 2131/2026/2306 2113/2027/2307 2135/2025/2308
f 2131/2026/2306 2119/2028/2309 2113/2027/2307
f 2114/2029/2310 2119/2028/2309 2131/2026/2306
f 2118/2030/2311 2121/2031/2312 2120/2032/2313
f 2118/2030/2311 2123/2033/2314 2122/2034/2315
f 2117/2035/2316 2116/2036/2317 2125/2037/2318
f 2115/2038/2319 2128/2039/2320 2127/2040/2321
f 2114/2029/2310 2131/2026/2306 2130/2041/2322
f 2130/2041/2322 2131/2026/2306 2132/2042/2323
f 2133/2020/2300 2112/2022/2302 2140/2024/2324
f 2140/2024/2304 2134/2023/2303 2143/2043/2325
f 2119/2028/2309 2136/2044/2326 2146/2045/2327
f 2119/2028/2309 2120/2032/2313 2136/2044/2326
f 2120/2032/2313 2147/2046/2328 2146/2045/2329
f 2120/2032/2313 2121/2031/2312 2150/2047/2330
f 2121/2031/2312 2122/2034/2315 2152/2048/2331
f 2122/2034/2315 2153/2049/2332 2152/2048/2333
f 2122/2034/2315 2123/2033/2314 2153/2049/2332
f 2123/2033/2314 2124/2050/2334 2155/2051/2335
f 2124/2050/2334 2156/2052/2336 2155/2051/2335
f 2124/2050/2334 2125/2037/2318 2158/2053/2337
f 2125/2037/2318 2116/2036/2317 2160/2054/2338
f 2116/2036/2317 2161/2055/2339 2160/2054/2338
f 2116/2036/2317 2162/2056/2340 2161/2055/2339
f 2116/2036/2317 2163/2057/2341 2162/2056/2340
f 2116/2036/2317 2126/2058/2342 2163/2057/2341
f 2126/2058/2342 2127/2040/2321 2165/2059/2343
f 2127/2040/2321 2137/2060/2344 2167/2061/2345
f 2127/2040/2321 2128/2039/2320 2137/2060/2344
f 2128/2039/2320 2138/2062/2346 2169/2063/2347
f 2128/2039/2320 2129/2064/2348 2138/2062/2346
f 2129/2064/2349 2170/2065/2350 2169/2063/2351
f 2129/2064/2348 2130/2041/2322 2173/2066/2352
f 2130/2041/2322 2132/2042/2323 2133/2020/2353
f 2173/2066/2354 2133/2020/2355 2139/2067/2356
f 2139/2067/2356 2140/2024/2357 2141/2068/2358
f 2143/2043/2359 2141/2068/2358 2140/2024/2357
f 2134/2023/2303 2144/2069/2360 2143/2043/2361
f 2134/2023/2303 2176/2070/2362 2144/2069/2360
f 2135/2025/2363 2146/2045/2364 2145/2071/2365
f 2146/2045/2329 2148/2072/2366 2178/2073/2367
f 2146/2045/2329 2147/2046/2328 2148/2072/2366
f 2147/2046/2328 2149/2074/2368 2178/2073/2369
f 2147/2046/2328 2150/2047/2330 2149/2074/2368
f 2150/2047/2330 2151/2075/2370 2179/2076/2371
f 2150/2047/2330 2152/2048/2372 2151/2075/2370
f 2152/2048/2333 2153/2049/2332 2181/2077/2373
f 2153/2049/2332 2154/2078/2374 2181/2077/2373
f 2153/2049/2332 2155/2051/2335 2154/2078/2374
f 2155/2051/2335 2183/2079/2375 2182/2080/2376
f 2155/2051/2335 2156/2052/2336 2183/2079/2375
f 2156/2052/2336 2157/2081/2377 2185/2082/2378
f 2156/2052/2336 2158/2053/2379 2157/2081/2377
f 2158/2053/2380 2159/2083/2381 2186/2084/2382
f 2158/2053/2380 2160/2054/2338 2159/2083/2381
f 2186/2084/2382 2159/2083/2381 2160/2054/2338
f 2160/2054/2338 2161/2055/2339 2188/2085/2383
f 2161/2055/2339 2162/2056/2340 2188/2085/2383
f 2162/2056/2340 2163/2057/2341 2189/2086/2384
f 2163/2057/2341 2164/2087/2385 2189/2086/2384
f 2163/2057/2341 2165/2059/2386 2164/2087/2385
f 2165/2059/2387 2167/2061/2388 2166/2088/2389
f 2167/2061/2390 2169/2063/2391 2168/2089/2392
f 2169/2063/2351 2171/2090/2393 2195/2091/2394
f 2169/2063/2351 2170/2065/2350 2171/2090/2393
f 2170/2065/2350 2172/2092/2395 2195/2091/2396
f 2170/2065/2350 2173/2066/2397 2172/2092/2395
f 2173/2066/2354 2139/2067/2356 2196/2093/2398
f 2139/2067/2356 2141/2068/2358 2197/2094/2399
f 2143/2043/2361 2144/2069/2360 2199/2095/2400
f 2176/2070/2401 2177/2096/2402 2200/2097/2403
f 2176/2070/2401 2178/2073/2404 2177/2096/2402
f 2178/2073/2405 2179/2076/2371 2202/2098/2406
f 2204/2099/2407 2179/2076/2371 2151/2075/2370
f 2181/2077/2408 2206/2100/2409 2205/2101/2410
f 2208/2102/2411 2182/2080/2376 2183/2079/2375
f 2208/2102/2412 2184/2103/2413 2185/2082/2414
f 2188/2085/2383 2186/2084/2382 2160/2054/2338
f 2216/2104/2415 2187/2105/2416 2188/2085/2417
f 2189/2086/2384 2188/2085/2418 2162/2056/2340
f 2219/2106/2419 2190/2107/2420 2189/2086/2421
f 2191/2108/2422 2189/2086/2423 2164/2087/2424
f 2192/2109/2425 2191/2108/2422 2165/2059/2426
f 2192/2109/2427 2193/2110/2428 2220/2111/2429
f 2193/2110/2430 2194/2112/2431 2223/2113/2432
f 2193/2110/2430 2195/2091/2433 2194/2112/2431
f 2195/2091/2434 2225/2114/2435 2224/2115/2436
f 2196/2093/2398 2139/2067/2356 2197/2094/2437
f 2197/2094/2399 2141/2068/2358 2198/2116/2438
f 2198/2116/2438 2174/2117/2439 2175/2118/2440
f 2144/2069/2360 2200/2097/2441 2199/2095/2442
f 2200/2097/2443 2201/2119/2444 2230/2120/2445
f 2204/2099/2407 2202/2098/2406 2179/2076/2371
f 2232/2121/2446 2203/2122/2447 2204/2099/2448
f 2204/2099/2449 2205/2101/2450 2235/2123/2451
f 2237/2124/2452 2205/2101/2410 2206/2100/2409
f 2208/2102/2411 2206/2100/2409 2182/2080/2376
f 2208/2102/2453 2209/2125/2454 2237/2124/2455
f 2238/2126/2456 2209/2125/2454 2208/2102/2453
f 2240/2127/2457 2210/2128/2458 2208/2102/2459
f 2212/2129/2460 2208/2102/2412 2185/2082/2414
f 2212/2129/2461 2213/2130/2462 2242/2131/2463
f 2213/2130/2462 2214/2132/2464 2242/2131/2463
f 2244/2133/2465 2214/2132/2464 2213/2130/2462
f 2216/2104/2415 2213/2130/2466 2187/2105/2416
f 2244/2133/2467 2215/2134/2468 2216/2104/2469
f 2219/2106/2419 2216/2104/2470 2190/2107/2420
f 2219/2106/2471 2220/2111/2429 2248/2135/2472
f 2220/2111/2429 2221/2136/2473 2248/2135/2472
f 2223/2113/2474 2220/2111/2429 2193/2110/2428
f 2223/2113/2475 2224/2115/2476 2251/2137/2477
f 2253/2138/2478 2224/2115/2436 2225/2114/2435
f 2197/2094/2479 2225/2114/2435 2196/2093/2480
f 2253/2138/2478 2198/2116/2438 2227/2139/2481
f 2199/2095/2482 2230/2120/2483 2229/2140/2484
f 2230/2120/2483 2231/2141/2485 2234/2142/2486
f 2232/2121/2446 2233/2143/2487 2234/2142/2486
f 2232/2121/2446 2235/2123/2488 2233/2143/2487
f 2235/2123/2488 2237/2124/2452 2236/2144/2489
f 2237/2124/2452 2238/2126/2456 2239/2145/2490
f 2240/2127/2457 2242/2131/2463 2241/2146/2491
f 2242/2131/2463 2244/2133/2465 2243/2147/2492
f 2244/2133/2465 2217/2148/2493 2245/2149/2494
f 2218/2150/2495 2246/2151/2496 2245/2149/2494
f 2246/2151/2496 2248/2135/2472 2247/2152/2497
f 2248/2135/2472 2221/2136/2473 2249/2153/2498
f 2221/2136/2473 2250/2154/2499 2249/2153/2498
f 2251/2137/2500 2253/2138/2478 2252/2155/2501
f 2253/2138/2478 2227/2139/2481 2175/2118/2440
f 2234/2156/2486 2228/2157/2502 2175/2158/2440
f 2241/2159/2491 2258/2160/2503 2239/2161/2490
f 2245/2162/2504 2257/2163/2505 2241/2159/2491
f 2249/2164/2498 2256/2165/2506 2245/2162/2504
f 2241/2159/2491 2257/2163/2505 2258/2160/2503
f 2175/2158/2440 2254/2166/2507 2249/2164/2498
f 2131/2026/2508 2111/2021/2301 2133/2020/2300
f 2266/2167/2509 2269/2168/2510 2268/2169/2511
f 2266/2167/2509 2270/2170/2512 2269/2168/2510
f 2266/2167/2509 2271/2171/2513 2270/2170/2512
f 2265/2172/2514 2276/2173/2515 2275/2174/2516
f 2267/2175/2517 2262/2176/2518 2279/2177/2519
f 2292/2178/2520 2260/2179/2521 2280/2180/2522
f 2260/2179/2523 2261/2181/2524 2293/2182/2525
f 2293/2182/2525 2261/2181/2524 2281/2183/2526
f 2282/2184/2527 2261/2181/2524 2260/2179/2523
f 2283/2185/2528 2260/2179/2529 2263/2186/2530
f 2263/2186/2531 2284/2187/2532 2283/2185/2533
f 2296/2188/2534 2284/2187/2532 2263/2186/2531
f 2263/2186/2535 2268/2169/2511 2296/2188/2536
f 2269/2168/2510 2270/2170/2512 2301/2189/2537
f 2270/2170/2512 2285/2190/2538 2303/2191/2539
f 2270/2170/2512 2271/2171/2513 2285/2190/2538
f 2271/2171/2513 2272/2192/2540 2305/2193/2541
f 2272/2192/2540 2286/2194/2542 2307/2195/2543
f 2272/2192/2540 2273/2196/2544 2286/2194/2542
f 2273/2196/2545 2287/2197/2546 2307/2195/2547
f 2273/2196/2544 2274/2198/2548 2309/2199/2549
f 2274/2198/2548 2288/2200/2550 2310/2201/2551
f 2274/2198/2548 2265/2172/2514 2288/2200/2550
f 2265/2172/2514 2311/2202/2552 2310/2201/2553
f 2265/2172/2514 2275/2174/2516 2311/2202/2552
f 2276/2173/2554 2313/2203/2555 2312/2204/2556
f 2276/2173/2515 2289/2205/2557 2316/2206/2558
f 2276/2173/2515 2277/2207/2559 2289/2205/2557
f 2277/2207/2560 2317/2208/2561 2316/2206/2562
f 2277/2207/2559 2290/2209/2563 2320/2210/2564
f 2277/2207/2559 2278/2211/2565 2290/2209/2563
f 2278/2211/2566 2321/2212/2567 2320/2210/2568
f 2278/2211/2565 2291/2213/2569 2292/2178/2570
f 2278/2211/2565 2279/2177/2519 2291/2213/2569
f 2292/2178/2520 2280/2180/2522 2293/2182/2571
f 2327/2214/2572 2294/2215/2573 2281/2183/2526
f 2328/2216/2574 2281/2183/2575 2282/2184/2527
f 2296/2188/2534 2283/2185/2528 2284/2187/2532
f 2329/2217/2576 2283/2185/2528 2296/2188/2534
f 2296/2188/2536 2298/2218/2577 2330/2219/2578
f 2296/2188/2536 2299/2220/2579 2298/2218/2577
f 2299/2220/2580 2300/2221/2581 2331/2222/2582
f 2299/2220/2580 2301/2189/2583 2300/2221/2581
f 2301/2189/2584 2302/2223/2585 2333/2224/2586
f 2301/2189/2584 2303/2191/2587 2302/2223/2585
f 2303/2191/2588 2304/2225/2589 2335/2226/2590
f 2303/2191/2588 2305/2193/2591 2304/2225/2589
f 2305/2193/2592 2306/2227/2593 2337/2228/2594
f 2305/2193/2592 2307/2195/2595 2306/2227/2593
f 2307/2195/2596 2308/2229/2597 2338/2230/2598
f 2307/2195/2596 2309/2199/2599 2308/2229/2597
f 2309/2199/2600 2310/2201/2553 2339/2231/2601
f 2311/2202/2552 2341/2232/2602 2340/2233/2603
f 2311/2202/2552 2312/2204/2604 2341/2232/2602
f 2312/2204/2556 2314/2234/2605 2342/2235/2606
f 2312/2204/2556 2313/2203/2555 2314/2234/2605
f 2313/2203/2555 2315/2236/2607 2343/2237/2608
f 2313/2203/2555 2316/2206/2609 2315/2236/2607
f 2316/2206/2562 2317/2208/2561 2318/2238/2610
f 2317/2208/2561 2319/2239/2611 2346/2240/2612
f 2317/2208/2561 2320/2210/2613 2319/2239/2611
f 2320/2210/2568 2322/2241/2614 2347/2242/2615
f 2320/2210/2568 2321/2212/2567 2322/2241/2614
f 2321/2212/2567 2323/2243/2616 2348/2244/2617
f 2321/2212/2567 2292/2178/2618 2323/2243/2616
f 2348/2244/2619 2293/2182/2620 2324/2245/2621
f 2349/2246/2622 2281/2183/2526 2325/2247/2623
f 2281/2183/2526 2294/2215/2573 2325/2247/2623
f 2325/2247/2623 2327/2214/2572 2326/2248/2624
f 2330/2219/2625 2329/2217/2626 2297/2249/2627
f 2331/2222/2628 2332/2250/2629 2356/2251/2630
f 2331/2222/2628 2333/2224/2631 2332/2250/2629
f 2333/2224/2632 2334/2252/2633 2357/2253/2634
f 2333/2224/2632 2335/2226/2635 2334/2252/2633
f 2335/2226/2636 2336/2254/2637 2358/2255/2638
f 2335/2226/2636 2337/2228/2639 2336/2254/2637
f 2338/2230/2640 2337/2228/2641 2307/2195/2642
f 2338/2230/2643 2362/2256/2644 2361/2257/2645
f 2338/2230/2643 2339/2231/2601 2362/2256/2644
f 2364/2258/2646 2362/2256/2647 2339/2231/2648
f 2340/2233/2603 2339/2231/2601 2310/2201/2553
f 2340/2233/2603 2341/2232/2602 2367/2259/2649
f 2341/2232/2602 2342/2235/2650 2367/2259/2651
f 2343/2237/2652 2344/2260/2653 2369/2261/2654
f 2346/2240/2655 2343/2237/2652 2316/2206/2656
f 2369/2261/2654 2344/2260/2653 2346/2240/2657
f 2346/2240/2658 2347/2242/2659 2372/2262/2660
f 2348/2244/2661 2347/2242/2659 2322/2241/2662
f 2348/2244/2619 2324/2245/2621 2349/2246/2663
f 2327/2214/2572 2351/2263/2664 2350/2264/2665
f 2328/2216/2666 2353/2265/2667 2351/2263/2664
f 2328/2216/2666 2352/2266/2668 2353/2265/2667
f 2355/2267/2669 2352/2266/2668 2330/2219/2625
f 2355/2267/2670 2356/2251/2671 2378/2268/2672
f 2356/2251/2671 2357/2253/2673 2380/2269/2674
f 2357/2253/2675 2358/2255/2676 2381/2270/2677
f 2360/2271/2678 2359/2272/2679 2337/2228/2641
f 2383/2273/2680 2359/2272/2679 2360/2271/2678
f 2360/2271/2678 2361/2257/2681 2385/2274/2682
f 2387/2275/2683 2361/2257/2645 2362/2256/2644
f 2388/2276/2684 2363/2277/2685 2364/2258/2686
f 2390/2278/2687 2365/2279/2688 2364/2258/2689
f 2367/2259/2690 2364/2258/2691 2340/2233/2603
f 2367/2259/2692 2368/2280/2693 2392/2281/2694
f 2368/2280/2693 2369/2261/2695 2394/2282/2696
f 2369/2261/2697 2370/2283/2698 2395/2284/2699
f 2372/2262/2700 2371/2285/2701 2397/2286/2702
f 2398/2287/2703 2371/2285/2701 2372/2262/2700
f 2372/2262/2704 2349/2246/2622 2400/2288/2705
f 2400/2288/2705 2325/2247/2623 2374/2289/2706
f 2350/2264/2665 2401/2290/2707 2374/2289/2706
f 2350/2264/2665 2375/2291/2708 2401/2290/2707
f 2354/2292/2709 2376/2293/2710 2377/2294/2711
f 2378/2268/2672 2380/2269/2674 2379/2295/2712
f 2380/2269/2674 2381/2270/2713 2384/2296/2714
f 2382/2297/2715 2383/2273/2680 2384/2296/2714
f 2383/2273/2680 2385/2274/2682 2384/2296/2714
f 2385/2274/2716 2387/2275/2683 2386/2298/2717
f 2387/2275/2683 2388/2276/2684 2389/2299/2718
f 2390/2278/2687 2392/2281/2694 2391/2300/2719
f 2392/2281/2694 2394/2282/2696 2393/2301/2720
f 2394/2282/2696 2395/2284/2721 2396/2302/2722
f 2397/2286/2723 2398/2287/2703 2399/2303/2724
f 2377/2294/2711 2375/2291/2708 2350/2264/2665
f 2391/2300/2719 2404/2304/2725 2389/2299/2718
f 2404/2304/2725 2405/2305/2726 2384/2296/2714
f 2389/2299/2718 2404/2304/2725 2384/2296/2714
f 2399/2303/2724 2401/2290/2707 2396/2302/2722
f 2374/2289/2706 2401/2290/2707 2399/2303/2724
f 2425/2306/2727 2408/2307/2728 2406/2308/2729
f 2406/2308/2729 2407/2309/2730 2427/2310/2731
f 2406/2308/2729 2428/2311/2732 2407/2309/2730
f 2408/2307/2728 2409/2312/2733 2428/2311/2734
f 2425/2306/2727 2409/2312/2733 2408/2307/2728
f 2412/2313/2735 2415/2314/2736 2414/2315/2737
f 2412/2313/2735 2416/2316/2738 2415/2314/2736
f 2412/2313/2735 2417/2317/2739 2416/2316/2738
f 2417/2317/2739 2411/2318/2740 2418/2319/2741
f 2420/2320/2742 2422/2321/2743 2421/2322/2744
f 2410/2323/2745 2425/2306/2727 2423/2324/2746
f 2437/2325/2747 2426/2326/2748 2438/2327/2749
f 2426/2326/2748 2406/2308/2729 2427/2310/2750
f 2409/2312/2733 2429/2328/2751 2444/2329/2752
f 2409/2312/2733 2413/2330/2753 2429/2328/2751
f 2413/2330/2753 2414/2315/2737 2444/2329/2754
f 2414/2315/2737 2415/2314/2736 2446/2331/2755
f 2415/2314/2736 2416/2316/2738 2448/2332/2756
f 2416/2316/2738 2417/2317/2739 2450/2333/2757
f 2417/2317/2739 2430/2334/2758 2452/2335/2759
f 2417/2317/2739 2418/2319/2741 2430/2334/2758
f 2418/2319/2741 2419/2336/2760 2454/2337/2761
f 2419/2336/2760 2431/2338/2762 2457/2339/2763
f 2419/2336/2760 2411/2318/2740 2431/2338/2762
f 2411/2318/2740 2432/2340/2764 2457/2339/2765
f 2411/2318/2740 2420/2320/2742 2432/2340/2764
f 2420/2320/2766 2433/2341/2767 2457/2339/2768
f 2420/2320/2742 2421/2322/2744 2460/2342/2769
f 2421/2322/2744 2434/2343/2770 2462/2344/2771
f 2421/2322/2744 2422/2321/2743 2434/2343/2770
f 2422/2321/2772 2463/2345/2773 2462/2344/2774
f 2422/2321/2743 2435/2346/2775 2466/2347/2776
f 2422/2321/2743 2410/2323/2745 2435/2346/2775
f 2410/2323/2777 2436/2348/2778 2466/2347/2779
f 2410/2323/2745 2423/2324/2746 2468/2349/2780
f 2423/2324/2746 2469/2350/2781 2468/2349/2782
f 2423/2324/2746 2424/2351/2783 2469/2350/2781
f 2425/2306/2727 2426/2326/2748 2437/2325/2747
f 2440/2352/2784 2475/2353/2785 2474/2354/2786
f 2427/2310/2787 2441/2355/2788 2475/2353/2789
f 2427/2310/2787 2476/2356/2790 2441/2355/2788
f 2428/2311/2791 2444/2329/2792 2442/2357/2793
f 2444/2329/2794 2443/2358/2795 2476/2356/2796
f 2444/2329/2797 2445/2359/2798 2477/2360/2799
f 2444/2329/2797 2446/2331/2755 2478/2361/2800
f 2479/2362/2801 2478/2361/2802 2446/2331/2803
f 2446/2331/2755 2448/2332/2804 2447/2363/2805
f 2448/2332/2806 2449/2364/2807 2481/2365/2808
f 2448/2332/2806 2450/2333/2757 2449/2364/2807
f 2450/2333/2757 2451/2366/2809 2481/2365/2810
f 2450/2333/2757 2452/2335/2811 2451/2366/2809
f 2452/2335/2812 2453/2367/2813 2484/2368/2814
f 2452/2335/2812 2454/2337/2815 2453/2367/2813
f 2454/2337/2816 2455/2369/2817 2486/2370/2818
f 2454/2337/2816 2457/2339/2819 2455/2369/2817
f 2457/2339/2820 2456/2371/2821 2486/2370/2822
f 2457/2339/2823 2458/2372/2824 2487/2373/2825
f 2457/2339/2826 2459/2374/2827 2488/2375/2828
f 2457/2339/2826 2460/2342/2829 2459/2374/2827
f 2460/2342/2830 2461/2376/2831 2490/2377/2832
f 2460/2342/2830 2462/2344/2833 2461/2376/2831
f 2462/2344/2774 2464/2378/2834 2491/2379/2835
f 2462/2344/2774 2463/2345/2773 2464/2378/2834
f 2463/2345/2773 2465/2380/2836 2491/2379/2837
f 2463/2345/2773 2466/2347/2838 2465/2380/2836
f 2466/2347/2839 2467/2381/2840 2493/2382/2841
f 2466/2347/2839 2468/2349/2842 2467/2381/2840
f 2468/2349/2782 2469/2350/2781 2471/2383/2843
f 2469/2350/2844 2470/2384/2845 2471/2383/2846
f 2469/2350/2844 2437/2325/2847 2470/2384/2845
f 2438/2327/2749 2471/2383/2848 2437/2325/2747
f 2495/2385/2849 2439/2386/2850 2472/2387/2851
f 2472/2387/2852 2474/2354/2786 2473/2388/2853
f 2475/2353/2789 2441/2355/2788 2476/2356/2854
f 2476/2356/2855 2477/2360/2856 2501/2389/2857
f 2502/2390/2858 2478/2361/2802 2479/2362/2801
f 2504/2391/2859 2479/2362/2801 2447/2363/2860
f 2481/2365/2810 2482/2392/2861 2506/2393/2862
f 2481/2365/2810 2451/2366/2809 2482/2392/2861
f 2451/2366/2809 2483/2394/2863 2507/2395/2864
f 2484/2368/2865 2485/2396/2866 2509/2397/2867
f 2484/2368/2865 2486/2370/2868 2485/2396/2866
f 2486/2370/2869 2487/2373/2870 2510/2398/2871
f 2488/2375/2872 2489/2399/2873 2512/2400/2132
f 2488/2375/2872 2490/2377/2874 2489/2399/2873
f 2490/2377/2875 2514/2401/2876 2513/2402/2877
f 2490/2377/2875 2491/2379/2878 2514/2401/2876
f 2491/2379/2879 2492/2403/2880 2515/2404/2211
f 2471/2383/2881 2493/2382/2882 2468/2349/2883
f 2472/2387/2852 2473/2388/2853 2497/2405/2884
f 2474/2354/2786 2520/2406/2885 2498/2407/2886
f 2475/2353/2789 2501/2389/2887 2500/2408/2888
f 2501/2389/2889 2502/2390/2890 2522/2409/2891
f 2504/2391/2859 2502/2390/2858 2479/2362/2801
f 2524/2410/2892 2503/2411/2447 2504/2391/2448
f 2504/2391/2893 2505/2412/2894 2526/2413/2895
f 2505/2412/2896 2506/2393/2897 2526/2413/2898
f 2507/2395/2899 2508/2414/2900 2530/2415/2901
f 2509/2397/2902 2510/2398/2903 2532/2416/2904
f 2510/2398/2903 2534/2417/2905 2532/2416/2904
f 2510/2398/2903 2511/2418/2906 2534/2417/2905
f 2510/2398/2903 2512/2400/2907 2536/2419/2908
f 2512/2400/2909 2513/2402/2910 2539/2420/2911
f 2513/2402/2877 2514/2401/2876 2539/2420/2912
f 2514/2401/2876 2541/2421/2913 2539/2420/2914
f 2514/2401/2876 2515/2404/2915 2541/2421/2913
f 2515/2404/2916 2516/2422/2917 2543/2423/2918
f 2517/2424/2919 2516/2422/2920 2493/2382/2882
f 2544/2425/2921 2516/2422/2920 2517/2424/2919
f 2546/2426/2922 2518/2427/2923 2517/2424/2924
f 2495/2385/2925 2519/2428/2926 2471/2383/2848
f 2547/2429/2927 2519/2428/2926 2495/2385/2925
f 2520/2406/2885 2522/2409/2891 2521/2430/2928
f 2522/2409/2891 2524/2410/2892 2523/2431/2929
f 2524/2410/2892 2526/2413/2930 2525/2432/2931
f 2526/2413/2930 2528/2433/2932 2527/2434/2933
f 2528/2433/2932 2530/2415/2934 2529/2435/2935
f 2530/2415/2934 2531/2436/2936 2533/2437/2937
f 2532/2416/2904 2534/2417/2905 2533/2437/2937
f 2534/2417/2938 2536/2419/2908 2535/2438/2939
f 2536/2419/2908 2537/2439/2940 2535/2438/2939
f 2536/2419/2908 2539/2420/2914 2537/2439/2940
f 2539/2420/2914 2541/2421/2913 2540/2440/2941
f 2541/2421/2913 2543/2423/2942 2542/2441/2943
f 2543/2423/2942 2544/2425/2921 2545/2442/2944
f 2546/2426/2922 2547/2429/2927 2499/2443/2945
f 2523/2431/2929 2549/2444/2946 2498/2407/2886
f 2545/2442/2944 2551/2445/2947 2540/2440/2941
f 2527/2434/2933 2549/2444/2946 2523/2431/2929
f 2527/2434/2933 2553/2446/2948 2549/2444/2946
f 2533/2437/2937 2553/2446/2948 2527/2434/2933
f 2540/2440/2941 2552/2447/2949 2533/2437/2937
f 2540/2440/2941 2551/2445/2947 2552/2447/2949
f 2545/2442/2944 2548/2448/2950 2551/2445/2947
f 2499/2443/2945 2548/2448/2950 2545/2442/2944
f 2425/2306/2727 2406/2308/2729 2426/2326/2748
f 2558/2449/2951 2556/2450/2952 2554/2451/2953
f 2554/2451/2953 2555/2452/2954 2584/2453/2955
f 2554/2451/2953 2579/2454/2956 2555/2452/2954
f 2556/2450/2952 2557/2455/2957 2579/2454/2956
f 2558/2449/2951 2557/2455/2957 2556/2450/2952
f 2566/2456/2958 2568/2457/2959 2567/2458/2960
f 2566/2456/2958 2560/2459/2961 2568/2457/2959
f 2560/2459/2961 2570/2460/2962 2569/2461/2963
f 2560/2459/2961 2571/2462/2964 2570/2460/2962
f 2559/2463/2965 2572/2464/2966 2571/2462/2964
f 2559/2463/2965 2573/2465/2967 2572/2464/2966
f 2559/2463/2965 2575/2466/2968 2574/2467/2969
f 2559/2463/2965 2558/2449/2951 2575/2466/2968
f 2583/2468/2970 2576/2469/2971 2584/2453/2972
f 2576/2469/2971 2554/2451/2953 2584/2453/2972
f 2586/2470/2973 2577/2471/2974 2584/2453/2975
f 2579/2454/2956 2580/2472/2976 2578/2473/2977
f 2557/2455/2957 2587/2474/2978 2579/2454/2956
f 2557/2455/2957 2581/2475/2979 2589/2476/2980
f 2557/2455/2957 2562/2477/2981 2581/2475/2979
f 2562/2477/2981 2563/2478/2982 2590/2479/2983
f 2564/2480/2984 2593/2481/2985 2592/2482/2986
f 2564/2480/2984 2594/2483/2987 2593/2481/2985
f 2565/2484/2988 2566/2456/2958 2596/2485/2989
f 2566/2456/2958 2597/2486/2990 2596/2485/2989
f 2566/2456/2958 2567/2458/2960 2597/2486/2990
f 2567/2458/2960 2568/2457/2959 2599/2487/2991
f 2568/2457/2959 2569/2461/2963 2601/2488/2992
f 2569/2461/2963 2570/2460/2962 2603/2489/2993
f 2570/2460/2962 2571/2462/2964 2605/2490/2994
f 2573/2465/2967 2574/2467/2969 2609/2491/2995
f 2575/2466/2968 2582/2492/2996 2583/2468/2997
f 2575/2466/2968 2558/2449/2951 2582/2492/2996
f 2558/2449/2951 2576/2469/2971 2583/2468/2970
f 2584/2453/2975 2577/2471/2974 2613/2493/2998
f 2614/2494/2999 2613/2493/3000 2586/2470/2973
f 2579/2454/2956 2587/2474/2978 2580/2472/2976
f 2587/2474/2978 2588/2495/3001 2618/2496/3002
f 2587/2474/2978 2589/2476/3003 2588/2495/3001
f 2589/2476/3004 2590/2479/2983 2619/2497/3005
f 2590/2479/2983 2591/2498/3006 2619/2497/3005
f 2590/2479/2983 2592/2482/3007 2591/2498/3006
f 2592/2482/2986 2593/2481/2985 2622/2499/3008
f 2593/2481/2985 2594/2483/2987 2622/2499/3009
f 2594/2483/2987 2596/2485/2989 2595/2500/3010
f 2596/2485/2989 2624/2501/3011 2623/2502/3012
f 2597/2486/3013 2598/2503/3014 2626/2504/3015
f 2597/2486/3013 2599/2487/2991 2598/2503/3014
f 2599/2487/2991 2600/2505/3016 2626/2504/3017
f 2599/2487/2991 2601/2488/3018 2600/2505/3016
f 2601/2488/3019 2602/2506/3020 2629/2507/3021
f 2601/2488/3019 2603/2489/3022 2602/2506/3020
f 2603/2489/3023 2605/2490/3024 2604/2508/3025
f 2605/2490/3026 2606/2509/3027 2632/2510/3028
f 2605/2490/3026 2607/2511/3029 2606/2509/3027
f 2632/2510/3030 2607/2511/3029 2608/2512/3031
f 2609/2491/3032 2610/2513/3033 2635/2514/3034
f 2611/2515/3035 2610/2513/3033 2609/2491/3032
f 2609/2491/3036 2583/2468/3037 2611/2515/3038
f 2584/2453/2972 2612/2516/3039 2583/2468/2970
f 2636/2517/3040 2612/2516/3039 2584/2453/2972
f 2586/2470/3041 2616/2518/3042 2639/2519/3043
f 2586/2470/3041 2640/2520/3044 2616/2518/3042
f 2640/2520/3044 2578/2473/2977 2580/2472/2976
f 2580/2472/2976 2618/2496/3045 2617/2521/3046
f 2618/2496/3047 2619/2497/3005 2641/2522/3048
f 2619/2497/3005 2591/2498/3006 2620/2523/3049
f 2647/2524/3050 2620/2523/3051 2591/2498/3052
f 2647/2524/3053 2621/2525/3054 2622/2499/3055
f 2622/2499/3055 2623/2502/3056 2650/2526/3057
f 2623/2502/3012 2624/2501/3011 2653/2527/3058
f 2626/2504/3059 2624/2501/3011 2597/2486/2990
f 2626/2504/3017 2627/2528/3060 2657/2529/3061
f 2626/2504/3017 2600/2505/3016 2627/2528/3060
f 2657/2529/3061 2627/2528/3060 2600/2505/3062
f 2629/2507/3063 2630/2530/3064 2660/2531/2132
f 2629/2507/3063 2631/2532/3065 2630/2530/3064
f 2631/2532/3066 2632/2510/3067 2661/2533/3068
f 2634/2534/3069 2632/2510/3030 2608/2512/3031
f 2634/2534/3070 2635/2514/3071 2666/2535/3072
f 2611/2515/3035 2635/2514/3073 2610/2513/3033
f 2636/2517/3074 2613/2493/3075 2638/2536/3076
f 2638/2536/3077 2614/2494/2999 2615/2537/3078
f 2639/2519/3043 2616/2518/3042 2640/2520/3079
f 2640/2520/3080 2642/2538/3081 2670/2539/3082
f 2640/2520/3080 2641/2522/3048 2642/2538/3081
f 2670/2539/3082 2642/2538/3081 2641/2522/3083
f 2671/2540/3084 2643/2541/3085 2641/2522/3086
f 2673/2542/3087 2644/2543/3088 2620/2523/3089
f 2673/2542/3090 2645/2544/3091 2647/2524/3092
f 2647/2524/3093 2648/2545/3094 2674/2546/3095
f 2676/2547/3096 2648/2545/3094 2647/2524/3093
f 2650/2526/3057 2647/2524/3053 2622/2499/3055
f 2676/2547/3097 2649/2548/3098 2650/2526/3099
f 2678/2549/3100 2651/2550/3101 2650/2526/3102
f 2650/2526/3057 2653/2527/3103 2652/2551/3104
f 2653/2527/3105 2654/2552/3106 2678/2549/3100
f 2653/2527/3105 2657/2529/3107 2681/2553/3108
f 2657/2529/3107 2656/2554/3109 2681/2553/3108
f 2682/2555/3110 2656/2554/3109 2657/2529/3107
f 2657/2529/3111 2659/2556/3112 2684/2557/3113
f 2660/2531/3114 2661/2533/3068 2687/2558/3115
f 2661/2533/3068 2662/2559/3116 2687/2558/3115
f 2689/2560/3117 2662/2559/3116 2661/2533/3068
f 2663/2561/3118 2661/2533/3119 2633/2562/3120
f 2664/2563/3121 2663/2561/3118 2632/2510/3030
f 2690/2564/3122 2663/2561/3118 2664/2563/3121
f 2664/2563/3121 2666/2535/3123 2692/2565/3124
f 2636/2517/3125 2666/2535/3072 2635/2514/3071
f 2636/2517/3125 2667/2566/3126 2694/2567/3127
f 2636/2517/3128 2637/2568/3129 2695/2569/3130
f 2639/2519/3043 2670/2539/3131 2669/2570/3132
f 2670/2539/3131 2671/2540/3084 2672/2571/3133
f 2673/2542/3087 2674/2546/3134 2675/2572/3135
f 2676/2547/3096 2678/2549/3100 2677/2573/3136
f 2678/2549/3100 2654/2552/3106 2679/2574/3137
f 2654/2552/3106 2681/2553/3138 2680/2575/3139
f 2681/2553/3138 2682/2555/3110 2683/2576/3140
f 2684/2557/3141 2685/2577/3142 2686/2578/3143
f 2687/2558/3115 2689/2560/3117 2688/2579/3144
f 2689/2560/3117 2690/2564/3122 2691/2580/3145
f 2692/2565/3124 2693/2581/3146 2668/2582/3147
f 2693/2581/3146 2694/2567/3148 2668/2582/3147
f 2694/2567/3148 2695/2569/3149 2668/2582/3147
f 2672/2571/3133 2696/2583/3150 2615/2537/3078
f 2679/2574/3137 2701/2584/3151 2675/2572/3135
f 2691/2580/3145 2699/2585/3152 2686/2578/3143
f 2668/2582/3147 2698/2586/3153 2691/2580/3145
f 2675/2572/3135 2701/2584/3151 2696/2583/3150
f 2683/2576/3140 2701/2584/3151 2679/2574/3137
f 2683/2576/3140 2700/2587/3154 2701/2584/3151
f 2691/2580/3145 2698/2586/3153 2699/2585/3152
f 2558/2449/2951 2554/2451/2953 2576/2469/2971
f 3168/2588/3155 3225/2588/3156 3180/2588/3157
f 3170/2588/3158 3168/2588/3155 3183/2588/3159
f 3170/2588/3158 3169/2588/3160 3171/2588/3161
f 3172/2588/3162 3171/2588/3161 3173/2588/3163
f 3175/2588/3164 3170/2588/3158 3172/2588/3162
f 3179/2588/3165 3178/2588/3166 3177/2588/3167
f 3174/2588/3168 3182/2588/3169 3168/2588/3155
f 3184/2588/3170 3169/2588/3160 3183/2588/3159
f 3171/2588/3161 3169/2588/3160 3185/2588/3171
f 3173/2588/3163 3185/2588/3171 3186/2588/3172
f 3173/2588/3163 3187/2588/3173 3188/2588/3174
f 3189/2588/3175 3173/2588/3163 3186/2588/3172
f 3216/2588/3176 3217/2588/3176 3224/2588/3176
f 3189/2588/3177 3190/2588/3178 3187/2588/3179
f 3196/2588/3180 3194/2588/3181 3193/2588/3182
f 3194/2588/3181 3197/2588/3183 3198/2588/3184
f 3240/2588/3185 3198/2588/3184 3241/2588/3186
f 3201/2588/3187 3199/2588/3187 3241/2588/3187
f 3198/2588/3184 3201/2588/3188 3241/2588/3186
f 3200/2588/3189 3201/2588/3188 3202/2588/3190
f 3196/2588/3180 3201/2588/3188 3198/2588/3184
f 3203/2588/3191 3196/2588/3180 3205/2588/3192
f 3205/2588/3192 3204/2588/3193 3206/2588/3194
f 3206/2588/3194 3204/2588/3193 3196/2588/3180
f 3210/2588/3195 3203/2588/3191 3209/2588/3196
f 3213/2588/3197 3210/2588/3198 3211/2588/3199
f 3211/2588/3200 3208/2588/3201 3212/2588/3202
f 3211/2588/3203 3181/2588/3204 3174/2588/3168
f 3174/2588/3168 3213/2588/3205 3211/2588/3206
f 3213/2588/3205 3172/2588/3162 3214/2588/3207
f 3214/2588/3208 3210/2588/3198 3213/2588/3197
f 3172/2588/3162 3215/2588/3207 3214/2588/3207
f 3210/2588/3195 3202/2588/3190 3203/2588/3191
f 3215/2588/3207 3172/2588/3162 3216/2588/3207
f 3215/2588/3209 3200/2588/3210 3210/2588/3198
f 3200/2588/3210 3216/2588/3211 3217/2588/3212
f 3172/2588/3162 3217/2588/3213 3216/2588/3214
f 3217/2588/3215 3190/2588/3216 3200/2588/3217
f 3188/2588/3218 3172/2588/3162 3173/2588/3163
f 3218/2588/3219 3223/2588/3220 3181/2588/3204
f 3219/2588/3221 3208/2588/3222 3220/2588/3223
f 3220/2588/3224 3222/2588/3225 3219/2588/3226
f 3222/2588/3225 3191/2588/3227 3224/2588/3228
f 3195/2588/3229 3193/2588/3182 3191/2588/3230
f 3223/2588/3220 3219/2588/3231 3222/2588/3232
f 3222/2588/3233 3186/2588/3172 3223/2588/3220
f 3189/2588/3175 3186/2588/3172 3224/2588/3234
f 3223/2588/3220 3185/2588/3171 3184/2588/3170
f 3181/2588/3204 3184/2588/3170 3182/2588/3169
f 3226/2588/3235 3227/2588/3236 3225/2588/3156
f 3228/2588/3237 3230/2588/3238 3229/2588/3239
f 3226/2588/3235 3231/2588/3240 3227/2588/3236
f 3233/2588/3241 3231/2588/3240 3232/2588/3242
f 3235/2588/3243 3232/2588/3242 3234/2588/3244
f 3234/2588/3245 3237/2588/3246 3235/2588/3243
f 3230/2588/3238 3237/2588/3246 3234/2588/3245
f 3234/2588/3247 3236/2588/3247 3230/2588/3247
f 3233/2588/3241 3177/2588/3167 3178/2588/3166
f 3180/2588/3157 3178/2588/3166 3179/2588/3165
f 3242/2588/3248 3244/2588/3249 3209/2588/3250
f 3221/2588/3251 3242/2588/3248 3207/2588/3252
f 3220/2588/3253 3243/2588/3254 3242/2588/3248
f 3209/2588/3250 3244/2588/3249 3243/2588/3254
f 3239/2588/3255 3241/2588/3256 3199/2588/3257
f 3194/2588/3181 3240/2588/3185 3193/2588/3182
f 3191/2588/3258 3239/2588/3255 3190/2588/3259
f 3243/2588/3254 3244/2588/3249 3242/2588/3248
f 319/371/372 323/370/371 320/372/373
f 341/374/375 321/373/374 320/372/373
f 325/377/378 324/379/380 326/376/377
f 324/379/380 323/370/371 326/376/377
f 325/377/378 328/381/382 327/378/379
f 329/380/381 334/390/391 327/378/379
f 328/381/382 325/377/378 326/376/377
f 335/383/384 331/389/390 330/382/383
f 337/385/386 336/384/385 330/382/383
f 332/386/387 337/385/386 326/376/377
f 326/376/377 340/368/369 332/386/387
f 332/386/387 340/368/369 318/367/368
f 318/367/368 331/389/390 333/388/389
f 331/389/390 335/383/384 333/388/389
f 320/372/373 327/378/379 334/390/391
f 324/379/380 327/378/379 320/372/373
f 329/380/381 328/381/382 330/382/383
f 334/390/391 329/380/381 331/389/390
f 335/383/384 336/384/385 338/387/388
f 337/385/386 332/386/387 338/387/388
f 339/369/370 321/373/374 341/374/375
f 339/369/370 340/368/369 319/371/372
f 343/397/398 342/395/396 362/396/397
f 343/397/398 361/398/399 360/399/400
f 347/412/413 346/402/403 345/401/402
f 351/394/395 350/414/415 349/403/404
f 352/408/409 363/391/392 351/394/395
f 351/394/395 354/405/406 352/408/409
f 348/404/405 345/401/402 356/409/410
f 353/406/407 356/409/410 345/401/402
f 353/406/407 345/401/402 365/392/393
f 352/408/409 357/407/408 365/392/393
f 348/404/405 355/410/411 354/405/406
f 357/407/408 352/408/409 354/405/406
f 356/409/410 353/406/407 357/407/408
f 344/400/401 346/402/403 358/411/412
f 348/404/405 349/403/404 347/412/413
f 351/394/395 342/395/396 359/413/414
f 343/397/398 358/411/412 359/413/414
f 358/411/412 346/402/403 347/412/413
f 350/414/415 359/413/414 358/411/412
f 360/399/400 361/398/399 364/393/394
f 364/393/394 361/398/399 362/396/397
f 388/419/420 370/418/419 368/420/421
f 390/422/423 389/421/422 368/420/421
f 373/427/428 371/426/427 372/424/425
f 371/426/427 370/418/419 372/424/425
f 374/425/426 379/429/430 371/426/427
f 374/425/426 375/438/437 378/428/429
f 374/425/426 373/427/428 372/424/425
f 381/431/432 380/437/436 376/430/431
f 385/433/386 382/432/385 376/430/431
f 377/434/433 385/433/386 372/424/425
f 372/424/425 367/416/417 377/434/433
f 377/434/433 367/416/417 366/415/416
f 366/415/416 380/437/436 384/436/435
f 380/437/436 381/431/432 384/436/435
f 379/429/430 378/428/429 369/423/424
f 371/426/427 379/429/430 368/420/421
f 375/438/437 374/425/426 376/430/431
f 378/428/429 375/438/437 380/437/436
f 381/431/432 382/432/385 383/435/434
f 385/433/386 377/434/433 383/435/434
f 387/2969/3905 367/416/417 388/419/420
f 390/422/423 366/415/416 391/439/438
f 386/417/418 389/421/422 390/422/423
f 386/417/418 387/2969/3905 388/419/420
f 386/417/418 367/416/417 387/2969/3905
f 392/440/439 393/444/443 395/441/440
f 397/443/442 396/461/460 395/441/440
f 397/443/442 393/444/443 399/445/444
f 400/447/446 401/448/447 398/446/445
f 401/448/447 402/455/454 403/449/448
f 403/449/448 402/455/454 405/450/449
f 404/451/450 405/450/449 406/452/451
f 406/452/451 409/2970/3906 408/454/453
f 408/454/453 409/2970/3906 400/447/446
f 401/448/447 400/447/446 406/452/451
f 400/447/446 409/2970/3906 406/452/451
f 406/452/451 405/450/449 401/448/447
f 393/444/443 392/440/439 408/454/453
f 410/456/455 407/453/452 408/454/453
f 392/440/439 394/442/441 411/457/456
f 411/457/456 394/442/441 413/458/457
f 394/442/441 395/441/440 413/458/457
f 395/441/440 396/461/460 413/458/457
f 414/460/459 413/458/457 396/461/460
f 415/462/461 412/459/458 413/458/457
f 415/462/461 414/460/459 403/449/448
f 410/456/455 415/462/461 404/451/450
f 415/462/461 410/456/455 411/457/456
f 397/443/442 398/446/445 403/449/448
f 418/463/462 421/466/465 417/464/463
f 421/466/465 418/463/462 419/467/466
f 425/473/472 424/472/471 426/474/473
f 426/474/473 427/471/470 428/475/474
f 429/476/475 430/477/476 418/463/462
f 428/475/474 431/478/477 430/477/476
f 419/467/466 430/477/476 431/478/477
f 431/478/477 423/470/469 419/467/466
f 420/468/467 419/467/466 423/470/469
f 423/470/469 431/478/477 427/471/470
f 433/479/478 435/487/482 434/480/479
f 438/486/484 434/480/479 435/487/482
f 439/489/485 438/486/484 437/488/483
f 442/491/487 439/489/485 440/490/486
f 444/493/489 443/497/490 442/491/487
f 433/479/478 432/481/480 443/497/490
f 432/481/480 434/480/479 438/486/484
f 443/497/490 438/486/484 439/489/485
f 446/498/491 450/2971/495 447/499/492
f 448/501/494 447/499/492 450/502/495
f 446/498/491 455/509/501 450/2971/495
f 455/509/501 446/498/491 456/510/502
f 454/507/500 456/2972/502 453/506/499
f 457/2973/505 453/506/499 456/2972/502
f 456/510/502 458/512/503 457/514/505
f 445/500/493 447/499/492 459/513/504
f 457/514/505 458/512/503 459/513/504
f 460/515/506 459/513/504 448/501/494
f 448/501/494 452/505/498 460/515/506
f 452/505/498 448/501/494 449/503/496
f 457/514/505 460/515/506 452/505/498
f 463/516/507 464/519/510 462/517/508
f 464/519/510 463/516/507 466/520/511
f 465/521/512 466/520/511 467/522/513
f 468/523/514 467/522/513 470/524/515
f 467/522/513 466/520/511 471/526/517
f 466/520/511 463/516/507 461/518/509
f 462/517/508 472/528/519 471/526/517
f 472/528/519 469/525/516 470/524/515
f 474/529/520 476/533/524 475/530/521
f 474/529/520 478/540/531 479/534/525
f 479/534/525 480/541/532 481/535/526
f 481/535/526 480/541/532 482/536/527
f 482/536/527 483/539/530 484/538/529
f 483/539/530 486/2974/3907 485/531/522
f 485/531/522 486/2974/3907 478/540/531
f 479/534/525 478/540/531 482/536/527
f 478/540/531 486/2974/3907 483/539/530
f 482/536/527 478/540/531 483/539/530
f 485/531/522 475/530/521 487/542/533
f 487/542/533 475/530/521 488/543/534
f 475/530/521 476/533/524 488/543/534
f 477/532/523 481/535/526 488/543/534
f 489/537/528 487/542/533 488/543/534
f 489/537/528 484/538/529 487/542/533
f 490/544/535 491/548/539 493/545/536
f 495/547/538 494/560/551 493/545/536
f 496/550/541 495/547/538 491/548/539
f 491/548/539 490/544/535 497/549/540
f 498/551/542 490/544/535 492/546/537
f 499/552/543 492/546/537 501/553/544
f 492/546/537 493/545/536 502/555/546
f 502/555/546 503/557/548 500/554/545
f 504/556/547 505/559/550 500/554/545
f 504/556/547 507/561/552 506/558/549
f 494/560/551 507/561/552 504/556/547
f 502/555/546 493/545/536 494/560/551
f 495/547/538 508/562/553 507/561/552
f 497/549/540 498/551/542 508/562/553
f 498/551/542 506/558/549 507/561/552
f 498/551/542 499/552/543 506/558/549
f 505/559/550 506/558/549 499/552/543
f 539/563/554 531/568/559 532/564/555
f 532/564/555 536/569/560 535/566/557
f 531/568/559 537/570/561 536/569/560
f 539/563/554 538/571/562 537/570/561
f 533/565/556 540/573/564 538/571/562
f 541/572/563 542/574/565 540/573/564
f 533/565/556 532/564/555 534/567/558
f 534/567/558 535/566/557 542/574/565
f 535/566/557 536/569/560 540/573/564
f 536/569/560 537/570/561 538/571/562
f 545/575/566 544/586/577 553/576/567
f 547/578/569 546/579/570 545/575/566
f 546/579/570 547/578/569 549/580/571
f 548/581/572 549/580/571 551/582/573
f 551/582/573 549/580/571 553/576/567
f 549/580/571 547/578/569 543/577/568
f 550/583/574 551/582/573 552/584/575
f 554/585/576 552/584/575 553/576/567
f 548/581/572 550/583/574 554/585/576
f 546/579/570 548/581/572 544/586/577
f 576/591/581 558/590/580 556/592/582
f 577/594/584 578/593/583 556/592/582
f 560/597/586 559/599/588 561/596/377
f 559/599/588 558/590/580 561/596/377
f 560/597/586 564/601/590 562/598/587
f 565/600/589 563/610/592 562/598/587
f 564/601/590 560/597/586 561/596/377
f 572/603/384 567/609/591 566/602/383
f 573/605/386 569/604/385 566/602/383
f 568/606/387 573/605/386 561/596/377
f 561/596/377 575/588/579 568/606/387
f 568/606/387 575/588/579 555/587/578
f 555/587/578 567/609/591 571/608/389
f 567/609/591 572/603/384 571/608/389
f 562/598/587 563/610/592 557/595/585
f 558/590/580 559/599/588 562/598/587
f 565/600/589 564/601/590 566/602/383
f 563/610/592 565/600/589 567/609/591
f 572/603/384 569/604/385 570/607/388
f 573/605/386 568/606/387 570/607/388
f 574/589/370 578/593/583 577/594/584
f 574/589/370 575/588/579 576/591/581
f 579/626/608 602/634/616 601/612/594
f 581/615/597 580/613/595 600/614/596
f 581/615/597 599/616/598 598/617/599
f 579/626/608 583/620/602 582/618/600
f 585/632/614 584/619/601 583/620/602
f 586/621/603 587/611/593 595/622/604
f 587/611/593 590/624/606 588/628/610
f 586/621/603 583/620/602 593/629/611
f 592/625/607 593/629/611 583/620/602
f 592/625/607 579/626/608 601/612/594
f 588/628/610 589/627/609 601/612/594
f 586/621/603 591/630/612 590/624/606
f 593/629/611 592/625/607 589/627/609
f 589/627/609 588/628/610 590/624/606
f 582/618/600 584/619/601 597/631/613
f 586/621/603 594/623/605 585/632/614
f 587/611/593 580/613/595 596/633/615
f 581/615/597 597/631/613 596/633/615
f 597/631/613 584/619/601 585/632/614
f 596/633/615 597/631/613 594/623/605
f 598/617/599 599/616/598 602/634/616
f 602/634/616 599/616/598 600/614/596
f 606/641/623 605/639/621 625/640/622
f 610/657/637 609/645/627 608/644/626
f 613/646/620 612/660/639 620/647/628
f 614/655/635 604/635/617 613/638/620
f 613/638/620 618/650/630 614/655/635
f 611/649/629 619/652/632 618/650/630
f 611/649/629 608/644/626 615/651/631
f 616/653/633 615/651/631 608/644/626
f 616/653/633 608/644/626 603/636/618
f 614/655/635 617/654/634 603/636/618
f 617/654/634 614/655/635 618/650/630
f 615/651/631 616/653/633 617/654/634
f 607/643/625 609/645/627 622/656/636
f 611/648/629 620/647/628 610/657/637
f 613/638/620 605/639/621 621/659/638
f 606/641/623 622/656/636 621/659/638
f 620/647/628 622/656/636 609/645/627
f 621/659/638 622/656/636 620/647/628
f 628/662/641 603/636/618 623/642/624
f 626/663/642 604/635/617 627/637/619
f 623/642/624 624/661/640 627/637/619
f 627/637/619 624/661/640 625/640/622
f 625/640/622 604/635/617 626/663/642
f 606/641/623 624/661/640 623/642/624
f 630/664/643 631/667/646 633/665/644
f 631/667/646 632/683/662 634/668/647
f 634/668/647 635/673/652 636/669/648
f 636/669/648 635/673/652 638/670/649
f 640/672/651 639/675/654 638/670/649
f 640/672/651 641/677/656 642/674/653
f 644/676/655 643/679/658 642/674/653
f 645/678/657 646/680/659 643/679/658
f 645/678/657 636/669/648 637/671/650
f 646/680/659 637/671/650 643/679/658
f 637/671/650 638/670/649 643/679/658
f 638/670/649 639/675/654 642/674/653
f 633/665/644 636/669/648 645/678/657
f 645/678/657 644/676/655 647/681/660
f 647/681/660 648/2975/3908 630/664/643
f 631/667/646 630/664/643 650/682/661
f 630/664/643 648/2975/3908 650/682/661
f 648/2975/3908 649/686/665 650/682/661
f 632/683/662 650/682/661 651/684/663
f 650/682/661 649/686/665 652/685/664
f 652/685/664 641/677/656 640/672/651
f 644/676/655 641/677/656 652/685/664
f 649/686/665 648/2975/3908 647/681/660
f 640/672/651 635/673/652 634/668/647
f 653/687/666 654/702/681 667/688/667
f 654/702/681 653/687/666 655/701/680
f 653/687/666 656/700/679 655/701/680
f 657/690/669 656/700/679 653/687/666
f 658/689/668 659/699/678 660/691/670
f 657/690/669 660/691/670 661/692/671
f 663/694/673 662/693/672 661/692/671
f 663/694/673 664/695/674 665/696/675
f 667/688/667 666/697/676 665/696/675
f 658/689/668 667/688/667 668/698/677
f 655/701/680 656/700/679 662/693/672
f 666/697/676 654/702/681 655/701/680
f 659/699/678 668/698/677 660/691/670
f 668/698/677 665/696/675 661/692/671
f 665/696/675 664/695/674 661/692/671
f 671/703/682 672/2976/3909 673/706/685
f 673/706/685 672/2976/3909 670/705/684
f 672/2976/3909 671/703/682 670/705/684
f 676/707/682 677/2977/3909 678/710/685
f 678/710/685 677/2977/3909 675/709/684
f 677/2977/3909 676/707/682 675/709/684
f 682/714/685 683/2978/3909 679/713/684
f 681/711/682 683/2978/3909 682/714/685
f 683/2978/3909 681/711/682 679/713/684
f 685/715/685 686/2979/3909 687/716/684
f 686/2979/3909 688/718/682 687/716/684
f 688/718/682 686/2979/3909 685/715/685
f 689/721/686 691/720/686 690/719/686
f 693/722/686 694/724/686 692/723/686
f 697/726/688 696/725/687 698/728/690
f 703/732/685 702/2980/3910 701/730/692
f 700/731/693 702/2980/3910 703/732/685
f 700/731/693 701/730/692 702/2980/3910
f 708/736/685 707/2981/3910 706/734/692
f 705/735/693 707/2981/3910 708/736/685
f 705/735/693 706/734/692 707/2981/3910
f 709/737/694 713/2982/3911 712/740/697
f 712/740/697 713/2982/3911 711/739/696
f 709/737/694 711/739/696 713/2982/3911
f 717/741/693 716/2983/3910 715/742/685
f 717/741/693 718/744/692 716/2983/3910
f 715/742/685 716/2983/3910 718/744/692
f 719/745/698 721/748/701 720/746/699
f 721/748/701 724/751/704 723/749/702
f 719/745/698 725/752/705 724/751/704
f 727/747/700 726/753/706 725/752/705
f 720/746/699 728/755/708 726/753/706
f 729/754/707 730/756/709 728/755/708
f 721/748/701 722/750/703 729/754/707
f 722/750/703 723/749/702 730/756/709
f 723/749/702 724/751/704 728/755/708
f 724/751/704 725/752/705 726/753/706
f 732/757/710 731/765/718 736/758/711
f 735/760/713 734/768/721 733/759/712
f 737/761/714 734/768/721 735/760/713
f 737/761/714 738/762/715 740/763/716
f 740/763/716 738/762/715 731/765/718
f 738/762/715 735/760/713 736/758/711
f 739/764/717 740/763/716 741/766/719
f 742/767/720 741/766/719 731/765/718
f 737/761/714 739/764/717 742/767/720
f 734/768/721 737/761/714 732/757/710
f 749/775/731 744/771/3912 745/770/723
f 748/776/732 744/771/3913 745/770/727
f 749/775/731 747/772/730 744/771/3912
f 750/774/729 746/773/726 744/771/728
f 748/776/732 747/772/725 744/771/3913
f 748/776/732 745/770/727 746/773/726
f 748/776/732 746/773/726 750/774/729
f 749/775/731 745/770/723 743/769/722
f 748/776/732 749/775/731 743/769/722
f 751/778/734 753/777/733 752/779/733
f 757/785/739 758/784/739 759/783/738
f 764/809/763 762/790/744 765/793/747
f 766/805/759 764/809/763 765/793/747
f 765/793/747 763/792/746 767/796/750
f 766/805/759 765/793/747 768/795/749
f 768/795/749 765/793/747 767/796/750
f 760/786/740 768/795/749 767/796/750
f 770/798/752 769/794/748 760/786/740
f 773/799/753 771/802/756 791/800/754
f 773/799/753 772/797/751 771/802/756
f 778/808/762 773/799/753 774/801/755
f 773/799/753 778/808/762 775/803/757
f 775/803/757 768/795/749 769/794/748
f 772/797/751 775/803/757 769/794/748
f 776/804/758 777/806/760 766/805/759
f 779/807/761 777/806/760 775/803/757
f 779/807/761 778/808/762 780/812/766
f 785/814/768 779/807/761 781/811/765
f 779/807/761 785/814/768 783/813/767
f 782/810/764 762/790/744 764/809/763
f 786/818/772 784/815/769 785/814/768
f 788/817/771 784/815/769 786/818/772
f 784/815/769 788/817/771 789/819/773
f 771/802/756 788/817/771 791/800/754
f 770/798/752 760/786/740 761/788/742
f 771/802/756 770/798/752 789/819/773
f 786/818/772 781/811/765 780/812/766
f 786/818/772 780/812/766 791/800/754
f 763/792/746 793/789/743 767/796/750
f 817/823/777 819/2984/779 818/2985/3914
f 817/823/777 822/821/775 823/2986/778
f 823/2986/778 819/2984/779 817/823/777
f 820/2987/3915 821/822/776 818/2985/3914
f 820/2987/3915 824/820/774 821/822/776
f 824/825/774 820/2988/3915 819/827/779
f 821/822/776 817/823/777 818/2985/3914
f 818/2985/3914 819/2984/779 820/2987/3915
f 825/829/781 827/828/780 826/830/780
f 842/834/785 840/833/784 841/2989/3916
f 846/836/787 845/831/782 840/833/784
f 842/834/785 846/836/787 840/833/784
f 844/832/783 843/2990/3917 841/2989/3916
f 847/835/786 843/2990/3917 844/832/783
f 844/832/783 845/831/782 847/835/786
f 846/836/787 847/835/786 845/831/782
f 842/834/785 843/2990/3917 847/835/786
f 841/2989/3916 840/833/784 844/832/783
f 843/2990/3917 842/834/785 841/2989/3916
f 851/841/792 853/844/795 848/839/790
f 853/844/795 856/837/788 848/839/790
f 856/837/788 857/846/797 860/838/789
f 849/840/791 859/849/800 850/842/793
f 850/842/793 859/849/800 854/848/799
f 851/841/792 849/840/791 852/843/794
f 852/843/794 850/842/793 854/848/799
f 855/845/796 852/843/794 854/848/799
f 858/847/798 855/845/796 854/848/799
f 860/838/789 858/847/798 849/840/791
f 861/859/810 863/2991/3918 862/860/811
f 863/2991/3918 864/2992/3919 862/860/811
f 864/2992/3919 863/2991/3918 865/2993/3920
f 866/2994/3921 864/2992/3919 865/2993/3920
f 865/2993/3920 867/2995/3922 866/2994/3921
f 867/2995/3922 868/2996/3923 866/2994/3921
f 869/2997/3924 868/2996/3923 867/2995/3922
f 867/2995/3922 870/852/803 869/2997/3924
f 872/851/802 869/2997/3924 870/852/803
f 871/850/801 874/854/805 873/853/804
f 874/854/805 876/2998/3925 875/855/806
f 876/2998/3925 877/2999/3926 875/855/806
f 876/2998/3925 878/3000/3927 877/2999/3926
f 876/2998/3925 879/3001/3928 878/3000/3927
f 880/858/809 878/3000/3927 879/3001/3928
f 879/3001/3928 881/856/807 880/858/809
f 881/856/807 862/860/811 882/857/808
f 891/861/812 893/873/824 895/862/813
f 883/863/814 888/867/818 891/861/812
f 884/864/815 894/872/823 886/866/817
f 894/872/823 889/869/820 886/866/817
f 887/868/819 886/866/817 889/869/820
f 888/867/818 887/868/819 890/870/821
f 891/861/812 890/870/821 892/871/822
f 895/862/813 893/873/824 892/871/822
f 896/3002/3929 898/3003/3930 897/3004/3931
f 898/3003/3930 899/3005/3932 897/3004/3931
f 901/874/825 899/3005/3932 898/3003/3930
f 901/874/825 898/3003/3930 900/875/826
f 904/878/829 902/876/827 903/877/828
f 905/879/830 907/881/832 906/880/831
f 907/881/832 910/886/837 909/883/834
f 910/886/837 911/885/836 909/883/834
f 914/887/838 912/884/835 913/3006/3933
f 913/3006/3933 915/3007/3934 914/887/838
f 913/3006/3933 917/3008/3935 915/3007/3934
f 917/3008/3935 916/3009/3936 915/3007/3934
f 917/3008/3935 896/3002/3929 916/3009/3936
f 896/3002/3929 897/3004/3931 916/3009/3936
f 924/890/841 927/896/847 918/888/839
f 927/896/847 929/891/842 918/888/839
f 920/893/844 926/898/849 922/3010/3937
f 923/889/840 918/888/839 919/892/843
f 921/894/845 920/893/844 922/3010/3937
f 925/895/846 921/894/845 922/3010/3937
f 925/895/846 922/3010/3937 926/898/849
f 927/896/847 925/895/846 928/897/848
f 919/892/843 928/897/848 926/898/849
f 929/891/842 928/897/848 919/892/843
f 947/915/866 931/899/850 930/901/852
f 934/903/854 932/900/851 933/902/853
f 936/905/856 934/903/854 935/904/855
f 941/910/861 939/908/859 940/909/860
f 942/912/863 944/3011/3938 943/911/862
f 944/3011/3938 945/3012/3939 943/911/862
f 944/3011/3938 946/914/865 945/3012/3939
f 948/913/864 945/3012/3939 946/914/865
f 949/919/870 962/929/880 953/920/871
f 956/923/874 954/921/872 959/926/877
f 962/929/880 959/926/877 953/920/871
f 954/921/872 953/920/871 959/926/877
f 952/916/867 957/924/875 961/927/878
f 961/927/878 963/930/881 952/916/867
f 951/918/869 950/917/868 949/919/870
f 954/921/872 955/922/873 951/918/869
f 957/924/875 952/916/867 955/922/873
f 956/923/874 958/925/876 955/922/873
f 961/927/878 957/924/875 958/925/876
f 960/928/879 958/925/876 959/926/877
f 960/928/879 963/930/881 961/927/878
f 950/917/868 960/928/879 962/929/880
f 952/916/867 963/930/881 950/917/868
f 966/934/885 964/931/882 965/933/884
f 968/936/887 966/934/885 967/935/886
f 969/937/888 970/3013/3940 968/936/887
f 970/3013/3940 969/937/888 971/3014/3941
f 971/3014/3941 972/3015/3942 970/3013/3940
f 972/3015/3942 971/3014/3941 973/938/889
f 973/938/889 974/940/891 972/3015/3942
f 976/939/890 973/938/889 975/3016/3943
f 975/3016/3943 978/943/894 976/939/890
f 977/944/895 976/939/890 978/943/894
f 981/941/892 983/946/897 980/945/896
f 982/947/898 984/948/899 983/946/897
f 964/931/882 985/949/900 984/948/899
f 984/948/899 986/932/883 964/931/882
f 1000/951/902 998/963/914 995/952/903
f 993/961/912 990/950/901 995/952/903
f 987/955/906 989/956/907 988/953/904
f 989/956/907 992/959/910 997/957/908
f 990/950/901 991/958/909 987/955/906
f 992/959/910 989/956/907 991/958/909
f 997/957/908 992/959/910 994/960/911
f 996/962/913 994/960/911 995/952/903
f 998/963/914 999/954/905 996/962/913
f 988/953/904 997/957/908 999/954/905
f 1000/951/902 987/955/906 999/954/905
f 1002/982/933 1003/964/915 1001/966/917
f 1005/967/918 1006/969/920 1004/965/916
f 1008/970/921 1007/968/919 1010/3017/3944
f 1010/3017/3944 1009/973/924 1008/970/921
f 1009/973/924 1010/3017/3944 1011/971/922
f 1012/972/923 1011/971/922 1013/3018/3945
f 1013/3018/3945 1014/976/927 1012/972/923
f 1013/3018/3945 1015/974/925 1014/976/927
f 1016/975/926 1015/974/925 1018/978/929
f 1018/978/929 1017/3019/3946 1016/975/926
f 1018/978/929 1020/977/928 1017/3019/3946
f 1019/979/930 1021/980/931 1020/977/928
f 1001/966/917 1022/981/932 1002/982/933
f 1025/983/934 1034/987/938 1032/984/935
f 1030/985/936 1027/990/941 1025/983/934
f 1029/992/943 1033/993/944 1024/988/939
f 1025/983/934 1026/989/940 1023/986/937
f 1029/992/943 1024/988/939 1026/989/940
f 1028/991/942 1026/989/940 1027/990/941
f 1031/994/945 1028/991/942 1030/985/936
f 1033/993/944 1029/992/943 1028/991/942
f 1032/984/935 1023/986/937 1031/994/945
f 1023/986/937 1024/988/939 1033/993/944
f 1038/997/948 1036/996/947 1037/3020/3947
f 1038/997/948 1037/3020/3947 1039/999/950
f 1039/999/950 1040/998/949 1038/997/948
f 1041/1000/951 1043/1002/953 1040/998/949
f 1045/1003/954 1043/1002/953 1042/1001/952
f 1045/1003/954 1044/1004/955 1046/1007/958
f 1046/1007/958 1047/1006/957 1045/1003/954
f 1048/1005/956 1049/3021/3948 1047/1006/957
f 1049/3021/3948 1048/1005/956 1050/3022/3949
f 1050/3022/3949 1051/3023/3950 1049/3021/3948
f 1051/3023/3950 1050/3022/3949 1036/996/947
f 1036/996/947 1035/995/946 1051/3023/3950
f 1052/1010/961 1056/1012/963 1058/1008/959
f 1060/1009/960 1064/3024/3951 1052/1010/961
f 1054/1015/966 1065/1020/971 1062/1013/964
f 1055/1011/962 1054/1015/966 1057/1014/965
f 1059/1017/968 1055/1011/962 1057/1014/965
f 1060/1009/960 1058/1008/959 1059/1017/968
f 1061/1018/969 1059/1017/968 1057/1014/965
f 1061/1018/969 1057/1014/965 1062/1013/964
f 1064/3024/3951 1060/1009/960 1061/1018/969
f 1064/3024/3951 1061/1018/969 1063/1019/970
f 1052/1010/961 1064/3024/3951 1063/1019/970
f 1063/1019/970 1062/1013/964 1065/1020/971
f 1066/1029/980 1067/3025/3952 1088/1030/981
f 1067/3025/3952 1068/3026/3953 1088/1030/981
f 1069/3027/3954 1068/3026/3953 1067/3025/3952
f 1067/3025/3952 1070/3028/3955 1069/3027/3954
f 1069/3027/3954 1070/3028/3955 1071/3029/3956
f 1072/3030/3957 1069/3027/3954 1071/3029/3956
f 1072/3030/3957 1071/3029/3956 1073/3031/3958
f 1074/3032/3959 1072/3030/3957 1073/3031/3958
f 1073/3031/3958 1075/3033/3960 1074/3032/3959
f 1075/3033/3960 1076/3034/3961 1074/3032/3959
f 1075/3033/3960 1077/3035/3962 1076/3034/3961
f 1078/1023/974 1076/3034/3961 1077/3035/3962
f 1077/3035/3962 1079/3036/3963 1078/1023/974
f 1079/3036/3963 1080/1021/972 1078/1023/974
f 1081/1022/973 1080/1021/972 1082/3037/3964
f 1083/1026/977 1081/1022/973 1082/3037/3964
f 1082/3037/3964 1084/1024/975 1083/1026/977
f 1084/1024/975 1086/1027/978 1085/1025/976
f 1086/1027/978 1066/1029/980 1087/1028/979
f 1093/1032/983 1096/1044/995 1100/1033/984
f 1089/1038/989 1092/1031/982 1100/1033/984
f 1090/1036/987 1101/1035/986 1097/1042/993
f 1095/1039/990 1090/1036/987 1097/1042/993
f 1092/1031/982 1089/1038/989 1091/1037/988
f 1093/1032/983 1092/1031/982 1091/1037/988
f 1096/1044/995 1093/1032/983 1094/1040/991
f 1094/1040/991 1095/1039/990 1097/1042/993
f 1098/1041/992 1094/1040/991 1097/1042/993
f 1096/1044/995 1094/1040/991 1098/1041/992
f 1100/1033/984 1098/1041/992 1099/1043/994
f 1099/1043/994 1097/1042/993 1101/1035/986
f 1102/1034/985 1099/1043/994 1101/1035/986
f 1125/3038/3965 1126/3039/3966 1103/1046/997
f 1104/1045/996 1125/3038/3965 1103/1046/997
f 1105/1047/998 1107/3040/3967 1106/1048/999
f 1108/3041/3968 1106/1048/999 1107/3040/3967
f 1107/3040/3967 1109/3042/3969 1108/3041/3968
f 1110/1051/1002 1108/3041/3968 1109/3042/3969
f 1110/1051/1002 1109/3042/3969 1111/1049/1000
f 1113/1050/1001 1111/1049/1000 1112/1052/1003
f 1114/1054/1005 1117/1056/1007 1116/1055/1006
f 1118/1057/1008 1117/1056/1007 1119/3043/3964
f 1120/1060/977 1118/1057/1008 1119/3043/3964
f 1119/3043/3964 1121/1058/975 1120/1060/977
f 1121/1058/975 1123/1061/1010 1122/1059/1009
f 1125/3038/3965 1124/1062/1011 1123/1061/1010
f 1123/1061/1010 1126/3039/3966 1125/3038/3965
f 1131/1070/1019 1136/1073/1022 1137/1065/1014
f 1137/1065/1014 1130/1064/1013 1131/1070/1019
f 1127/1063/1012 1135/1066/1015 1128/1068/1017
f 1130/1064/1013 1127/1063/1012 1129/1069/1018
f 1132/1071/1020 1129/1069/1018 1128/1068/1017
f 1132/1071/1020 1128/1068/1017 1133/1067/1016
f 1136/1073/1022 1131/1070/1019 1132/1071/1020
f 1137/1065/1014 1136/1073/1022 1134/1072/1021
f 1127/1063/1012 1134/1072/1021 1135/1066/1015
f 1127/1063/1012 1137/1065/1014 1134/1072/1021
f 1139/3044/3970 1154/3045/3971 1155/3046/3972
f 1155/3046/3972 1138/1076/1025 1139/3044/3970
f 1138/1076/1025 1141/1075/1024 1139/3044/3970
f 1141/1075/1024 1140/1074/1023 1143/3047/3973
f 1142/3048/3974 1141/1075/1024 1143/3047/3973
f 1143/3047/3973 1144/3049/3975 1142/3048/3974
f 1143/3047/3973 1145/3050/3976 1144/3049/3975
f 1145/3050/3976 1146/3051/3977 1144/3049/3975
f 1145/3050/3976 1147/3052/3978 1146/3051/3977
f 1148/3053/3979 1146/3051/3977 1147/3052/3978
f 1148/3053/3979 1147/3052/3978 1149/3054/3980
f 1150/1077/1026 1148/3053/3979 1149/3054/3980
f 1149/3054/3980 1151/1078/1027 1150/1077/1026
f 1154/3045/3971 1153/1079/1028 1152/1080/1029
f 1152/1080/1029 1155/3046/3972 1154/3045/3971
f 1158/1088/1037 1156/1082/1031 1161/1081/1030
f 1156/1082/1031 1166/1092/1041 1165/1083/1032
f 1162/1090/1039 1161/1081/1030 1165/1083/1032
f 1160/1089/1038 1157/1087/1036 1158/1088/1037
f 1163/1084/1033 1159/1086/1035 1160/1089/1038
f 1164/1091/1040 1160/1089/1038 1162/1090/1039
f 1164/1091/1040 1168/1085/1034 1163/1084/1033
f 1167/1093/1042 1164/1091/1040 1166/1092/1041
f 1156/1082/1031 1157/1087/1036 1167/1093/1042
f 1159/1086/1035 1168/1085/1034 1157/1087/1036
f 1171/1096/1045 1172/3055/3981 1169/1094/1043
f 1174/1099/1048 1172/3055/3981 1171/1096/1045
f 1174/1099/1048 1171/1096/1045 1173/1097/1046
f 1175/1098/1047 1173/1097/1046 1176/1102/1051
f 1176/1102/1051 1177/1101/1050 1175/1098/1047
f 1178/1100/1049 1179/3056/3982 1177/1101/1050
f 1179/3056/3982 1178/1100/1049 1180/3057/3983
f 1180/3057/3983 1181/3058/3984 1179/3056/3982
f 1181/3058/3984 1180/3057/3983 1182/3059/3985
f 1183/3060/3986 1181/3058/3984 1182/3059/3985
f 1182/3059/3985 1184/3061/3987 1183/3060/3986
f 1184/3061/3987 1182/3059/3985 1185/3062/3988
f 1186/1103/1052 1184/3061/3987 1185/3062/3988
f 1186/1103/1052 1185/3062/3988 1187/1104/1053
f 1189/1106/1055 1190/3063/3989 1188/1105/1054
f 1190/3063/3989 1189/1106/1055 1191/3064/3990
f 1191/3064/3990 1169/1094/1043 1190/3063/3989
f 1191/3064/3990 1170/1095/1044 1169/1094/1043
f 1205/1111/1060 1202/1119/1068 1201/1109/1058
f 1192/1108/1057 1205/1111/1060 1201/1109/1058
f 1197/1116/1065 1194/1107/1056 1201/1109/1058
f 1196/1115/1064 1193/1110/1059 1194/1107/1056
f 1199/1112/1061 1195/1114/1063 1196/1115/1064
f 1198/1117/1066 1196/1115/1064 1197/1116/1065
f 1197/1116/1065 1201/1109/1058 1198/1117/1066
f 1200/1118/1067 1204/1113/1062 1199/1112/1061
f 1203/1120/1069 1200/1118/1067 1202/1119/1068
f 1205/1111/1060 1193/1110/1059 1203/1120/1069
f 1195/1114/1063 1204/1113/1062 1193/1110/1059
f 1208/1122/1071 1206/3065/3991 1207/1123/1072
f 1210/1124/1073 1208/1122/1071 1209/1121/1070
f 1210/1124/1073 1209/1121/1070 1211/1125/1074
f 1211/1125/1074 1213/1128/1077 1212/1126/1075
f 1217/1131/1080 1218/1133/1082 1216/1130/1079
f 1220/1135/1084 1218/1133/1082 1219/1132/1081
f 1221/1134/1083 1222/3066/3992 1220/1135/1084
f 1222/3066/3992 1221/1134/1083 1223/3067/3993
f 1223/3067/3993 1224/1137/1086 1222/3066/3992
f 1224/1137/1086 1223/3067/3993 1225/1138/1087
f 1226/1136/1085 1227/3068/3994 1224/1137/1086
f 1226/1136/1085 1229/3069/3995 1227/3068/3994
f 1229/3069/3995 1228/3070/3996 1227/3068/3994
f 1229/3069/3995 1206/3065/3991 1228/3070/3996
f 1229/3069/3995 1207/1123/1072 1206/3065/3991
f 1231/1142/1091 1241/1143/1092 1238/1149/1098
f 1238/1149/1098 1237/1148/1097 1231/1142/1091
f 1237/1148/1097 1234/1145/1094 1231/1142/1091
f 1241/1143/1092 1230/1141/1090 1240/1140/1089
f 1232/1139/1088 1235/1146/1095 1239/1150/1099
f 1235/1146/1095 1232/1139/1088 1230/1141/1090
f 1233/1144/1093 1230/1141/1090 1231/1142/1091
f 1236/1147/1096 1233/1144/1093 1234/1145/1094
f 1236/1147/1096 1239/1150/1099 1235/1146/1095
f 1240/1140/1089 1236/1147/1096 1238/1149/1098
f 1240/1140/1089 1232/1139/1088 1239/1150/1099
f 1245/3071/3997 1242/1159/1108 1243/3072/3998
f 1243/3072/3998 1244/3073/3999 1245/3071/3997
f 1246/3074/4000 1245/3071/3997 1244/3073/3999
f 1246/3074/4000 1244/3073/3999 1247/3075/4001
f 1246/3074/4000 1247/3075/4001 1248/3076/4002
f 1248/3076/4002 1249/3077/4003 1246/3074/4000
f 1249/3077/4003 1248/3076/4002 1250/3078/4004
f 1251/1151/1100 1249/3077/4003 1250/3078/4004
f 1251/1151/1100 1250/3078/4004 1252/3079/4005
f 1251/1151/1100 1252/3079/4005 1254/1152/1101
f 1253/1153/1102 1254/1152/1101 1255/1156/1105
f 1254/1152/1101 1256/1154/1103 1255/1156/1105
f 1257/1155/1104 1256/1154/1103 1258/1157/1106
f 1258/1157/1106 1243/3072/3998 1242/1159/1108
f 1268/1161/1110 1266/1160/1109 1285/1163/1112
f 1271/1162/1121 1268/1161/4006 1270/1166/1119
f 1275/1169/1118 1271/1162/1121 1276/1170/1120
f 1273/1168/1117 1271/1162/1121 1275/1169/1118
f 1272/1175/1126 1271/1162/1121 1273/1168/1117
f 1277/1185/1140 1278/1171/1122 1276/1170/1120
f 1280/1173/1124 1281/1174/1125 1273/1168/1117
f 1281/1174/1125 1282/1201/1167 1272/1175/1126
f 1272/1175/1126 1283/1206/4007 1271/1162/1121
f 1283/1206/4007 1284/1176/1127 1271/1162/1121
f 1267/1164/1113 1287/1178/1180 1288/1179/1132
f 1268/1161/1110 1288/1179/1132 1269/1165/1114
f 1270/1166/1119 1289/1180/1133 1276/1170/1120
f 1276/1170/1120 1291/1183/1138 1277/1185/1140
f 1277/1185/1140 1292/1184/1139 1278/1171/1122
f 1293/1186/1141 1278/1171/1122 1292/1184/1139
f 1275/1169/1118 1295/1189/1146 1279/1172/1123
f 1298/1191/1151 1279/1172/1123 1297/1190/1150
f 1279/1172/1123 1298/1191/1151 1274/1167/1116
f 1274/1167/1116 1300/1194/4008 1280/1173/1124
f 1280/1173/1124 1304/1198/1163 1281/1174/1125
f 1281/1174/1125 1306/1225/1208 1282/1201/1167
f 1282/1201/1167 1307/1200/1166 1272/1175/1126
f 1272/1175/1126 1309/1205/1174 1283/1206/4007
f 1311/1207/1177 1283/1206/1176 1310/1204/1175
f 1311/1207/1177 1312/1208/1179 1285/1163/1112
f 1267/1164/1113 1285/1163/1112 1312/1208/1179
f 1286/1177/1129 1312/1208/1179 1336/1230/1214
f 1287/1178/1130 1286/1177/1129 1337/1231/1215
f 1288/1179/1132 1357/1209/1181 1313/1210/1182
f 1269/1165/1114 1313/1210/1182 1315/1181/1136
f 1315/1181/1136 1270/1166/1115 1269/1165/1114
f 1291/1183/1184 1290/1182/1137 1315/1181/1136
f 1315/1181/1136 1314/1234/1218 1316/1211/1183
f 1291/1183/1138 1317/1213/1186 1292/1184/1139
f 1292/1184/1139 1319/1215/1190 1293/1186/1141
f 1293/1186/1142 1320/1241/1228 1296/1188/1149
f 1296/1188/1149 1294/1187/1143 1293/1186/1142
f 1297/1190/1150 1322/1218/1195 1298/1191/1151
f 1298/1191/1151 1324/1219/1198 1301/1193/1154
f 1301/1193/1154 1299/1192/1152 1298/1191/1151
f 1301/1193/1154 1326/1220/1199 1302/1196/1161
f 1302/1196/1161 1325/1195/1160 1301/1193/1154
f 1303/1197/1162 1327/1221/1200 1304/1198/1163
f 1305/1199/1165 1329/1223/4009 1306/1225/1208
f 1306/1225/1208 1281/1174/1125 1305/1199/1165
f 1306/1225/1208 1331/1226/1206 1308/1202/1209
f 1308/1202/1170 1332/1228/4010 1310/1204/1212
f 1310/1204/1175 1335/1229/1213 1311/1207/1177
f 1336/1230/1214 1356/1232/1216 1286/1177/1129
f 1337/1231/1215 1338/1256/1245 1339/1233/1217
f 1339/1233/1217 1287/1178/1130 1337/1231/1215
f 1313/1210/1182 1340/1235/1219 1314/1234/1218
f 1314/1234/1218 1315/1181/1136 1313/1210/1182
f 1318/1212/1188 1363/1238/1224 1342/1214/1189
f 1342/1214/1226 1343/1239/1225 1320/1241/1228
f 1320/1241/1228 1293/1186/1142 1342/1214/1226
f 1320/1241/1228 1344/1243/1230 1321/1216/1193
f 1321/1216/1193 1296/1188/1149 1320/1241/1228
f 1324/1219/1198 1348/1247/1236 1326/1220/1199
f 1326/1220/1199 1301/1193/1154 1324/1219/1198
f 1327/1221/1200 1351/1249/1238 1328/1222/1202
f 1328/1222/1202 1352/1251/1240 1330/1224/1204
f 1330/1224/1204 1329/1223/1203 1328/1222/1202
f 1331/1226/1206 1354/1252/1241 1334/1227/1210
f 1334/1227/1210 1308/1202/1209 1331/1226/1206
f 1334/1227/1210 1355/1253/1242 1335/1229/1213
f 1335/1229/1213 1310/1204/1175 1334/1227/1210
f 1380/1254/1243 1381/1255/1244 1336/1230/1214
f 1394/1289/1291 1383/1290/1292 1338/1256/1279
f 1357/1209/1181 1358/1257/1246 1340/1235/1219
f 1340/1235/1219 1313/1210/1182 1357/1209/1181
f 1361/1236/1222 1362/1261/1251 1363/1238/1253
f 1363/1238/1253 1341/1237/1223 1361/1236/1222
f 1363/1238/1224 1364/1262/1255 1365/1240/1254
f 1365/1240/1254 1342/1214/1189 1363/1238/1224
f 1343/1239/1225 1366/1263/1257 1345/1242/1229
f 1345/1242/1260 1368/1265/1259 1347/1245/1262
f 1347/1245/1262 1346/1244/4011 1345/1242/1260
f 1347/1245/1234 1369/1268/1265 1348/1247/1236
f 1348/1247/1236 1324/1219/1198 1347/1245/1234
f 1348/1247/1236 1370/1269/1267 1349/1246/1235
f 1351/1249/1238 1373/1272/1270 1352/1251/1240
f 1352/1251/1240 1328/1222/1202 1351/1249/1238
f 1352/1251/1240 1375/1274/1272 1353/1250/1239
f 1353/1250/1239 1376/1275/1273 1354/1252/1241
f 1354/1252/1241 1378/1277/1275 1355/1253/1242
f 1355/1253/1242 1379/1278/1276 1380/1254/1243
f 1359/1258/1247 1340/1235/1219 1358/1257/1246
f 1359/1258/1247 1385/1281/1281 1360/1259/1248
f 1386/1260/1249 1360/1259/1248 1385/1281/1281
f 1364/1262/1255 1363/1238/1224 1386/1260/1249
f 1367/1264/1258 1396/1284/1286 1397/1266/1296
f 1397/1266/1296 1345/1242/1229 1367/1264/1258
f 1397/1266/1296 1388/1293/1297 1398/1267/1264
f 1398/1267/1264 1347/1245/1266 1397/1266/1296
f 1398/1267/1264 1389/1294/1298 1370/1269/1267
f 1370/1269/1267 1389/1294/1298 1371/1270/1268
f 1371/1270/1268 1390/1296/1300 1372/1271/1269
f 1372/1271/1269 1390/1296/1300 1373/1272/1270
f 1373/1272/1270 1400/1285/1287 1375/1274/1272
f 1375/1274/1272 1374/1273/4012 1373/1272/1270
f 1376/1275/1273 1391/1286/1288 1377/1276/1274
f 1377/1276/1274 1392/1287/1289 1378/1277/1275
f 1379/1278/1276 1382/1279/1278 1381/1255/1244
f 1381/1255/1244 1380/1254/1243 1379/1278/1276
f 1387/1283/1283 1395/1282/1285 1403/1292/1295
f 1396/1284/1286 1403/1292/1295 1388/1293/1297
f 1403/1292/1295 1399/1295/1299 1388/1293/1297
f 1388/1293/1297 1399/1295/1299 1389/1294/1298
f 1399/1295/1299 1391/1286/1288 1390/1296/1300
f 1399/1295/1299 1393/1297/1301 1391/1286/1288
f 1392/1287/1289 1393/1297/1301 1394/1289/1291
f 1394/1289/1291 1402/1298/4013 1383/1290/1292
f 1393/1297/1301 1402/1298/1302 1394/1289/1291
f 1404/1291/1294 1402/1298/1302 1403/1292/1295
f 1383/1290/1292 1402/1298/4014 1404/1291/1294
f 1399/1295/1299 1402/1298/1302 1393/1297/1301
f 1406/1299/1304 1407/1303/1380 1425/1304/1310
f 1425/1304/1310 1408/1300/1305 1406/1299/1304
f 1409/1301/4015 1410/1305/4016 1411/1306/1314
f 1409/1301/4015 1411/1306/1314 1412/1308/1316
f 1416/1307/1315 1414/1312/1320 1412/1308/1316
f 1415/1310/1318 1414/1312/1320 1416/1307/1315
f 1412/1308/1316 1414/1312/1320 1413/1314/1322
f 1417/1309/1317 1418/1326/1339 1415/1310/1318
f 1419/1311/1319 1420/1332/1348 1414/1312/1320
f 1422/1315/1323 1409/1301/4015 1412/1308/1316
f 1407/1303/1308 1405/1302/1307 1449/1317/1326
f 1411/1306/1314 1454/1320/1330 1416/1307/1315
f 1416/1307/1315 1427/1322/1336 1417/1309/1317
f 1417/1309/1317 1429/1325/1338 1418/1326/1339
f 1418/1326/1339 1431/1328/4017 1415/1310/1318
f 1420/1332/1348 1436/1335/4018 1414/1312/1320
f 1414/1312/1320 1439/1338/1359 1421/1313/1321
f 1421/1313/1321 1442/1341/1401 1413/1314/1322
f 1413/1314/1322 1444/1344/4019 1422/1315/1323
f 1422/1315/1323 1447/1346/4020 1409/1301/4015
f 1448/1347/1374 1449/1317/1325 1423/1316/1324
f 1451/1319/1377 1452/1372/1409 1476/1349/1379
f 1476/1349/1379 1424/1318/1328 1451/1319/1377
f 1407/1303/1380 1476/1349/1379 1453/1350/1381
f 1425/1304/1310 1453/1350/1381 1454/1320/1330
f 1454/1320/1330 1411/1306/1314 1425/1304/1310
f 1454/1320/1330 1455/1352/1383 1427/1322/1333
f 1427/1322/1333 1426/1321/1331 1454/1320/1330
f 1458/1324/1337 1417/1309/1317 1428/1323/1335
f 1458/1324/1337 1460/1355/1387 1430/1327/1340
f 1430/1327/1340 1461/1356/1388 1431/1328/4017
f 1431/1328/4017 1418/1326/1339 1430/1327/1340
f 1431/1328/1341 1463/1358/1391 1433/1330/1344
f 1433/1330/1344 1432/1329/1342 1431/1328/1341
f 1464/1331/1347 1419/1311/1319 1433/1330/1346
f 1435/1334/1352 1434/1333/1350 1464/1331/1349
f 1438/1337/1358 1437/1336/1356 1436/1335/1355
f 1439/1338/1359 1470/1365/1400 1441/1340/1362
f 1441/1340/1362 1440/1339/1360 1439/1338/1359
f 1442/1341/1401 1421/1313/1321 1441/1340/1362
f 1442/1341/1363 1492/1367/4021 1445/1343/1366
f 1445/1343/1366 1443/1342/1364 1442/1341/1363
f 1445/1343/1368 1472/1368/1404 1446/1345/1372
f 1446/1345/1372 1422/1315/1371 1445/1343/1368
f 1451/1319/1377 1450/1348/1376 1496/1371/1408
f 1496/1371/1408 1474/1394/1445 1451/1319/1377
f 1452/1372/1409 1451/1319/1377 1474/1394/1445
f 1474/1394/1445 1475/1373/1410 1452/1372/1409
f 1455/1352/1383 1454/1320/1330 1453/1350/1381
f 1457/1353/1419 1456/1351/4022 1455/1352/1416
f 1455/1352/1416 1501/1378/1417 1457/1353/1419
f 1457/1353/1421 1480/1380/1420 1460/1355/1423
f 1460/1355/1423 1459/1354/4023 1457/1353/1421
f 1460/1355/1452 1481/1383/1426 1462/1357/1390
f 1462/1357/1390 1461/1356/1389 1460/1355/1452
f 1463/1358/1391 1484/1385/4024 1465/1359/4025
f 1465/1359/4025 1433/1330/1344 1463/1358/1391
f 1465/1359/4025 1485/1406/4026 1466/1360/1393
f 1466/1360/1393 1464/1331/1349 1465/1359/4025
f 1485/1406/4026 1486/1386/1432 1466/1360/1393
f 1466/1360/1393 1486/1386/1432 1467/1361/1394
f 1469/1364/1399 1438/1337/1358 1487/1362/1395
f 1488/1387/1433 1487/1362/1395 1514/1410/1465
f 1470/1365/1400 1490/1389/1436 1471/1366/1402
f 1471/1366/1402 1441/1340/1362 1470/1365/1400
f 1492/1367/4021 1493/1392/1441 1494/1369/1443
f 1494/1369/1443 1445/1343/1366 1492/1367/4021
f 1494/1369/4027 1495/1393/1444 1473/1370/1407
f 1473/1370/1407 1446/1345/4028 1494/1369/4027
f 1499/1397/1448 1476/1349/1379 1452/1372/1409
f 1476/1349/1379 1499/1397/1448 1477/1375/1412
f 1477/1375/1412 1500/1419/1474 1501/1378/4029
f 1501/1378/4029 1479/1377/1415 1477/1375/1412
f 1502/1379/1418 1503/1398/1449 1505/1381/1451
f 1505/1381/1451 1457/1353/1419 1502/1379/1418
f 1482/1382/1427 1507/1402/1456 1484/1385/1430
f 1484/1385/1430 1483/1384/1428 1482/1382/1427
f 1484/1385/4024 1509/1404/4030 1485/1406/4026
f 1485/1406/4026 1465/1359/4025 1484/1385/4024
f 1485/1406/4026 1511/1407/1461 1486/1386/1432
f 1514/1410/1465 1487/1362/1395 1486/1386/1432
f 1514/1410/1465 1515/1426/1483 1488/1387/1433
f 1490/1389/1436 1516/1413/1468 1491/1390/1437
f 1491/1390/1437 1471/1366/1402 1490/1389/1436
f 1491/1390/1437 1517/1412/1467 1518/1391/1438
f 1518/1391/1438 1519/1430/1487 1495/1393/1444
f 1495/1393/1444 1494/1369/4027 1518/1391/1438
f 1495/1393/1444 1520/1415/1470 1496/1371/1408
f 1521/1414/1469 1522/1395/1446 1474/1394/1445
f 1497/1374/1411 1523/1433/1490 1498/1396/1447
f 1523/1433/1490 1542/1431/1488 1498/1396/1447
f 1499/1397/1448 1536/1417/1472 1500/1419/1474
f 1500/1419/1474 1477/1375/1412 1499/1397/1448
f 1500/1419/1474 1524/1420/1475 1503/1398/1449
f 1503/1398/1449 1501/1378/4029 1500/1419/1474
f 1503/1398/1449 1538/1422/1477 1504/1399/1450
f 1527/1401/1479 1506/1400/4031 1504/1399/1480
f 1507/1402/1456 1482/1382/1427 1527/1401/1479
f 1510/1405/1459 1509/1404/1458 1528/1424/1481
f 1515/1426/1483 1514/1410/1465 1513/1409/1464
f 1515/1426/1483 1530/1427/1484 1531/1411/1466
f 1531/1411/1466 1488/1387/1433 1515/1426/1483
f 1531/1411/1466 1532/1432/1489 1516/1413/1468
f 1516/1413/1468 1490/1389/1436 1531/1411/1466
f 1517/1412/1467 1533/1428/1485 1519/1430/1487
f 1519/1430/1487 1518/1391/1438 1517/1412/1467
f 1519/1430/1487 1534/1429/1486 1521/1414/1469
f 1521/1414/1469 1495/1393/1444 1519/1430/1487
f 1524/1420/1475 1536/1417/1472 1526/1423/1478
f 1529/1425/1482 1533/1428/1485 1532/1432/1489
f 1533/1428/1485 1497/1374/1411 1534/1429/1486
f 1540/1434/1491 1539/3080/4032 1523/1433/1490
f 1523/1433/1490 1539/3080/4033 1542/1431/1488
f 1543/1438/1495 1539/3080/4034 1540/1434/1491
f 1541/1436/1493 1539/3080/4035 1543/1438/1495
f 1542/1431/1488 1539/3080/4036 1541/1436/1493
f 1545/1435/1492 1541/1436/1493 1526/1423/1478
f 1526/1423/1478 1541/1436/1493 1528/1424/1481
f 1533/1428/1485 1543/1438/1495 1540/1434/1491
f 1544/1437/1494 1541/1436/1493 1543/1438/1495
f 1545/1435/1492 1542/1431/1488 1541/1436/1493
f 1546/1439/1496 1585/1442/1499 1547/1440/1497
f 1547/1440/1497 1586/1443/1500 1587/1444/1501
f 1548/1441/1510 1563/1445/4037 1549/1449/1508
f 1554/1450/1509 1551/1447/1506 1548/1441/1510
f 1553/1448/1507 1551/1447/1506 1554/1450/1509
f 1548/1441/1510 1551/1447/1506 1550/1454/1514
f 1556/1452/1512 1557/1473/1549 1551/1447/1506
f 1557/1473/1549 1558/1477/1555 1551/1447/1506
f 1558/1477/1555 1559/1453/1513 1551/1447/1506
f 1584/1456/1516 1561/1457/1517 1546/1439/1496
f 1549/1449/1508 1564/1460/4038 1554/1450/1509
f 1554/1450/1509 1566/1462/1523 1553/1448/1507
f 1553/1448/1507 1568/1465/4039 1555/1451/1511
f 1552/1446/1505 1572/1470/4040 1556/1452/1512
f 1557/1473/1549 1576/1475/1589 1558/1477/1555
f 1558/1477/1555 1579/1479/1556 1559/1453/1513
f 1559/1453/1513 1581/1482/1560 1550/1454/1514
f 1550/1454/1514 1583/1484/1563 1560/1455/1515
f 1585/1442/4041 1561/1457/4042 1612/1485/1565
f 1612/1485/1565 1634/1510/1599 1585/1442/4041
f 1562/1458/1518 1585/1442/4041 1634/1510/1599
f 1634/1510/1599 1636/1487/1567 1562/1458/1518
f 1586/1443/1500 1615/1488/1568 1588/1489/1569
f 1588/1489/1569 1587/1444/1501 1586/1443/1500
f 1589/1459/1520 1549/1449/1519 1587/1444/1501
f 1564/1460/1521 1591/1491/1571 1565/1461/1522
f 1565/1461/1522 1593/1493/1576 1566/1462/1523
f 1566/1462/1524 1595/1495/1580 1567/1463/1525
f 1567/1463/1525 1596/1496/1581 1597/1464/1527
f 1570/1467/1536 1569/1466/1534 1597/1464/1533
f 1570/1467/1537 1600/1500/1586 1573/1469/1540
f 1573/1469/1540 1571/1468/1538 1570/1467/1537
f 1575/1472/1548 1574/1471/1546 1573/1469/1540
f 1602/1474/1550 1603/1502/1588 1576/1475/1589
f 1576/1475/1551 1605/1504/4043 1578/1478/1554
f 1578/1478/1554 1577/1476/1552 1576/1475/1551
f 1579/1479/1556 1558/1477/1555 1578/1478/1554
f 1579/1479/1556 1606/1505/1592 1580/1480/1557
f 1607/1481/1559 1608/1506/1595 1581/1482/1560
f 1581/1482/1561 1610/1508/1598 1583/1484/1564
f 1583/1484/1564 1612/1485/1565 1584/1456/1516
f 1588/1489/1569 1616/1514/1603 1590/1490/1570
f 1590/1490/1570 1589/1459/1520 1588/1489/1569
f 1590/1490/1570 1617/1516/1605 1592/1492/1573
f 1592/1492/1573 1591/1491/1572 1590/1490/1570
f 1592/1492/1573 1618/1518/1608 1595/1495/1607
f 1595/1495/1607 1594/1494/4044 1592/1492/1573
f 1595/1495/4045 1620/1520/1610 1621/1497/1583
f 1621/1497/1583 1597/1464/1533 1595/1495/4045
f 1621/1497/1583 1622/1521/1643 1598/1498/1584
f 1599/1499/1585 1623/1522/1612 1600/1500/1586
f 1600/1500/1586 1623/1522/1612 1601/1501/1587
f 1601/1501/1587 1573/1469/1540 1600/1500/1586
f 1601/1501/1587 1625/1524/4046 1603/1502/4047
f 1603/1502/4047 1575/1472/1548 1601/1501/1587
f 1605/1504/1591 1628/1527/1617 1670/1528/1618
f 1605/1504/4043 1656/1529/1619 1606/1505/1620
f 1606/1505/1620 1578/1478/1554 1605/1504/4043
f 1606/1505/1592 1630/1531/1623 1608/1506/1593
f 1608/1506/1593 1580/1480/1557 1606/1505/1592
f 1608/1506/1593 1631/1532/1624 1610/1508/1596
f 1610/1508/1596 1609/1507/1594 1608/1506/1593
f 1610/1508/1598 1633/1534/1630 1611/1509/1597
f 1614/1486/1566 1639/1537/1635 1641/1513/1602
f 1616/1514/1603 1642/1538/1636 1617/1516/1605
f 1644/1517/1606 1645/1542/1641 1620/1520/1610
f 1620/1520/1610 1619/1519/1609 1644/1517/1606
f 1620/1520/1610 1647/1543/1642 1622/1521/1643
f 1622/1521/1643 1621/1497/1583 1620/1520/1610
f 1622/1521/1611 1649/1545/1645 1623/1522/1612
f 1623/1522/1612 1599/1499/1585 1622/1521/1611
f 1623/1522/1612 1651/1547/1647 1624/1523/1613
f 1624/1523/1613 1652/1548/1648 1626/1525/1615
f 1626/1525/1615 1625/1524/1614 1624/1523/1613
f 1626/1525/1615 1653/1562/1663 1627/1526/1616
f 1627/1526/1616 1653/1562/1663 1654/1549/1649
f 1627/1526/1616 1654/1549/1649 1628/1527/1617
f 1628/1527/1617 1604/1503/1590 1627/1526/1616
f 1670/1528/1618 1657/1565/1666 1630/1531/1623
f 1630/1531/1623 1629/1530/4048 1670/1528/1618
f 1630/1531/1623 1658/1551/1651 1631/1532/1624
f 1631/1532/1624 1608/1506/1593 1630/1531/1623
f 1633/1534/1630 1659/1552/4049 1634/1510/1631
f 1637/1511/1600 1635/1535/1632 1659/1552/1653
f 1659/1552/1653 1660/1553/1654 1637/1511/1600
f 1638/1536/1634 1661/1571/1673 1613/1512/1601
f 1641/1513/1637 1677/1556/1657 1642/1538/1636
f 1643/1540/1639 1664/1557/1658 1645/1542/1641
f 1645/1542/1641 1644/1517/1606 1643/1540/1639
f 1646/1541/1640 1665/1558/1659 1648/1544/1644
f 1648/1544/1644 1647/1543/4050 1646/1541/1640
f 1648/1544/1644 1678/1559/1660 1649/1545/1645
f 1650/1546/1646 1666/1561/1662 1651/1547/1647
f 1651/1547/1647 1667/1560/1661 1652/1548/1648
f 1652/1548/1648 1667/1560/1661 1668/1563/1664
f 1652/1548/1648 1668/1563/1664 1653/1562/1663
f 1653/1562/1663 1626/1525/1615 1652/1548/1648
f 1655/1550/1650 1671/1566/1667 1657/1565/1666
f 1657/1565/1666 1670/1528/1618 1655/1550/1650
f 1657/1565/1666 1672/1567/1668 1658/1551/1651
f 1658/1551/1651 1630/1531/1623 1657/1565/1666
f 1659/1552/1652 1632/1533/1627 1658/1551/1651
f 1638/1536/1634 1680/1575/1677 1661/1571/1673
f 1613/1512/1601 1662/1555/1656 1676/1554/1655
f 1678/1559/1660 1665/1558/1659 1666/1561/1662
f 1674/1569/1670 1680/1575/1677 1638/1536/1634
f 1680/1575/1677 1679/1576/4051 1661/1571/1673
f 1681/1574/1676 1679/1576/1678 1680/1575/1677
f 1661/1571/1673 1679/1576/1678 1682/3081/4052
f 1662/1555/1656 1661/1571/1673 1682/3081/4052
f 1662/1555/1656 1682/3081/4052 1664/1557/1658
f 1664/1557/1658 1682/3081/4052 1683/1572/1674
f 1664/1557/1658 1683/1572/1674 1665/1558/1659
f 1666/1561/1662 1684/1573/1675 1669/1564/1665
f 1684/1573/1675 1681/1574/1676 1669/1564/1665
f 1669/1564/1665 1681/1574/1676 1672/1567/1668
f 1672/1567/1668 1680/1575/1677 1674/1569/1670
f 1679/1576/1678 1681/1574/1676 1684/1573/1675
f 1682/3081/4052 1679/1576/1678 1683/1572/1674
f 1686/1579/1682 1685/1578/1680 1704/1580/1683
f 1693/1583/1689 1690/1590/1696 1689/1584/1690
f 1692/1586/1692 1690/1590/1696 1693/1583/1689
f 1691/1588/1694 1690/1590/1696 1692/1586/1692
f 1695/1602/1718 1696/1587/1693 1692/1586/1692
f 1696/1587/1693 1697/1604/1720 1691/1588/1694
f 1697/1604/1720 1698/1611/1733 1691/1588/1694
f 1698/1611/1733 1699/1589/1695 1691/1588/1694
f 1699/1589/1695 1700/1612/1734 1690/1590/1696
f 1700/1612/1734 1701/1614/1736 1690/1590/1696
f 1701/1614/1736 1702/1591/1697 1690/1590/1696
f 1704/1580/1699 1703/1592/1698 1727/1619/1742
f 1705/1581/1703 1704/1580/1699 1747/1643/1774
f 1747/1643/1774 1748/1622/1776 1705/1581/1703
f 1688/1577/1688 1707/1595/1706 1693/1583/1689
f 1693/1583/1689 1709/1597/1711 1694/1585/1691
f 1694/1585/1691 1710/1598/1712 1692/1586/1692
f 1692/1586/1692 1712/1600/1754 1695/1602/1718
f 1713/1601/1717 1695/1602/1718 1712/1600/1754
f 1696/1587/1693 1714/1603/1721 1697/1604/1720
f 1697/1604/1720 1718/1609/4053 1698/1611/1733
f 1698/1611/1733 1720/1634/1762 1699/1589/1695
f 1699/1589/1695 1721/1637/1765 1700/1612/1734
f 1701/1614/1736 1723/1616/1738 1702/1591/1697
f 1702/1591/1697 1726/1618/1743 1689/1584/1690
f 1689/1584/1690 1727/1619/1742 1688/1577/1688
f 1727/1619/1742 1747/1643/1774 1704/1580/1699
f 1748/1622/1776 1751/1621/1779 1753/1646/1778
f 1753/1646/1778 1705/1581/1703 1748/1622/1776
f 1705/1581/1703 1753/1646/1778 1706/1593/1702
f 1728/1594/1704 1729/1624/1749 1709/1597/1711
f 1709/1597/1711 1730/1623/1748 1710/1598/1712
f 1710/1598/1712 1694/1585/1691 1709/1597/1711
f 1710/1598/1712 1732/1626/1751 1712/1600/1715
f 1712/1600/1715 1711/1599/1713 1710/1598/1712
f 1712/1600/1754 1734/1628/1755 1713/1601/1717
f 1716/1606/1723 1736/1631/1759 1717/1607/1726
f 1719/1610/1732 1738/1632/1760 1739/1635/1763
f 1719/1610/1732 1739/1635/1763 1720/1634/1762
f 1720/1634/1762 1698/1611/1733 1719/1610/1732
f 1721/1637/1765 1699/1589/1695 1720/1634/1762
f 1722/1613/1735 1744/1640/1800 1723/1616/1738
f 1723/1616/1738 1701/1614/1736 1722/1613/1735
f 1724/1615/1737 1746/1642/1773 1726/1618/1740
f 1726/1618/1740 1725/1617/1739 1724/1615/1737
f 1749/1620/1745 1750/1667/1809 1751/1621/1746
f 1706/1593/1702 1771/1647/1783 1729/1624/1749
f 1729/1624/1749 1754/1648/1782 1730/1623/1748
f 1730/1623/1748 1774/1650/1785 1732/1626/1752
f 1732/1626/1752 1731/1625/4054 1730/1623/1748
f 1732/1626/1752 1756/1651/1786 1733/1627/1753
f 1733/1627/1753 1777/1652/1787 1734/1628/1755
f 1735/1630/1790 1713/1601/4055 1757/1629/1788
f 1735/1630/4056 1759/1655/4057 1736/1631/4058
f 1736/1631/4058 1715/1605/4059 1735/1630/4056
f 1736/1631/1795 1761/1657/1796 1738/1632/1760
f 1738/1632/1760 1737/1608/4060 1736/1631/1795
f 1738/1632/1760 1762/1679/1825 1739/1635/1763
f 1743/1639/1768 1742/1638/1766 1741/1636/1764
f 1743/1639/1768 1764/1661/1801 1744/1640/1800
f 1744/1640/1800 1722/1613/1735 1743/1639/1768
f 1745/1641/1771 1767/1664/1804 1746/1642/1773
f 1746/1642/1773 1768/1644/1775 1747/1643/1774
f 1769/1665/1807 1770/1666/1808 1749/1620/1745
f 1813/1685/1835 1798/1668/1810 1750/1667/1809
f 1774/1650/1785 1755/1649/4061 1754/1648/1782
f 1774/1650/1785 1775/1672/1815 1756/1651/1786
f 1756/1651/1786 1776/1674/1817 1777/1652/1787
f 1777/1652/4062 1778/1691/1844 1758/1653/1789
f 1758/1653/1789 1757/1629/1788 1777/1652/4062
f 1758/1653/1789 1779/1694/1848 1781/1654/1791
f 1781/1654/1791 1735/1630/1790 1758/1653/1789
f 1761/1657/1821 1760/1656/1794 1781/1654/1791
f 1781/1654/1791 1780/1676/1822 1761/1657/1821
f 1761/1657/1796 1783/1677/1826 1762/1679/1825
f 1762/1679/1825 1738/1632/1760 1761/1657/1796
f 1785/1658/1828 1739/1635/1763 1762/1679/1825
f 1763/1659/1798 1740/1633/1761 1785/1658/1828
f 1763/1659/1798 1788/1682/1832 1764/1661/1801
f 1764/1661/1801 1743/1639/1768 1763/1659/1798
f 1791/1662/1802 1765/1660/1799 1764/1661/1801
f 1791/1662/1802 1792/1705/1859 1767/1664/1805
f 1767/1664/1805 1766/1663/1803 1791/1662/1802
f 1767/1664/1805 1793/1707/1861 1768/1644/1775
f 1793/1707/1861 1769/1665/1807 1768/1644/1775
f 1794/1686/1836 1795/1708/1863 1798/1668/1810
f 1752/1645/1777 1796/1687/1837 1772/1669/1812
f 1773/1671/1814 1801/1690/1842 1775/1672/1815
f 1775/1672/1815 1774/1650/1785 1773/1671/1814
f 1802/1673/1816 1803/1692/1845 1778/1691/1844
f 1778/1691/1844 1777/1652/4062 1802/1673/1816
f 1778/1691/1844 1804/1693/1846 1779/1694/1848
f 1779/1694/1848 1814/1696/1850 1780/1676/1822
f 1780/1676/1822 1781/1654/1791 1779/1694/1848
f 1780/1676/1822 1806/1697/1851 1783/1677/1823
f 1783/1677/1823 1782/1675/1820 1780/1676/1822
f 1783/1677/1823 1815/1698/1852 1786/1680/1830
f 1786/1680/1830 1784/1678/4063 1783/1677/1823
f 1810/1702/1856 1788/1682/1832 1787/1681/1831
f 1788/1682/1832 1810/1702/1856 1790/1684/1834
f 1790/1684/1834 1789/1683/4064 1788/1682/1832
f 1790/1684/1834 1811/1704/1858 1792/1705/1859
f 1792/1705/1859 1791/1662/1802 1790/1684/1834
f 1792/1705/1859 1812/1706/1860 1793/1707/1861
f 1816/1703/1857 1813/1685/1835 1812/1706/1860
f 1817/1712/1867 1818/3082/4065 1794/1686/1836
f 1794/1686/1836 1818/3082/4066 1795/1708/1863
f 1819/1711/1866 1818/3082/4067 1817/1712/1867
f 1821/1710/1865 1818/3082/4068 1819/1711/1866
f 1820/1709/1864 1818/3082/4069 1821/1710/1865
f 1795/1708/1863 1818/3082/4070 1820/1709/1864
f 1798/1668/1810 1820/1709/1864 1800/1689/1841
f 1800/1689/1841 1820/1709/1864 1814/1696/1850
f 1810/1702/1856 1819/1711/1866 1817/1712/1867
f 1816/1703/1857 1817/1712/1867 1813/1685/1835
f 1822/1713/1868 1858/1727/1882 1823/1714/1869
f 1824/1715/1870 1840/1716/1871 1830/1719/1874
f 1824/1715/1870 1830/1719/1874 1825/3083/4071
f 1829/1718/1873 1825/3083/4071 1830/1719/1874
f 1828/1721/1876 1825/3083/4071 1829/1718/1873
f 1827/1723/1878 1825/3083/4071 1828/1721/1876
f 1826/1725/1880 1825/3083/4071 1827/1723/1878
f 1831/1717/1872 1832/1737/1901 1829/1718/1873
f 1832/1737/1901 1833/1739/1903 1829/1718/1873
f 1833/1739/1903 1834/1720/1875 1829/1718/1873
f 1836/1724/1879 1837/1747/1918 1826/1725/1880
f 1826/1725/1880 1838/1751/1923 1825/3083/4071
f 1838/1751/1923 1824/1715/1870 1825/3083/4071
f 1830/1719/1874 1843/1734/1895 1831/1717/1872
f 1833/1739/1903 1848/1761/1939 1834/1720/1875
f 1869/1740/1904 1834/1720/1875 1848/1761/1939
f 1828/1721/1876 1850/1742/1908 1835/1722/1877
f 1827/1723/1878 1852/1745/1915 1836/1724/1879
f 1826/1725/1880 1855/1749/1920 1838/1751/1923
f 1857/1726/1924 1838/1751/1923 1856/1750/1922
f 1858/1727/1885 1857/1726/1924 1879/1773/1953
f 1879/1773/1953 1910/1752/1926 1858/1727/1885
f 1839/1728/1883 1859/1754/4072 1883/1729/1884
f 1858/1727/4073 1883/1729/1958 1860/1755/1929
f 1860/1755/1929 1840/1716/1886 1858/1727/4073
f 1840/1716/1886 1860/1755/1929 1841/1730/1887
f 1861/1731/1891 1862/3084/4074 1844/1733/1898
f 1844/1733/1898 1842/1732/1892 1861/1731/1891
f 1844/1733/1898 1863/1757/1931 1845/1735/1899
f 1845/1735/1899 1864/1756/1930 1846/1736/1900
f 1847/1738/1902 1832/1737/1901 1846/1736/1900
f 1847/1738/1902 1866/1759/4075 1848/1761/1939
f 1848/1761/1939 1833/1739/1903 1847/1738/1902
f 1848/1761/1939 1868/1763/1938 1869/1740/1904
f 1869/1740/1905 1870/1789/1975 1850/1742/1908
f 1850/1742/1908 1849/1741/1906 1869/1740/1905
f 1899/1792/1979 1850/1742/1908 1870/1789/1975
f 1850/1742/1908 1899/1792/1979 1872/1743/1910
f 1872/1743/1910 1835/1722/1877 1850/1742/1908
f 1872/1743/1911 1902/1765/1942 1851/1744/1912
f 1851/1744/1914 1873/1766/1943 1852/1745/1915
f 1852/1745/1915 1875/1768/1946 1853/1746/1917
f 1853/1746/1917 1836/1724/1879 1852/1745/1915
f 1853/1746/1917 1906/1771/1950 1854/1748/1919
f 1854/1748/1919 1837/1747/1918 1853/1746/1917
f 1855/1749/1921 1878/1772/1951 1856/1750/1922
f 1881/1753/1927 1882/1806/2002 1913/1775/1955
f 1913/1775/1955 1859/1754/1928 1881/1753/1927
f 1860/1755/1929 1885/1777/1959 1862/3084/4074
f 1862/3084/4074 1861/1731/1891 1860/1755/1929
f 1862/3084/4074 1886/1779/1961 1863/1757/1931
f 1863/1757/1931 1844/1733/1898 1862/3084/4074
f 1863/1757/4076 1889/1781/1965 1865/1758/1933
f 1865/1758/1933 1846/1736/1900 1863/1757/4076
f 1865/1758/1933 1891/1784/1967 1866/1759/4075
f 1866/1759/4075 1847/1738/1902 1865/1758/1933
f 1892/1783/1968 1918/1786/1970 1866/1759/1934
f 1866/1759/1934 1893/1785/1969 1896/1762/1971
f 1896/1762/1971 1867/1760/1935 1866/1759/1934
f 1896/1762/1940 1895/1787/1973 1870/1789/1975
f 1870/1789/1975 1869/1740/1905 1896/1762/1940
f 1870/1789/1975 1897/1791/1977 1899/1792/1979
f 1871/1764/1941 1872/1743/1910 1899/1792/1979
f 1873/1766/4077 1904/1796/1987 1875/1768/1986
f 1875/1768/1986 1874/1767/4078 1873/1766/4077
f 1875/1768/1990 1905/1798/1989 1877/1770/1992
f 1877/1770/1992 1876/1769/4079 1875/1768/1990
f 1906/1771/1952 1908/1801/1997 1878/1772/1951
f 1878/1772/1951 1909/1802/1998 1879/1773/1953
f 1909/1802/1998 1911/1803/1999 1910/1752/1926
f 1881/1753/1927 1880/1774/1954 1911/1803/2033
f 1911/1803/2033 1912/1804/2000 1881/1753/1927
f 1883/1729/1956 1914/1807/2003 1885/1777/2006
f 1885/1777/2006 1884/1776/4080 1883/1729/1956
f 1885/1777/1959 1933/1809/2005 1886/1779/1961
f 1886/1779/1961 1862/3084/4074 1885/1777/1959
f 1886/1779/2008 1917/1811/2010 1888/1780/1962
f 1888/1780/1962 1887/1778/4081 1886/1779/2008
f 1888/1780/1962 1935/1812/2011 1889/1781/1963
f 1889/1781/1963 1947/1830/2036 1892/1783/1968
f 1892/1783/1968 1890/1782/4082 1889/1781/1963
f 1894/1788/1974 1896/1762/4083 1918/1786/2015
f 1895/1787/1973 1949/1817/2018 1898/1790/1976
f 1900/1793/1981 1950/1820/2022 1901/1794/1983
f 1901/1794/1983 1923/1819/2021 1903/1795/2023
f 1903/1795/2023 1871/1764/1941 1901/1794/1983
f 1925/1797/2026 1904/1796/1985 1903/1795/1984
f 1905/1798/1989 1926/1823/2027 1943/1799/1993
f 1943/1799/1993 1927/1825/2029 1907/1800/1995
f 1907/1800/1995 1928/1824/2028 1908/1801/1997
f 1931/1842/2050 1945/1838/2046 1882/1806/2002
f 1930/1805/2001 1931/1842/2050 1882/1806/2002
f 1914/1807/2003 1932/1837/2045 1915/1808/2004
f 1915/1808/2004 1885/1777/2006 1914/1807/2003
f 1915/1808/2004 1946/1828/2034 1917/1811/2010
f 1917/1811/2010 1916/1810/4084 1915/1808/2004
f 1947/1830/2036 1889/1781/1963 1935/1812/2011
f 1948/1813/2012 1892/1783/1968 1947/1830/2036
f 1948/1813/2012 1936/1831/2037 1919/1814/2013
f 1919/1814/2013 1918/1786/1970 1948/1813/2012
f 1921/1816/2016 1894/1788/1974 1920/1815/2014
f 1922/1818/2020 1898/1790/1976 1949/1817/2018
f 1950/1820/2022 1900/1793/1981 1922/1818/2020
f 1940/1821/2040 1923/1819/4085 1950/1820/2022
f 1924/1822/2025 1903/1795/1984 1940/1821/2040
f 1924/1822/2025 1941/1835/2042 1926/1823/2027
f 1926/1823/2027 1925/1797/2026 1924/1822/2025
f 1926/1823/2027 1942/1836/2043 1927/1825/2029
f 1927/1825/2029 1943/1799/1993 1926/1823/2027
f 1929/1826/2030 1928/1824/4086 1927/1825/2044
f 1929/1826/2030 1944/1827/2031 1911/1803/1999
f 1911/1803/1999 1909/1802/1998 1929/1826/2030
f 1932/1837/2045 1882/1806/2002 1934/1829/2035
f 1941/1835/2042 1939/1834/2041 1930/1805/2001
f 1951/1841/2049 1952/3085/4087 1931/1842/2050
f 1931/1842/2050 1952/3085/4088 1945/1838/2046
f 1953/1840/2048 1952/3085/4089 1951/1841/2049
f 1954/1839/2047 1952/3085/4090 1953/1840/2048
f 1945/1838/2046 1952/3085/4091 1954/1839/2047
f 1934/1829/2035 1945/1838/2046 1954/1839/2047
f 1954/1839/2047 1953/1840/2048 1938/1833/2039
f 1955/1844/2052 1964/1849/2057 1960/1848/2056
f 1956/1860/2068 1964/1849/2057 1955/1844/2052
f 1964/1849/2057 1962/1878/2087 1963/1851/2059
f 1956/1860/2068 1962/1878/2087 1964/1849/2057
f 1970/1883/2093 1962/1878/2087 1961/1854/2062
f 1961/1854/2062 1962/1878/2087 1956/1860/2068
f 1964/1849/2057 1963/1851/2059 1966/1874/2082
f 1963/1851/2059 1962/1878/2087 1968/1852/2060
f 1969/1880/2089 1962/1878/2087 1970/1883/2093
f 1971/1856/2064 1970/1883/2093 1961/1854/2062
f 1972/1855/2063 1961/1854/2062 1973/1858/2066
f 1975/1859/2067 1961/1854/2062 1956/1860/2068
f 1976/1862/2070 1975/1859/2067 1956/1860/2068
f 1985/1863/2071 1978/1843/2051 1957/1845/2053
f 1957/1845/2053 1987/1865/4092 1979/1864/2072
f 1958/1867/2055 1989/1869/4093 1980/1892/2074
f 1959/1846/2054 1991/1872/2077 1958/1847/2055
f 1959/1846/2078 1960/1848/4094 1992/1873/2081
f 1965/1850/2058 1992/1873/2172 1960/1848/2056
f 1965/1850/2058 1994/1875/4095 1992/1873/2172
f 1964/1849/2057 1994/1875/4096 1965/1850/2058
f 1962/1878/2087 2003/1881/2120 2000/1879/2088
f 1970/1883/2093 2007/1884/2125 2004/1882/2091
f 1972/1855/2063 2009/1886/4097 1983/1885/2095
f 1974/1857/2065 2012/1887/4098 1973/1858/2066
f 1976/1862/2070 2015/1888/4099 1975/1859/2067
f 1956/1860/2068 1985/1863/4100 1984/1890/2100
f 1985/1863/2157 1987/1865/4101 1986/1929/2158
f 1991/1870/2077 1989/1869/4102 1981/1868/2075
f 1992/1873/2081 1991/1872/4103 1982/1871/2079
f 1994/1875/4095 2024/1938/2170 1992/1873/2172
f 2024/3086/4104 1994/1875/4105 1993/3087/4106
f 1994/1895/4105 2026/3088/4107 1993/3089/4106
f 1994/1875/2108 1966/1874/2082 1997/1876/2084
f 1997/1899/2084 2027/1897/4108 1995/1896/2109
f 1997/1901/2111 2028/1903/4109 1996/1900/2112
f 2029/1904/2117 1997/1876/2086 1999/1877/2085
f 2000/1879/2088 2030/3090/2180 1999/1877/2085
f 2030/3090/2186 2000/1879/4110 2001/3091/2187
f 2000/1906/4110 2033/1908/4111 2001/1949/2187
f 2003/1881/2120 2033/3092/4112 2002/1909/2118
f 2004/1882/2091 2036/1911/4113 2005/1910/2121
f 2007/1884/2125 2036/1911/4114 2006/1912/2123
f 2007/1884/2126 1971/1856/4115 2009/1886/2129
f 2009/1886/2129 2039/1914/4116 2008/1913/2127
f 2009/1886/2130 1972/1855/4117 2012/1887/2133
f 2012/1887/2133 2041/1916/4118 2010/1915/2131
f 2012/1887/2134 2042/1919/4119 2011/1917/2135
f 2012/1887/2137 2043/1921/4120 2013/1918/2138
f 2012/1887/2140 1974/1857/4121 2015/1888/2143
f 2015/1888/2143 2043/1921/4122 2014/1920/2141
f 2045/1924/4123 2015/1888/4124 2017/1925/2150
f 2015/1888/2148 1976/1862/4125 2018/1889/2149
f 2018/1889/2149 2045/1924/4123 2017/1925/2150
f 2047/1928/2215 2018/1889/4126 2019/1926/2153
f 2018/1889/2151 1977/1861/4127 1985/1863/2152
f 1985/1863/2152 2047/1928/2215 2019/1926/2153
f 1985/1863/2154 2048/1930/4128 2020/1927/2155
f 2048/1930/4129 1986/1929/4130 1987/1865/4131
f 1987/1891/4131 2049/1931/4132 2048/1974/4129
f 2049/1931/2160 1987/1891/4133 1989/1869/2161
f 1989/1869/2161 2051/1933/4134 2021/1932/2162
f 1988/1894/2107 1990/1893/4135 2053/1934/2164
f 1989/1869/2105 2053/1934/4136 1990/1893/2106
f 1989/1869/2166 1991/1870/2171 2022/1937/2169
f 2024/1941/2170 2022/1937/2169 1991/1870/2171
f 2022/1937/2226 2024/1941/4137 2025/1940/2174
f 2055/1939/2227 2024/1941/4104 2026/3088/4138
f 2024/1941/4104 1993/3089/4106 2026/3088/4138
f 2026/3088/4139 1994/1895/4140 2027/1897/4141
f 2027/1897/4141 2056/1979/4142 2026/3088/4139
f 2027/1897/2176 1996/1900/4143 2028/1903/2177
f 2029/1943/2117 2059/1946/2181 2028/1903/2179
f 2059/1946/2240 2030/1944/4144 2031/1948/2183
f 2062/1947/4145 2030/1944/4146 2032/3093/4147
f 2033/1908/2185 2032/3093/4147 2030/1944/2186
f 2033/1908/2185 2062/1947/4145 2032/3093/4147
f 2033/3092/2188 2003/1881/4148 2036/1911/2191
f 2036/1952/2191 2063/1951/4149 2034/1950/2189
f 2036/1952/2192 2064/1955/4150 2035/1953/2193
f 2036/1952/2195 2065/1957/4151 2037/1954/2196
f 2036/1911/2198 2007/1884/4152 2039/1914/2201
f 2039/1959/2201 2065/1957/4153 2038/1956/2199
f 2039/1914/2202 2009/1886/4154 2041/1916/2205
f 2041/1963/2205 2066/1961/4155 2040/1960/2203
f 2041/1916/2206 2011/1917/4156 2042/1919/2207
f 2042/1919/4157 2013/1918/4158 2043/1921/4159
f 2043/1966/4159 2068/1965/4160 2042/1964/4157
f 2043/1921/2209 2015/1888/4161 2044/1923/2210
f 2044/1923/4162 2016/1922/2145 2045/1924/2147
f 2045/1969/2147 2072/1995/4163 2044/1967/4162
f 2045/1924/2212 2018/1889/4126 2047/1928/2215
f 2047/3094/2215 2073/1971/4164 2046/1970/2213
f 2047/1928/2216 2020/1927/4165 2048/1930/2217
f 2049/1931/2273 2051/1933/4166 2050/2001/2276
f 2053/1934/2164 2022/1937/4167 2054/1978/2224
f 2055/1939/2173 2077/1977/2223 2022/1937/2226
f 2055/1939/2227 2026/3088/4138 2056/1979/2228
f 2056/1979/2230 2027/1897/4168 2057/1942/2231
f 2057/1942/4169 2028/1903/4170 2059/1946/4171
f 2059/1946/4171 2081/1982/4172 2057/1942/4169
f 2059/1946/2233 2082/1984/4173 2058/1981/2234
f 2084/1985/4174 2059/1946/4175 2061/3095/4176
f 2062/1947/2182 2061/3095/4176 2059/1946/2240
f 2062/1947/2182 2084/1985/4174 2061/3095/4176
f 2062/1947/2241 2033/1908/4177 2063/1951/2242
f 2063/1951/2244 2035/1953/4178 2064/1955/2245
f 2064/1955/4179 2037/1954/4180 2065/1957/4181
f 2065/1957/4181 2089/2009/4182 2064/1955/4179
f 2065/1957/2247 2039/1959/4183 2066/1961/2248
f 2066/1961/2250 2041/1963/4184 2068/1965/2253
f 2068/1965/2253 2093/1990/4185 2067/1989/2251
f 2068/1965/2254 2096/1994/4186 2069/1992/2257
f 2068/1965/2258 2043/1966/4187 2071/1968/2261
f 2071/1968/2261 2096/1994/4188 2070/1993/2259
f 2071/1968/2262 2044/1967/4189 2072/1995/2263
f 2072/1995/2265 2045/1969/4190 2073/1971/2268
f 2073/1971/2269 2047/1973/4191 2049/1931/2272
f 2049/1931/2272 2101/1999/4192 2074/1998/2270
f 2102/2000/2274 2050/2001/4193 2051/1933/2163
f 2052/1935/2165 2075/2002/2277 2051/1933/2163
f 2076/1975/2220 2052/1935/2165 2053/1934/2164
f 2053/1934/2164 2054/1978/2224 2077/1977/2223
f 2077/1977/2223 2078/2004/2280 2076/1975/2220
f 2077/1977/2223 2055/1939/2173 2079/1980/2279
f 2079/1980/2279 2057/1942/4194 2081/1982/2281
f 2081/1982/2281 2058/1981/4195 2082/1984/2283
f 2082/1984/2283 2060/1983/2237 2084/1985/2239
f 2084/1985/2239 2083/2006/2284 2082/1984/2283
f 2084/1985/2239 2062/1947/2241 2086/1986/2243
f 2086/1986/2243 2063/1951/2242 2088/1987/2287
f 2088/1987/2287 2064/1955/4196 2089/2009/2288
f 2089/2009/2288 2065/1957/2247 2091/1988/2249
f 2091/1988/2249 2090/2010/2289 2089/2009/2288
f 2091/1988/2249 2066/1961/2248 2093/1990/2256
f 2094/1991/2255 2069/1992/4197 2096/1994/2292
f 2096/1994/2292 2071/1968/4198 2098/1996/2267
f 2099/1997/2266 2073/1971/2268 2101/1999/2275
f 2076/1975/2220 2078/2004/2280 2080/2005/2282
f 2078/2004/2280 2079/1980/2279 2080/2005/2282
f 2080/2005/2282 2081/1982/2281 2083/2006/2284
f 2085/2007/2285 2083/2006/2284 2084/1985/2239
f 2085/2007/2285 2087/2008/2286 2090/2010/2289
f 2087/2008/2286 2088/1987/2287 2090/2010/2289
f 2090/2010/2289 2092/2011/2290 2110/2017/2297
f 2090/2010/2289 2091/1988/2249 2092/2011/2290
f 2092/2011/2290 2095/2012/2291 2110/2017/2297
f 2095/2012/2291 2092/2011/2290 2093/1990/2256
f 2097/2013/2293 2095/2012/2291 2096/1994/2292
f 2100/2014/2294 2097/2013/2293 2098/1996/2267
f 2075/2002/2277 2100/2014/2294 2101/1999/2275
f 2104/1976/2221 2105/3096/4199 2103/2003/2278
f 2103/2003/2278 2105/3096/4200 2106/2019/2299
f 2106/2019/2299 2105/3096/4201 2107/2018/2298
f 2107/2018/2298 2105/3096/4202 2108/2016/2296
f 2108/2016/2296 2105/3096/4203 2109/2015/2295
f 2109/2015/2295 2105/3096/4204 2104/1976/2221
f 2080/2005/2282 2109/2015/2295 2104/1976/2221
f 2090/2010/2289 2107/2018/2298 2108/2016/2296
f 2111/2021/2301 2140/2024/4205 2112/2022/2302
f 2131/2026/2508 2135/2025/2305 2111/2021/2301
f 2114/2029/2310 2115/2038/2319 2118/2030/2311
f 2118/2030/2311 2115/2038/2319 2117/2035/2316
f 2117/2035/2316 2115/2038/2319 2116/2036/2317
f 2119/2028/2309 2114/2029/2310 2118/2030/2311
f 2119/2028/2309 2118/2030/2311 2120/2032/2313
f 2121/2031/2312 2118/2030/2311 2122/2034/2315
f 2118/2030/2311 2117/2035/2316 2123/2033/2314
f 2123/2033/2314 2117/2035/2316 2124/2050/2334
f 2124/2050/2334 2117/2035/2316 2125/2037/2318
f 2116/2036/2317 2115/2038/2319 2126/2058/2342
f 2126/2058/2342 2115/2038/2319 2127/2040/2321
f 2129/2064/2348 2128/2039/2320 2115/2038/2319
f 2129/2064/2348 2115/2038/2319 2114/2029/2310
f 2129/2064/2348 2114/2029/2310 2130/2041/2322
f 2131/2026/2306 2133/2020/4206 2132/2042/2323
f 2119/2028/2309 2135/2025/4207 2113/2027/2307
f 2120/2032/2313 2146/2045/4208 2136/2044/2326
f 2120/2032/2313 2150/2047/2330 2147/2046/2328
f 2124/2050/2334 2158/2053/2379 2156/2052/2336
f 2128/2039/2320 2167/2061/4209 2137/2060/2344
f 2129/2064/2348 2169/2063/4210 2138/2062/2346
f 2129/2064/2349 2173/2066/2397 2170/2065/2350
f 2173/2066/2354 2130/2041/4211 2133/2020/2355
f 2139/2067/2356 2133/2020/2355 2140/2024/2357
f 2143/2043/2359 2142/3097/4212 2141/2068/2358
f 2143/2043/2359 2174/2117/4213 2142/3097/4212
f 2134/2023/2303 2135/2025/2305 2176/2070/2362
f 2176/2070/2362 2135/2025/2305 2145/2071/2365
f 2135/2025/2363 2119/2028/4214 2146/2045/2364
f 2146/2045/2364 2176/2070/2362 2145/2071/2365
f 2147/2046/2328 2178/2073/4215 2148/2072/2366
f 2150/2047/2330 2179/2076/4216 2149/2074/2368
f 2150/2047/2330 2121/2031/2312 2152/2048/2372
f 2152/2048/2372 2180/3098/4217 2151/2075/2370
f 2153/2049/2332 2123/2033/2314 2155/2051/2335
f 2155/2051/2335 2182/2080/4218 2154/2078/2374
f 2156/2052/2336 2185/2082/4219 2183/2079/2375
f 2158/2053/2379 2185/2082/4220 2157/2081/2377
f 2158/2053/2380 2125/2037/2318 2160/2054/2338
f 2163/2057/2341 2126/2058/2342 2165/2059/2386
f 2165/2059/2386 2191/2108/4221 2164/2087/2385
f 2192/2109/2425 2165/2059/2426 2166/2088/2389
f 2165/2059/2387 2127/2040/4222 2167/2061/2388
f 2167/2061/2388 2192/2109/2425 2166/2088/2389
f 2193/2110/2428 2167/2061/4223 2168/2089/2392
f 2167/2061/2390 2128/2039/4224 2169/2063/2391
f 2169/2063/2391 2193/2110/2428 2168/2089/2392
f 2170/2065/2350 2195/2091/4225 2171/2090/2393
f 2173/2066/2397 2195/2091/4226 2172/2092/2395
f 2198/2116/2438 2141/2068/2358 2142/3097/4227
f 2198/2116/2438 2142/3097/4227 2174/2117/2439
f 2174/2117/2439 2143/2043/4228 2199/2095/2482
f 2176/2070/2401 2146/2045/4229 2178/2073/2404
f 2178/2073/2404 2201/2119/4230 2177/2096/2402
f 2178/2073/2405 2149/2074/4231 2179/2076/2371
f 2204/2099/2449 2151/2075/2370 2180/3098/4217
f 2180/3098/4232 2152/2048/2333 2181/2077/2373
f 2181/2077/2373 2205/2101/4233 2180/3098/4232
f 2206/2100/2409 2181/2077/2408 2182/2080/2376
f 2181/2077/2408 2154/2078/4234 2182/2080/2376
f 2208/2102/2412 2183/2079/4235 2184/2103/2413
f 2185/2082/4219 2184/2103/4236 2183/2079/2375
f 2185/2082/4237 2158/2053/4238 2186/2084/4239
f 2186/2084/4239 2212/2129/4240 2185/2082/4237
f 2188/2085/2383 2213/2130/2462 2186/2084/2382
f 2213/2130/2466 2188/2085/4241 2187/2105/2416
f 2189/2086/2384 2216/2104/4242 2188/2085/2418
f 2216/2104/2470 2189/2086/4243 2190/2107/2420
f 2219/2106/4244 2189/2086/2423 2191/2108/2422
f 2192/2109/2425 2219/2106/4244 2191/2108/2422
f 2192/2109/2427 2167/2061/4223 2193/2110/2428
f 2193/2110/2430 2169/2063/4245 2195/2091/2433
f 2195/2091/2433 2223/2113/4246 2194/2112/2431
f 2225/2114/2435 2195/2091/2434 2196/2093/2480
f 2195/2091/2434 2173/2066/4247 2196/2093/2480
f 2199/2095/2482 2175/2118/2440 2174/2117/2439
f 2144/2069/2360 2176/2070/2362 2200/2097/2441
f 2200/2097/2443 2177/2096/4248 2201/2119/2444
f 2201/2119/4249 2178/2073/4250 2202/2098/4251
f 2202/2098/4251 2231/2141/4252 2201/2119/4249
f 2232/2121/2446 2202/2098/4253 2203/2122/2447
f 2204/2099/2407 2203/2122/4254 2202/2098/2406
f 2204/2099/2449 2180/3098/4217 2205/2101/2450
f 2237/2124/4255 2206/2100/4256 2207/3099/4257
f 2208/2102/2411 2207/3099/4257 2206/2100/2409
f 2208/2102/2411 2237/2124/4255 2207/3099/4257
f 2238/2126/2456 2208/2102/4258 2210/2128/2458
f 2240/2127/4259 2208/2102/4260 2211/3100/4261
f 2212/2129/2460 2211/3100/4261 2208/2102/2412
f 2212/2129/2460 2240/2127/4259 2211/3100/4261
f 2212/2129/2461 2186/2084/2382 2213/2130/2462
f 2244/2133/2467 2213/2130/4262 2215/2134/2468
f 2216/2104/2415 2215/2134/4263 2213/2130/2466
f 2244/2133/2465 2216/2104/4264 2217/2148/2493
f 2217/2148/2493 2216/2104/4265 2218/2150/2495
f 2219/2106/2419 2218/2150/4266 2216/2104/2470
f 2218/2150/2495 2219/2106/2471 2246/2151/2496
f 2219/2106/2471 2192/2109/2427 2220/2111/2429
f 2221/2136/2473 2220/2111/2429 2222/3101/4267
f 2223/2113/2474 2222/3101/4268 2220/2111/2429
f 2223/2113/2474 2250/2154/4269 2222/3101/4268
f 2223/2113/2475 2195/2091/4270 2224/2115/2476
f 2253/2138/4271 2225/2114/4272 2226/3102/4273
f 2197/2094/2479 2226/3102/4273 2225/2114/2435
f 2197/2094/2479 2253/2138/4271 2226/3102/4273
f 2253/2138/2478 2197/2094/4274 2198/2116/2438
f 2198/2116/2438 2175/2118/2440 2227/2139/2481
f 2175/2118/2440 2199/2095/2482 2229/2140/2484
f 2199/2095/2482 2200/2097/4275 2230/2120/2483
f 2230/2120/2483 2201/2119/4276 2231/2141/2485
f 2231/2141/2485 2202/2098/4253 2232/2121/2446
f 2232/2121/2446 2234/2142/2486 2231/2141/2485
f 2232/2121/2446 2204/2099/2448 2235/2123/2488
f 2235/2123/2488 2234/2142/2486 2233/2143/2487
f 2235/2123/2488 2205/2101/2410 2237/2124/2452
f 2237/2124/2452 2209/2125/2454 2238/2126/2456
f 2238/2126/2456 2210/2128/2458 2240/2127/2457
f 2240/2127/2457 2239/2145/2490 2238/2126/2456
f 2240/2127/2457 2212/2129/2461 2242/2131/2463
f 2242/2131/2463 2214/2132/2464 2244/2133/2465
f 2218/2150/2495 2245/2149/2494 2217/2148/2493
f 2246/2151/2496 2219/2106/2471 2248/2135/2472
f 2221/2136/2473 2222/3101/4267 2250/2154/2499
f 2250/2154/2499 2223/2113/4277 2251/2137/2500
f 2251/2137/2500 2249/2153/2498 2250/2154/2499
f 2251/2137/2500 2224/2115/2436 2253/2138/2478
f 2175/2158/2440 2228/2157/2502 2254/2166/2507
f 2229/3103/2484 2234/2156/2486 2175/2158/2440
f 2229/2140/2484 2230/2120/2483 2234/2142/2486
f 2234/2142/2486 2235/2123/2488 2236/2144/2489
f 2236/3104/2489 2239/2161/2490 2234/2156/2486
f 2236/2144/2489 2237/2124/2452 2239/2145/2490
f 2239/2145/2490 2240/2127/2457 2241/2146/2491
f 2241/2146/2491 2242/2131/2463 2243/2147/2492
f 2243/3105/2492 2245/2162/2494 2241/2159/2491
f 2245/2149/2494 2243/2147/2492 2244/2133/2465
f 2245/2162/2504 2256/2165/2506 2257/2163/2505
f 2245/2162/2504 2247/3106/2497 2249/2164/2498
f 2245/2149/2504 2246/2151/2496 2247/2152/2497
f 2247/2152/2497 2248/2135/2472 2249/2153/2498
f 2249/2153/2498 2251/2137/2500 2252/2155/2501
f 2252/3107/2501 2175/2158/2440 2249/2164/2498
f 2252/2155/2501 2253/2138/2478 2175/2118/2440
f 2228/2157/2502 2255/3108/4278 2254/2166/2507
f 2254/2166/2507 2255/3108/4279 2256/2165/2506
f 2256/2165/2506 2255/3108/4280 2257/2163/2505
f 2257/2163/2505 2255/3108/4281 2258/2160/2503
f 2258/2160/2503 2255/3108/4282 2259/3109/4283
f 2259/3109/4283 2255/3108/4284 2228/2157/2502
f 2234/2156/2486 2259/3109/4283 2228/2157/2502
f 2234/2156/2486 2258/2160/2503 2259/3109/4283
f 2234/2156/2486 2239/2161/2490 2258/2160/2503
f 2249/2164/2498 2254/2166/2507 2256/2165/2506
f 2263/2186/2535 2260/2179/2521 2262/2176/2518
f 2263/2186/2535 2262/2176/2518 2267/2175/2517
f 2267/2175/2517 2265/2172/2514 2266/2167/2509
f 2266/2167/2509 2265/2172/2514 2273/2196/2544
f 2264/3110/4285 2265/2172/2514 2267/2175/2517
f 2268/2169/2511 2263/2186/2535 2266/2167/2509
f 2263/2186/2535 2267/2175/2517 2266/2167/2509
f 2266/2167/2509 2273/2196/2544 2271/2171/2513
f 2272/2192/2540 2271/2171/2513 2273/2196/2544
f 2274/2198/2548 2273/2196/2544 2265/2172/2514
f 2277/2207/2559 2276/2173/2515 2264/3110/4285
f 2276/2173/2515 2265/2172/2514 2264/3110/4285
f 2277/2207/2559 2264/3110/4285 2278/2211/2565
f 2278/2211/2565 2264/3110/4285 2279/2177/2519
f 2264/3110/4285 2267/2175/2517 2279/2177/2519
f 2292/2178/2520 2279/2177/2519 2260/2179/2521
f 2260/2179/2521 2293/2182/4286 2280/2180/2522
f 2281/2183/2575 2261/2181/2524 2282/2184/2527
f 2282/2184/4287 2260/2179/2529 2283/2185/2528
f 2269/2168/2510 2299/2220/4288 2268/2169/2511
f 2271/2171/2513 2303/2191/4289 2285/2190/2538
f 2273/2196/2544 2307/2195/4290 2286/2194/2542
f 2273/2196/2545 2309/2199/4291 2287/2197/2546
f 2265/2172/2514 2310/2201/4292 2288/2200/2550
f 2276/2173/2515 2312/2204/4293 2275/2174/2516
f 2276/2173/2554 2316/2206/2609 2313/2203/2555
f 2277/2207/2559 2316/2206/4294 2289/2205/2557
f 2277/2207/2560 2320/2210/2613 2317/2208/2561
f 2278/2211/2565 2320/2210/4295 2290/2209/2563
f 2278/2211/2566 2292/2178/2618 2321/2212/2567
f 2279/2177/2519 2292/2178/4296 2291/2213/2569
f 2327/2214/4297 2281/2183/4298 2295/3111/4299
f 2328/2216/2574 2295/3111/4299 2281/2183/2575
f 2282/2184/4287 2283/2185/2528 2329/2217/2576
f 2329/2217/2626 2296/2188/4300 2297/2249/2627
f 2296/2188/4300 2330/2219/4301 2297/2249/2627
f 2296/2188/2536 2268/2169/2511 2299/2220/2579
f 2299/2220/2579 2330/2219/4302 2298/2218/2577
f 2299/2220/2580 2269/2168/4303 2301/2189/2583
f 2301/2189/2583 2331/2222/4304 2300/2221/2581
f 2301/2189/2584 2270/2170/4305 2303/2191/2587
f 2303/2191/2587 2333/2224/4306 2302/2223/2585
f 2303/2191/2588 2271/2171/4307 2305/2193/2591
f 2305/2193/2591 2335/2226/4308 2304/2225/2589
f 2305/2193/2592 2272/2192/4309 2307/2195/2595
f 2307/2195/2595 2337/2228/4310 2306/2227/2593
f 2307/2195/2596 2287/2197/4311 2309/2199/2599
f 2309/2199/2599 2338/2230/4312 2308/2229/2597
f 2309/2199/2600 2274/2198/4313 2310/2201/2553
f 2340/2233/2603 2310/2201/2553 2311/2202/2552
f 2311/2202/2552 2275/2174/2516 2312/2204/2604
f 2313/2203/2555 2343/2237/4314 2314/2234/2605
f 2316/2206/2609 2343/2237/4315 2315/2236/2607
f 2346/2240/2655 2316/2206/2656 2318/2238/2610
f 2317/2208/2561 2346/2240/2655 2318/2238/2610
f 2320/2210/2613 2346/2240/4316 2319/2239/2611
f 2321/2212/2567 2348/2244/4317 2322/2241/2614
f 2292/2178/2618 2348/2244/4318 2323/2243/2616
f 2348/2244/2619 2292/2178/4319 2293/2182/2620
f 2293/2182/2620 2349/2246/4320 2324/2245/2621
f 2349/2246/2622 2293/2182/2525 2281/2183/2526
f 2325/2247/2623 2294/2215/2573 2327/2214/2572
f 2328/2216/2574 2327/2214/4297 2295/3111/4299
f 2329/2217/2576 2328/2216/4321 2282/2184/4287
f 2330/2219/2625 2352/2266/2668 2329/2217/2626
f 2330/2219/4322 2299/2220/4323 2331/2222/4324
f 2331/2222/4324 2355/2267/4325 2330/2219/4322
f 2331/2222/2628 2301/2189/4326 2333/2224/2631
f 2333/2224/2631 2356/2251/4327 2332/2250/2629
f 2333/2224/2632 2303/2191/4328 2335/2226/2635
f 2335/2226/2635 2357/2253/4329 2334/2252/2633
f 2335/2226/2636 2305/2193/4330 2337/2228/2639
f 2337/2228/2639 2359/2272/4331 2336/2254/2637
f 2338/2230/2640 2360/2271/2678 2337/2228/2641
f 2338/2230/2643 2309/2199/2600 2339/2231/2601
f 2340/2233/2603 2364/2258/2691 2339/2231/2601
f 2341/2232/2602 2312/2204/2604 2342/2235/2650
f 2342/2235/4332 2314/2234/4333 2343/2237/4334
f 2343/2237/4334 2368/2280/4335 2342/2235/4332
f 2346/2240/2655 2344/2260/2653 2343/2237/2652
f 2369/2261/2697 2346/2240/4336 2345/3112/4337
f 2346/2240/4336 2370/2283/4338 2345/3112/4337
f 2346/2240/2658 2320/2210/4339 2347/2242/2659
f 2348/2244/2661 2372/2262/2660 2347/2242/2659
f 2326/2248/2624 2350/2264/2665 2374/2289/2706
f 2326/2248/2624 2327/2214/2572 2350/2264/2665
f 2327/2214/2572 2328/2216/4340 2351/2263/2664
f 2328/2216/2666 2329/2217/2626 2352/2266/2668
f 2353/2265/2667 2352/2266/4341 2354/2292/2709
f 2355/2267/2669 2354/2292/2709 2352/2266/2668
f 2355/2267/2669 2376/2293/2710 2354/2292/2709
f 2355/2267/2670 2331/2222/4342 2356/2251/2671
f 2356/2251/2671 2333/2224/4343 2357/2253/2673
f 2357/2253/2675 2335/2226/4344 2358/2255/2676
f 2358/2255/4345 2336/2254/4346 2359/2272/4347
f 2359/2272/4347 2382/2297/4348 2358/2255/4345
f 2383/2273/2680 2360/2271/2678 2385/2274/2682
f 2360/2271/2678 2338/2230/2640 2361/2257/2681
f 2387/2275/2683 2362/2256/4349 2363/2277/2685
f 2364/2258/2646 2363/2277/4350 2362/2256/2647
f 2388/2276/2684 2364/2258/4351 2365/2279/2688
f 2390/2278/4352 2364/2258/4353 2366/3113/4354
f 2367/2259/2690 2366/3113/4354 2364/2258/2691
f 2367/2259/2690 2390/2278/4352 2366/3113/4354
f 2367/2259/2692 2342/2235/4355 2368/2280/2693
f 2368/2280/2693 2343/2237/4356 2369/2261/2695
f 2369/2261/2697 2345/3112/4337 2370/2283/2698
f 2370/2283/4357 2346/2240/4358 2372/2262/4359
f 2372/2262/4359 2397/2286/4360 2370/2283/4357
f 2398/2287/2703 2372/2262/2704 2373/3114/4361
f 2372/2262/2704 2400/2288/2705 2373/3114/4361
f 2372/2262/2704 2348/2244/4362 2349/2246/2622
f 2400/2288/2705 2349/2246/2622 2325/2247/2623
f 2374/2289/2706 2325/2247/2623 2326/2248/2624
f 2353/2265/2667 2350/2264/2665 2351/2263/2664
f 2354/2292/2709 2377/2294/2711 2353/2265/2667
f 2376/2293/2710 2355/2267/2670 2378/2268/2672
f 2378/2268/2672 2377/2294/2711 2376/2293/2710
f 2378/2268/2672 2356/2251/2671 2380/2269/2674
f 2380/2269/2674 2357/2253/2673 2381/2270/2713
f 2381/2270/2713 2358/2255/4363 2382/2297/2715
f 2382/2297/2715 2384/2296/2714 2381/2270/2713
f 2382/2297/2715 2359/2272/2679 2383/2273/2680
f 2385/2274/2716 2361/2257/2645 2387/2275/2683
f 2387/2275/2683 2363/2277/2685 2388/2276/2684
f 2388/2276/2684 2365/2279/2688 2390/2278/2687
f 2390/2278/2687 2389/2299/2718 2388/2276/2684
f 2390/2278/2687 2367/2259/2692 2392/2281/2694
f 2392/2281/2694 2368/2280/2693 2394/2282/2696
f 2394/2282/2696 2369/2261/2695 2395/2284/2721
f 2395/2284/2721 2370/2283/4364 2397/2286/2723
f 2397/2286/2723 2396/2302/2722 2395/2284/2721
f 2397/2286/2723 2371/2285/2701 2398/2287/2703
f 2398/2287/2703 2373/3114/4361 2400/2288/2705
f 2400/2288/2705 2399/2303/2724 2398/2287/2703
f 2350/2264/2665 2353/2265/2667 2377/2294/2711
f 2377/2294/2711 2378/2268/2672 2379/2295/2712
f 2379/2295/2712 2384/2296/2714 2377/2294/2711
f 2379/2295/2712 2380/2269/2674 2384/2296/2714
f 2384/2296/2714 2386/2298/2717 2389/2299/2718
f 2384/2296/2714 2385/2274/2716 2386/2298/2717
f 2386/2298/2717 2387/2275/2683 2389/2299/2718
f 2389/2299/2718 2390/2278/2687 2391/2300/2719
f 2391/2300/2719 2393/2301/2720 2396/2302/2722
f 2391/2300/2719 2392/2281/2694 2393/2301/2720
f 2393/2301/2720 2394/2282/2696 2396/2302/2722
f 2396/2302/2722 2397/2286/2723 2399/2303/2724
f 2399/2303/2724 2400/2288/2705 2374/2289/2706
f 2375/2291/2708 2402/3115/4365 2401/2290/2707
f 2401/2290/2707 2402/3115/4366 2403/3116/4367
f 2403/3116/4367 2402/3115/4368 2404/2304/2725
f 2404/2304/2725 2402/3115/4369 2405/2305/2726
f 2405/2305/2726 2402/3115/4370 2375/2291/2708
f 2377/2294/2711 2405/2305/2726 2375/2291/2708
f 2377/2294/2711 2384/2296/2714 2405/2305/2726
f 2404/2304/2725 2391/2300/2719 2403/3116/4367
f 2391/2300/2719 2396/2302/2722 2403/3116/4367
f 2396/2302/2722 2401/2290/2707 2403/3116/4367
f 2279/2177/2519 2262/2176/2518 2260/2179/2521
f 2406/2308/2729 2408/2307/2728 2428/2311/2732
f 2425/2306/2727 2413/2330/2753 2409/2312/2733
f 2412/2313/2735 2420/2320/2742 2411/2318/2740
f 2425/2306/2727 2412/2313/2735 2413/2330/2753
f 2420/2320/2742 2412/2313/2735 2410/2323/2745
f 2410/2323/2745 2412/2313/2735 2425/2306/2727
f 2413/2330/2753 2412/2313/2735 2414/2315/2737
f 2417/2317/2739 2412/2313/2735 2411/2318/2740
f 2419/2336/2760 2418/2319/2741 2411/2318/2740
f 2420/2320/2742 2410/2323/2745 2422/2321/2743
f 2423/2324/2746 2425/2306/2727 2424/2351/2783
f 2426/2326/2748 2427/2310/4371 2438/2327/2749
f 2427/2310/4371 2440/2352/2784 2439/2386/4372
f 2428/2311/2732 2427/2310/4373 2407/2309/2730
f 2413/2330/2753 2444/2329/4374 2429/2328/2751
f 2418/2319/2741 2452/2335/4375 2430/2334/2758
f 2411/2318/2740 2457/2339/4376 2431/2338/2762
f 2420/2320/2742 2457/2339/4377 2432/2340/2764
f 2420/2320/2766 2460/2342/4378 2433/2341/2767
f 2422/2321/2743 2462/2344/4379 2434/2343/2770
f 2422/2321/2772 2466/2347/2838 2463/2345/2773
f 2410/2323/2745 2466/2347/4380 2435/2346/2775
f 2410/2323/2777 2468/2349/4381 2436/2348/2778
f 2425/2306/2727 2437/2325/4382 2424/2351/2783
f 2427/2310/4371 2439/2386/4372 2438/2327/2749
f 2440/2352/2784 2427/2310/4383 2475/2353/2785
f 2427/2310/2787 2428/2311/4384 2476/2356/2790
f 2476/2356/2790 2428/2311/4384 2442/2357/2793
f 2428/2311/2791 2409/2312/4385 2444/2329/2792
f 2444/2329/2792 2476/2356/2790 2442/2357/2793
f 2444/2329/2794 2477/2360/4386 2443/2358/2795
f 2444/2329/2797 2478/2361/2800 2445/2359/2798
f 2444/2329/2797 2414/2315/2737 2446/2331/2755
f 2479/2362/2801 2446/2331/4387 2447/2363/2860
f 2446/2331/2755 2415/2314/2736 2448/2332/2804
f 2448/2332/2804 2480/3117/4388 2447/2363/2805
f 2448/2332/2806 2416/2316/2738 2450/2333/2757
f 2450/2333/2757 2481/2365/4389 2449/2364/2807
f 2450/2333/2757 2417/2317/2739 2452/2335/2811
f 2452/2335/2811 2483/2394/2863 2451/2366/2809
f 2452/2335/2812 2418/2319/4390 2454/2337/2815
f 2454/2337/2815 2484/2368/4391 2453/2367/2813
f 2454/2337/2816 2419/2336/4392 2457/2339/2819
f 2457/2339/2819 2486/2370/4393 2455/2369/2817
f 2457/2339/2820 2487/2373/4394 2456/2371/2821
f 2457/2339/2823 2488/2375/4395 2458/2372/2824
f 2457/2339/2826 2433/2341/4396 2460/2342/2829
f 2460/2342/2829 2488/2375/4397 2459/2374/2827
f 2460/2342/2830 2421/2322/4398 2462/2344/2833
f 2462/2344/2833 2490/2377/4399 2461/2376/2831
f 2463/2345/2773 2491/2379/4400 2464/2378/2834
f 2466/2347/2838 2492/2403/4401 2465/2380/2836
f 2466/2347/2839 2436/2348/4402 2468/2349/2842
f 2468/2349/2842 2493/2382/4403 2467/2381/2840
f 2469/2350/2844 2424/2351/4404 2437/2325/2847
f 2437/2325/2847 2471/2383/4405 2470/2384/2845
f 2438/2327/2749 2495/2385/2925 2471/2383/2848
f 2495/2385/2849 2438/2327/4406 2439/2386/2850
f 2472/2387/2852 2439/2386/4372 2440/2352/2784
f 2472/2387/2852 2440/2352/2784 2474/2354/2786
f 2476/2356/2855 2443/2358/4407 2477/2360/2856
f 2477/2360/4408 2445/2359/4409 2478/2361/2802
f 2478/2361/2802 2502/2390/2858 2477/2360/4408
f 2504/2391/2893 2447/2363/2805 2480/3117/4388
f 2480/3117/4410 2448/2332/4411 2481/2365/4412
f 2481/2365/4412 2505/2412/4413 2480/3117/4410
f 2451/2366/2809 2507/2395/4414 2482/2392/2861
f 2483/2394/4415 2452/2335/4416 2484/2368/4417
f 2484/2368/4417 2508/2414/4418 2483/2394/4415
f 2484/2368/2865 2454/2337/4419 2486/2370/2868
f 2486/2370/2868 2509/2397/4420 2485/2396/2866
f 2486/2370/2869 2456/2371/4421 2487/2373/2870
f 2487/2373/4422 2458/2372/4423 2488/2375/4424
f 2488/2375/4424 2510/2398/4425 2487/2373/4422
f 2488/2375/2872 2460/2342/4426 2490/2377/2874
f 2490/2377/2874 2512/2400/4427 2489/2399/2873
f 2490/2377/2875 2462/2344/4428 2491/2379/2878
f 2491/2379/2879 2465/2380/4429 2492/2403/2880
f 2492/2403/4430 2466/2347/4431 2493/2382/4432
f 2493/2382/4432 2516/2422/4433 2492/2403/4430
f 2471/2383/2881 2517/2424/2919 2493/2382/2882
f 2517/2424/4434 2471/2383/4435 2494/3118/4436
f 2471/2383/4435 2519/2428/4437 2494/3118/4436
f 2495/2385/2849 2472/2387/2851 2496/3119/4438
f 2497/2405/2884 2498/2407/2886 2499/2443/2945
f 2497/2405/2884 2473/2388/2853 2498/2407/2886
f 2474/2354/2786 2498/2407/2886 2473/2388/2853
f 2474/2354/2786 2475/2353/2785 2520/2406/2885
f 2520/2406/2885 2475/2353/2785 2500/2408/2888
f 2475/2353/2789 2476/2356/2854 2501/2389/2887
f 2501/2389/2887 2520/2406/2885 2500/2408/2888
f 2501/2389/2889 2477/2360/4439 2502/2390/2890
f 2524/2410/2892 2502/2390/2890 2503/2411/2447
f 2504/2391/2859 2503/2411/4440 2502/2390/2858
f 2504/2391/2893 2480/3117/4388 2505/2412/2894
f 2505/2412/2896 2481/2365/4441 2506/2393/2897
f 2506/2393/4442 2482/2392/4443 2507/2395/4444
f 2507/2395/4444 2528/2433/4445 2506/2393/4442
f 2507/2395/2899 2483/2394/4446 2508/2414/2900
f 2508/2414/4447 2484/2368/4448 2509/2397/4449
f 2509/2397/4449 2531/2436/4450 2508/2414/4447
f 2509/2397/2902 2486/2370/4451 2510/2398/2903
f 2510/2398/2903 2536/2419/2908 2511/2418/2906
f 2510/2398/2903 2488/2375/4452 2512/2400/2907
f 2512/2400/2909 2490/2377/4453 2513/2402/2910
f 2514/2401/2876 2491/2379/2878 2515/2404/2915
f 2515/2404/2916 2492/2403/4454 2516/2422/2917
f 2544/2425/2921 2517/2424/4455 2518/2427/2923
f 2546/2426/2922 2517/2424/4434 2519/2428/2926
f 2517/2424/4434 2494/3118/4436 2519/2428/2926
f 2547/2429/2927 2495/2385/2849 2496/3119/4438
f 2547/2429/2927 2496/3119/4438 2472/2387/2852
f 2472/2387/2852 2497/2405/2884 2547/2429/2927
f 2499/2443/2945 2498/2407/2886 2548/2448/2950
f 2498/2407/2886 2549/2444/2946 2548/2448/2950
f 2520/2406/2885 2501/2389/2889 2522/2409/2891
f 2522/2409/2891 2502/2390/2890 2524/2410/2892
f 2524/2410/2892 2504/2391/2448 2526/2413/2930
f 2526/2413/2930 2506/2393/4456 2528/2433/2932
f 2528/2433/2932 2507/2395/4457 2530/2415/2934
f 2530/2415/2934 2508/2414/4458 2531/2436/2936
f 2531/2436/2936 2509/2397/2902 2532/2416/2904
f 2532/2416/2904 2533/2437/2937 2531/2436/2936
f 2534/2417/2938 2511/2418/4459 2536/2419/2908
f 2536/2419/2908 2512/2400/2907 2539/2420/2914
f 2539/2420/2914 2538/3120/4460 2537/2439/2940
f 2539/2420/2914 2540/2440/2941 2538/3120/4460
f 2541/2421/2913 2515/2404/2915 2543/2423/2942
f 2543/2423/2942 2516/2422/2920 2544/2425/2921
f 2544/2425/2921 2518/2427/2923 2546/2426/2922
f 2546/2426/2922 2545/2442/2944 2544/2425/2921
f 2546/2426/2922 2519/2428/2926 2547/2429/2927
f 2499/2443/2945 2547/2429/2927 2497/2405/2884
f 2498/2407/2886 2520/2406/2885 2521/2430/2928
f 2521/2430/2928 2523/2431/2929 2498/2407/2886
f 2521/2430/2928 2522/2409/2891 2523/2431/2929
f 2523/2431/2929 2524/2410/2892 2525/2432/2931
f 2525/2432/2931 2527/2434/2933 2523/2431/2929
f 2525/2432/2931 2526/2413/2930 2527/2434/2933
f 2527/2434/2933 2528/2433/2932 2529/2435/2935
f 2529/2435/2935 2533/2437/2937 2527/2434/2933
f 2529/2435/2935 2530/2415/2934 2533/2437/2937
f 2533/2437/2937 2534/2417/2938 2535/2438/2939
f 2535/2438/2939 2540/2440/2941 2533/2437/2937
f 2535/2438/2939 2537/2439/2940 2540/2440/2941
f 2537/2439/2940 2538/3120/4460 2540/2440/2941
f 2540/2440/4461 2541/2421/2913 2542/2441/2943
f 2542/2441/2943 2545/2442/2944 2540/2440/4461
f 2542/2441/2943 2543/2423/2942 2545/2442/2944
f 2545/2442/2944 2546/2426/2922 2499/2443/2945
f 2549/2444/2946 2550/3121/4462 2548/2448/2950
f 2548/2448/2950 2550/3121/4463 2551/2445/2947
f 2551/2445/2947 2550/3121/4464 2552/2447/2949
f 2552/2447/2949 2550/3121/4465 2553/2446/2948
f 2553/2446/2948 2550/3121/4466 2549/2444/2946
f 2533/2437/2937 2552/2447/2949 2553/2446/2948
f 2554/2451/2953 2556/2450/2952 2579/2454/2956
f 2558/2449/2951 2561/3122/4467 2557/2455/2957
f 2561/3122/4467 2558/2449/2951 2566/2456/2958
f 2566/2456/2958 2558/2449/2951 2560/2459/2961
f 2560/2459/2961 2558/2449/2951 2559/2463/2965
f 2562/2477/2981 2557/2455/2957 2561/3122/4467
f 2562/2477/2981 2561/3122/4467 2563/2478/2982
f 2563/2478/2982 2561/3122/4467 2564/2480/2984
f 2561/3122/4467 2566/2456/2958 2564/2480/2984
f 2565/2484/2988 2564/2480/2984 2566/2456/2958
f 2568/2457/2959 2560/2459/2961 2569/2461/2963
f 2571/2462/2964 2560/2459/2961 2559/2463/2965
f 2573/2465/2967 2559/2463/2965 2574/2467/2969
f 2586/2470/3041 2584/2453/4468 2578/2473/2977
f 2584/2453/4468 2555/2452/4469 2578/2473/2977
f 2579/2454/2956 2578/2473/4470 2555/2452/2954
f 2557/2455/2957 2589/2476/3003 2587/2474/2978
f 2562/2477/2981 2589/2476/4471 2581/2475/2979
f 2564/2480/2984 2592/2482/4472 2563/2478/2982
f 2594/2483/2987 2564/2480/2984 2565/2484/2988
f 2571/2462/2964 2572/2464/2966 2607/2511/3029
f 2572/2464/2966 2608/2512/3031 2607/2511/3029
f 2573/2465/2967 2608/2512/4473 2572/2464/2966
f 2575/2466/2968 2609/2491/4474 2574/2467/2969
f 2558/2449/2951 2583/2468/4475 2582/2492/2996
f 2584/2453/4476 2613/2493/4477 2585/3123/4478
f 2613/2493/3000 2577/2471/2974 2586/2470/2973
f 2587/2474/2978 2618/2496/3045 2580/2472/2976
f 2589/2476/3003 2618/2496/4479 2588/2495/3001
f 2589/2476/3004 2562/2477/2981 2590/2479/2983
f 2590/2479/2983 2563/2478/2982 2592/2482/3007
f 2592/2482/3007 2621/2525/3054 2591/2498/3006
f 2623/2502/3056 2594/2483/4480 2595/2500/3010
f 2594/2483/2987 2565/2484/2988 2596/2485/2989
f 2596/2485/2989 2623/2502/3056 2595/2500/3010
f 2624/2501/3011 2596/2485/2989 2597/2486/2990
f 2597/2486/3013 2567/2458/2960 2599/2487/2991
f 2599/2487/2991 2626/2504/4481 2598/2503/3014
f 2599/2487/2991 2568/2457/2959 2601/2488/3018
f 2601/2488/3018 2628/3124/4482 2600/2505/3016
f 2601/2488/3019 2569/2461/4483 2603/2489/3022
f 2603/2489/3022 2629/2507/4484 2602/2506/3020
f 2631/2532/3065 2603/2489/4485 2604/2508/3025
f 2603/2489/3023 2570/2460/4486 2605/2490/3024
f 2605/2490/3024 2631/2532/3065 2604/2508/3025
f 2605/2490/3026 2571/2462/2964 2607/2511/3029
f 2607/2511/3029 2632/2510/3030 2606/2509/3027
f 2608/2512/4487 2573/2465/4488 2609/2491/4489
f 2609/2491/4489 2634/2534/4490 2608/2512/4487
f 2609/2491/3036 2575/2466/4491 2583/2468/3037
f 2583/2468/3037 2612/2516/3039 2611/2515/3038
f 2636/2517/3074 2584/2453/4476 2585/3123/4478
f 2636/2517/3074 2585/3123/4478 2613/2493/3075
f 2638/2536/3077 2613/2493/3000 2614/2494/2999
f 2614/2494/2999 2586/2470/2973 2639/2519/3043
f 2586/2470/3041 2578/2473/2977 2640/2520/3044
f 2640/2520/4492 2580/2472/4493 2617/2521/3046
f 2618/2496/3045 2640/2520/4492 2617/2521/3046
f 2618/2496/3047 2589/2476/3004 2619/2497/3005
f 2641/2522/4494 2619/2497/4495 2620/2523/4496
f 2647/2524/3053 2591/2498/3006 2621/2525/3054
f 2621/2525/3054 2592/2482/4497 2622/2499/3055
f 2622/2499/3055 2594/2483/4480 2623/2502/3056
f 2653/2527/3058 2624/2501/3011 2625/3125/4498
f 2626/2504/3059 2625/3125/4498 2624/2501/3011
f 2626/2504/3059 2653/2527/3058 2625/3125/4498
f 2657/2529/3111 2600/2505/3016 2628/3124/4482
f 2628/3124/4499 2601/2488/4500 2629/2507/4501
f 2629/2507/4501 2659/2556/4502 2628/3124/4499
f 2629/2507/3063 2603/2489/4485 2631/2532/3065
f 2631/2532/3065 2660/2531/4503 2630/2530/3064
f 2631/2532/3066 2605/2490/4504 2632/2510/3067
f 2661/2533/3119 2632/2510/4505 2633/2562/3120
f 2632/2510/4505 2663/2561/4506 2633/2562/3120
f 2634/2534/3069 2664/2563/3121 2632/2510/3030
f 2634/2534/3070 2609/2491/4507 2635/2514/3071
f 2611/2515/3035 2636/2517/4508 2635/2514/3073
f 2612/2516/3039 2636/2517/3040 2611/2515/3038
f 2636/2517/3128 2638/2536/4509 2637/2568/3129
f 2639/2519/3043 2615/2537/3078 2614/2494/2999
f 2640/2520/3080 2618/2496/3047 2641/2522/3048
f 2670/2539/3131 2641/2522/4510 2643/2541/3085
f 2671/2540/3084 2641/2522/4511 2644/2543/3088
f 2620/2523/4496 2644/2543/4512 2641/2522/4494
f 2673/2542/3090 2620/2523/4513 2645/2544/3091
f 2647/2524/3050 2645/2544/4514 2620/2523/3051
f 2673/2542/3087 2647/2524/4515 2646/3126/4516
f 2647/2524/4515 2674/2546/4517 2646/3126/4516
f 2676/2547/3097 2647/2524/4518 2649/2548/3098
f 2650/2526/3057 2649/2548/4519 2647/2524/3053
f 2676/2547/3096 2650/2526/4520 2651/2550/3101
f 2678/2549/4521 2650/2526/4522 2652/2551/3104
f 2650/2526/3057 2623/2502/3056 2653/2527/3103
f 2653/2527/3103 2678/2549/4521 2652/2551/3104
f 2654/2552/3106 2653/2527/3105 2655/3127/4523
f 2653/2527/3105 2681/2553/3108 2655/3127/4523
f 2653/2527/3105 2626/2504/4524 2657/2529/3107
f 2682/2555/3110 2657/2529/4525 2658/3128/4526
f 2657/2529/4525 2684/2557/4527 2658/3128/4526
f 2657/2529/3111 2628/3124/4482 2659/2556/3112
f 2659/2556/4528 2629/2507/4529 2660/2531/4530
f 2660/2531/4530 2685/2577/4531 2659/2556/4528
f 2660/2531/3114 2631/2532/3066 2661/2533/3068
f 2689/2560/3117 2661/2533/3119 2663/2561/3118
f 2690/2564/3122 2664/2563/3121 2665/3129/4532
f 2664/2563/3121 2692/2565/3124 2665/3129/4532
f 2664/2563/3121 2634/2534/3069 2666/2535/3123
f 2693/2581/3146 2666/2535/3123 2694/2567/3148
f 2636/2517/3125 2694/2567/3127 2666/2535/3072
f 2636/2517/3125 2695/2569/4533 2667/2566/3126
f 2695/2569/3149 2637/2568/4534 2638/2536/3077
f 2638/2536/3077 2668/2582/3147 2695/2569/3149
f 2668/2582/3147 2638/2536/3077 2615/2537/3078
f 2668/2582/3147 2696/2583/3150 2698/2586/3153
f 2668/2582/3147 2615/2537/3078 2696/2583/3150
f 2615/2537/3078 2639/2519/3043 2669/2570/3132
f 2639/2519/3043 2640/2520/3079 2670/2539/3131
f 2670/2539/3131 2643/2541/3085 2671/2540/3084
f 2671/2540/3084 2644/2543/3088 2673/2542/3087
f 2673/2542/3087 2672/2571/3133 2671/2540/3084
f 2673/2542/3087 2646/3126/4516 2674/2546/3134
f 2674/2546/3134 2648/2545/3094 2676/2547/3096
f 2676/2547/3096 2675/2572/3135 2674/2546/3134
f 2676/2547/3096 2651/2550/3101 2678/2549/3100
f 2654/2552/3106 2655/3127/4523 2681/2553/3138
f 2681/2553/3138 2656/2554/3109 2682/2555/3110
f 2682/2555/3110 2658/3128/4526 2684/2557/3141
f 2684/2557/3141 2683/2576/3140 2682/2555/3110
f 2684/2557/3141 2659/2556/4535 2685/2577/3142
f 2685/2577/3142 2660/2531/3114 2687/2558/3115
f 2687/2558/3115 2686/2578/3143 2685/2577/3142
f 2687/2558/3115 2662/2559/3116 2689/2560/3117
f 2689/2560/3117 2663/2561/3118 2690/2564/3122
f 2690/2564/3122 2665/3129/4532 2692/2565/3124
f 2692/2565/3124 2691/2580/3145 2690/2564/3122
f 2692/2565/3124 2666/2535/3123 2693/2581/3146
f 2694/2567/3148 2667/2566/4536 2695/2569/3149
f 2669/2570/3132 2672/2571/3133 2615/2537/3078
f 2669/2570/3132 2670/2539/3131 2672/2571/3133
f 2672/2571/3133 2673/2542/3087 2675/2572/3135
f 2675/2572/3135 2677/2573/3136 2679/2574/3137
f 2675/2572/3135 2676/2547/3096 2677/2573/3136
f 2677/2573/3136 2678/2549/3100 2679/2574/3137
f 2679/2574/3137 2654/2552/3106 2680/2575/3139
f 2680/2575/3139 2683/2576/3140 2679/2574/3137
f 2680/2575/3139 2681/2553/3138 2683/2576/3140
f 2683/2576/3140 2684/2557/3141 2686/2578/3143
f 2686/2578/3143 2687/2558/3115 2688/2579/3144
f 2688/2579/3144 2691/2580/3145 2686/2578/3143
f 2688/2579/3144 2689/2560/3117 2691/2580/3145
f 2691/2580/3145 2692/2565/3124 2668/2582/3147
f 2696/2583/3150 2697/3130/4537 2698/2586/3153
f 2698/2586/3153 2697/3130/4538 2699/2585/3152
f 2699/2585/3152 2697/3130/4539 2700/2587/3154
f 2700/2587/3154 2697/3130/4540 2701/2584/3151
f 2701/2584/3151 2697/3130/4541 2696/2583/3150
f 2672/2571/3133 2675/2572/3135 2696/2583/3150
f 2683/2576/3140 2686/2578/3143 2700/2587/3154
f 2686/2578/3143 2699/2585/3152 2700/2587/3154
f 3228/2588/3237 3238/2588/4542 3167/2588/4543
f 3168/2588/3155 3170/2588/3158 3228/2588/3237
f 3168/2588/3155 3228/2588/3237 3225/2588/3156
f 3183/2588/3159 3169/2588/3160 3170/2588/3158
f 3172/2588/3162 3170/2588/3158 3171/2588/3161
f 3172/2588/3162 3174/2588/3168 3175/2588/3164
f 3174/2588/3168 3179/2588/3165 3175/2588/3164
f 3175/2588/3164 3176/2588/4544 3170/2588/3158
f 3176/2588/4544 3175/2588/3164 3177/2588/3167
f 3177/2588/3167 3175/2588/3164 3179/2588/3165
f 3174/2588/3168 3168/2588/3155 3179/2588/3165
f 3168/2588/3155 3180/2588/3157 3179/2588/3165
f 3174/2588/3168 3181/2588/3204 3182/2588/3169
f 3168/2588/3155 3182/2588/3169 3183/2588/3159
f 3182/2588/3169 3184/2588/3170 3183/2588/3159
f 3184/2588/3170 3185/2588/3171 3169/2588/3160
f 3173/2588/3163 3171/2588/3161 3185/2588/3171
f 3189/2588/3175 3187/2588/3173 3173/2588/3163
f 3190/2588/3178 3188/2588/4545 3187/2588/3179
f 3217/2588/3176 3188/2588/3176 3187/2588/3176
f 3187/2588/3176 3189/2588/3176 3217/2588/3176
f 3189/2588/3176 3224/2588/3176 3217/2588/3176
f 3224/2588/3176 3222/2588/3176 3215/2588/3176
f 3222/2588/3176 3219/2588/3176 3213/2588/3176
f 3215/2588/3176 3222/2588/3176 3214/2588/3176
f 3219/2588/3176 3218/2588/3176 3212/2588/3176
f 3212/2588/3176 3211/2588/3176 3219/2588/3176
f 3211/2588/3176 3213/2588/3176 3219/2588/3176
f 3213/2588/3176 3214/2588/3176 3222/2588/3176
f 3215/2588/3176 3216/2588/3176 3224/2588/3176
f 3189/2588/3177 3191/2588/4546 3190/2588/3178
f 3193/2588/3182 3195/2588/3229 3196/2588/3180
f 3196/2588/3180 3197/2588/3183 3194/2588/3181
f 3240/2588/3185 3194/2588/3181 3198/2588/3184
f 3200/2588/3189 3199/2588/4547 3201/2588/3188
f 3202/2588/3190 3210/2588/3195 3200/2588/3189
f 3198/2588/3184 3197/2588/3183 3196/2588/3180
f 3196/2588/3180 3202/2588/3190 3201/2588/3188
f 3202/2588/3190 3196/2588/3180 3203/2588/3191
f 3196/2588/3180 3204/2588/3193 3205/2588/3192
f 3195/2588/3229 3207/2588/3252 3196/2588/3180
f 3207/2588/3252 3206/2588/3194 3196/2588/3180
f 3206/2588/3194 3207/2588/3252 3242/2588/3248
f 3211/2588/3200 3210/2588/4548 3208/2588/3201
f 3211/2588/3203 3212/2588/4549 3181/2588/3204
f 3213/2588/3205 3174/2588/3168 3172/2588/3162
f 3210/2588/3198 3214/2588/3208 3215/2588/3209
f 3215/2588/3209 3216/2588/3211 3200/2588/3210
f 3217/2588/3215 3188/2588/4550 3190/2588/3216
f 3188/2588/3218 3217/2588/3213 3172/2588/3162
f 3212/2588/4549 3218/2588/4551 3181/2588/3204
f 3218/2588/4552 3212/2588/4553 3208/2588/3222
f 3218/2588/3219 3219/2588/3231 3223/2588/3220
f 3219/2588/3221 3218/2588/4552 3208/2588/3222
f 3222/2588/3225 3220/2588/3224 3191/2588/3227
f 3220/2588/4554 3221/2588/3251 3207/2588/3252
f 3220/2588/4554 3207/2588/3252 3195/2588/3229
f 3193/2588/3182 3192/2588/4555 3191/2588/3230
f 3220/2588/4554 3195/2588/3229 3191/2588/3230
f 3222/2588/3233 3224/2588/4556 3186/2588/3172
f 3191/2588/3227 3189/2588/4557 3224/2588/3228
f 3223/2588/3220 3186/2588/3172 3185/2588/3171
f 3181/2588/3204 3223/2588/3220 3184/2588/3170
f 3228/2588/3237 3226/2588/3235 3225/2588/3156
f 3228/2588/3237 3167/2588/4543 3230/2588/3238
f 3226/2588/3235 3228/2588/3237 3229/2588/3239
f 3233/2588/3241 3227/2588/3236 3231/2588/3240
f 3235/2588/3243 3233/2588/3241 3232/2588/3242
f 3237/2588/3246 3230/2588/3238 3167/2588/4543
f 3178/2588/3166 3180/2588/3157 3227/2588/3236
f 3180/2588/3157 3225/2588/3156 3227/2588/3236
f 3235/2588/3243 3176/2588/4544 3233/2588/3241
f 3176/2588/4544 3177/2588/3167 3233/2588/3241
f 3178/2588/3166 3227/2588/3236 3233/2588/3241
f 3176/2588/4544 3235/2588/3243 3237/2588/3246
f 3238/2588/4558 3228/2588/3237 3170/2588/3158
f 3176/2588/4544 3237/2588/3246 3170/2588/3158
f 3237/2588/3246 3238/2588/4558 3170/2588/3158
f 3205/2588/3192 3206/2588/3194 3242/2588/3248
f 3203/2588/3191 3205/2588/3192 3209/2588/3250
f 3205/2588/3192 3242/2588/3248 3209/2588/3250
f 3221/2588/3251 3220/2588/3253 3242/2588/3248
f 3220/2588/3253 3208/2588/4559 3243/2588/3254
f 3243/2588/3254 3208/2588/4559 3209/2588/3250
f 3208/2588/4559 3210/2588/4560 3209/2588/3250
f 3199/2588/3257 3200/2588/4561 3190/2588/3259
f 3190/2588/3259 3239/2588/3255 3199/2588/3257
f 3193/2588/3182 3240/2588/4562 3192/2588/4555
f 3191/2588/3258 3192/2588/4555 3240/2588/4562
f 3191/2588/3258 3240/2588/4562 3239/2588/3255
f 3240/2588/4562 3241/2588/3256 3239/2588/3255
usemtl barrel_dark
f 512/2589/3260 511/2590/3261 513/2591/3262
f 514/2592/3263 509/2593/3264 512/2589/3260
f 514/2592/3263 512/2589/3260 515/2594/3265
f 513/2591/3262 515/2594/3265 512/2589/3260
f 515/2594/3265 511/2590/3261 510/2595/3266
f 514/2592/3263 510/2595/3266 509/2593/3264
f 516/2596/3267 522/2597/3268 517/2598/3269
f 521/2599/3270 517/2598/3269 518/2600/3271
f 519/2601/3272 516/2596/3267 517/2598/3269
f 518/2600/3271 517/2598/3269 522/2597/3268
f 520/2602/3273 516/2596/3267 519/2601/3272
f 520/2602/3273 522/2597/3268 516/2596/3267
f 525/2603/3274 524/2604/3275 523/2605/3276
f 527/2606/3277 524/2604/3275 526/2607/3278
f 527/2606/3277 526/2607/3278 528/2608/3279
f 529/2609/3280 530/2610/3281 528/2608/3282
f 527/2606/3277 530/2610/3281 524/2604/3275
f 794/2611/3283 797/2612/3284 795/2613/3285
f 797/2612/3284 798/2614/3286 795/2613/3285
f 795/2613/3285 799/2615/3287 794/2611/3283
f 797/2612/3284 799/2615/3287 798/2614/3286
f 801/2616/3288 803/2617/3289 800/2618/3290
f 803/2617/3289 802/2619/3291 804/2620/3292
f 804/2620/3292 801/2616/3288 800/2618/3290
f 815/2621/3293 813/2622/3294 811/2623/3295
f 816/2624/3296 814/2625/3297 815/2621/3293
f 836/2626/3298 838/2627/3299 837/2628/3300
f 831/2629/3301 833/2630/3302 832/2631/3303
f 837/2628/3300 834/2632/3304 836/2626/3298
f 836/2626/3298 830/2633/3305 828/2634/3306
f 839/2635/3307 833/2630/3302 838/2627/3299
f 829/2636/3308 838/2627/3299 828/2634/3306
f 831/2629/3301 839/2635/3307 829/2636/3308
f 834/2632/3304 833/2630/3302 830/2633/3305
f 833/2630/3302 837/2628/3300 838/2627/3299
f 830/2633/3305 829/2636/3308 828/2634/3306
f 1261/2637/3309 1262/2638/3310 1260/2639/3311
f 1264/2640/3312 1263/2641/3313 1261/2637/3309
f 1265/2642/3314 1261/2637/3309 1260/2639/3311
f 1262/2638/3310 1265/2642/3314 1260/2639/3311
f 1263/2641/3313 1265/2642/3314 1262/2638/3310
f 2702/2643/3315 2706/2644/3316 2703/2645/3317
f 2704/2646/3318 2705/2647/3319 2702/2643/3315
f 2707/2648/3320 2706/2644/3321 2705/2647/3322
f 2704/2646/3318 2708/2649/3323 2707/2648/3320
f 2703/2645/3317 2709/2650/3324 2702/2643/3315
f 2702/2643/3315 2709/2650/3324 2704/2646/3318
f 2703/2645/3317 2706/2644/3316 2710/2651/3325
f 2709/2650/3324 2710/2651/3326 2708/2649/3323
f 2708/2649/3323 2706/2644/3321 2707/2648/3320
f 2712/2652/3327 2715/2653/3328 2713/2654/3329
f 2714/2655/3330 2717/2656/3331 2718/2657/3332
f 2722/2658/3333 2724/2659/3333 2723/2660/3333
f 2723/2660/3334 2725/2661/3335 2722/2658/3336
f 2722/2658/3337 2727/2662/3338 2726/2663/3339
f 2727/2662/3340 2728/2664/3341 2729/2665/3342
f 2728/2664/3343 2730/2666/3343 2729/2665/3343
f 2728/2664/3344 2732/2667/3345 2731/2668/3346
f 2733/2669/3347 2728/2664/3348 2725/2661/3349
f 2725/2661/3350 2734/2670/3350 2733/2669/3350
s 0
f 2738/2669/3351 2734/2670/3176 2736/2670/3352
f 2735/2671/3353 2736/2670/3176 2734/2670/3354
s 1
f 2737/2672/3355 2738/2669/3356 2736/2670/3357
f 2736/2670/3358 2740/2673/3359 2737/2672/3360
f 2740/2673/3361 2739/2674/3361 2741/2675/3361
s 0
f 2739/2674/3362 2743/2676/3363 2741/2675/3364
s 1
f 2742/2660/3365 2740/2673/3366 2741/2675/3367
s 0
f 2723/2660/3368 2741/2675/3363 2743/2676/3369
s 1
f 2725/2661/3370 2743/2676/3371 2735/2671/3372
f 2744/2677/3373 2742/2660/3374 2745/2659/3375
s 0
f 2724/2659/3376 2742/2660/3363 2723/2660/3377
f 2726/2663/3378 2745/2659/3363 2724/2659/3379
s 1
f 2744/2677/3380 2746/2663/3380 2747/2662/3380
s 0
f 2746/2663/3381 2727/2662/3176 2747/2662/3382
s 1
f 2747/2662/3383 2749/2678/3384 2744/2677/3385
s 0
f 2729/2665/3386 2747/2662/3176 2727/2662/3387
s 1
f 2749/2678/3388 2748/2665/3388 2750/2666/3388
f 2748/2665/3363 2730/2666/3389 2750/2666/3390
f 2750/2666/3391 2737/2672/3392 2749/2678/3384
f 2731/2668/3363 2750/2666/3393 2730/2666/3394
f 2737/2672/3395 2751/2668/3395 2752/2667/3395
s 0
f 2751/2668/3396 2732/2667/3176 2752/2667/3382
s 1
f 2738/2669/3356 2737/2672/3355 2752/2667/3397
s 0
f 2733/2669/3398 2752/2667/3176 2732/2667/3399
s 1
f 2754/2679/3400 2756/2680/3401 2753/2681/3402
f 2761/2682/3403 2759/2683/3404 2753/2681/3402
f 2753/2681/3405 2758/2684/3406 2757/2685/3407
f 2758/2684/3408 2759/2683/3409 2760/2686/3410
s 0
f 2760/2686/3411 2764/2684/3176 2758/2684/3412
s 1
f 2763/2686/3413 2771/2687/3414 2764/2684/3415
f 2765/2688/3416 2766/2689/3417 2767/2690/3418
f 2772/2685/3419 2769/2691/3420 2770/2692/3421
f 2771/2687/3422 2772/2685/3422 2764/2684/3422
s 0
f 2757/2685/3423 2770/2692/3363 2755/2692/3424
f 2772/2685/3425 2758/2684/3363 2764/2684/3426
s 1
f 2789/2693/3427 2788/2694/3428 2787/2695/3429
f 2787/2695/3429 2788/2694/3428 2784/2696/3430
f 2794/2697/3431 2793/2698/3432 2790/2699/3433
f 2798/2700/3434 2796/2701/3435 2797/2702/3436
f 2798/2700/3434 2801/2703/3437 2800/2704/3438
f 2801/2703/3437 2803/2705/3439 2800/2704/3438
f 2798/2700/3434 2802/2706/3440 2801/2703/3437
f 2800/2704/3438 2803/2705/3439 2796/2701/3435
f 2810/2707/3441 2804/2708/3442 2806/2709/3443
f 2808/2710/3444 2804/2708/3442 2807/2711/3445
f 2811/2712/3446 2814/2713/3447 2813/2714/3448
f 2814/2713/3447 2812/2715/3449 2817/2716/3450
f 2811/2712/3446 2818/2717/3451 2812/2715/3449
f 2819/2718/3452 2817/2716/3450 2818/2717/3451
f 2821/2719/3453 2817/2716/3450 2820/2720/3454
f 2821/2719/3453 2820/2720/3454 2811/2712/3446
f 2813/2714/3448 2815/2721/3455 2822/2722/3456
f 2822/2722/3456 2816/2723/3457 2821/2719/3453
f 2823/2724/3446 2826/2725/3447 2825/2726/3448
f 2826/2725/3447 2824/2727/3449 2829/2728/3450
f 2823/2724/3446 2830/2729/3451 2824/2727/3449
f 2831/2730/3452 2829/2728/3450 2830/2729/3451
f 2833/2731/3453 2829/2728/3450 2832/2732/3454
f 2833/2731/3453 2832/2732/3454 2823/2724/3446
f 2825/2726/3448 2827/2733/3455 2834/2734/3456
f 2834/2734/3456 2828/2735/3457 2833/2731/3453
f 2835/2736/3446 2838/2737/3447 2837/2738/3448
f 2838/2737/3447 2836/2739/3449 2841/2740/3450
f 2835/2736/3446 2842/2741/3451 2836/2739/3449
f 2843/2742/3452 2841/2740/3450 2842/2741/3451
f 2845/2743/3453 2841/2740/3450 2844/2744/3454
f 2845/2743/3453 2844/2744/3454 2835/2736/3446
f 2837/2738/3448 2839/2745/3455 2846/2746/3456
f 2846/2746/3456 2840/2747/3458 2845/2743/3453
f 2850/2748/3459 2847/2749/3460 2848/2750/3461
f 2851/2751/3462 2848/2750/3461 2852/2752/3463
f 2853/2753/3464 2851/2751/3462 2852/2752/3463
f 2853/2753/3464 2850/2748/3459 2851/2751/3462
f 2848/2750/3461 2853/2753/3464 2852/2752/3463
f 2855/2754/3465 2847/2749/3460 2849/2755/3466
f 2850/2748/3459 2855/2754/3465 2849/2755/3466
f 2855/2754/3465 2848/2750/3461 2847/2749/3460
f 2877/2756/3467 2856/2757/3468 2857/2758/3469
f 2856/2757/3470 2858/2759/3470 2857/2758/3470
f 2861/2760/3471 2856/2757/3472 2860/2761/3473
f 2860/2761/3474 2862/2762/3475 2861/2760/3476
f 2862/2762/3475 2860/2761/3474 2863/2763/3477
f 2860/2761/3478 2864/2764/3478 2863/2763/3478
f 2864/2764/3479 2865/2765/3480 2866/2766/3481
f 2865/2765/3482 2867/2767/3482 2866/2766/3482
f 2867/2767/3483 2859/2768/3484 2868/2769/3485
f 2859/2768/3486 2869/2770/3486 2868/2769/3486
s 0
f 2873/2769/3487 2869/2770/3363 2871/2770/3379
f 2870/2771/3488 2871/2770/3176 2869/2770/3489
s 1
f 2874/2771/3490 2872/2772/3491 2871/2770/3492
f 2872/2772/3493 2873/2769/3493 2871/2770/3493
f 2872/2772/3491 2874/2771/3490 2875/2756/3494
s 0
f 2874/2771/3495 2877/2756/3176 2875/2756/3496
s 1
f 2875/2756/3497 2878/2773/3498 2872/2772/3499
s 0
f 2857/2758/3500 2875/2756/3176 2877/2756/3382
s 1
f 2859/2768/3501 2877/2756/3502 2870/2771/3503
f 2878/2773/3504 2876/2758/3504 2879/2759/3504
s 0
f 2858/2759/3505 2876/2758/3176 2857/2758/3382
s 1
f 2880/2760/3506 2878/2773/3498 2879/2759/3507
s 0
f 2861/2760/3508 2879/2759/3176 2858/2759/3509
s 1
f 2881/2774/3510 2880/2760/3511 2882/2762/3512
s 0
f 2880/2760/3513 2862/2762/3176 2882/2762/3514
f 2863/2763/3515 2882/2762/3176 2862/2762/3382
s 1
f 2881/2774/3516 2883/2763/3516 2884/2764/3516
s 0
f 2883/2763/3517 2864/2764/3363 2884/2764/3379
s 1
f 2884/2764/3518 2886/2775/3519 2881/2774/3520
s 0
f 2866/2766/3521 2884/2764/3363 2864/2764/3522
s 1
f 2886/2775/3523 2885/2766/3523 2887/2767/3523
s 0
f 2885/2766/3505 2867/2767/3176 2887/2767/3382
s 1
f 2887/2767/3524 2872/2772/3525 2886/2775/3526
s 0
f 2868/2769/3527 2887/2767/3176 2867/2767/3382
s 1
f 2878/2773/3498 2881/2774/3528 2872/2772/3499
f 2889/2776/3529 2891/2777/3530 2888/2778/3531
f 2888/2778/3532 2890/2779/3533 2889/2776/3534
f 2890/2779/3533 2888/2778/3532 2892/2780/3535
f 2894/2781/3536 2888/2778/3531 2891/2777/3530
f 2888/2778/3537 2893/2782/3537 2892/2780/3537
f 2893/2782/3538 2894/2781/3539 2895/2783/3540
f 2894/2781/3541 2896/2784/3541 2895/2783/3541
f 2898/2785/3542 2894/2781/3543 2897/2786/3544
f 2897/2786/3545 2899/2787/3545 2898/2785/3545
f 2897/2786/3546 2901/2788/3547 2900/2789/3548
f 2902/2790/3549 2897/2786/3550 2891/2777/3530
s 0
f 2905/2789/3551 2901/2788/3176 2903/2788/3382
f 2902/2790/3552 2903/2788/3176 2901/2788/3553
s 1
f 2904/2791/3554 2905/2789/3555 2903/2788/3556
f 2904/2791/3557 2906/2790/3557 2907/2792/3557
s 0
f 2906/2790/3495 2909/2792/3176 2907/2792/3382
s 1
f 2907/2792/3558 2910/2793/3559 2904/2791/3560
s 0
f 2889/2776/3500 2907/2792/3176 2909/2792/3382
s 1
f 2891/2777/3561 2909/2792/3561 2902/2790/3561
f 2910/2793/3562 2908/2776/3562 2911/2779/3562
s 0
f 2890/2779/3505 2908/2776/3176 2889/2776/3382
s 1
f 2912/2780/3563 2910/2793/3564 2911/2779/3565
s 0
f 2892/2780/3566 2911/2779/3176 2890/2779/3382
s 1
f 2913/2794/3567 2912/2780/3568 2914/2782/3569
s 0
f 2912/2780/3570 2893/2782/3176 2914/2782/3382
f 2895/2783/3515 2914/2782/3176 2893/2782/3382
s 1
f 2913/2794/3571 2915/2783/3571 2916/2784/3571
s 0
f 2915/2783/3572 2896/2784/3176 2916/2784/3382
s 1
f 2916/2784/3573 2918/2795/3574 2913/2794/3575
s 0
f 2898/2785/3576 2916/2784/3176 2896/2784/3382
s 1
f 2918/2795/3523 2917/2785/3523 2919/2787/3523
s 0
f 2917/2785/3505 2899/2787/3176 2919/2787/3382
s 1
f 2905/2789/3577 2918/2795/3578 2919/2787/3579
s 0
f 2900/2789/3527 2919/2787/3176 2899/2787/3382
s 1
f 2913/2794/3580 2918/2795/3581 2904/2791/3582
f 2920/2796/3583 2924/2797/3584 2923/2798/3585
f 2922/2799/3586 2923/2798/3587 2925/2800/3588
f 2924/2797/3589 2925/2800/3588 2923/2798/3590
f 2922/2799/3586 2926/2801/3591 2927/2802/3592
f 2924/2797/3584 2921/2803/3593 2928/2804/3594
f 2928/2804/3595 2927/2802/3592 2926/2801/3591
f 2926/2801/3591 2924/2797/3589 2928/2804/3596
f 2924/2797/3589 2926/2801/3591 2925/2800/3588
f 2929/2805/3532 2931/2806/3533 2930/2807/3534
f 2932/2808/3530 2930/2807/3529 2934/2809/3469
f 2940/2810/3536 2929/2805/3531 2932/2808/3530
f 2932/2808/3597 2934/2809/3597 2933/2811/3597
f 2935/2812/3598 2933/2811/3549 2937/2813/3599
f 2935/2812/3546 2937/2813/3600 2936/2814/3601
f 2935/2812/3546 2936/2814/3601 2939/2815/3602
f 2935/2812/3545 2939/2815/3545 2938/2816/3545
f 2940/2810/3543 2938/2816/3542 2942/2817/3481
f 2940/2810/3541 2942/2817/3541 2941/2818/3541
f 2940/2810/3539 2959/2819/3538 2929/2805/3603
s 0
f 2945/2818/3572 2942/2817/3176 2943/2817/3382
f 2942/2817/3382 2946/2816/3576 2943/2817/3176
s 1
f 2944/2820/3604 2945/2818/3604 2943/2817/3604
f 2944/2820/3605 2946/2816/3606 2947/2821/3607
f 2947/2821/3608 2946/2816/3608 2948/2815/3608
s 0
f 2946/2816/3505 2939/2815/3176 2948/2815/3382
f 2939/2815/3382 2949/2814/3609 2948/2815/3176
s 1
f 2947/2821/3610 2949/2814/3611 2950/2813/3493
s 0
f 2949/2814/3487 2937/2813/3363 2950/2813/3379
s 1
f 2947/2821/3607 2951/2811/3612 2952/2822/3613
s 0
f 2937/2813/3614 2951/2811/3615 2950/2813/3363
s 1
f 2952/2822/3616 2951/2811/3557 2953/2809/3617
s 0
f 2951/2811/3618 2934/2809/3176 2953/2809/3619
s 1
f 2952/2822/3616 2953/2809/3617 2954/2807/3620
s 0
f 2934/2809/3621 2954/2807/3622 2953/2809/3176
s 1
f 2952/2822/3623 2954/2807/3623 2955/2806/3623
s 0
f 2931/2806/3505 2954/2807/3176 2930/2807/3382
s 1
f 2944/2820/3605 2955/2806/3624 2956/2823/3625
s 0
f 2931/2806/3382 2956/2823/3566 2955/2806/3176
s 1
f 2944/2820/3626 2956/2823/3627 2957/2819/3628
s 0
f 2956/2823/3629 2959/2819/3176 2957/2819/3630
s 1
f 2929/2805/3537 2959/2819/3537 2958/2823/3537
s 0
f 2959/2819/3382 2945/2818/3515 2957/2819/3176
s 1
f 2944/2820/3626 2957/2819/3628 2945/2818/3631
f 2944/2820/3605 2947/2821/3607 2952/2822/3613
f 2960/2824/3632 2962/2825/3633 2961/2826/3634
f 2963/2827/3635 2961/2826/3636 2965/2828/3637
f 2963/2827/3635 2967/2829/3638 2960/2824/3639
f 2963/2827/3640 2965/2828/3640 2964/2830/3640
f 2967/2829/3641 2966/2831/3642 2969/2832/3643
f 2967/2829/3644 2969/2832/3644 2968/2833/3644
f 2967/2829/3645 2971/2834/3646 2970/2835/3647
f 2967/2829/3638 2988/2836/3648 2960/2824/3639
f 2974/2835/3649 2971/2834/3650 2972/2834/3651
s 0
f 2971/2834/3652 2975/2833/3653 2972/2834/3363
s 1
f 2973/2837/3654 2974/2835/3654 2972/2834/3654
f 2973/2837/3655 2975/2833/3656 2976/2832/3657
s 0
f 2975/2833/3658 2969/2832/3363 2976/2832/3659
s 1
f 2978/2838/3660 2976/2832/3661 2977/2839/3662
f 2969/2832/3663 2977/2839/3664 2976/2832/3363
f 2978/2838/3665 2979/2840/3666 2980/2841/3667
f 2980/2841/3668 2979/2840/3669 2981/2828/3670
f 2979/2840/3671 2965/2828/3363 2981/2828/3672
f 2980/2841/3668 2981/2828/3670 2982/2826/3673
s 0
f 2965/2828/3674 2982/2826/3675 2981/2828/3176
s 1
f 2980/2841/3676 2982/2826/3676 2983/2825/3676
s 0
f 2962/2825/3677 2982/2826/3176 2961/2826/3678
s 1
f 2980/2841/3679 2984/2842/3680 2985/2843/3681
s 0
f 2962/2825/3682 2984/2842/3683 2983/2825/3363
s 1
f 2985/2843/3684 2984/2842/3684 2986/2836/3684
s 0
f 2984/2842/3685 2988/2836/3363 2986/2836/3686
s 1
f 2960/2824/3687 2988/2836/3687 2987/2844/3687
f 2988/2836/3688 2974/2835/3689 2986/2836/3363
f 2985/2843/3690 2974/2835/3691 2973/2837/3692
f 2989/2845/3693 2991/2846/3693 2990/2847/3693
f 2989/2845/3694 2995/2848/3695 2993/2849/3696
f 2989/2845/3697 3019/2850/3698 2991/2846/3699
f 2993/2849/3700 2995/2848/3700 2994/2851/3700
f 2993/2849/3701 2997/2852/3702 2996/2853/3703
f 2998/2854/3704 2996/2853/3705 3000/2855/3706
f 2998/2854/3707 3000/2855/3707 2999/2856/3707
f 2992/2857/3708 2999/2856/3709 3002/2858/3710
f 2992/2857/3711 3002/2858/3712 3001/2859/3713
f 2992/2857/3711 3001/2859/3713 3020/2860/3714
s 0
f 3005/2859/3715 3002/2858/3176 3003/2858/3716
f 3002/2858/3717 3006/2856/3718 3003/2858/3176
s 1
f 3004/2861/3719 3005/2859/3720 3003/2858/3721
f 3004/2861/3719 3003/2858/3721 3006/2856/3722
f 3004/2861/3723 3006/2856/3723 3007/2855/3723
s 0
f 3006/2856/3724 3000/2855/3363 3007/2855/3379
s 1
f 3004/2861/3725 3008/2853/3726 3009/2862/3727
s 0
f 3000/2855/3728 3008/2853/3729 3007/2855/3176
s 1
f 3009/2862/3730 3008/2853/3730 3010/2852/3730
s 0
f 3008/2853/3731 2997/2852/3176 3010/2852/3732
s 1
f 3009/2862/3727 3011/2851/3733 3012/2863/3734
s 0
f 2997/2852/3735 3011/2851/3736 3010/2852/3176
s 1
f 3012/2863/3737 3011/2851/3738 3013/2848/3739
s 0
f 3011/2851/3740 2995/2848/3363 3013/2848/3379
s 1
f 3012/2863/3737 3013/2848/3739 3014/2847/3741
s 0
f 2995/2848/3382 3014/2847/3742 3013/2848/3176
s 1
f 3012/2863/3743 3014/2847/3743 3015/2846/3743
s 0
f 2991/2846/3744 3014/2847/3363 2990/2847/3745
s 1
f 3017/2864/3746 3015/2846/3747 3016/2850/3748
f 2991/2846/3749 3016/2850/3750 3015/2846/3363
f 3017/2864/3684 3016/2850/3684 3018/2860/3684
f 3016/2850/3751 3020/2860/3363 3018/2860/3752
f 2992/2857/3753 3020/2860/3753 3019/2850/3753
s 0
f 3020/2860/3754 3005/2859/3755 3018/2860/3363
s 1
f 3017/2864/3756 3005/2859/3757 3004/2861/3758
f 3032/2865/3427 3031/2866/3428 3030/2867/3429
f 3030/2867/3429 3031/2866/3428 3027/2868/3759
f 3037/2869/3431 3036/2870/3432 3033/2871/3433
f 3039/2872/3760 3041/2873/3761 3040/2874/3762
f 3039/2872/3763 3044/2875/3764 3042/2876/3765
f 3042/2876/3766 3044/2875/3700 3043/2877/3767
f 3042/2876/3766 3043/2877/3767 3046/2878/3768
f 3042/2876/3769 3046/2878/3769 3045/2879/3769
f 3047/2880/3770 3045/2879/3771 3049/2881/3772
f 3047/2880/3773 3049/2881/3774 3048/2882/3775
f 3047/2880/3773 3048/2882/3775 3051/2883/3776
f 3047/2880/3777 3051/2883/3777 3050/2884/3777
f 3039/2872/3778 3050/2884/3779 3068/2885/3780
s 0
f 3054/2884/3781 3051/2883/3176 3052/2883/3782
f 3051/2883/3382 3055/2882/3783 3052/2883/3176
s 1
f 3053/2886/3784 3054/2884/3785 3052/2883/3786
f 3053/2886/3787 3055/2882/3788 3056/2887/3789
f 3056/2887/3790 3055/2882/3790 3057/2881/3790
s 0
f 3055/2882/3791 3049/2881/3176 3057/2881/3792
f 3049/2881/3793 3058/2879/3794 3057/2881/3176
s 1
f 3056/2887/3795 3058/2879/3796 3059/2878/3797
s 0
f 3058/2879/3798 3046/2878/3176 3059/2878/3799
s 1
f 3061/2888/3800 3059/2878/3801 3060/2877/3802
s 0
f 3046/2878/3803 3060/2877/3804 3059/2878/3176
s 1
f 3061/2888/3805 3060/2877/3806 3062/2875/3807
s 0
f 3060/2877/3808 3044/2875/3176 3062/2875/3809
s 1
f 3061/2888/3805 3062/2875/3807 3063/2874/3810
s 0
f 3044/2875/3811 3063/2874/3812 3062/2875/3363
s 1
f 3061/2888/3813 3063/2874/3813 3064/2873/3813
s 0
f 3041/2873/3814 3063/2874/3176 3040/2874/3815
s 1
f 3053/2886/3787 3064/2873/3816 3065/2889/3817
s 0
f 3041/2873/3818 3065/2889/3819 3064/2873/3363
s 1
f 3053/2886/3820 3065/2889/3820 3066/2885/3820
s 0
f 3065/2889/3821 3068/2885/3363 3066/2885/3822
s 1
f 3039/2872/3823 3068/2885/3823 3067/2889/3823
s 0
f 3068/2885/3824 3054/2884/3825 3066/2885/3363
s 1
f 3073/2890/3826 3070/2891/3827 3072/2892/3828
f 3071/2893/3829 3073/2890/3826 3072/2892/3828
f 3077/2894/3830 3074/2895/3831 3078/2896/3832
f 3079/2897/3833 3076/2898/3834 3077/2894/3830
f 3078/2896/3832 3080/2899/3835 3079/2897/3833
f 3088/2900/3836 3083/2901/3837 3085/2902/3838
f 3089/2903/3839 3088/2900/3836 3087/2904/3840
f 3081/2905/3841 3086/2906/3842 3085/2902/3838
f 3086/2906/3842 3089/2903/3843 3087/2904/3840
f 3093/2907/3844 3090/2908/3845 3092/2909/3846
f 3093/2907/3844 3094/2910/3847 3095/2911/3848
f 3090/2908/3845 3097/2912/3849 3098/2913/3850
f 3098/2913/3850 3096/2914/3851 3099/2915/3852
f 3096/2914/3851 3100/2916/3853 3099/2915/3852
f 3090/2908/3845 3100/2916/3853 3092/2909/3846
f 3095/2911/3848 3101/2917/3854 3100/2916/3853
f 3094/2910/3847 3092/2909/3846 3101/2917/3854
f 3105/2918/3844 3102/2919/3845 3104/2920/3846
f 3105/2918/3844 3106/2921/3847 3107/2922/3848
f 3102/2919/3845 3109/2923/3849 3110/2924/3850
f 3110/2924/3850 3108/2925/3851 3111/2926/3852
f 3108/2925/3851 3112/2927/3853 3111/2926/3852
f 3102/2919/3845 3112/2927/3853 3104/2920/3846
f 3107/2922/3848 3113/2928/3854 3112/2927/3853
f 3106/2921/3847 3104/2920/3846 3113/2928/3854
f 3117/2929/3844 3114/2930/3845 3116/2931/3846
f 3117/2929/3844 3118/2932/3847 3119/2933/3855
f 3114/2930/3845 3121/2934/3849 3122/2935/3850
f 3122/2935/3850 3120/2936/3851 3123/2937/3852
f 3120/2936/3851 3124/2938/3853 3123/2937/3852
f 3114/2930/3845 3124/2938/3853 3116/2931/3846
f 3119/2933/3855 3125/2939/3854 3124/2938/3853
f 3118/2932/3847 3116/2931/3846 3125/2939/3854
f 3126/2940/3856 3128/2941/3857 3130/2942/3858
f 3131/2943/3859 3128/2941/3857 3129/2944/3860
f 3128/2941/3857 3132/2945/3861 3129/2944/3860
f 3130/2942/3858 3132/2945/3861 3133/2946/3862
f 3126/2940/3856 3134/2947/3863 3127/2948/3864
f 3128/2941/3857 3134/2947/3863 3133/2946/3862
f 3130/2942/3858 3134/2947/3863 3126/2940/3856
f 3135/2949/3865 3136/2950/3866 3140/2951/3867
f 3135/2949/3865 3137/2952/3534 3136/2950/3866
f 3138/2953/3868 3137/2952/3869 3135/2949/3870
f 3141/2954/3871 3139/2955/3872 3143/2956/3873
f 3135/2949/3874 3140/2951/3874 3139/2955/3874
f 3141/2954/3875 3146/2957/3876 3144/2958/3877
f 3141/2954/3878 3143/2956/3878 3142/2959/3878
f 3144/2958/3545 3146/2957/3545 3145/2960/3545
f 3144/2958/3879 3166/2961/3880 3138/2953/3868
f 3144/2958/3881 3148/2962/3882 3147/2963/3883
s 0
f 3151/2963/3572 3148/2962/3176 3149/2962/3382
f 3148/2962/3382 3152/2960/3576 3149/2962/3176
s 1
f 3153/2964/3519 3149/2962/3884 3152/2960/3885
f 3150/2965/3886 3151/2963/3887 3149/2962/3888
f 3153/2964/3523 3152/2960/3523 3154/2957/3523
s 0
f 3152/2960/3505 3146/2957/3176 3154/2957/3382
s 1
f 3153/2964/3889 3155/2959/3890 3156/2966/3891
s 0
f 3146/2957/3382 3155/2959/3609 3154/2957/3176
s 1
f 3156/2966/3892 3155/2959/3893 3157/2956/3894
s 0
f 3155/2959/3551 3143/2956/3176 3157/2956/3496
s 1
f 3156/2966/3892 3157/2956/3894 3158/2955/3895
s 0
f 3143/2956/3553 3158/2955/3896 3157/2956/3176
s 1
f 3156/2966/3897 3158/2955/3897 3159/2951/3897
s 0
f 3158/2955/3495 3140/2951/3176 3159/2951/3382
s 1
f 3161/2967/3898 3159/2951/3899 3160/2950/3900
s 0
f 3140/2951/3382 3160/2950/3500 3159/2951/3176
s 1
f 3161/2967/3562 3160/2950/3562 3162/2952/3562
s 0
f 3137/2952/3505 3160/2950/3176 3136/2950/3382
s 1
f 3161/2967/3901 3163/2968/3902 3150/2965/3903
s 0
f 3137/2952/3382 3163/2968/3566 3162/2952/3176
s 1
f 3150/2965/3511 3163/2968/3511 3164/2961/3511
s 0
f 3163/2968/3570 3166/2961/3176 3164/2961/3382
s 1
f 3138/2953/3904 3166/2961/3904 3165/2968/3904
s 0
f 3166/2961/3382 3151/2963/3515 3164/2961/3176
s 1
f 509/2593/3264 510/2595/3266 511/2590/3261
f 512/2589/3260 509/2593/3264 511/2590/3261
f 515/2594/3265 513/2591/3262 511/2590/3261
f 514/2592/3263 515/2594/3265 510/2595/3266
f 521/2599/3270 519/2601/3272 517/2598/3269
f 519/2601/3272 521/2599/3270 520/2602/3273
f 521/2599/3270 518/2600/3271 522/2597/3268
f 520/2602/3273 521/2599/3270 522/2597/3268
f 523/2605/3276 530/2610/3281 525/2603/3274
f 523/2605/3276 524/2604/3275 530/2610/3281
f 526/2607/4563 524/2604/3275 525/2603/3274
f 528/2608/3282 526/2607/4563 529/2609/3280
f 529/2609/3280 525/2603/3274 530/2610/3281
f 529/2609/3280 526/2607/4563 525/2603/3274
f 527/2606/3277 528/2608/3279 530/2610/3281
f 794/2611/3283 796/3131/4564 797/2612/3284
f 795/2613/3285 798/2614/3286 799/2615/3287
f 796/3131/4564 794/2611/3283 799/2615/3287
f 797/2612/3284 796/3131/4564 799/2615/3287
f 801/2616/3288 802/2619/3291 803/2617/3289
f 804/2620/3292 802/2619/3291 801/2616/3288
f 800/2618/3290 803/2617/3289 804/2620/3292
f 807/3132/4565 806/3133/4566 810/3134/4567
f 806/3133/4566 805/3135/4568 810/3134/4567
f 809/3136/4569 805/3135/4568 806/3133/4566
f 806/3133/4566 807/3132/4565 809/3136/4569
f 809/3136/4569 807/3132/4565 808/3137/4570
f 807/3132/4565 810/3134/4567 808/3137/4570
f 810/3134/4567 809/3136/4569 808/3137/4570
f 805/3135/4568 809/3136/4569 810/3134/4567
f 812/3138/4571 811/2623/3295 816/2624/3296
f 811/2623/3295 813/2622/3294 816/2624/3296
f 811/2623/3295 812/3138/4571 815/2621/3293
f 813/2622/3294 815/2621/3293 814/2625/3297
f 816/2624/3296 813/2622/3294 814/2625/3297
f 816/2624/3296 815/2621/3293 812/3138/4571
f 836/2626/3298 828/2634/3306 838/2627/3299
f 831/2629/3301 830/2633/3305 833/2630/3302
f 837/2628/3300 835/3139/4572 834/2632/3304
f 836/2626/3298 834/2632/3304 830/2633/3305
f 839/2635/3307 832/2631/3303 833/2630/3302
f 829/2636/3308 839/2635/3307 838/2627/3299
f 831/2629/3301 832/2631/3303 839/2635/3307
f 834/2632/3304 835/3139/4572 833/2630/3302
f 833/2630/3302 835/3139/4572 837/2628/3300
f 830/2633/3305 831/2629/3301 829/2636/3308
f 1261/2637/3309 1263/2641/3313 1262/2638/3310
f 1265/2642/3314 1264/2640/3312 1261/2637/3309
f 1263/2641/3313 1264/2640/3312 1265/2642/3314
f 2702/2643/3315 2705/2647/4573 2706/2644/3316
f 2704/2646/3318 2707/2648/3320 2705/2647/3319
f 2704/2646/3318 2709/2650/3324 2708/2649/3323
f 2709/2650/3324 2703/2645/3317 2710/2651/3326
f 2708/2649/3323 2710/2651/4574 2706/2644/3321
f 2713/2654/3329 2711/3140/4575 2712/2652/3327
f 2712/2652/3327 2716/3141/4576 2715/2653/3328
f 2715/2653/3328 2714/3142/4577 2713/2654/3329
f 2718/2657/3332 2719/3143/4578 2720/3144/4579
f 2720/3144/4579 2721/3145/4580 2718/2657/3332
f 2721/3145/4580 2714/2655/3330 2718/2657/3332
f 2723/2660/3334 2743/2676/4581 2725/2661/3335
f 2726/2663/3339 2724/2659/4582 2722/2658/3337
f 2725/2661/3335 2728/2664/3341 2722/2658/3336
f 2727/2662/3340 2722/2658/3336 2728/2664/3341
f 2731/2668/3346 2730/2666/4583 2728/2664/3344
f 2733/2669/3347 2732/2667/4584 2728/2664/3348
f 2735/2671/3372 2734/2670/4585 2725/2661/3370
s 0
f 2738/2669/3176 2733/2669/4586 2734/2670/4587
f 2735/2671/3176 2739/2674/4588 2736/2670/4589
s 1
f 2736/2670/3358 2739/2674/4590 2740/2673/3359
s 0
f 2739/2674/3363 2735/2671/4591 2743/2676/4592
s 1
f 2742/2660/3365 2744/2677/4593 2740/2673/3366
s 0
f 2723/2660/3363 2742/2660/3369 2741/2675/4594
f 2724/2659/3363 2745/2659/4595 2742/2660/4596
s 1
f 2745/2659/3375 2746/2663/4597 2744/2677/3373
s 0
f 2726/2663/3363 2746/2663/3379 2745/2659/4598
f 2746/2663/3176 2726/2663/3553 2727/2662/4599
s 1
f 2747/2662/3383 2748/2665/3415 2749/2678/3384
s 0
f 2729/2665/3176 2748/2665/4600 2747/2662/4601
s 1
f 2748/2665/3363 2729/2665/4602 2730/2666/3389
f 2750/2666/3391 2751/2668/4603 2737/2672/3392
f 2731/2668/3363 2751/2668/4604 2750/2666/3393
s 0
f 2751/2668/3176 2731/2668/3553 2732/2667/4605
f 2733/2669/3176 2738/2669/3717 2752/2667/4606
s 1
f 2737/2672/3392 2740/2673/4607 2749/2678/3384
f 2740/2673/4607 2744/2677/3385 2749/2678/3384
f 2757/2685/3407 2755/2692/4608 2753/2681/3405
f 2756/2680/3401 2762/3146/4609 2753/2681/3402
f 2762/3146/4609 2761/2682/3403 2753/2681/3402
f 2758/2684/3408 2753/2681/4610 2759/2683/3409
s 0
f 2760/2686/3176 2763/2686/4611 2764/2684/4612
s 1
f 2763/2686/3413 2765/2688/4613 2771/2687/3414
f 2767/2690/3418 2768/3147/4614 2769/2691/4615
f 2769/2691/4615 2771/2687/4616 2767/2690/3418
f 2771/2687/4616 2765/2688/3416 2767/2690/3418
f 2772/2685/3419 2771/2687/4617 2769/2691/3420
s 0
f 2757/2685/3363 2772/2685/3424 2770/2692/4618
f 2772/2685/3363 2757/2685/3426 2758/2684/4619
s 1
f 2776/3148/4620 2775/3149/4621 2773/3150/4622
f 2776/3148/4620 2773/3150/4622 2777/3151/4623
f 2774/3152/4624 2773/3150/4622 2775/3149/4621
f 2774/3152/4624 2775/3149/4621 2776/3148/4620
f 2774/3152/4624 2776/3148/4620 2777/3151/4623
f 2773/3150/4622 2774/3152/4624 2777/3151/4623
f 2779/3153/4625 2778/3154/4625 2780/3155/4626
f 2778/3154/4625 2779/3153/4625 2780/3155/4626
f 2783/3156/4627 2782/3157/4628 2781/3158/4629
f 2781/3158/4629 2782/3157/4628 2783/3156/4627
f 2784/2696/3430 2786/3159/4630 2785/3160/4631
f 2784/2696/3430 2788/2694/3428 2789/2693/3427
f 2789/2693/3427 2786/3159/4630 2784/2696/3430
f 2786/3159/4630 2787/2695/3429 2785/3160/4631
f 2786/3159/4630 2789/2693/3427 2787/2695/3429
f 2787/2695/3429 2784/2696/3430 2785/3160/4631
f 2792/3161/4632 2790/2699/3433 2791/3162/4633
f 2795/3163/4634 2794/2697/3431 2790/2699/3433
f 2792/3161/4632 2795/3163/4634 2790/2699/3433
f 2793/2698/3432 2792/3161/4632 2791/3162/4633
f 2795/3163/4634 2792/3161/4632 2793/2698/3432
f 2793/2698/3432 2794/2697/3431 2795/3163/4634
f 2791/3162/4633 2790/2699/3433 2793/2698/3432
f 2797/2702/3436 2796/2701/3435 2802/2706/3440
f 2796/2701/3435 2803/2705/3439 2802/2706/3440
f 2798/2700/3434 2799/3164/4635 2796/2701/3435
f 2798/2700/3434 2800/2704/3438 2799/3164/4635
f 2801/2703/3437 2802/2706/3440 2803/2705/3439
f 2798/2700/3434 2797/2702/3436 2802/2706/3440
f 2799/3164/4635 2800/2704/3438 2796/2701/3435
f 2804/2708/3442 2805/3165/4636 2806/2709/3443
f 2810/2707/3441 2807/2711/3445 2804/2708/3442
f 2807/2711/3445 2810/2707/3441 2808/2710/3444
f 2808/2710/3444 2810/2707/4637 2809/3166/4638
f 2809/3166/4638 2806/2709/3443 2805/3165/4636
f 2809/3166/4638 2810/2707/4637 2806/2709/3443
f 2808/2710/3444 2805/3165/4636 2804/2708/3442
f 2808/2710/3444 2809/3166/4638 2805/3165/4636
f 2811/2712/3446 2812/2715/3449 2814/2713/3447
f 2818/2717/3451 2817/2716/3450 2812/2715/3449
f 2817/2716/3450 2816/2723/3457 2814/2713/3447
f 2816/2723/3457 2815/2721/3455 2814/2713/3447
f 2811/2712/3446 2819/2718/3452 2818/2717/3451
f 2819/2718/3452 2820/2720/3454 2817/2716/3450
f 2821/2719/3453 2816/2723/3457 2817/2716/3450
f 2820/2720/3454 2819/2718/3452 2811/2712/3446
f 2811/2712/3446 2813/2714/3448 2821/2719/3453
f 2813/2714/3448 2822/2722/3456 2821/2719/3453
f 2813/2714/3448 2814/2713/3447 2815/2721/3455
f 2822/2722/3456 2815/2721/3455 2816/2723/3457
f 2823/2724/3446 2824/2727/3449 2826/2725/3447
f 2830/2729/3451 2829/2728/3450 2824/2727/3449
f 2829/2728/3450 2828/2735/3457 2826/2725/3447
f 2828/2735/3457 2827/2733/3455 2826/2725/3447
f 2823/2724/3446 2831/2730/3452 2830/2729/3451
f 2831/2730/3452 2832/2732/3454 2829/2728/3450
f 2833/2731/3453 2828/2735/3457 2829/2728/3450
f 2832/2732/3454 2831/2730/3452 2823/2724/3446
f 2823/2724/3446 2825/2726/3448 2833/2731/3453
f 2825/2726/3448 2834/2734/3456 2833/2731/3453
f 2825/2726/3448 2826/2725/3447 2827/2733/3455
f 2834/2734/3456 2827/2733/3455 2828/2735/3457
f 2835/2736/3446 2836/2739/3449 2838/2737/3447
f 2842/2741/3451 2841/2740/3450 2836/2739/3449
f 2841/2740/3450 2840/2747/3458 2838/2737/3447
f 2840/2747/3458 2839/2745/3455 2838/2737/3447
f 2835/2736/3446 2843/2742/3452 2842/2741/3451
f 2843/2742/3452 2844/2744/3454 2841/2740/3450
f 2845/2743/3453 2840/2747/3458 2841/2740/3450
f 2844/2744/3454 2843/2742/3452 2835/2736/3446
f 2835/2736/3446 2837/2738/3448 2845/2743/3453
f 2837/2738/3448 2846/2746/3456 2845/2743/3453
f 2837/2738/3448 2838/2737/3447 2839/2745/3455
f 2846/2746/3456 2839/2745/3455 2840/2747/3458
f 2850/2748/3459 2849/2755/3466 2847/2749/3460
f 2851/2751/3462 2850/2748/3459 2848/2750/3461
f 2853/2753/3464 2854/3167/4639 2850/2748/3459
f 2848/2750/3461 2854/3167/4639 2853/2753/3464
f 2850/2748/3459 2854/3167/4639 2855/2754/3465
f 2855/2754/3465 2854/3167/4639 2848/2750/3461
f 2877/2756/3467 2859/2768/4640 2856/2757/3468
f 2861/2760/3471 2858/2759/4641 2856/2757/3472
f 2860/2761/4642 2856/2757/4643 2859/2768/3484
f 2865/2765/4644 2860/2761/4642 2859/2768/3484
f 2864/2764/3479 2860/2761/4645 2865/2765/3480
f 2867/2767/3483 2865/2765/4644 2859/2768/3484
f 2870/2771/3503 2869/2770/4646 2859/2768/3501
s 0
f 2873/2769/3363 2868/2769/3379 2869/2770/4647
f 2870/2771/3176 2874/2771/3489 2871/2770/4648
f 2874/2771/3176 2870/2771/3382 2877/2756/3572
s 1
f 2875/2756/3497 2876/2758/4649 2878/2773/3498
s 0
f 2857/2758/3176 2876/2758/3382 2875/2756/3576
f 2858/2759/3176 2879/2759/3382 2876/2758/3382
s 1
f 2880/2760/3506 2881/2774/3528 2878/2773/3498
s 0
f 2861/2760/3176 2880/2760/4650 2879/2759/4651
f 2880/2760/3176 2861/2760/4652 2862/2762/4653
s 1
f 2882/2762/3512 2883/2763/4654 2881/2774/3510
s 0
f 2863/2763/3176 2883/2763/3553 2882/2762/3552
f 2883/2763/3363 2863/2763/3379 2864/2764/4655
s 1
f 2884/2764/3518 2885/2766/3885 2886/2775/3519
s 0
f 2866/2766/3363 2885/2766/3522 2884/2764/4656
f 2885/2766/3176 2866/2766/3382 2867/2767/3382
s 1
f 2887/2767/3524 2873/2769/4657 2872/2772/3525
s 0
f 2868/2769/3176 2873/2769/3382 2887/2767/3566
s 1
f 2881/2774/3528 2886/2775/4658 2872/2772/3499
f 2889/2776/3529 2909/2792/3469 2891/2777/3530
f 2897/2786/3550 2894/2781/3536 2891/2777/3530
f 2893/2782/3538 2888/2778/3603 2894/2781/3539
f 2898/2785/3542 2896/2784/3481 2894/2781/3543
f 2900/2789/3548 2899/2787/3602 2897/2786/3546
f 2902/2790/3549 2901/2788/3599 2897/2786/3550
s 0
f 2905/2789/3176 2900/2789/3382 2901/2788/3570
f 2902/2790/3176 2906/2790/3382 2903/2788/3515
s 1
f 2903/2788/3556 2906/2790/4659 2904/2791/3554
s 0
f 2906/2790/3176 2902/2790/3382 2909/2792/3572
s 1
f 2907/2792/3558 2908/2776/4660 2910/2793/3559
s 0
f 2889/2776/3176 2908/2776/3382 2907/2792/3576
f 2890/2779/3176 2911/2779/3382 2908/2776/3382
s 1
f 2912/2780/3563 2913/2794/3580 2910/2793/3564
s 0
f 2892/2780/3176 2912/2780/3382 2911/2779/3527
f 2912/2780/3176 2892/2780/3382 2893/2782/3551
s 1
f 2914/2782/3569 2915/2783/4661 2913/2794/3567
s 0
f 2895/2783/3176 2915/2783/3553 2914/2782/3552
f 2915/2783/3176 2895/2783/3382 2896/2784/3495
s 1
f 2916/2784/3573 2917/2785/3885 2918/2795/3574
s 0
f 2898/2785/3176 2917/2785/3382 2916/2784/3500
f 2917/2785/3176 2898/2785/3382 2899/2787/3382
s 1
f 2905/2789/3577 2904/2791/4662 2918/2795/3578
s 0
f 2900/2789/3176 2905/2789/3382 2919/2787/3566
s 1
f 2904/2791/3582 2910/2793/3564 2913/2794/3580
f 2920/2796/3583 2921/2803/3593 2924/2797/3584
f 2922/2799/3586 2920/2796/3583 2923/2798/3587
f 2922/2799/3586 2925/2800/3588 2926/2801/3591
f 2921/2803/3593 2920/2796/3583 2927/2802/3592
f 2920/2796/3583 2922/2799/3586 2927/2802/3592
f 2928/2804/3595 2921/2803/3593 2927/2802/3592
f 2932/2808/3530 2929/2805/3531 2930/2807/3529
f 2929/2805/3532 2958/2823/3535 2931/2806/3533
f 2935/2812/3598 2940/2810/3536 2932/2808/3530
f 2935/2812/3598 2932/2808/3530 2933/2811/3549
f 2940/2810/3543 2935/2812/3544 2938/2816/3542
f 2940/2810/3539 2941/2818/3540 2959/2819/3538
s 0
f 2945/2818/3176 2941/2818/3382 2942/2817/3495
f 2942/2817/3500 2938/2816/3176 2946/2816/3382
s 1
f 2944/2820/3605 2943/2817/4663 2946/2816/3606
s 0
f 2946/2816/3176 2938/2816/3382 2939/2815/3382
s 1
f 2947/2821/3610 2948/2815/4664 2949/2814/3611
s 0
f 2939/2815/3566 2936/2814/3176 2949/2814/3382
f 2949/2814/3363 2936/2814/3379 2937/2813/4647
s 1
f 2947/2821/3607 2950/2813/4665 2951/2811/3612
s 0
f 2937/2813/4666 2933/2811/3363 2951/2811/3614
f 2951/2811/3176 2933/2811/3619 2934/2809/4667
f 2934/2809/4668 2930/2807/3176 2954/2807/3621
f 2931/2806/3176 2955/2806/3382 2954/2807/3382
s 1
f 2944/2820/3605 2952/2822/3613 2955/2806/3624
s 0
f 2931/2806/4669 2958/2823/3176 2956/2823/3382
f 2956/2823/3176 2958/2823/4670 2959/2819/4671
f 2959/2819/4672 2941/2818/3176 2945/2818/3553
s 1
f 2963/2827/3635 2960/2824/3639 2961/2826/3636
f 2960/2824/3632 2987/2844/4673 2962/2825/3633
f 2963/2827/3635 2978/2838/4674 2967/2829/3638
f 2963/2827/3635 2964/2830/4675 2978/2838/4674
f 2967/2829/3641 2978/2838/4676 2966/2831/3642
f 2967/2829/3645 2968/2833/4677 2971/2834/3646
f 2967/2829/3638 2970/2835/4678 2988/2836/3648
f 2974/2835/3649 2970/2835/4679 2971/2834/3650
s 0
f 2971/2834/4680 2968/2833/3363 2975/2833/3652
s 1
f 2973/2837/3655 2972/2834/4681 2975/2833/3656
s 0
f 2975/2833/3363 2968/2833/4682 2969/2832/4683
s 1
f 2978/2838/3660 2973/2837/4684 2976/2832/3661
f 2969/2832/3663 2966/2831/4685 2977/2839/3664
f 2977/2839/3662 2966/2831/4686 2978/2838/3660
f 2978/2838/3665 2964/2830/4687 2979/2840/3666
f 2979/2840/3671 2964/2830/4688 2965/2828/3363
s 0
f 2965/2828/4689 2961/2826/3176 2982/2826/4690
f 2962/2825/3176 2983/2825/4691 2982/2826/4692
s 1
f 2980/2841/3679 2983/2825/4693 2984/2842/3680
s 0
f 2962/2825/4694 2987/2844/3363 2984/2842/4695
f 2984/2842/3363 2987/2844/4696 2988/2836/4697
s 1
f 2988/2836/3688 2970/2835/4698 2974/2835/3689
f 2985/2843/3690 2986/2836/4699 2974/2835/3691
f 2980/2841/4700 2985/2843/4701 2973/2837/4684
f 2978/2838/3660 2980/2841/4700 2973/2837/4684
f 2989/2845/3694 2990/2847/4702 2995/2848/3695
f 2989/2845/3697 2992/2857/4703 3019/2850/3698
f 2992/2857/3708 2989/2845/4704 2998/2854/3704
f 2989/2845/4704 2993/2849/4705 2998/2854/3704
f 2993/2849/3701 2994/2851/3768 2997/2852/3702
f 2998/2854/3704 2993/2849/4705 2996/2853/3705
f 2992/2857/3708 2998/2854/3704 2999/2856/3709
s 0
f 3005/2859/3176 3001/2859/3716 3002/2858/4706
f 3002/2858/4707 2999/2856/3176 3006/2856/4708
f 3006/2856/3363 2999/2856/3379 3000/2855/4709
s 1
f 3004/2861/3725 3007/2855/4710 3008/2853/3726
s 0
f 3000/2855/4711 2996/2853/3176 3008/2853/4712
f 3008/2853/3176 2996/2853/4713 2997/2852/4714
s 1
f 3009/2862/3727 3010/2852/4715 3011/2851/3733
s 0
f 2997/2852/4716 2994/2851/3176 3011/2851/4717
f 3011/2851/3363 2994/2851/3379 2995/2848/4718
f 2995/2848/3783 2990/2847/3176 3014/2847/3382
f 2991/2846/3363 3015/2846/3745 3014/2847/4719
s 1
f 3017/2864/3746 3012/2863/4720 3015/2846/3747
f 2991/2846/3749 3019/2850/4721 3016/2850/3750
f 3016/2850/3751 3019/2850/4722 3020/2860/3363
s 0
f 3020/2860/4723 3001/2859/3176 3005/2859/3754
s 1
f 3017/2864/3756 3018/2860/4699 3005/2859/3757
f 3012/2863/3734 3017/2864/4724 3009/2862/3727
f 3017/2864/4724 3004/2861/3725 3009/2862/3727
f 3022/3168/4725 3021/3169/4725 3023/3170/4726
f 3021/3169/4725 3022/3168/4725 3023/3170/4726
f 3024/3171/4727 3026/3172/4728 3025/3173/4729
f 3025/3173/4729 3026/3172/4728 3024/3171/4727
f 3027/2868/3759 3029/3174/4630 3028/3175/4631
f 3027/2868/3759 3031/2866/3428 3032/2865/3427
f 3032/2865/3427 3029/3174/4630 3027/2868/3759
f 3029/3174/4630 3030/2867/3429 3028/3175/4631
f 3029/3174/4630 3032/2865/3427 3030/2867/3429
f 3030/2867/3429 3027/2868/3759 3028/3175/4631
f 3035/3176/4632 3033/2871/3433 3034/3177/4633
f 3038/3178/4634 3037/2869/3431 3033/2871/3433
f 3035/3176/4632 3038/3178/4634 3033/2871/3433
f 3036/2870/3432 3035/3176/4632 3034/3177/4633
f 3038/3178/4634 3035/3176/4632 3036/2870/3432
f 3036/2870/3432 3037/2869/3431 3038/3178/4634
f 3034/3177/4633 3033/2871/3433 3036/2870/3432
f 3039/2872/3763 3040/2874/4730 3044/2875/3764
f 3039/2872/3760 3067/2889/4731 3041/2873/3761
f 3039/2872/3778 3042/2876/4732 3047/2880/3770
f 3047/2880/3770 3042/2876/4732 3045/2879/3771
f 3039/2872/3778 3047/2880/3770 3050/2884/3779
s 0
f 3054/2884/3176 3050/2884/4733 3051/2883/4734
f 3051/2883/3742 3048/2882/3176 3055/2882/3382
s 1
f 3053/2886/3787 3052/2883/4735 3055/2882/3788
s 0
f 3055/2882/3176 3048/2882/3792 3049/2881/4736
s 1
f 3056/2887/3795 3057/2881/4737 3058/2879/3796
s 0
f 3049/2881/4738 3045/2879/3176 3058/2879/3793
f 3058/2879/3176 3045/2879/3799 3046/2878/4739
s 1
f 3061/2888/3800 3056/2887/4740 3059/2878/3801
s 0
f 3046/2878/4741 3043/2877/3176 3060/2877/4742
f 3060/2877/3176 3043/2877/4743 3044/2875/4744
f 3044/2875/4745 3040/2874/3363 3063/2874/4746
f 3041/2873/3176 3064/2873/4747 3063/2874/4748
s 1
f 3053/2886/3787 3061/2888/4749 3064/2873/3816
s 0
f 3041/2873/4750 3067/2889/3363 3065/2889/3818
f 3065/2889/3363 3067/2889/3822 3068/2885/4751
f 3068/2885/4752 3050/2884/3363 3054/2884/3824
s 1
f 3053/2886/3784 3066/2885/4753 3054/2884/3785
f 3056/2887/3789 3061/2888/4749 3053/2886/3787
f 3071/2893/3829 3069/3179/4754 3070/2891/3827
f 3071/2893/3829 3070/2891/3827 3073/2890/3826
f 3069/3179/4754 3071/2893/3829 3072/2892/3828
f 3069/3179/4754 3072/2892/3828 3070/2891/3827
f 3075/3180/4755 3074/2895/3831 3080/2899/3835
f 3074/2895/3831 3076/2898/3834 3080/2899/3835
f 3076/2898/3834 3074/2895/3831 3077/2894/3830
f 3077/2894/3830 3078/2896/3832 3079/2897/3833
f 3079/2897/3833 3080/2899/3835 3076/2898/3834
f 3074/2895/3831 3075/3180/4755 3078/2896/3832
f 3078/2896/3832 3075/3180/4755 3080/2899/3835
f 3083/2901/4756 3089/2903/3843 3081/2905/3841
f 3089/2903/3839 3083/2901/3837 3082/3181/4757
f 3082/3181/4757 3083/2901/3837 3084/3182/4758
f 3088/2900/3836 3084/3182/4758 3083/2901/3837
f 3085/2902/3838 3083/2901/4756 3081/2905/3841
f 3086/2906/3842 3088/2900/3836 3085/2902/3838
f 3086/2906/3842 3087/2904/3840 3088/2900/3836
f 3089/2903/3839 3084/3182/4758 3088/2900/3836
f 3082/3181/4757 3084/3182/4758 3089/2903/3839
f 3086/2906/3842 3081/2905/3841 3089/2903/3843
f 3093/2907/3844 3091/3183/4759 3090/2908/3845
f 3095/2911/3848 3096/2914/3851 3093/2907/3844
f 3096/2914/3851 3097/2912/3849 3091/3183/4759
f 3093/2907/3844 3096/2914/3851 3091/3183/4759
f 3090/2908/3845 3091/3183/4759 3097/2912/3849
f 3098/2913/3850 3097/2912/3849 3096/2914/3851
f 3096/2914/3851 3095/2911/3848 3100/2916/3853
f 3090/2908/3845 3098/2913/3850 3099/2915/3852
f 3099/2915/3852 3100/2916/3853 3090/2908/3845
f 3100/2916/3853 3101/2917/3854 3092/2909/3846
f 3095/2911/3848 3094/2910/3847 3101/2917/3854
f 3094/2910/3847 3093/2907/3844 3092/2909/3846
f 3105/2918/3844 3103/3184/4759 3102/2919/3845
f 3107/2922/3848 3108/2925/3851 3105/2918/3844
f 3108/2925/3851 3109/2923/3849 3103/3184/4759
f 3105/2918/3844 3108/2925/3851 3103/3184/4759
f 3102/2919/3845 3103/3184/4759 3109/2923/3849
f 3110/2924/3850 3109/2923/3849 3108/2925/3851
f 3108/2925/3851 3107/2922/3848 3112/2927/3853
f 3102/2919/3845 3110/2924/3850 3111/2926/3852
f 3111/2926/3852 3112/2927/3853 3102/2919/3845
f 3112/2927/3853 3113/2928/3854 3104/2920/3846
f 3107/2922/3848 3106/2921/3847 3113/2928/3854
f 3106/2921/3847 3105/2918/3844 3104/2920/3846
f 3117/2929/3844 3115/3185/4759 3114/2930/3845
f 3119/2933/3855 3120/2936/3851 3117/2929/3844
f 3120/2936/3851 3121/2934/3849 3115/3185/4759
f 3117/2929/3844 3120/2936/3851 3115/3185/4759
f 3114/2930/3845 3115/3185/4759 3121/2934/3849
f 3122/2935/3850 3121/2934/3849 3120/2936/3851
f 3120/2936/3851 3119/2933/3855 3124/2938/3853
f 3114/2930/3845 3122/2935/3850 3123/2937/3852
f 3123/2937/3852 3124/2938/3853 3114/2930/3845
f 3124/2938/3853 3125/2939/3854 3116/2931/3846
f 3119/2933/3855 3118/2932/3847 3125/2939/3854
f 3118/2932/3847 3117/2929/3844 3116/2931/3846
f 3126/2940/3856 3127/2948/3864 3128/2941/3857
f 3131/2943/3859 3130/2942/3858 3128/2941/3857
f 3131/2943/3859 3129/2944/3860 3132/2945/3861
f 3128/2941/3857 3133/2946/3862 3132/2945/3861
f 3130/2942/3858 3131/2943/3859 3132/2945/3861
f 3128/2941/3857 3127/2948/3864 3134/2947/3863
f 3130/2942/3858 3133/2946/3862 3134/2947/3863
f 3138/2953/3868 3165/2968/4641 3137/2952/3869
f 3135/2949/3870 3141/2954/4760 3138/2953/3868
f 3141/2954/4760 3144/2958/3879 3138/2953/3868
f 3141/2954/3871 3135/2949/4761 3139/2955/3872
f 3141/2954/3875 3142/2959/4762 3146/2957/3876
f 3144/2958/3881 3145/2960/4763 3148/2962/3882
f 3144/2958/3879 3147/2963/4764 3166/2961/3880
s 0
f 3151/2963/3176 3147/2963/3382 3148/2962/3495
f 3148/2962/3500 3145/2960/3176 3152/2960/3382
s 1
f 3153/2964/3519 3150/2965/3520 3149/2962/3884
s 0
f 3152/2960/3176 3145/2960/3382 3146/2957/3382
s 1
f 3153/2964/3889 3154/2957/3579 3155/2959/3890
s 0
f 3146/2957/3566 3142/2959/3176 3155/2959/3382
f 3155/2959/3176 3142/2959/3382 3143/2956/3570
f 3143/2956/3515 3139/2955/3176 3158/2955/3382
f 3158/2955/3176 3139/2955/3382 3140/2951/3572
s 1
f 3161/2967/3898 3156/2966/4765 3159/2951/3899
s 0
f 3140/2951/3576 3136/2950/3176 3160/2950/3382
f 3137/2952/3176 3162/2952/3382 3160/2950/3382
s 1
f 3161/2967/3901 3162/2952/4766 3163/2968/3902
s 0
f 3137/2952/3609 3165/2968/3176 3163/2968/3382
f 3163/2968/3176 3165/2968/3382 3166/2961/3551
f 3166/2961/3552 3147/2963/3176 3151/2963/3553
s 1
f 3150/2965/3886 3164/2961/4654 3151/2963/3887
f 3161/2967/3898 3150/2965/4767 3156/2966/4765
f 3150/2965/4767 3153/2964/4768 3156/2966/4765
o ltread
v -0.703779 1.197954 -0.989034
v -0.759851 1.282055 -0.974575
v -0.727966 1.254110 -0.779385
v -0.742633 1.305994 -0.778828
v -0.806057 1.296626 0.077519
v -0.720134 1.324043 -0.642234
v -0.649845 1.348314 -0.834109
v -0.795472 1.284701 0.199697
v -0.755448 1.235924 0.103213
v -0.683963 1.215531 -0.772688
v -0.546166 1.301241 -0.890878
v -0.468842 1.367378 -0.760754
v -0.548986 1.324891 -0.821596
v -0.557699 1.318393 -0.708313
v -0.593540 1.348809 -0.744905
v -0.544965 1.326528 -0.559146
v -0.400997 1.420159 -1.331984
v -0.527134 1.452718 -0.752083
v -0.643160 1.362615 -0.647694
v -0.629801 1.367535 -0.555483
v -0.647563 1.382896 -0.430037
v -0.657108 1.304298 -0.645591
v -0.602512 1.321245 -0.554582
v -0.589073 1.403302 -0.747132
v -0.605682 1.393393 -0.896511
v -0.607283 1.278607 -0.830308
v -0.666835 1.252985 -0.633210
v -0.414216 1.443335 -1.330106
v -0.723217 1.242393 -1.353738
v -0.694658 1.304990 -1.360697
v -0.658803 1.204041 -1.356408
v -0.464950 1.333438 -1.339750
v -0.487746 1.441720 -1.341235
v -0.610467 1.301975 -0.481055
v -0.674835 1.309306 -0.474843
v -0.586769 1.314136 -0.378323
v -0.573655 1.335190 -0.026932
v -0.635610 1.337639 -0.386341
v -0.668024 1.361083 -0.339642
v -0.620826 1.430038 -0.104383
v -0.573406 1.455507 0.022271
v -0.532801 1.444706 0.006342
v -0.692980 1.401548 0.109625
v -0.794722 1.373554 0.317162
v -0.884023 1.345177 0.390971
v -0.704970 1.389161 0.111894
v -1.025672 1.250241 0.374250
v -1.142235 1.245242 0.522252
v -1.254415 1.189712 0.730073
v -1.184168 1.242202 0.831534
v -1.195853 1.225504 0.861765
v -1.305136 1.160668 0.907363
v -1.485003 1.013836 1.029997
v -1.482582 0.983995 1.034203
v -1.422947 0.979819 1.021388
v -1.310427 1.038218 0.952371
v -1.212725 1.105251 0.893522
v -1.146894 1.153519 0.866049
v -1.125583 1.192459 0.854433
v -1.127370 1.216265 0.856710
v -1.151223 1.230154 0.852191
v -1.127278 1.253216 0.816419
v -1.091247 1.225369 0.791412
v -1.085314 1.257053 0.566563
v -0.966961 1.309749 0.402993
v -0.867155 1.313181 0.360369
v -0.845381 1.277543 0.378650
v -0.825953 1.294128 0.506024
v -0.836293 1.294706 0.746854
v -0.873661 1.291900 0.906519
v -0.955745 1.243303 0.853151
v -0.983375 1.209301 0.845459
v -0.914028 1.306918 0.934148
v -0.909706 1.344896 0.903366
v -0.983063 1.288055 0.858328
v -0.875625 1.376316 1.037705
v -0.880186 1.361866 0.742870
v -0.867714 1.357204 0.511223
v -0.784111 1.356698 0.465569
v -1.033674 1.277478 1.280513
v -1.078174 1.253251 1.272226
v -0.969712 1.254257 1.243507
v -0.993298 1.224116 1.223861
v -0.825127 1.318452 1.051065
v -0.931292 1.258813 1.109674
v -0.928861 1.254940 1.041005
v -0.942190 1.257317 0.973853
v -1.070542 1.145428 0.719393
v -1.109533 1.183161 0.728501
v -1.055114 1.151246 0.556036
v -1.043253 1.180668 0.661605
v -1.079977 1.225000 0.688636
v -0.964797 1.322229 1.007038
v -1.073309 1.189735 0.537408
v -1.095003 1.191552 0.553265
v -1.037418 1.202716 0.814120
v -0.915653 1.261128 1.009495
v -0.917920 1.261811 1.031811
v -0.929098 1.248221 1.085870
v -0.974266 1.261186 1.142749
v -0.984927 1.278477 1.147169
v -0.989851 1.299201 1.134858
v -0.986955 1.302282 1.147461
v -0.969575 1.327433 1.111941
v -0.967522 1.326537 1.090977
v -0.976781 1.319763 1.081078
v -0.977261 1.324883 1.036148
v -0.975446 1.283965 0.977020
v -0.962634 1.268212 0.972759
v -0.946605 1.255098 0.986042
v -1.123090 1.146256 1.374969
v -1.165141 1.182538 1.363024
v -1.182475 1.159690 1.755781
v -1.167350 1.155886 1.807194
v -1.194618 1.199584 1.797901
v -1.141276 1.226302 1.428142
v -1.103356 1.184753 1.454381
v -0.777976 1.325814 0.532299
v -0.742038 1.306452 0.274764
v -0.688003 1.354018 0.240680
v -0.517965 1.412882 -0.002066
v -0.525677 1.388004 0.034915
v -0.610873 1.317463 -0.214846
v -0.670537 1.298524 -0.122982
v -0.629929 1.313506 -0.032900
v -0.664661 1.337309 -0.053277
v -0.775034 1.226740 0.041185
v -0.722740 1.259252 0.121416
v -0.760776 1.259631 0.060388
v -0.773704 1.280049 0.068872
v -0.852703 1.210937 -0.152890
v -0.899607 1.279877 -0.156345
v -0.826775 1.305906 0.036443
v -0.879141 1.293702 0.085690
v -1.006638 1.231419 -0.123417
v -1.067071 1.208502 0.000162
v -1.017670 1.193988 -0.124235
v -1.039192 1.158053 -0.011276
v -1.022961 1.136743 0.161323
v -1.087957 1.185940 0.144542
v -1.038589 1.147613 0.277839
v -1.075828 1.215445 0.245877
v -1.023703 1.205335 0.380175
v -0.761932 1.330844 0.095774
v -0.634798 1.302095 0.113671
v -0.703025 1.304058 0.016487
v -0.718997 1.311428 0.030798
v -0.680079 1.373933 -0.037327
v -0.689684 1.362226 -0.120294
v -0.704140 1.311110 -0.139767
v -0.655216 1.343801 -0.216878
v -0.660824 1.376678 -0.239544
v -0.688033 1.307588 -0.304063
v -1.173662 1.172346 0.547621
v -1.241493 1.138318 0.695217
v -1.353624 1.108056 0.726344
v -1.504501 1.023380 0.844120
v -1.511240 1.009612 0.899924
v -1.481801 1.039660 1.007442
v -1.514859 0.967523 1.043662
v -1.513566 0.959997 0.936842
v -1.467245 0.945121 0.903464
v -1.454709 0.949586 0.851168
v -1.379002 1.010852 0.466045
v -1.332456 1.069570 0.382950
v -1.371152 1.073703 0.416829
v -1.466124 1.027869 0.542356
v -1.488645 1.016533 0.643871
v -1.341843 1.094598 0.675086
v -1.316697 1.081210 0.674119
v -1.202739 1.101671 0.726110
v -1.110709 1.146442 0.526923
v -1.058566 1.207839 0.574176
v -1.017821 1.210250 0.496826
v -0.968304 1.195239 0.382197
v -0.949781 1.167725 0.302018
v -1.106717 1.172393 0.829502
v -1.439678 0.973219 0.561727
v -1.457219 0.960523 0.733344
v -0.901533 1.359539 1.762666
v -0.944152 1.370673 1.780738
v -0.934433 1.361860 1.349010
v -0.955310 1.343093 1.784113
v -0.960432 1.337082 1.813378
v -0.955498 1.329071 1.798186
v -0.938638 1.324130 1.784418
v -0.903474 1.300136 1.534512
v -0.892555 1.298459 1.336708
v -0.901419 1.290900 1.216555
v -0.900149 1.312178 1.785418
v -0.937132 1.339938 1.212136
v -1.646579 1.177081 1.601393
v -1.686653 1.213207 1.555743
v -1.682040 1.149753 1.545534
v -1.733661 1.182119 1.570849
v -1.879845 1.111645 2.117252
v -1.852236 1.071735 2.119344
v -1.698476 1.239088 2.203606
v -1.673269 1.200265 2.205977
v -1.871271 1.081393 2.441304
v -1.874926 1.065371 2.454225
v -1.875818 1.066818 2.441198
v -1.873542 1.063381 2.433128
v -1.907164 1.113393 2.438052
v -1.903714 1.112515 2.432609
v -1.912218 1.120346 2.429604
v -1.512012 1.010862 0.899429
v -1.504357 1.023098 0.844471
v -1.541128 0.992904 0.884543
v -1.481644 0.956129 0.656166
v -1.432084 0.976419 0.511142
v -1.500934 1.003955 0.602183
v -1.427445 1.044454 0.444190
v -1.344547 1.076322 0.340588
v -1.467646 1.029673 0.542607
v -1.334289 1.069829 0.383390
v -1.488464 1.016272 0.643949
v -1.326251 1.053764 0.337816
v -1.429303 0.973257 0.545980
v -1.456089 0.968247 0.648790
v -1.455201 0.950605 0.850731
v -1.496953 0.929084 0.884123
v -1.466962 0.944628 0.903371
v -1.520378 0.958536 0.938157
v -1.662283 1.200691 2.231372
v -1.699956 1.242731 2.213603
v -1.694581 1.255702 2.219862
v -1.701955 1.261091 2.234023
v -1.700550 1.251874 2.306085
v -1.681056 1.220060 2.321816
v -1.666663 1.199652 2.305582
v -1.669231 1.183836 2.257919
v -1.670041 1.190706 2.207584
v -1.710025 1.252770 2.203457
v -1.710361 1.255389 2.224524
v -1.708092 1.229605 2.315879
v -1.684119 1.196670 2.312494
v -1.680779 1.216568 2.216455
v -1.670721 1.198355 2.216436
v -1.852495 1.055161 2.340601
v -1.856938 1.060657 2.123875
v -1.890437 1.112826 2.119743
v -1.917501 1.130677 2.342988
v -1.918650 1.126202 2.422618
v -1.874874 1.054486 2.430287
v -1.865125 1.049521 2.362076
v -1.864532 1.059820 2.425855
v -1.873752 1.062972 2.433260
v -1.878453 1.074279 2.434535
v -1.880021 1.075400 2.441388
v -1.902755 1.110549 2.438390
v -1.911003 1.120073 2.429337
v -1.910221 1.117954 2.438003
v -1.875364 1.066358 2.441275
v -1.906261 1.133667 2.397884
v -1.884778 1.127210 2.131719
v -1.903518 1.118599 2.424470
v -1.879524 1.117990 2.118389
v -1.844550 1.066286 2.123631
v -1.252378 1.548757 2.089695
v -1.214594 1.509821 2.101053
v -1.271754 1.553625 2.016219
v -1.220823 1.543979 1.992291
v -1.232174 1.455407 2.069079
v -1.385189 1.395883 2.191574
v -1.346797 1.378911 2.044717
v -1.518318 1.283816 2.148585
v -1.578284 1.284444 2.180466
v -1.585575 1.306397 2.171124
v -1.560824 1.347798 2.143813
v -1.402015 1.461700 2.040880
v -1.296878 1.526442 1.993706
v -1.250558 1.531553 1.989947
v -1.230324 1.516275 1.987497
v -1.223751 1.492140 1.992295
v -1.245786 1.451332 1.998174
v -1.201020 1.493076 1.999969
v -1.697586 1.281403 2.291423
v -1.644645 1.262888 2.214134
v -1.657831 1.192299 2.253575
v -1.644214 1.191196 2.300258
v -1.665326 1.208278 2.224843
v -1.655744 1.206493 2.346251
v -1.683058 1.259666 2.349107
v -1.694075 1.254817 2.220036
v -1.666650 1.200017 2.306446
v -1.680815 1.219823 2.322678
v -1.699973 1.248227 2.311455
v -1.701759 1.260767 2.234587
v -1.758150 1.144933 2.282425
v -1.713554 1.129889 2.058402
v -1.769197 1.174812 2.312802
v -1.723836 1.242450 2.315385
v -1.852272 1.055481 2.445701
v -1.864528 1.063941 2.429730
v -1.858388 1.056786 2.391685
v -1.841880 1.058961 2.137536
v -1.850881 1.072526 2.119153
v -1.769896 1.082605 1.838251
v -1.679801 1.151801 1.544748
v -1.665437 1.133894 1.553663
v -1.647627 1.180263 1.665836
v -1.638827 1.163149 1.697295
v -1.672617 1.200481 2.205132
v -1.668433 1.188787 2.209802
v -1.664571 1.181977 2.264933
v -1.678272 1.191312 2.304052
v -1.698020 1.194222 2.335527
v -1.694607 1.210832 2.321267
v -1.709313 1.237372 2.313314
v -1.714951 1.252427 2.272371
v -1.710000 1.252915 2.203418
v -1.709996 1.257569 2.224491
v -1.698761 1.238285 2.202590
v -1.679692 1.219963 1.586372
v -1.694155 1.249457 1.747850
v -1.715952 1.192290 1.548490
v -1.718816 1.214008 1.544049
v -1.825783 1.165223 1.843654
v -1.878058 1.112911 2.116710
v -1.887253 1.128722 2.134219
v -1.906080 1.133971 2.397768
v -1.903151 1.118972 2.424614
v -1.912208 1.140987 2.442368
v -1.773853 1.212145 2.150848
v -1.827597 1.063175 2.314866
v -1.822249 1.137318 2.356607
v -1.854500 1.058926 2.125057
v -1.849441 1.051831 2.182249
v -1.845666 1.076159 2.118202
v -1.971396 0.973390 1.888840
v -1.977895 0.988728 2.231462
v -1.960044 0.972600 2.214449
v -1.923969 1.019617 2.379229
v -2.004879 1.036705 2.227408
v -2.009737 1.061474 2.279483
v -2.001760 1.018549 1.886389
v -2.004079 1.045360 1.899592
v -1.893966 1.125890 2.116160
v -1.874160 1.115308 2.116025
v -1.892162 1.114778 2.121633
v -1.919032 1.130327 2.399774
v -1.875463 1.054581 2.430920
v -1.869094 1.049761 2.394960
v -1.853951 1.036686 2.092779
v -1.872176 1.040963 2.451230
v -1.949808 0.964062 1.902438
v -1.919719 1.122517 2.425272
v -1.933818 1.131290 2.447936
v -1.700555 1.243520 2.213841
v -1.670164 1.197961 2.216570
v -1.983118 0.985810 2.231294
v -2.012912 1.031309 2.228542
v -1.992981 1.024730 1.889868
v -1.962611 0.979519 1.891475
v -1.895117 1.100583 2.067595
v -1.883148 1.107105 2.118720
v -1.848688 1.074383 2.119069
vn -0.8424 -0.5376 0.0357
vn -0.9847 0.1734 -0.0170
vn -0.2844 -0.9582 0.0313
vn -0.9051 0.4252 0.0009
vn -0.6148 0.7719 0.1621
vn -0.5148 0.4702 -0.7169
vn 0.3203 0.7610 0.5642
vn 0.1285 0.9846 0.1185
vn 0.9799 -0.0635 0.1894
vn -0.1332 0.1050 0.9855
vn 0.4906 -0.7711 0.4058
vn 0.0286 -0.9941 0.1045
vn -0.8435 0.5328 0.0681
vn 0.4864 -0.8153 0.3140
vn 0.7503 -0.6576 0.0671
vn -0.2507 -0.9626 0.1027
vn 0.3799 -0.9250 0.0109
vn 0.1803 -0.9737 -0.1391
vn -0.8211 -0.4759 -0.3152
vn -0.7579 -0.6463 -0.0884
vn 0.8424 -0.0197 -0.5386
vn 0.8933 -0.1987 0.4033
vn 0.5498 -0.8342 0.0425
vn -0.8960 0.4211 -0.1410
vn -0.8747 0.4845 -0.0120
vn -0.8348 0.5433 -0.0887
vn -0.5647 0.8237 -0.0510
vn -0.2753 0.9612 -0.0177
vn -0.7368 -0.6761 -0.0066
vn -0.2934 -0.9525 -0.0818
vn 0.8064 0.0016 0.5914
vn 0.5612 -0.5327 -0.6334
vn -0.1601 0.7223 -0.6728
vn -0.7646 -0.2663 -0.5868
vn 0.4596 0.7339 -0.5002
vn 0.0618 -0.7863 -0.6147
vn 0.0761 -0.9957 -0.0535
vn -0.8598 -0.5055 -0.0720
vn 0.1395 -0.9900 0.0214
vn -0.7571 -0.6470 -0.0908
vn -0.9309 0.2860 -0.2273
vn 0.0351 0.9748 0.2201
vn 0.6514 0.7046 0.2815
vn -0.7107 0.6499 -0.2692
vn -0.0635 0.9965 0.0550
vn 0.7561 0.6472 0.0975
vn 0.7849 0.0878 0.6134
vn -0.3062 0.9138 0.2669
vn -0.1563 0.9243 0.3482
vn -0.3453 0.4462 -0.8256
vn -0.9386 0.3254 0.1150
vn -0.8696 0.4687 -0.1551
vn -0.6725 0.6573 -0.3403
vn -0.6486 0.7020 -0.2943
vn -0.2873 0.9347 0.2090
vn -0.5208 0.7365 0.4317
vn -0.5989 0.7948 -0.0986
vn -0.4113 0.5575 0.7211
vn 0.3123 -0.9340 0.1735
vn 0.2120 0.1400 0.9672
vn -0.5660 -0.4118 0.7142
vn 0.8361 -0.4207 0.3521
vn 0.6769 -0.5910 0.4389
vn 0.5428 -0.0583 0.8378
vn 0.7663 -0.0727 0.6384
vn 0.1095 0.8100 0.5761
vn 0.3031 0.8997 0.3140
vn 0.6916 0.4008 0.6009
vn 0.9099 0.3253 0.2575
vn 0.2773 0.9314 0.2358
vn 0.9327 -0.1873 0.3083
vn 0.7725 -0.4113 0.4839
vn 0.3740 0.2149 0.9022
vn 0.5604 -0.6635 0.4957
vn 0.6625 -0.7482 0.0341
vn 0.9277 -0.3641 0.0822
vn 0.4965 -0.8510 -0.1711
vn 0.8570 -0.0848 -0.5083
vn 0.5034 0.2872 -0.8150
vn 0.1707 0.8583 -0.4839
vn -0.4802 0.8394 -0.2544
vn -0.6492 0.7478 -0.1394
vn -0.3542 0.9343 -0.0400
vn -0.0542 0.9985 -0.0037
vn -0.3127 0.9491 -0.0377
vn -0.4624 0.8860 0.0349
vn 0.0047 0.9104 0.4136
vn -0.8134 0.3984 -0.4237
vn -0.8236 0.1240 -0.5534
vn -0.2772 0.9463 0.1661
vn 0.9514 0.0151 0.3077
vn 0.7170 -0.3382 0.6095
vn 0.4182 -0.9043 -0.0855
vn 0.5885 -0.8074 0.0415
vn 0.5172 -0.8555 0.0241
vn -0.0683 -0.9518 0.2991
vn 0.4006 -0.9074 0.1270
vn 0.4536 -0.8858 0.0980
vn -0.9587 -0.1516 0.2408
vn 0.4145 -0.7089 -0.5706
vn -0.0628 -0.9880 0.1411
vn 0.9813 0.0306 -0.1900
vn 0.1520 0.3207 -0.9349
vn -0.2665 0.9300 -0.2531
vn -0.8284 0.2430 -0.5047
vn -0.3922 -0.7262 0.5646
vn -0.1841 -0.9089 0.3742
vn 0.9916 -0.0559 0.1163
vn 0.4233 -0.8970 0.1276
vn -0.6926 -0.3991 -0.6009
vn -0.8532 0.2004 -0.4815
vn -0.5150 0.8522 -0.0921
vn -0.4507 0.8904 -0.0637
vn 0.2300 0.9731 0.0097
vn -0.6841 -0.5016 0.5296
vn -0.9051 -0.1713 0.3891
vn -0.8795 -0.1498 -0.4518
vn -0.0043 -0.9756 -0.2196
vn -0.4828 -0.7164 -0.5036
vn 0.2565 -0.4186 0.8712
vn -0.7122 -0.7019 0.0107
vn -0.3907 0.5841 0.7114
vn 0.6732 -0.6400 0.3705
vn 0.5128 -0.8439 0.1575
vn 0.9734 0.1414 0.1801
vn -0.9841 -0.0679 -0.1643
vn -0.1723 -0.9788 0.1109
vn 0.0805 -0.9936 -0.0787
vn -0.8263 -0.5630 -0.0157
vn 0.4988 -0.8462 -0.1876
vn 0.8264 0.2306 -0.5136
vn 0.5368 0.2604 -0.8025
vn -0.3864 0.9160 -0.1077
vn -0.5621 0.5542 -0.6140
vn -0.9204 0.3352 -0.2015
vn -0.4492 -0.8481 0.2810
vn -0.9788 -0.2029 -0.0272
vn -0.1399 -0.9901 -0.0124
vn -0.0684 0.4648 -0.8827
vn -0.1538 0.9692 -0.1921
vn -0.9063 -0.4227 -0.0021
vn -0.4524 -0.8247 -0.3394
vn -0.9335 0.2987 -0.1985
vn -0.9169 0.3989 0.0117
vn -0.8853 -0.4474 -0.1265
vn -0.8610 -0.5022 -0.0802
vn -0.9075 0.4200 0.0033
vn -0.7999 -0.5980 -0.0505
vn -0.7799 -0.3272 -0.5336
vn 0.3952 -0.8876 -0.2369
vn 0.0750 -0.9667 -0.2447
vn -0.5932 0.8042 -0.0360
vn -0.8688 0.4925 0.0514
vn 0.3366 -0.9301 0.1472
vn 0.5014 -0.8652 -0.0063
vn 0.5210 -0.8528 0.0363
vn -0.7049 -0.6922 0.1550
vn 0.5397 -0.8362 -0.0975
vn 0.5147 -0.8573 -0.0108
vn 0.7242 -0.6896 0.0015
vn -0.4887 0.8362 -0.2490
vn -0.5191 0.8530 -0.0544
vn -0.5415 0.8395 -0.0450
vn 0.2646 0.9154 -0.3034
vn -0.1029 0.9912 -0.0834
vn 0.6469 -0.2426 -0.7229
vn 0.8640 0.4912 -0.1101
vn 0.3113 -0.9027 0.2969
vn -0.7085 -0.6934 -0.1313
vn 0.3436 -0.9042 0.2539
vn 0.4823 -0.8725 -0.0789
vn 0.0715 -0.8198 -0.5681
vn -0.4674 -0.1412 -0.8727
vn 0.7209 0.6115 0.3261
vn -0.4177 0.9079 -0.0341
vn -0.2868 0.8673 0.4068
vn -0.9537 0.2881 -0.0868
vn -0.4562 -0.8397 0.2946
vn -0.5528 -0.0557 0.8315
vn -0.2696 -0.9487 0.1649
vn 0.5576 -0.5909 0.5830
vn 0.4069 -0.9127 0.0381
vn 0.5020 -0.8007 0.3269
vn 0.3975 -0.9171 0.0296
vn -0.5186 0.8263 0.2200
vn 0.7758 0.5989 -0.1987
vn -0.0592 -0.2644 -0.9626
vn 0.4840 0.4338 -0.7600
vn -0.6186 -0.5408 -0.5700
vn -0.7668 -0.5659 -0.3030
vn 0.1345 -0.5965 0.7913
vn -0.2090 0.1832 0.9606
vn -0.8341 -0.5515 -0.0041
vn 0.8935 -0.4378 0.0999
vn -0.7912 0.3808 -0.4785
vn -0.2345 -0.8924 -0.3856
vn -0.9643 0.0749 -0.2540
vn 0.7348 0.5900 0.3345
vn -0.8022 0.5501 -0.2322
vn -0.6512 0.7583 -0.0308
vn -0.9728 0.1853 0.1388
vn 0.5726 -0.3043 -0.7612
vn -0.1467 0.6358 -0.7578
vn 0.0167 -0.9971 -0.0738
vn 0.4122 -0.9109 -0.0198
vn 0.4185 -0.9062 -0.0610
vn -0.3072 -0.9384 -0.1582
vn 0.3015 -0.9147 0.2690
vn -0.2336 -0.9691 0.0794
vn -0.7695 -0.5402 0.3406
vn 0.9049 -0.4217 0.0585
vn 0.9647 -0.1491 -0.2171
vn 0.4305 -0.7604 0.4862
vn 0.8938 0.2132 -0.3946
vn 0.7115 0.3139 -0.6287
vn -0.6547 0.4329 -0.6197
vn 0.5903 0.6518 -0.4761
vn -0.2990 0.9395 -0.1670
vn 0.3310 0.7035 -0.6289
vn -0.4356 0.3127 0.8441
vn -0.7855 0.4696 0.4030
vn -0.1030 -0.1867 0.9770
vn 0.2094 -0.6016 0.7709
vn 0.3930 0.2164 -0.8937
vn 0.3933 -0.9194 -0.0102
vn 0.6940 -0.5538 0.4601
vn 0.5387 -0.8365 0.1001
vn 0.2879 -0.6851 -0.6691
vn 0.2812 -0.6494 -0.7066
vn -0.4648 0.3424 -0.8166
vn -0.0093 0.8814 0.4724
vn -0.7894 0.5547 -0.2630
vn 0.4375 0.8977 0.0530
vn -0.8561 -0.4721 0.2101
vn -0.0323 -0.2582 0.9655
vn 0.3104 -0.6314 0.7106
vn 0.4646 0.8380 0.2861
vn 0.7513 0.5923 0.2910
vn 0.5192 0.7626 0.3859
vn -0.8287 -0.5555 0.0680
vn 0.7963 0.5040 0.3346
vn -0.2408 0.2639 -0.9340
vn 0.7836 0.1636 0.5994
vn 0.1458 0.8747 0.4622
vn 0.5468 -0.0795 0.8335
vn -0.2231 0.9447 -0.2403
vn 0.5036 0.6545 -0.5640
vn 0.8758 -0.1804 -0.4476
vn 0.7290 -0.6495 0.2161
vn 0.5449 -0.8385 -0.0028
vn 0.6204 -0.7634 -0.1796
vn -0.1390 0.5561 -0.8194
vn -0.4742 0.7786 -0.4110
vn 0.3412 -0.1688 -0.9247
vn 0.3584 0.0385 -0.9328
vn -0.5940 0.7923 -0.1392
vn -0.7778 0.6127 0.1398
vn -0.0909 -0.4902 -0.8669
vn -0.4488 0.3979 -0.8002
vn -0.6922 0.5776 -0.4328
vn -0.3475 -0.3770 -0.8586
vn 0.3111 -0.8727 -0.3763
vn -0.3748 -0.3630 -0.8531
vn 0.0309 -0.7735 -0.6331
vn 0.2089 -0.9601 0.1860
vn -0.9380 0.0141 0.3464
vn -0.4356 0.2462 0.8659
vn -0.1207 0.9359 -0.3309
vn 0.6230 -0.3710 -0.6887
vn -0.0046 -0.5811 0.8138
vn -0.7306 -0.4149 0.5423
vn -0.4174 -0.8847 0.2077
vn 0.4813 -0.8502 0.2136
vn 0.5827 -0.7014 0.4105
vn 0.5985 -0.7984 0.0661
vn 0.3716 -0.2102 0.9043
vn -0.2919 0.2672 0.9184
vn -0.4940 -0.8288 -0.2627
vn -0.6771 -0.7021 -0.2204
vn 0.1463 -0.2594 -0.9546
vn 0.4516 -0.5392 -0.7109
vn 0.9599 0.2219 -0.1711
vn 0.9781 -0.2074 0.0148
vn 0.9350 0.3527 0.0363
vn 0.8519 0.5232 0.0230
vn 0.2901 0.9562 -0.0401
vn 0.7994 0.6003 0.0228
vn 0.2135 0.9393 -0.2687
vn -0.2249 0.4255 -0.8766
vn -0.4005 -0.2696 -0.8757
vn -0.9614 -0.0137 -0.2747
vn -0.9204 -0.3117 -0.2359
vn -0.8848 0.4476 -0.1298
vn -0.8797 -0.4599 0.1214
vn -0.7158 -0.6720 0.1897
vn -0.5414 0.4164 0.7305
vn -0.5423 0.8402 0.0095
vn 0.7313 0.3971 0.5545
vn -0.2735 0.7609 0.5884
vn 0.3519 0.6871 0.6356
vn -0.5585 0.8292 0.0215
vn 0.9937 0.1067 0.0338
vn 0.6318 -0.7564 0.1692
vn 0.1025 -0.9933 -0.0529
vn 0.2294 -0.5851 0.7778
vn -0.1435 -0.9896 -0.0077
vn 0.8965 -0.3950 -0.2005
vn 0.9862 -0.1585 -0.0481
vn 0.9941 -0.0803 0.0722
vn -0.9688 0.1281 0.2121
vn -0.6247 -0.7342 0.2660
vn -0.4406 -0.7739 0.4550
vn -0.5812 0.3109 -0.7520
vn -0.9470 -0.3152 0.0616
vn 0.4942 0.8619 -0.1134
vn -0.3725 0.5951 -0.7121
vn -0.0587 0.9968 -0.0543
vn -0.9788 -0.1869 -0.0836
vn 0.6680 0.7256 0.1653
vn 0.4571 -0.3518 0.8169
vn -0.0804 -0.9913 0.1039
vn 0.4667 -0.5915 -0.6575
vn -0.2262 0.5988 0.7683
vn 0.8649 0.4694 0.1776
vn -0.2069 -0.2103 -0.9555
vn -0.8342 -0.5500 -0.0400
vn -0.2209 -0.1824 -0.9581
vn 0.7617 0.4364 -0.4789
vn 0.7437 0.5379 -0.3970
vn -0.2653 0.8837 0.3856
vn 0.4889 -0.8677 0.0904
vn 0.9493 -0.2951 0.1085
vn -0.5435 -0.4433 -0.7128
vn -0.4387 0.5255 -0.7289
vn -0.4441 -0.8627 -0.2419
vn -0.7756 -0.5525 -0.3052
vn 0.8304 0.5570 0.0142
vn 0.8382 0.5452 0.0161
vn 0.6026 0.7543 0.2604
vn 0.6030 0.7539 0.2608
vn 0.7154 0.3324 0.6145
vn -0.6148 0.7070 0.3496
vn -0.5823 0.8104 -0.0651
vn -0.5064 0.8596 -0.0677
vn 0.8314 0.5464 0.1009
vn -0.4824 0.8757 0.0227
vn 0.5679 -0.7068 0.4217
vn 0.6538 0.4111 0.6353
vn -0.7007 0.7132 0.0205
vn -0.9091 -0.4121 -0.0601
vn 0.8747 -0.4830 0.0395
vn 0.1040 -0.7057 -0.7009
vn 0.2517 0.4602 0.8514
vn 0.9609 0.2607 0.0934
vn -0.8348 -0.5491 -0.0402
vn 0.6687 0.7016 -0.2461
vt 0.254606 0.462552
vt 0.258339 0.454956
vt 0.252387 0.455699
vt 0.259409 0.466323
vt 0.261965 0.482580
vt 0.260476 0.451949
vt 0.259825 0.476798
vt 0.258108 0.476273
vt 0.251779 0.479491
vt 0.244116 0.522041
vt 0.242327 0.514149
vt 0.251363 0.472285
vt 0.247668 0.504484
vt 0.254426 0.486184
vt 0.255585 0.500574
vt 0.255596 0.490416
vt 0.252967 0.503704
vt 0.254424 0.493371
vt 0.257589 0.488977
vt 0.256108 0.485335
vt 0.259899 0.487882
vt 0.250134 0.563049
vt 0.247720 0.548454
vt 0.259234 0.488885
vt 0.259857 0.504363
vt 0.261262 0.492249
vt 0.260661 0.536333
vt 0.263348 0.504267
vt 0.258793 0.495112
vt 0.254088 0.497140
vt 0.253638 0.479482
vt 0.257587 0.479282
vt 0.263504 0.479120
vt 0.258092 0.447385
vt 0.262382 0.488936
vt 0.255090 0.450364
vt 0.252391 0.500797
vt 0.254685 0.492956
vt 0.251710 0.507749
vt 0.254619 0.503532
vt 0.257708 0.505286
vt 0.260660 0.560807
vt 0.257798 0.567216
vt 0.258492 0.546837
vt 0.256691 0.566076
vt 0.248852 0.597888
vt 0.248667 0.559078
vt 0.256638 0.533418
vt 0.254723 0.500533
vt 0.257757 0.543950
vt 0.247527 0.435250
vt 0.248605 0.464036
vt 0.248632 0.420904
vt 0.231242 0.343750
vt 0.234042 0.420758
vt 0.016789 0.122653
vt 0.171375 0.253853
vt 0.021536 0.130118
vt 0.998560 0.193173
vt 0.964415 0.168043
vt 0.963311 0.159424
vt 0.194565 0.470004
vt 0.177953 0.443478
vt 0.146618 0.362053
vt 0.198085 0.477311
vt 0.221918 0.464049
vt 0.233704 0.476812
vt 0.211671 0.480482
vt 0.220629 0.495222
vt 0.249661 0.462643
vt 0.234579 0.470117
vt 0.234607 0.477250
vt 0.251039 0.528964
vt 0.242927 0.536037
vt 0.226181 0.643457
vt 0.162799 0.818220
vt 0.207021 0.711723
vt 0.207285 0.634236
vt 0.215298 0.721247
vt 0.225705 0.635524
vt 0.237355 0.713785
vt 0.214524 0.773831
vt 0.250386 0.639521
vt 0.216905 0.831633
vt 0.256115 0.565503
vt 1.125157 0.927637
vt 1.090645 0.920970
vt 0.891520 0.833429
vt 0.888829 0.788166
vt 1.116673 0.907693
vt 0.824884 0.664678
vt 0.844372 0.688767
vt 0.958900 0.854470
vt 0.971963 0.817059
vt 1.050424 0.858702
vt 0.149707 0.775732
vt 0.157623 0.773774
vt 0.177422 0.719693
vt 0.191607 0.605167
vt 0.166652 0.757825
vt 0.215106 0.463143
vt 0.220018 0.454039
vt 0.202064 0.473399
vt 0.217555 0.490067
vt 0.230483 0.452950
vt 0.227973 0.477505
vt 0.229914 0.448410
vt 0.202015 0.544876
vt 0.173297 0.728324
vt 0.121565 0.808084
vt 0.105341 0.825582
vt 0.072584 0.868118
vt 0.016655 0.892429
vt 0.105877 0.879885
vt 0.090660 0.892843
vt 0.181371 0.863615
vt 0.164718 0.883784
vt 0.183287 0.849914
vt 0.205501 0.800881
vt 0.188839 0.719767
vt 0.201207 0.727288
vt 0.846817 0.641716
vt 0.865222 0.646183
vt 1.001800 0.853608
vt 1.006451 0.841535
vt 0.803625 0.618322
vt 0.807171 0.615292
vt 0.798682 0.616649
vt 0.018279 0.835718
vt 0.069315 0.846358
vt 0.243958 0.547858
vt 0.243711 0.551631
vt 0.253488 0.567043
vt 0.250025 0.518379
vt 0.249596 0.518596
vt 0.247517 0.533985
vt 0.251581 0.527083
vt 0.242174 0.526596
vt 0.244214 0.511831
vt 0.247499 0.511762
vt 0.254119 0.485495
vt 0.253722 0.437710
vt 0.251990 0.424969
vt 0.235494 0.442150
vt 0.246411 0.424063
vt 0.237562 0.437879
vt 0.252487 0.521890
vt 0.253152 0.498344
vt 0.250032 0.528170
vt 0.248727 0.526123
vt 0.256450 0.530103
vt 0.256882 0.521373
vt 0.252357 0.512379
vt 0.253967 0.514277
vt 0.258337 0.514006
vt 0.253309 0.501941
vt 0.234592 0.401288
vt 0.196496 0.372719
vt 0.224512 0.417463
vt 0.130495 0.131027
vt 0.012828 0.128036
vt 0.080747 0.118156
vt 0.023912 0.206968
vt 0.063128 0.172278
vt 0.096004 0.180568
vt 0.081326 0.255436
vt 0.039537 0.154315
vt 0.005996 0.159557
vt 0.158984 0.201895
vt 0.194379 0.241223
vt 0.213490 0.283478
vt 0.212548 0.265750
vt 0.216558 0.233724
vt 0.198977 0.199037
vt 0.213807 0.292063
vt 0.233147 0.297726
vt 0.204339 0.293632
vt 0.231906 0.316441
vt 0.234421 0.479545
vt 0.238953 0.458997
vt 0.233173 0.475678
vt 0.242030 0.504461
vt 0.246568 0.468677
vt 0.215854 0.340891
vt 0.966591 0.935769
vt 0.791186 0.760488
vt 1.081498 0.929330
vt 0.826622 0.889611
vt 0.782287 0.745621
vt 0.786741 0.734514
vt 0.790490 0.732182
vt 0.787946 0.733311
vt 0.795515 0.736042
vt 0.800147 0.751125
vt 0.829515 0.803154
vt 1.014875 0.892502
vt 1.049747 0.905364
vt 0.898527 0.873925
vt 1.065153 0.876503
vt 1.005413 0.941240
vt 0.758528 0.388832
vt 0.759798 0.364457
vt 0.745158 0.368690
vt 0.747970 0.360786
vt 0.761369 0.432449
vt 0.768127 0.467523
vt 0.762293 0.464049
vt 0.768100 0.466277
vt 0.768533 0.465757
vt 0.226922 0.268422
vt 0.202730 0.251803
vt 0.201880 0.205321
vt 0.231468 0.316756
vt 0.216502 0.233555
vt 0.129225 0.130330
vt 0.078870 0.120376
vt 0.231916 0.318581
vt 0.235764 0.315942
vt 0.197526 0.246697
vt 0.175146 0.217358
vt 0.096205 0.180582
vt 0.170344 0.204350
vt 0.063197 0.172271
vt 0.066313 0.161299
vt 0.039074 0.136169
vt 0.763348 0.499355
vt 0.761312 0.499984
vt 0.761931 0.505117
vt 0.761924 0.495385
vt 0.754399 0.493534
vt 0.761207 0.496327
vt 0.752726 0.491750
vt 0.752716 0.493545
vt 0.753342 0.496478
vt 0.756960 0.500500
vt 0.755047 0.502211
vt 0.759226 0.505028
vt 0.761400 0.502042
vt 0.758505 0.495774
vt 0.769638 0.459298
vt 0.768882 0.466206
vt 0.769944 0.458669
vt 0.768438 0.435487
vt 0.768606 0.433706
vt 0.760553 0.430688
vt 0.760519 0.462207
vt 0.759452 0.433755
vt 0.759953 0.453490
vt 0.761701 0.463706
vt 0.768528 0.465720
vt 0.769219 0.464519
vt 0.761442 0.462919
vt 0.762650 0.464222
vt 0.761746 0.463931
vt 0.768176 0.466372
vt 0.767334 0.465848
vt 0.760457 0.432328
vt 0.737793 0.640019
vt 0.731631 0.635073
vt 0.748131 0.585437
vt 0.726194 0.630010
vt 0.728119 0.645220
vt 0.737214 0.646316
vt 0.743959 0.632313
vt 0.749404 0.591292
vt 0.741825 0.630786
vt 0.727796 0.637248
vt 0.726967 0.622235
vt 0.735975 0.642083
vt 0.731261 0.642846
vt 0.733924 0.583140
vt 0.751254 0.506576
vt 0.754172 0.508207
vt 0.753316 0.496794
vt 0.747002 0.531539
vt 0.750810 0.523154
vt 0.762421 0.503918
vt 0.754064 0.522993
vt 0.756307 0.536579
vt 0.763480 0.508405
vt 0.755317 0.502671
vt 0.754664 0.510508
vt 0.752434 0.496879
vt 0.760179 0.499423
vt 0.760350 0.511810
vt 0.759232 0.505024
vt 0.761893 0.505148
vt 0.763043 0.500615
vt 0.763861 0.479852
vt 0.766830 0.461580
vt 0.760682 0.500090
vt 0.760539 0.483042
vt 0.768806 0.405343
vt 0.767433 0.434636
vt 0.759681 0.365502
vt 0.762846 0.370256
vt 0.758530 0.410650
vt 0.762329 0.418728
vt 0.760436 0.494688
vt 0.762223 0.495561
vt 0.744724 0.422439
vt 0.755138 0.492595
vt 0.744991 0.381529
vt 0.742608 0.365693
vt 0.745969 0.361527
vt 0.752760 0.402922
vt 0.761117 0.432342
vt 0.759386 0.434111
vt 0.761755 0.463928
vt 0.768607 0.466368
vt 0.759966 0.465560
vt 0.754639 0.468042
vt 0.762455 0.473470
vt 0.756056 0.495892
vt 0.756177 0.500118
vt 0.752664 0.493344
vt 0.752718 0.491750
vt 0.767538 0.468150
vt 0.769169 0.437405
vt 0.769383 0.469544
vt 0.769268 0.463891
vt 0.770619 0.425175
vt 0.767369 0.433363
vt 0.768821 0.434006
vt 0.762753 0.426949
vt 0.771395 0.419867
vt 0.770436 0.448483
vt 0.765167 0.364040
vt 0.765099 0.417468
vt 0.761629 0.431113
vt 0.762740 0.367840
vt 0.759502 0.426570
vt 0.760314 0.459263
vt 0.760893 0.461123
vt 0.770339 0.465077
vt 0.773526 0.419300
vt 0.775459 0.371354
vt 0.760215 0.461260
vt 0.769187 0.464347
vt 0.773389 0.367075
vt 0.765099 0.417497
vt 0.765153 0.364506
vt 0.761663 0.419641
vt 0.767399 0.433088
vt 0.224554 0.411257
vt 0.993215 0.127975
vt 0.967062 0.148404
vt 0.239589 0.569966
vt 0.057947 0.851464
vt 0.242255 0.598854
vt 0.249559 0.433405
vt 0.256502 0.463942
vt 0.245765 0.427431
vt 0.034273 0.136939
vt 0.767182 0.434508
vt 0.755159 0.492697
vt 0.760428 0.494772
vt 0.762420 0.463842
vt 0.761311 0.462758
vt 0.767218 0.465961
vt 0.081146 0.118162
vt 0.198956 0.199004
vt 0.752443 0.496854
vt 0.767110 0.466129
vt 0.760273 0.461592
vt 0.762255 0.501903
vt 0.759551 0.501894
vt 0.753592 0.496804
vt 0.760271 0.461581
vt 0.770281 0.440418
vt 0.773356 0.366680
vt 0.760274 0.430767
vt 0.769913 0.461560
vt 0.771393 0.419857
vt 0.761634 0.430725
s 1
usemtl treads
f 3247/3186/4769 3246/3187/4770 3245/3188/4771
f 3247/3186/4769 3248/3189/4772 3246/3187/4770
f 3246/3187/4770 3269/3190/4773 3274/3191/4774
f 3251/3192/4775 3250/3193/4776 3271/3194/4777
f 3271/3194/4777 3252/3195/4778 3253/3196/4779
f 3254/3197/4780 3253/3196/4779 3249/3198/4781
f 3247/3186/4769 3254/3197/4780 3249/3198/4781
f 3255/3199/4782 3256/3200/4783 3257/3201/4784
f 3257/3201/4784 3256/3200/4783 3260/3202/4785
f 3257/3201/4784 3260/3202/4785 3258/3203/4786
f 3258/3203/4786 3259/3204/4787 3257/3201/4784
f 3258/3203/4786 3266/3205/4788 3259/3204/4787
f 3261/3206/4789 3366/3207/4790 3256/3200/4783
f 3256/3200/4783 3366/3207/4790 3281/3208/4791
f 3263/3209/4792 3265/3210/4793 3268/3211/4794
f 3265/3210/4793 3284/3212/4795 3262/3213/4796
f 3263/3209/4792 3266/3205/4788 3264/3214/4797
f 3266/3205/4788 3267/3215/4798 3264/3214/4797
f 3266/3205/4788 3263/3209/4792 3268/3211/4794
f 3262/3213/4796 3269/3190/4773 3268/3211/4794
f 3266/3205/4788 3268/3211/4794 3259/3204/4787
f 3269/3190/4773 3257/3201/4784 3259/3204/4787
f 3255/3199/4782 3251/3192/4775 3270/3216/4799
f 3254/3197/4780 3270/3216/4799 3271/3194/4777
f 3251/3192/4775 3271/3194/4777 3270/3216/4799
f 3271/3194/4777 3253/3196/4779 3254/3197/4780
f 3269/3190/4773 3251/3192/4775 3255/3199/4782
f 3269/3190/4773 3248/3189/4772 3251/3192/4775
f 3256/3200/4783 3276/3217/4800 3261/3206/4789
f 3269/3190/4773 3277/3218/4801 3274/3191/4774
f 3273/3219/4802 3246/3187/4770 3274/3191/4774
f 3272/3220/4803 3261/3206/4789 3277/3218/4801
f 3276/3217/4800 3254/3197/4780 3275/3221/4804
f 3245/3188/4771 3246/3187/4770 3273/3219/4802
f 3266/3205/4788 3258/3203/4786 3260/3202/4785
f 3260/3202/4785 3278/3222/4805 3267/3215/4798
f 3279/3223/4806 3264/3214/4797 3267/3215/4798
f 3279/3223/4806 3280/3224/4807 3282/3225/4808
f 3279/3223/4806 3278/3222/4805 3280/3224/4807
f 3278/3222/4805 3279/3223/4806 3267/3215/4798
f 3260/3202/4785 3281/3208/4791 3280/3224/4807
f 3282/3225/4808 3283/3226/4809 3265/3210/4793
f 3265/3210/4793 3279/3223/4806 3282/3225/4808
f 3285/3227/4810 3286/3228/4811 3272/3220/4803
f 3284/3212/4795 3285/3227/4810 3262/3213/4796
f 3285/3227/4810 3284/3212/4795 3287/3229/4812
f 3288/3230/4813 3323/3231/4814 3364/3232/4815
f 3289/3233/4816 3287/3229/4812 3309/3234/4817
f 3309/3234/4817 3290/3235/4818 3386/3236/4819
f 3291/3237/4820 3292/3238/4821 3309/3234/4817
f 3293/3239/4822 3294/3240/4823 3292/3238/4821
f 3403/3241/4824 3296/3242/4825 3294/3240/4823
f 3403/3241/4824 3297/3243/4826 3296/3242/4825
f 3299/3244/4827 3298/3245/4828 3404/3246/4829
f 3421/3247/4830 3302/3248/4831 3301/3249/4832
f 3421/3247/4830 3303/3250/4833 3302/3248/4831
f 3294/3240/4823 3305/3251/4834 3306/3252/4835
f 3306/3252/4835 3304/3253/4836 3307/3254/4837
f 3306/3252/4835 3307/3254/4837 3308/3255/4838
f 3292/3238/4821 3306/3252/4835 3308/3255/4838
f 3309/3234/4817 3417/3256/4839 3418/3257/4840
f 3289/3233/4816 3309/3234/4817 3310/3258/4841
f 3309/3234/4817 3418/3257/4840 3310/3258/4841
f 3418/3257/4840 3311/3259/4842 3310/3258/4841
f 3313/3260/4843 3328/3261/4844 3314/3262/4845
f 3315/3263/4846 3317/3264/4847 3314/3262/4845
f 3317/3264/4847 3319/3265/4848 3318/3266/4849
f 3318/3266/4849 3319/3265/4848 3337/3267/4850
f 3321/3268/4851 3320/3269/4852 3288/3230/4813
f 3288/3230/4813 3322/3270/4853 3321/3268/4851
f 3320/3271/4852 3348/3272/4854 3324/3273/4855
f 3325/3274/4856 3348/3272/4854 3347/3275/4857
f 3324/3273/4855 3325/3274/4856 3360/3276/4858
f 3324/3273/4855 3361/3277/4859 3326/3278/4860
f 3327/3279/4861 3326/3278/4860 3361/3277/4859
f 3326/3278/4860 3327/3279/4861 3328/3280/4844
f 3328/3261/4844 3330/3281/4862 3342/3282/4863
f 3331/3283/4864 3316/3284/4865 3341/3285/4866
f 3333/3286/4867 3334/3287/4868 3332/3288/4869
f 3335/3289/4870 3332/3288/4869 3334/3287/4868
f 3335/3289/4870 3319/3265/4848 3315/3263/4846
f 3315/3263/4846 3316/3284/4865 3335/3289/4870
f 3335/3289/4870 3338/3290/4871 3336/3291/4872
f 3334/3287/4868 3339/3292/4873 3338/3290/4871
f 3335/3289/4870 3334/3287/4868 3338/3290/4871
f 3340/3293/4874 3333/3286/4867 3332/3288/4869
f 3354/3294/4875 3340/3293/4874 3331/3283/4864
f 3328/3261/4844 3342/3282/4863 3341/3285/4866
f 3343/3295/4876 3330/3281/4862 3329/3296/4877
f 3345/3297/4878 3325/3298/4856 3346/3299/4879
f 3346/3299/4879 3325/3298/4856 3347/3300/4857
f 3320/3269/4852 3349/3301/4880 3348/3302/4854
f 3349/3301/4880 3320/3269/4852 3350/3303/4881
f 3351/3304/4882 3350/3303/4881 3337/3267/4850
f 3353/3305/4883 3340/3293/4874 3354/3294/4875
f 3340/3293/4874 3353/3305/4883 3352/3306/4884
f 3333/3286/4867 3337/3267/4850 3336/3291/4872
f 3333/3286/4867 3340/3293/4874 3337/3267/4850
f 3325/3274/4856 3356/3307/4885 3360/3276/4858
f 3355/3308/4886 3345/3309/4878 3344/3310/4887
f 3355/3308/4886 3358/3311/4888 3357/3312/4889
f 3359/3313/4890 3357/3312/4889 3358/3311/4888
f 3356/3307/4885 3359/3313/4890 3360/3276/4858
f 3355/3308/4886 3361/3277/4859 3358/3311/4888
f 3327/3314/4861 3344/3315/4887 3329/3296/4877
f 3316/3284/4865 3340/3293/4874 3332/3288/4869
f 3364/3232/4815 3323/3231/4814 3363/3316/4891
f 3364/3232/4815 3389/3317/4892 3366/3207/4790
f 3365/3318/4893 3286/3228/4811 3366/3207/4790
f 3285/3227/4810 3288/3230/4813 3286/3228/4811
f 3261/3206/4789 3286/3228/4811 3365/3318/4893
f 3367/3319/4894 3280/3224/4807 3368/3320/4895
f 3368/3320/4895 3281/3208/4791 3369/3321/4896
f 3370/3322/4897 3368/3320/4895 3369/3321/4896
f 3372/3323/4898 3373/3324/4899 3374/3325/4900
f 3378/3326/4901 3379/3327/4902 3380/3328/4903
f 3385/3329/4904 3384/3330/4905 3383/3331/4906
f 3386/3236/4819 3384/3330/4905 3385/3329/4904
f 3378/3326/4901 3380/3328/4903 3386/3236/4819
f 3388/3332/4907 3374/3325/4900 3377/3333/4908
f 3290/3235/4818 3374/3325/4900 3388/3332/4907
f 3372/3323/4898 3374/3325/4900 3389/3317/4892
f 3391/3334/4909 3390/3335/4910 3389/3317/4892
f 3392/3336/4911 3287/3229/4812 3284/3212/4795
f 3391/3334/4909 3389/3317/4892 3287/3229/4812
f 3287/3229/4812 3389/3317/4892 3290/3235/4818
f 3393/3337/4912 3370/3322/4897 3392/3336/4911
f 3390/3335/4910 3392/3336/4911 3370/3322/4897
f 3393/3337/4912 3394/3338/4913 3370/3322/4897
f 3368/3320/4895 3394/3338/4913 3367/3319/4894
f 3367/3319/4894 3394/3338/4913 3395/3339/4914
f 3395/3339/4914 3393/3337/4912 3396/3340/4915
f 3283/3226/4809 3284/3212/4795 3265/3210/4793
f 3396/3340/4915 3397/3341/4916 3395/3339/4914
f 3397/3341/4916 3280/3224/4807 3367/3319/4894
f 3397/3341/4916 3367/3319/4894 3395/3339/4914
f 3280/3224/4807 3397/3341/4916 3282/3225/4808
f 3397/3341/4916 3283/3226/4809 3282/3225/4808
f 3283/3226/4809 3397/3341/4916 3396/3340/4915
f 3369/3321/4896 3390/3335/4910 3370/3322/4897
f 3389/3317/4892 3390/3335/4910 3369/3321/4896
f 3398/3342/4917 3293/3239/4822 3292/3238/4821
f 3415/3343/4918 3398/3342/4917 3416/3344/4919
f 3294/3240/4823 3401/3345/4920 3403/3241/4824
f 3404/3346/4829 3403/3241/4824 3402/3347/4921
f 3299/3348/4827 3406/3349/4922 3407/3350/4923
f 3300/3351/4924 3407/3350/4923 3415/3343/4918
f 3405/3352/4925 3299/3348/4827 3404/3353/4829
f 3415/3343/4918 3407/3350/4923 3423/3354/4926
f 3423/3354/4926 3422/3355/4927 3408/3356/4928
f 3400/3357/4929 3411/3358/4930 3412/3359/4931
f 3400/3357/4929 3412/3359/4931 3401/3345/4920
f 3413/3360/4932 3410/3361/4933 3400/3357/4929
f 3414/3362/4934 3408/3356/4928 3409/3363/4935
f 3415/3343/4918 3421/3247/4830 3300/3351/4924
f 3419/3364/4936 3418/3257/4840 3416/3344/4919
f 3387/3365/4937 3416/3344/4919 3398/3342/4917
f 3387/3365/4937 3385/3329/4904 3419/3364/4936
f 3420/3366/4938 3385/3329/4904 3383/3331/4906
f 3420/3366/4938 3383/3331/4906 3371/3367/4939
f 3371/3367/4939 3383/3331/4906 3375/3368/4940
f 3371/3367/4939 3372/3323/4898 3420/3366/4938
f 3420/3366/4938 3372/3323/4898 3389/3317/4892
f 3311/3259/4842 3389/3317/4892 3363/3316/4891
f 3419/3364/4936 3420/3366/4938 3311/3259/4842
f 3417/3256/4839 3307/3254/4837 3421/3247/4830
f 3417/3256/4839 3308/3255/4838 3307/3254/4837
f 3293/3239/4822 3399/3369/4941 3400/3357/4929
f 3320/3370/4852 3424/3371/4942 3323/3372/4814
f 3426/3373/4943 3425/3374/4944 3320/3370/4852
f 3427/3375/4945 3425/3374/4944 3426/3373/4943
f 3429/3376/4946 3428/3377/4947 3427/3375/4945
f 3429/3376/4946 3430/3378/4948 3428/3377/4947
f 3430/3378/4948 3434/3379/4949 3428/3377/4947
f 3431/3380/4950 3434/3379/4949 3430/3378/4948
f 3433/3381/4951 3328/3382/4844 3432/3383/4952
f 3328/3382/4844 3434/3379/4949 3431/3380/4950
f 3425/3374/4944 3428/3377/4947 3424/3371/4942
f 3433/3381/4951 3326/3278/4860 3328/3384/4844
f 3435/3385/4953 3326/3278/4860 3433/3381/4951
f 3435/3385/4953 3426/3373/4943 3320/3370/4852
f 3436/3386/4954 3438/3387/4955 3437/3388/4956
f 3438/3387/4955 3439/3389/4957 3437/3388/4956
f 3438/3387/4955 3440/3390/4958 3439/3389/4957
f 3445/3391/4959 3448/3392/4960 3446/3393/4961
f 3446/3393/4961 3447/3394/4962 3445/3391/4959
f 3457/3395/4963 3455/3396/4964 3456/3397/4965
f 3460/3398/4966 3457/3395/4963 3459/3399/4967
f 3452/3400/4968 3456/3397/4965 3453/3401/4969
f 3462/3402/4970 3457/3395/4963 3458/3403/4971
f 3463/3404/4972 3455/3396/4964 3462/3402/4970
f 3464/3405/4973 3455/3396/4964 3463/3404/4972
f 3465/3406/4974 3454/3407/4975 3464/3405/4973
f 3467/3408/4976 3466/3409/4977 3465/3406/4974
f 3468/3410/4978 3466/3409/4977 3467/3408/4976
f 3476/3411/4979 3469/3412/4980 3475/3413/4981
f 3477/3414/4982 3470/3415/4983 3483/3416/4984
f 3477/3414/4982 3478/3417/4985 3470/3415/4983
f 3479/3418/4986 3471/3419/4987 3478/3417/4985
f 3480/3420/4988 3473/3421/4989 3479/3418/4986
f 3474/3422/4990 3481/3423/4991 3475/3413/4981
f 3481/3423/4991 3476/3411/4979 3475/3413/4981
f 3471/3419/4987 3470/3415/4983 3478/3417/4985
f 3470/3415/4983 3471/3419/4987 3482/3424/4992
f 3482/3424/4992 3471/3419/4987 3483/3416/4984
f 3484/3425/4993 3491/3426/4994 3490/3427/4995
f 3503/3428/4996 3490/3427/4995 3485/3429/4997
f 3486/3430/4998 3503/3428/4996 3485/3429/4997
f 3488/3431/4999 3500/3432/5000 3487/3433/5001
f 3497/3434/5002 3488/3431/4999 3492/3435/5003
f 3492/3435/5003 3488/3431/4999 3489/3436/5004
f 3496/3437/5005 3495/3438/5006 3501/3439/5007
f 3497/3434/5002 3492/3435/5003 3498/3440/5008
f 3501/3439/5007 3493/3441/5009 3491/3426/4994
f 3500/3432/5000 3502/3442/5010 3486/3430/4998
f 3505/3443/5011 3504/3444/5012 3509/3445/5013
f 3506/3446/5014 3504/3444/5012 3507/3447/5015
f 3521/3448/5016 3505/3443/5011 3508/3449/5017
f 3508/3449/5017 3505/3443/5011 3509/3445/5013
f 3508/3449/5017 3510/3450/5018 3520/3451/5019
f 3506/3446/5014 3517/3452/5020 3516/3453/5021
f 3519/3454/5022 3518/3455/5023 3507/3447/5015
f 3506/3446/5014 3515/3456/5024 3522/3457/5025
f 3523/3458/5026 3529/3459/5027 3514/3460/5028
f 3514/3460/5028 3513/3461/5029 3523/3458/5026
f 3524/3462/5030 3512/3463/5031 3511/3464/5032
f 3525/3465/5033 3524/3462/5030 3510/3450/5018
f 3522/3457/5025 3532/3466/5034 3528/3467/5035
f 3533/3468/5036 3532/3466/5034 3522/3457/5025
f 3522/3457/5025 3529/3459/5027 3533/3468/5036
f 3523/3458/5026 3526/3469/5037 3529/3459/5027
f 3527/3470/5038 3531/3471/5039 3530/3472/5040
f 3532/3466/5034 3531/3471/5039 3527/3470/5038
f 3504/3444/5012 3522/3457/5025 3528/3467/5035
f 3509/3445/5013 3527/3470/5038 3508/3449/5017
f 3550/3473/5041 3534/3474/5042 3535/3475/5043
f 3552/3476/5044 3536/3477/5045 3534/3474/5042
f 3543/3478/5046 3542/3479/5047 3544/3480/5048
f 3545/3481/5049 3546/3482/5050 3547/3483/5051
f 3547/3483/5051 3548/3484/5052 3549/3485/5053
f 3560/3486/5054 3558/3487/5055 3559/3488/5056
f 3562/3489/5057 3559/3488/5056 3561/3490/5058
f 3562/3489/5057 3561/3490/5058 3563/3491/5059
f 3563/3491/5059 3564/3492/5060 3565/3493/5061
f 3567/3494/5062 3539/3495/5063 3568/3496/5064
f 3536/3477/5045 3569/3497/5065 3571/3498/5066
f 3569/3497/5065 3536/3477/5045 3537/3499/5067
f 3537/3499/5067 3536/3477/5045 3552/3476/5044
f 3537/3499/5067 3552/3476/5044 3554/3500/5068
f 3557/3501/5069 3569/3497/5065 3537/3499/5067
f 3557/3501/5069 3556/3502/5070 3560/3486/5054
f 3563/3491/5059 3569/3497/5065 3560/3486/5054
f 3550/3473/5041 3535/3475/5043 3545/3481/5049
f 3570/3503/5071 3541/3504/5072 3543/3478/5046
f 3538/3505/5073 3541/3504/5072 3570/3503/5071
f 3538/3505/5073 3540/3506/5074 3541/3504/5072
f 3538/3505/5073 3539/3495/5063 3540/3506/5074
f 3534/3474/5042 3570/3503/5071 3535/3475/5043
f 3589/3507/5075 3574/3508/5076 3572/3509/5077
f 3580/3510/5078 3576/3511/5079 3578/3512/5080
f 3580/3510/5078 3581/3513/5081 3579/3514/5082
f 3584/3515/5083 3582/3516/5084 3583/3517/5085
f 3586/3518/5086 3583/3517/5085 3592/3519/5087
f 3590/3520/5088 3578/3512/5080 3577/3521/5089
f 3577/3521/5089 3589/3507/5075 3590/3520/5088
f 3591/3522/5090 3589/3507/5075 3577/3521/5089
f 3593/3523/5091 3587/3524/5092 3592/3519/5087
f 3583/3517/5085 3582/3516/5084 3593/3523/5091
f 3582/3516/5084 3581/3513/5081 3580/3510/5078
f 3599/3525/5093 3597/3526/5094 3598/3527/5095
f 3600/3528/5096 3599/3525/5093 3598/3527/5095
f 3602/3529/5097 3599/3525/5093 3600/3528/5096
f 3245/3188/4771 3273/3219/4802 3275/3221/4804
f 3254/3197/4780 3247/3186/4769 3245/3188/4771
f 3247/3186/4769 3249/3198/4781 3248/3189/4772
f 3250/3193/4776 3248/3189/4772 3249/3198/4781
f 3251/3192/4775 3248/3189/4772 3250/3193/4776
f 3250/3193/4776 3249/3198/4781 3252/3195/4778
f 3271/3194/4777 3250/3193/4776 3252/3195/4778
f 3253/3196/4779 3252/3195/4778 3249/3198/4781
f 3262/3213/4796 3285/3227/4810 3272/3220/4803
f 3268/3211/4794 3265/3210/4793 3262/3213/4796
f 3263/3209/4792 3264/3214/4797 3265/3210/4793
f 3264/3214/4797 3279/3223/4806 3265/3210/4793
f 3269/3190/4773 3259/3204/4787 3268/3211/4794
f 3269/3190/4773 3255/3199/4782 3257/3201/4784
f 3255/3199/4782 3270/3216/4799 3254/3197/4780
f 3269/3190/4773 3246/3187/4770 3248/3189/4772
f 3277/3218/4801 3262/3213/4796 3272/3220/4803
f 3269/3190/4773 3262/3213/4796 3277/3218/4801
f 3273/3219/4802 3274/3191/4774 3275/3221/4804
f 3274/3191/4774 3277/3218/4801 3275/3221/4804
f 3261/3206/4789 3276/3217/4800 3277/3218/4801
f 3276/3217/4800 3275/3221/4804 3277/3218/4801
f 3276/3217/4800 3255/3199/4782 3254/3197/4780
f 3255/3199/4782 3276/3217/4800 3256/3200/4783
f 3267/3215/4798 3266/3205/4788 3260/3202/4785
f 3260/3202/4785 3256/3200/4783 3281/3208/4791
f 3278/3222/4805 3260/3202/4785 3280/3224/4807
f 3285/3227/4810 3287/3229/4812 3288/3230/4813
f 3288/3230/4813 3287/3229/4812 3289/3233/4816
f 3309/3234/4817 3287/3229/4812 3290/3235/4818
f 3294/3240/4823 3296/3242/4825 3295/3530/5098
f 3403/3531/4824 3404/3246/4829 3297/3532/4826
f 3297/3532/4826 3404/3246/4829 3298/3245/4828
f 3300/3351/4924 3421/3247/4830 3301/3249/4832
f 3421/3247/4830 3304/3253/4836 3303/3250/4833
f 3306/3252/4835 3305/3251/4834 3304/3253/4836
f 3294/3240/4823 3295/3530/5098 3305/3251/4834
f 3292/3238/4821 3294/3240/4823 3306/3252/4835
f 3309/3234/4817 3308/3255/4838 3417/3256/4839
f 3309/3234/4817 3292/3238/4821 3308/3255/4838
f 3311/3259/4842 3363/3316/4891 3312/3533/5099
f 3313/3260/4843 3312/3533/5099 3328/3261/4844
f 3314/3262/4845 3328/3261/4844 3315/3263/4846
f 3315/3263/4846 3328/3261/4844 3316/3284/4865
f 3317/3264/4847 3315/3263/4846 3319/3265/4848
f 3318/3266/4849 3337/3267/4850 3320/3269/4852
f 3321/3268/4851 3318/3266/4849 3320/3269/4852
f 3288/3230/4813 3289/3233/4816 3322/3270/4853
f 3288/3230/4813 3320/3269/4852 3323/3231/4814
f 3324/3273/4855 3348/3272/4854 3325/3274/4856
f 3328/3261/4844 3327/3534/4861 3329/3296/4877
f 3330/3281/4862 3328/3261/4844 3329/3296/4877
f 3341/3285/4866 3316/3284/4865 3328/3261/4844
f 3333/3286/4867 3339/3292/4873 3334/3287/4868
f 3335/3289/4870 3316/3284/4865 3332/3288/4869
f 3319/3265/4848 3335/3289/4870 3336/3291/4872
f 3336/3291/4872 3337/3267/4850 3319/3265/4848
f 3339/3292/4873 3336/3291/4872 3338/3290/4871
f 3333/3286/4867 3336/3291/4872 3339/3292/4873
f 3331/3283/4864 3340/3293/4874 3316/3284/4865
f 3329/3296/4877 3344/3315/4887 3343/3295/4876
f 3345/3309/4878 3355/3308/4886 3325/3274/4856
f 3350/3303/4881 3320/3269/4852 3337/3267/4850
f 3337/3267/4850 3352/3306/4884 3351/3304/4882
f 3337/3267/4850 3340/3293/4874 3352/3306/4884
f 3355/3308/4886 3356/3307/4885 3325/3274/4856
f 3327/3279/4861 3355/3308/4886 3344/3310/4887
f 3356/3307/4885 3355/3308/4886 3357/3312/4889
f 3361/3277/4859 3360/3276/4858 3359/3313/4890
f 3356/3307/4885 3357/3312/4889 3359/3313/4890
f 3360/3276/4858 3361/3277/4859 3324/3273/4855
f 3361/3277/4859 3359/3313/4890 3358/3311/4888
f 3355/3308/4886 3327/3279/4861 3361/3277/4859
f 3312/3533/5099 3362/3535/5100 3328/3261/4844
f 3323/3231/4814 3328/3261/4844 3362/3535/5100
f 3363/3316/4891 3323/3231/4814 3362/3535/5100
f 3312/3533/5099 3363/3316/4891 3362/3535/5100
f 3366/3207/4790 3286/3228/4811 3364/3232/4815
f 3286/3228/4811 3288/3230/4813 3364/3232/4815
f 3366/3207/4790 3261/3206/4789 3365/3318/4893
f 3261/3206/4789 3272/3220/4803 3286/3228/4811
f 3368/3320/4895 3280/3224/4807 3281/3208/4791
f 3369/3321/4896 3281/3208/4791 3389/3317/4892
f 3389/3317/4892 3281/3208/4791 3366/3207/4790
f 3372/3323/4898 3371/3367/4939 3373/3324/4899
f 3375/3368/4940 3381/3536/5101 3379/3327/4902
f 3379/3327/4902 3376/3537/5102 3375/3368/4940
f 3377/3333/4908 3376/3537/5102 3378/3326/4901
f 3378/3326/4901 3376/3537/5102 3379/3327/4902
f 3381/3536/5101 3380/3328/4903 3379/3327/4902
f 3375/3368/4940 3382/3538/5103 3381/3536/5101
f 3383/3331/4906 3384/3330/4905 3382/3538/5103
f 3387/3365/4937 3386/3236/4819 3385/3329/4904
f 3387/3365/4937 3291/3237/4820 3386/3236/4819
f 3291/3237/4820 3309/3234/4817 3386/3236/4819
f 3386/3236/4819 3380/3328/4903 3384/3330/4905
f 3384/3330/4905 3380/3328/4903 3382/3538/5103
f 3382/3538/5103 3380/3328/4903 3381/3536/5101
f 3386/3236/4819 3290/3235/4818 3378/3326/4901
f 3388/3332/4907 3378/3326/4901 3290/3235/4818
f 3377/3333/4908 3378/3326/4901 3388/3332/4907
f 3290/3235/4818 3389/3317/4892 3374/3325/4900
f 3287/3229/4812 3392/3336/4911 3391/3334/4909
f 3393/3337/4912 3392/3336/4911 3284/3212/4795
f 3390/3335/4910 3391/3334/4909 3392/3336/4911
f 3394/3338/4913 3368/3320/4895 3370/3322/4897
f 3395/3339/4914 3394/3338/4913 3393/3337/4912
f 3396/3340/4915 3393/3337/4912 3284/3212/4795
f 3283/3226/4809 3396/3340/4915 3284/3212/4795
f 3387/3365/4937 3398/3342/4917 3291/3237/4820
f 3291/3237/4820 3398/3342/4917 3292/3238/4821
f 3398/3342/4917 3399/3369/4941 3293/3239/4822
f 3415/3343/4918 3399/3369/4941 3398/3342/4917
f 3399/3369/4941 3414/3362/4934 3413/3360/4932
f 3400/3357/4929 3399/3369/4941 3413/3360/4932
f 3293/3239/4822 3400/3357/4929 3401/3345/4920
f 3403/3241/4824 3401/3345/4920 3402/3347/4921
f 3300/3351/4924 3299/3348/4827 3407/3350/4923
f 3405/3352/4925 3406/3349/4922 3299/3348/4827
f 3400/3357/4929 3410/3361/4933 3411/3358/4930
f 3413/3360/4932 3409/3363/4935 3410/3361/4933
f 3413/3360/4932 3414/3362/4934 3409/3363/4935
f 3414/3362/4934 3423/3354/4926 3408/3356/4928
f 3415/3343/4918 3414/3362/4934 3399/3369/4941
f 3415/3343/4918 3423/3354/4926 3414/3362/4934
f 3415/3343/4918 3416/3344/4919 3421/3247/4830
f 3416/3344/4919 3417/3256/4839 3421/3247/4830
f 3416/3344/4919 3418/3257/4840 3417/3256/4839
f 3387/3365/4937 3419/3364/4936 3416/3344/4919
f 3419/3364/4936 3385/3329/4904 3420/3366/4938
f 3375/3368/4940 3383/3331/4906 3382/3538/5103
f 3389/3317/4892 3364/3232/4815 3363/3316/4891
f 3311/3259/4842 3420/3366/4938 3389/3317/4892
f 3419/3364/4936 3311/3259/4842 3418/3257/4840
f 3421/3247/4830 3307/3254/4837 3304/3253/4836
f 3405/3539/4925 3404/3346/4829 3402/3347/4921
f 3294/3240/4823 3293/3239/4822 3401/3345/4920
f 3320/3370/4852 3425/3374/4944 3424/3371/4942
f 3427/3375/4945 3428/3377/4947 3425/3374/4944
f 3432/3383/4952 3328/3382/4844 3431/3380/4950
f 3328/3382/4844 3323/3372/4814 3424/3371/4942
f 3434/3379/4949 3328/3382/4844 3424/3371/4942
f 3428/3377/4947 3434/3379/4949 3424/3371/4942
f 3435/3385/4953 3324/3273/4855 3326/3278/4860
f 3435/3385/4953 3320/3271/4852 3324/3273/4855
f 3245/3188/4771 3275/3221/4804 3254/3197/4780
f 3438/3387/4955 3441/3540/5104 3440/3390/4958
f 3442/3541/5105 3436/3386/4954 3437/3388/4956
f 3442/3541/5105 3443/3542/5106 3436/3386/4954
f 3448/3392/5107 3449/3543/5107 3450/3544/5108
f 3444/3545/5109 3445/3391/4959 3447/3394/4962
f 3445/3391/4959 3444/3545/5109 3448/3392/4960
f 3468/3410/4978 3451/3546/5110 3453/3401/4969
f 3451/3546/5110 3452/3400/4968 3453/3401/4969
f 3453/3401/4969 3456/3397/4965 3454/3407/4975
f 3466/3409/4977 3453/3401/4969 3454/3407/4975
f 3454/3407/4975 3456/3397/4965 3455/3396/4964
f 3459/3399/4967 3457/3395/4963 3456/3397/4965
f 3461/3547/5111 3459/3399/4967 3456/3397/4965
f 3452/3400/4968 3461/3547/5111 3456/3397/4965
f 3460/3398/4966 3458/3403/4971 3457/3395/4963
f 3460/3398/4966 3462/3402/4970 3458/3403/4971
f 3460/3398/4966 3463/3404/4972 3462/3402/4970
f 3462/3402/4970 3455/3396/4964 3457/3395/4963
f 3464/3405/4973 3454/3407/4975 3455/3396/4964
f 3465/3406/4974 3466/3409/4977 3454/3407/4975
f 3466/3409/4977 3468/3410/4978 3453/3401/4969
f 3477/3414/4982 3471/3419/4987 3469/3412/4980
f 3473/3421/4989 3480/3420/4988 3474/3422/4990
f 3476/3411/4979 3477/3414/4982 3469/3412/4980
f 3479/3418/4986 3472/3548/5112 3471/3419/4987
f 3479/3418/4986 3473/3421/4989 3472/3548/5112
f 3474/3422/4990 3480/3420/4988 3481/3423/4991
f 3483/3416/4984 3471/3419/4987 3477/3414/4982
f 3503/3428/4996 3484/3425/4993 3490/3427/4995
f 3500/3432/5000 3486/3430/4998 3487/3433/5001
f 3488/3431/4999 3497/3434/5002 3496/3437/5005
f 3491/3426/4994 3492/3435/5003 3489/3436/5004
f 3489/3436/5004 3490/3427/4995 3491/3426/4994
f 3493/3441/5009 3501/3439/5007 3495/3438/5006
f 3493/3441/5009 3495/3438/5006 3494/3549/5113
f 3500/3432/5000 3488/3431/4999 3499/3550/5114
f 3501/3439/5007 3499/3550/5114 3488/3431/4999
f 3501/3439/5007 3488/3431/4999 3496/3437/5005
f 3491/3426/4994 3493/3441/5009 3492/3435/5003
f 3503/3428/4996 3486/3430/4998 3502/3442/5010
f 3507/3447/5015 3504/3444/5012 3505/3443/5011
f 3521/3448/5016 3507/3447/5015 3505/3443/5011
f 3508/3449/5017 3525/3465/5033 3510/3450/5018
f 3506/3446/5014 3507/3447/5015 3517/3452/5020
f 3517/3452/5020 3507/3447/5015 3518/3455/5023
f 3521/3448/5016 3519/3454/5022 3507/3447/5015
f 3521/3448/5016 3520/3451/5019 3519/3454/5022
f 3508/3449/5017 3520/3451/5019 3521/3448/5016
f 3506/3446/5014 3516/3453/5021 3515/3456/5024
f 3522/3457/5025 3515/3456/5024 3514/3460/5028
f 3522/3457/5025 3514/3460/5028 3529/3459/5027
f 3523/3458/5026 3513/3461/5029 3512/3463/5031
f 3524/3462/5030 3523/3458/5026 3512/3463/5031
f 3510/3450/5018 3524/3462/5030 3511/3464/5032
f 3523/3458/5026 3524/3462/5030 3526/3469/5037
f 3528/3467/5035 3532/3466/5034 3527/3470/5038
f 3524/3462/5030 3525/3465/5033 3530/3472/5040
f 3525/3465/5033 3527/3470/5038 3530/3472/5040
f 3509/3445/5013 3504/3444/5012 3528/3467/5035
f 3504/3444/5012 3506/3446/5014 3522/3457/5025
f 3509/3445/5013 3528/3467/5035 3527/3470/5038
f 3508/3449/5017 3527/3470/5038 3525/3465/5033
f 3550/3473/5041 3552/3476/5044 3534/3474/5042
f 3536/3477/5045 3571/3498/5066 3534/3474/5042
f 3571/3498/5066 3568/3496/5064 3538/3505/5073
f 3543/3478/5046 3541/3504/5072 3542/3479/5047
f 3545/3481/5049 3543/3478/5046 3544/3480/5048
f 3545/3481/5049 3544/3480/5048 3546/3482/5050
f 3547/3483/5051 3546/3482/5050 3548/3484/5052
f 3552/3476/5044 3550/3473/5041 3551/3551/5115
f 3552/3476/5044 3551/3551/5115 3553/3552/5116
f 3554/3500/5068 3552/3476/5044 3553/3552/5116
f 3555/3553/5117 3537/3499/5067 3554/3500/5068
f 3555/3553/5117 3557/3501/5069 3537/3499/5067
f 3560/3486/5054 3556/3502/5070 3558/3487/5055
f 3562/3489/5057 3560/3486/5054 3559/3488/5056
f 3563/3491/5059 3561/3490/5058 3564/3492/5060
f 3568/3496/5064 3566/3554/5118 3567/3494/5062
f 3571/3498/5066 3569/3497/5065 3568/3496/5064
f 3557/3501/5069 3560/3486/5054 3569/3497/5065
f 3560/3486/5054 3562/3489/5057 3563/3491/5059
f 3563/3491/5059 3568/3496/5064 3569/3497/5065
f 3568/3496/5064 3563/3491/5059 3565/3493/5061
f 3568/3496/5064 3565/3493/5061 3566/3554/5118
f 3535/3475/5043 3570/3503/5071 3545/3481/5049
f 3543/3478/5046 3545/3481/5049 3570/3503/5071
f 3538/3505/5073 3568/3496/5064 3539/3495/5063
f 3538/3505/5073 3570/3503/5071 3571/3498/5066
f 3534/3474/5042 3571/3498/5066 3570/3503/5071
f 3547/3483/5051 3550/3473/5041 3545/3481/5049
f 3550/3473/5041 3547/3483/5051 3549/3485/5053
f 3573/3555/5119 3589/3507/5075 3572/3509/5077
f 3575/3556/5120 3574/3508/5076 3591/3522/5090
f 3574/3508/5076 3589/3507/5075 3591/3522/5090
f 3577/3521/5089 3576/3511/5079 3575/3556/5120
f 3576/3511/5079 3580/3510/5078 3579/3514/5082
f 3584/3515/5083 3581/3513/5081 3582/3516/5084
f 3583/3517/5085 3585/3557/5121 3584/3515/5083
f 3590/3520/5088 3588/3558/5122 3587/3524/5092
f 3590/3520/5088 3573/3555/5119 3588/3558/5122
f 3590/3520/5088 3589/3507/5075 3573/3555/5119
f 3591/3522/5090 3577/3521/5089 3575/3556/5120
f 3577/3521/5089 3578/3512/5080 3576/3511/5079
f 3593/3523/5091 3578/3512/5080 3590/3520/5088
f 3593/3523/5091 3590/3520/5088 3587/3524/5092
f 3593/3523/5091 3580/3510/5078 3578/3512/5080
f 3592/3519/5087 3583/3517/5085 3593/3523/5091
f 3593/3523/5091 3582/3516/5084 3580/3510/5078
f 3599/3525/5093 3596/3559/5123 3597/3526/5094
f 3600/3528/5096 3601/3560/5124 3602/3529/5097
o rtread
v 1.512012 1.010862 0.899430
v 1.504684 1.023475 0.844970
v 1.540783 0.992630 0.884178
v 1.461083 0.961950 0.563260
v 1.503215 1.002995 0.611109
v 1.371904 1.072041 0.362684
v 1.467663 1.029728 0.542583
v 1.334294 1.069821 0.383393
v 1.488508 1.016333 0.643938
v 1.326213 1.053572 0.337964
v 1.429508 0.973618 0.545930
v 1.456090 0.968248 0.648795
v 1.455201 0.950605 0.850733
v 1.466963 0.944628 0.903371
v 1.517728 0.958297 0.937378
v 1.496780 0.929370 0.884141
v 1.854549 1.058976 2.125015
v 1.844628 1.052943 2.120506
v 1.846919 1.075395 2.118491
v 1.944760 0.964467 1.909117
v 1.969750 0.974769 1.891772
v 1.974295 0.991739 2.230085
v 1.939097 1.003550 2.341943
v 2.017993 1.028444 2.231527
v 1.993455 1.024375 1.887358
v 1.874181 1.115286 2.116058
v 1.887568 1.122355 2.121203
v 1.898352 1.125673 2.159757
v 1.918727 1.128550 2.397398
v 1.919440 1.121782 2.425564
v 1.875150 1.053522 2.431150
v 1.867032 1.050229 2.377415
v 1.872186 1.041039 2.452003
v 1.961612 0.971571 2.202612
v 2.009659 1.061343 2.279463
v 2.001168 1.052387 1.917160
v 1.934104 1.131075 2.448045
v 1.659061 1.199035 2.231744
v 1.664618 1.194101 2.218841
v 1.693965 1.254537 2.219351
v 1.701955 1.260982 2.233998
v 1.700477 1.251813 2.306128
v 1.673058 1.212727 2.318115
v 1.674360 1.186208 2.294297
v 1.670383 1.198692 2.216410
v 1.669740 1.190694 2.207626
v 1.710024 1.252786 2.203433
v 1.710078 1.255391 2.225111
v 1.712926 1.241269 2.307483
v 1.694793 1.211147 2.320392
v 1.700256 1.242649 2.213551
v 1.852504 1.055968 2.339191
v 1.854272 1.058424 2.125066
v 1.890350 1.113049 2.119673
v 1.917047 1.128859 2.340970
v 1.918614 1.126273 2.422379
v 1.874781 1.050664 2.431841
v 1.864581 1.060049 2.426228
v 1.877807 1.074788 2.434950
v 1.880269 1.075228 2.441488
v 1.898396 1.113675 2.439269
v 1.911845 1.120555 2.429660
v 1.910233 1.117936 2.438000
v 1.875597 1.067124 2.441062
v 1.873424 1.063278 2.433277
v 1.906043 1.133479 2.398581
v 1.903509 1.118605 2.424483
v 1.879130 1.123449 2.120264
v 1.843611 1.069162 2.123642
v 0.678880 1.204942 -1.349310
v 0.700191 1.195964 -0.965740
v 0.746546 1.294191 -0.727822
v 0.757389 1.278548 -0.985441
v 0.717112 1.325704 -0.822937
v 0.655454 1.341824 -0.818735
v 0.715352 1.319174 -0.616724
v 0.797768 1.306466 0.004937
v 0.795517 1.275890 0.224625
v 0.705120 1.227844 -0.747805
v 0.757287 1.233485 0.094321
v 0.678667 1.237079 -0.539892
v 0.545211 1.301056 -0.892109
v 0.518344 1.323897 -0.835081
v 0.454022 1.383188 -0.825628
v 0.599853 1.347205 -0.733092
v 0.577057 1.344045 -0.886816
v 0.557963 1.315591 -0.718003
v 0.537422 1.453221 -0.018472
v 0.623475 1.395843 -0.561442
v 0.621052 1.337912 -0.555859
v 0.654795 1.303170 -0.642326
v 0.649670 1.346727 -0.663916
v 0.589566 1.394535 -0.857396
v 0.611644 1.392141 -0.896554
v 0.610595 1.265199 -0.831630
v 0.403430 1.428924 -1.332227
v 0.522636 1.453573 -0.755733
v 0.427630 1.450694 -1.331745
v 0.735186 1.233701 -1.182540
v 0.717494 1.283438 -1.361597
v 0.636223 1.215003 -1.355976
v 0.428428 1.366144 -1.336717
v 0.524423 1.420668 -1.344959
v 0.577520 1.316495 -0.553444
v 0.663449 1.301671 -0.475761
v 0.675392 1.319376 -0.472612
v 0.583612 1.315962 -0.387276
v 0.635939 1.337915 -0.385703
v 0.651643 1.374973 -0.432625
v 0.636230 1.407807 -0.320322
v 0.604595 1.446055 0.070166
v 0.696442 1.397323 0.108101
v 0.669922 1.391677 -0.041181
v 0.769384 1.379849 0.286282
v 0.719042 1.361854 0.275792
v 0.811071 1.342509 0.877798
v 0.992410 1.300275 0.425437
v 1.000754 1.272029 0.349849
v 1.149459 1.241939 0.529493
v 1.191435 1.240576 0.823952
v 1.195853 1.225503 0.861765
v 1.305133 1.160672 0.907362
v 1.466556 1.046484 1.016876
v 1.485196 0.986031 1.031309
v 1.424301 0.982705 1.018357
v 1.485519 0.954974 1.033151
v 1.249877 1.079439 0.912194
v 1.132988 1.167359 0.860746
v 1.127947 1.208292 0.851727
v 1.096061 1.224289 0.818814
v 1.151222 1.230153 0.852189
v 1.127279 1.253216 0.816421
v 1.076133 1.250986 0.578863
v 0.883634 1.342891 0.385941
v 0.867467 1.313870 0.360232
v 0.844603 1.280323 0.384775
v 0.912490 1.249279 0.405674
v 0.735922 1.309789 0.266538
v 0.825760 1.295520 0.514893
v 0.837342 1.298617 0.745688
v 0.873661 1.291900 0.906519
v 0.947565 1.246627 0.868292
v 0.914906 1.309013 0.933518
v 0.909706 1.344896 0.903366
v 0.878375 1.376367 1.064882
v 0.880206 1.361912 0.742815
v 0.869916 1.363905 0.521496
v 1.009498 1.301589 1.239526
v 0.988274 1.301828 1.147596
v 1.088221 1.241935 1.360444
v 0.923198 1.294023 1.197504
v 0.836098 1.311853 1.068075
v 0.915885 1.261447 1.009297
v 0.942214 1.256595 0.973808
v 1.076783 1.148231 0.723474
v 1.062713 1.144338 0.595636
v 1.053202 1.158867 0.563549
v 1.068143 1.213543 0.663013
v 0.990408 1.292486 0.857061
v 1.100431 1.195852 0.571562
v 1.111831 1.193655 0.723259
v 1.076671 1.189904 0.533317
v 0.917912 1.261799 1.031811
v 0.928877 1.254964 1.041005
v 0.930634 1.250397 1.085687
v 0.932673 1.258036 1.112252
v 0.975288 1.261841 1.142371
v 0.984647 1.279057 1.147611
v 0.990947 1.298278 1.132915
v 0.970099 1.327242 1.114189
v 0.967518 1.326531 1.090979
v 0.976821 1.319822 1.081074
v 0.975706 1.322338 1.036329
v 0.966852 1.321773 1.011711
v 0.975249 1.283110 0.977252
v 0.961944 1.268298 0.972403
v 0.948082 1.254259 0.987762
v 1.043108 1.245038 0.826893
v 1.125081 1.229925 1.329224
v 1.077552 1.192580 1.300081
v 1.132830 1.146408 1.372481
v 1.166247 1.188422 1.366187
v 1.172493 1.149219 1.756954
v 1.196545 1.200269 1.766532
v 1.172927 1.172561 1.827751
v 1.128568 1.182279 1.565468
v 1.097055 1.169122 1.393450
v 1.064270 1.209456 1.370044
v 0.776769 1.318781 0.515393
v 0.522692 1.399936 0.031731
v 0.538897 1.362436 -0.032291
v 0.609043 1.313082 -0.216072
v 0.623667 1.313588 -0.046444
v 0.665712 1.338598 -0.053214
v 0.772184 1.230009 0.044306
v 0.767022 1.270912 0.067651
v 0.706886 1.350055 0.104833
v 0.798415 1.219040 -0.011393
v 0.850593 1.210140 -0.148594
v 0.899269 1.280258 -0.155377
v 0.828602 1.308257 0.034253
v 1.004680 1.232594 -0.122021
v 1.081579 1.207026 0.109141
v 1.055837 1.188716 -0.058366
v 1.002494 1.197223 -0.131964
v 1.003570 1.170527 -0.096435
v 1.039976 1.133144 0.176968
v 1.038761 1.152459 0.293276
v 1.032975 1.223594 0.384820
v 1.074256 1.206806 0.270670
v 0.791056 1.339178 0.121779
v 0.784022 1.293746 0.058261
v 0.633737 1.302735 0.114003
v 0.718236 1.308761 0.027472
v 0.697782 1.341219 -0.140289
v 0.701783 1.304903 -0.137171
v 0.665315 1.377139 -0.219174
v 0.678342 1.301659 -0.305466
v 0.690287 1.319368 -0.302284
v 1.173785 1.172447 0.547767
v 1.206245 1.114051 0.701004
v 1.252167 1.171377 0.695336
v 1.276201 1.116643 0.700986
v 1.338095 1.100842 0.687944
v 1.496778 1.020048 0.718724
v 1.504375 1.023269 0.843760
v 1.511301 1.009717 0.899883
v 1.516048 0.975322 1.041424
v 1.370396 0.995857 0.964006
v 1.467283 0.945235 0.903466
v 1.513163 0.961289 0.936473
v 1.454105 0.948676 0.849914
v 1.350356 1.038487 0.700270
v 1.379566 1.008636 0.468306
v 1.332440 1.069566 0.382946
v 1.371148 1.073705 0.416825
v 1.466125 1.027869 0.542357
v 1.482690 1.018980 0.611518
v 1.328639 1.080696 0.657747
v 1.160670 1.122696 0.760592
v 1.105991 1.175088 0.835106
v 1.114814 1.145997 0.531049
v 1.071301 1.178681 0.566161
v 1.025287 1.224012 0.513273
v 0.993214 1.188842 0.388258
v 0.949306 1.168151 0.302730
v 1.433464 0.974815 0.552033
v 1.455691 0.967514 0.649145
v 0.889502 1.342913 1.758774
v 0.933172 1.372369 1.777343
v 0.955309 1.343093 1.784114
v 0.963526 1.350271 1.807712
v 0.938324 1.337496 1.794545
v 0.888292 1.289498 1.383289
v 0.900835 1.291909 1.217540
v 0.913968 1.307228 1.797956
v 0.936758 1.342829 1.214079
v 0.934659 1.362283 1.349016
v 1.292183 1.543224 2.064008
v 1.246141 1.543010 2.095082
v 1.215371 1.513056 2.100226
v 1.230960 1.552286 1.992803
v 1.200647 1.478590 2.008678
v 1.230117 1.474472 2.096629
v 1.352758 1.374673 2.047914
v 1.245787 1.451332 1.998174
v 1.519336 1.283730 2.149392
v 1.578344 1.284398 2.180384
v 1.585575 1.306397 2.171124
v 1.562457 1.343847 2.147870
v 1.413634 1.455234 2.046309
v 1.296874 1.526444 1.993705
v 1.250559 1.531553 1.989946
v 1.230325 1.516275 1.987497
v 1.223751 1.492140 1.992292
v 1.698206 1.281393 2.310624
v 1.651133 1.289043 2.219549
v 1.627164 1.243973 2.213949
v 1.648046 1.193750 2.325752
v 1.693984 1.254389 2.219315
v 1.672442 1.238970 2.356738
v 1.700745 1.259637 2.234832
v 1.663832 1.203495 2.230223
v 1.658278 1.190573 2.262973
v 1.666689 1.200340 2.306622
v 1.680751 1.219843 2.322651
v 1.697707 1.244028 2.314882
v 1.704587 1.258820 2.278664
v 1.749994 1.150095 2.281991
v 1.719981 1.124408 2.042309
v 1.778232 1.176749 2.308448
v 1.814664 1.125285 2.352484
v 1.880890 1.097356 2.455815
v 1.902065 1.119568 2.426140
v 1.864621 1.060375 2.425875
v 1.856018 1.058986 2.374958
v 1.841543 1.060681 2.136056
v 1.850855 1.072549 2.119162
v 1.795868 1.065656 1.954034
v 1.700331 1.138050 1.565042
v 1.657637 1.167162 1.554242
v 1.672649 1.200462 2.205131
v 1.667201 1.188777 2.210028
v 1.664955 1.181945 2.280866
v 1.678334 1.191326 2.304052
v 1.700323 1.198008 2.336459
v 1.695390 1.210499 2.320652
v 1.711632 1.243199 2.311180
v 1.710384 1.255160 2.224651
v 1.722237 1.258038 2.271793
v 1.709957 1.252968 2.203413
v 1.698826 1.238241 2.202592
v 1.690278 1.243253 1.638878
v 1.679682 1.219972 1.586388
v 1.711488 1.195230 1.541365
v 1.768555 1.188881 1.625823
v 1.878021 1.112932 2.116719
v 1.887199 1.128727 2.134273
v 1.912945 1.144693 2.435402
v 1.906110 1.134040 2.397594
v 1.873519 1.150725 2.364536
v 1.775138 1.210986 2.040657
v 1.851655 1.055148 2.437957
v 1.644336 1.149460 1.571809
v 1.910634 1.117653 2.438109
v 1.912213 1.120102 2.452014
v 1.899617 1.113541 2.437209
v 1.873613 1.063686 2.433026
v 1.877010 1.075388 2.435435
v 1.878799 1.071687 2.440643
v 1.912184 1.120395 2.429652
v 1.982593 0.986165 2.231246
v 2.013506 1.030910 2.228611
v 1.992834 1.024837 1.889975
v 1.894876 1.100769 2.068614
v 1.883166 1.107095 2.118718
v 1.847262 1.075258 2.118011
v 1.962849 0.979329 1.890995
v 1.647609 1.176240 1.598613
v 1.688080 1.211990 1.551530
v 1.682041 1.149753 1.545535
v 1.733661 1.182119 1.570850
v 1.879817 1.111665 2.117260
v 1.852349 1.071657 2.119312
v 1.698606 1.239031 2.202160
v 1.673160 1.200366 2.206207
vn 0.7532 -0.5479 0.3640
vn 0.9747 0.1693 0.1461
vn 0.6287 0.6867 0.3650
vn 0.6638 0.7474 -0.0291
vn 0.9724 0.1029 -0.2095
vn 0.2401 -0.9676 0.0779
vn 0.5832 0.5226 -0.6218
vn -0.7746 0.6004 0.1988
vn 0.8928 0.0724 -0.4447
vn 0.5879 0.8064 -0.0643
vn -0.5460 -0.1107 -0.8304
vn -0.2819 -0.9444 -0.1693
vn 0.3566 -0.8790 -0.3164
vn -0.6729 -0.7397 0.0080
vn -0.4141 -0.9081 -0.0618
vn -0.2967 -0.9168 0.2673
vn -0.9894 0.1281 -0.0691
vn -0.4951 -0.5948 -0.6334
vn -0.9075 -0.4185 0.0352
vn 0.9800 -0.1244 0.1556
vn 0.9438 0.2024 0.2614
vn 0.3459 -0.8438 0.4102
vn 0.5575 0.6377 -0.5315
vn -0.2929 0.8419 -0.4533
vn 0.0662 0.9546 -0.2905
vn -0.2392 0.9707 0.0242
vn 0.2364 0.5821 0.7780
vn 0.4179 0.9039 -0.0916
vn -0.4459 -0.3529 0.8226
vn -0.9808 0.1736 0.0892
vn -0.1247 -0.7109 -0.6922
vn 0.2232 -0.9710 0.0856
vn -0.8677 0.4711 0.1587
vn -0.7492 0.6222 0.2270
vn -0.3566 0.6593 -0.6619
vn -0.8919 -0.3017 -0.3368
vn -0.9076 -0.3734 -0.1921
vn 0.2351 0.9536 -0.1879
vn 0.4994 0.8622 -0.0853
vn -0.8878 0.2281 -0.3997
vn -0.7307 0.5306 -0.4296
vn 0.3732 0.5938 0.7128
vn -0.3461 -0.3062 0.8868
vn 0.4696 0.6335 0.6149
vn -0.8636 -0.3941 0.3145
vn -0.0999 0.0576 0.9933
vn -0.7131 0.2975 -0.6349
vn -0.6024 0.6515 -0.4611
vn -0.3960 -0.4957 -0.7730
vn -0.5155 -0.6022 -0.6096
vn -0.2196 -0.9756 -0.0063
vn -0.4837 -0.6145 0.6232
vn 0.8680 -0.3967 0.2988
vn 0.4181 -0.4597 0.7835
vn -0.8176 0.4792 0.3192
vn -0.8048 -0.3725 0.4620
vn -0.7735 -0.0344 0.6328
vn -0.4930 0.6696 0.5555
vn -0.6916 0.4305 -0.5800
vn -0.8577 0.4214 0.2946
vn 0.4837 0.8752 0.0095
vn 0.0420 0.8914 0.4512
vn 0.4276 0.5129 -0.7444
vn -0.5482 0.8067 0.2209
vn 0.3765 0.4521 -0.8086
vn 0.9918 0.1274 -0.0079
vn 0.2012 -0.9772 0.0676
vn 0.8755 -0.4750 -0.0887
vn 0.1219 0.0486 0.9914
vn 0.7059 -0.7057 0.0603
vn 0.9984 0.0405 -0.0391
vn 0.5590 0.8285 0.0338
vn -0.4737 0.8707 0.1320
vn 0.6284 0.7708 0.1048
vn -0.2933 0.8222 0.4877
vn -0.8937 -0.4252 0.1432
vn -0.8289 -0.4125 0.3779
vn -0.5109 -0.7747 0.3727
vn -0.3183 -0.6768 -0.6638
vn 0.0111 -0.9883 -0.1524
vn -0.2633 -0.9634 0.0502
vn 0.5183 -0.7698 -0.3724
vn -0.7070 -0.7029 0.0783
vn -0.8706 -0.4874 0.0667
vn -0.5205 0.8398 0.1543
vn -0.2269 0.8063 -0.5462
vn -0.8228 0.2030 -0.5309
vn 0.6991 0.7133 -0.0497
vn 0.8320 0.5490 -0.0800
vn 0.2922 0.9560 -0.0252
vn 0.9239 0.3827 0.0011
vn 0.9844 -0.1723 -0.0366
vn 0.9541 0.1867 -0.2343
vn 0.7361 -0.6760 -0.0343
vn 0.9701 0.0397 0.2394
vn 0.1807 -0.1938 0.9643
vn 0.5467 0.7947 0.2637
vn -0.6515 -0.4549 -0.6072
vn 0.2610 0.6582 -0.7061
vn 0.7032 0.2091 -0.6795
vn 0.3099 -0.7849 -0.5366
vn 0.1277 -0.9918 -0.0095
vn -0.2260 -0.9738 0.0232
vn 0.5074 -0.8577 -0.0833
vn 0.5655 -0.8072 -0.1692
vn -0.0542 -0.9984 0.0161
vn 0.5298 -0.8469 -0.0444
vn 0.9806 -0.1940 0.0270
vn -0.0698 0.9536 0.2928
vn -0.9320 0.3448 0.1114
vn 0.0576 0.9963 0.0634
vn -0.8081 0.3260 0.4906
vn -0.0280 0.9996 0.0042
vn 0.2510 0.9672 -0.0386
vn 0.6655 0.6639 -0.3410
vn 0.6188 0.7659 -0.1747
vn 0.0338 0.9511 0.3071
vn 0.3401 0.9312 0.1313
vn 0.6923 0.4444 -0.5686
vn 0.5956 0.8021 -0.0435
vn 0.6695 0.7236 0.1677
vn -0.2543 0.0962 0.9623
vn 0.6600 -0.1194 0.7417
vn -0.5591 -0.7916 0.2465
vn -0.6202 -0.7497 0.2307
vn -0.8294 -0.3652 0.4228
vn -0.6942 -0.3854 0.6079
vn -0.6189 0.2780 0.7347
vn -0.8512 0.3328 0.4058
vn -0.1524 0.8005 0.5797
vn -0.2543 0.9105 0.3260
vn -0.5404 0.7886 0.2935
vn -0.7240 0.2168 0.6548
vn 0.2763 0.9330 0.2306
vn -0.3086 0.1683 0.9362
vn -0.5868 -0.2787 0.7602
vn -0.4776 -0.6868 0.5479
vn -0.4283 -0.9028 0.0388
vn -0.6711 -0.7362 0.0876
vn -0.4268 -0.9037 0.0353
vn -0.7933 -0.6048 0.0699
vn -0.8515 -0.2548 -0.4582
vn -0.5023 -0.8643 0.0252
vn -0.4743 0.2141 -0.8539
vn -0.4818 -0.8531 -0.2002
vn 0.7116 0.7020 -0.0275
vn 0.2085 0.9222 0.3258
vn 0.9567 0.1865 -0.2234
vn 0.5335 0.8455 -0.0225
vn 0.7458 0.5080 -0.4310
vn -0.6479 -0.5292 0.5479
vn -0.1077 0.9326 0.3446
vn -0.6673 -0.7388 0.0947
vn -0.8481 0.0725 0.5249
vn 0.6331 -0.6765 0.3761
vn 0.2480 -0.9338 0.2580
vn -0.2115 -0.9647 -0.1569
vn 0.8603 0.3370 -0.3826
vn 0.9732 0.0554 0.2231
vn -0.6750 -0.4966 -0.5457
vn -0.9025 0.2047 -0.3791
vn 0.0397 0.8990 -0.4362
vn 0.0193 0.2040 -0.9788
vn -0.5143 -0.8573 0.0230
vn -0.5314 -0.8460 -0.0432
vn -0.4908 -0.8582 0.1503
vn -0.3207 -0.9391 0.1237
vn -0.5727 -0.0589 0.8177
vn 0.7890 -0.3558 -0.5008
vn 0.2667 -0.7956 -0.5439
vn 0.5065 0.8572 -0.0930
vn 0.5001 0.8658 -0.0167
vn 0.5493 0.8265 -0.1231
vn 0.6873 0.7076 -0.1644
vn -0.2457 0.6147 -0.7495
vn 0.7005 -0.6082 0.3733
vn 0.8948 0.2658 0.3586
vn 0.9206 -0.0363 -0.3887
vn 0.1649 -0.9410 -0.2955
vn 0.0575 -0.9816 0.1821
vn 0.6344 0.7049 0.3173
vn -0.0550 -0.0384 0.9977
vn -0.9468 0.2294 0.2256
vn -0.7502 -0.5218 0.4061
vn -0.5573 -0.8115 0.1758
vn -0.9144 0.0045 0.4048
vn -0.1438 -0.9895 -0.0128
vn 0.1453 -0.8650 -0.4803
vn -0.0485 -0.8235 -0.5652
vn 0.4918 0.4750 -0.7297
vn 0.5099 0.4637 -0.7246
vn 0.2312 0.9575 -0.1728
vn 0.9573 0.2773 -0.0818
vn 0.3598 -0.9329 0.0185
vn 0.9760 0.1139 0.1856
vn 0.4666 -0.8168 0.3393
vn -0.0661 -0.9744 0.2149
vn 0.9055 -0.2467 -0.3453
vn 0.9218 -0.2038 -0.3296
vn 0.3644 0.8492 -0.3822
vn -0.3833 0.5682 -0.7282
vn -0.0486 0.2139 -0.9757
vn 0.8326 -0.5496 -0.0692
vn 0.6699 0.6793 -0.2996
vn 0.8133 0.5684 -0.1245
vn 0.8716 -0.4894 -0.0290
vn 0.9647 0.2611 -0.0335
vn 0.7605 -0.6482 -0.0371
vn 0.9613 0.2653 -0.0739
vn 0.7584 -0.3462 -0.5523
vn -0.0658 -0.8850 -0.4609
vn -0.0068 -0.9563 -0.2923
vn -0.1531 -0.0900 -0.9841
vn 0.2529 0.7909 -0.5573
vn -0.9772 -0.0302 -0.2103
vn 0.8261 0.5599 0.0633
vn -0.0291 -0.7439 0.6677
vn -0.4783 -0.7817 0.4002
vn -0.2776 -0.9581 0.0711
vn -0.4965 -0.8669 -0.0447
vn -0.6017 -0.7796 -0.1738
vn -0.5583 -0.8296 0.0013
vn -0.5592 -0.8279 0.0421
vn -0.8633 0.4905 -0.1191
vn -0.7283 -0.6852 -0.0035
vn 0.1219 0.9888 -0.0856
vn 0.5300 0.8432 -0.0902
vn -0.5427 -0.8399 0.0005
vn -0.7951 -0.5517 0.2520
vn -0.3551 -0.9009 0.2495
vn -0.4604 -0.8737 -0.1571
vn -0.9253 0.2348 0.2978
vn -0.0976 0.9147 0.3921
vn 0.3847 0.9226 -0.0280
vn 0.6108 0.0439 0.7906
vn 0.6454 -0.7638 0.0076
vn 0.6552 -0.6924 -0.3021
vn -0.1315 -0.6615 0.7383
vn -0.1614 -0.9850 -0.0615
vn 0.5143 0.8251 0.2340
vn -0.8980 -0.2981 -0.3235
vn -0.6508 0.1827 0.7370
vn -0.3758 0.7535 -0.5394
vn -0.6828 -0.4144 0.6017
vn -0.2610 0.7770 0.5729
vn -0.1345 -0.8299 0.5414
vn 0.7132 0.4225 -0.5593
vn 0.5839 0.8038 -0.1141
vn 0.5865 0.4343 -0.6837
vn 0.0685 0.1995 -0.9775
vn -0.6516 0.1218 -0.7487
vn -0.5581 -0.0833 -0.8256
vn 0.3456 0.9335 0.0956
vn 0.7088 0.5956 0.3780
vn 0.6029 0.7378 -0.3036
vn 0.4617 -0.2613 -0.8477
vn 0.4068 0.0006 -0.9135
vn -0.0821 -0.8046 -0.5880
vn -0.3386 -0.9306 -0.1387
vn -0.5661 -0.8225 0.0554
vn -0.0671 -0.6732 -0.7364
vn 0.9046 -0.0828 0.4181
vn 0.2404 -0.0583 0.9689
vn 0.3769 0.3362 -0.8631
vn 0.6755 -0.5821 0.4526
vn -0.4388 -0.8548 0.2770
vn -0.4191 -0.8182 0.3935
vn -0.3004 -0.1193 0.9463
vn -0.7809 0.1700 0.6011
vn 0.0830 0.5830 0.8082
vn -0.1442 0.9414 0.3048
vn 0.1686 -0.1013 0.9805
vn 0.8602 -0.4888 0.1453
vn 0.5470 0.5494 0.6317
vn -0.6748 -0.2009 -0.7101
vn -0.8701 -0.3371 -0.3597
vn -0.9150 0.4033 0.0058
vn -0.7263 0.4107 0.5512
vn -0.7673 -0.2779 0.5779
vn 0.3827 0.6569 0.6497
vn 0.1404 0.9698 0.1994
vn 0.1046 0.9907 -0.0868
vn -0.5070 0.8619 -0.0001
vn 0.5321 0.7193 -0.4466
vn -0.0514 0.9167 -0.3962
vn -0.2661 0.9551 -0.1301
vn 0.5919 0.8053 -0.0346
vn 0.8986 -0.1473 -0.4132
vn 0.8650 0.4810 -0.1429
vn 0.9221 -0.3825 -0.0589
vn 0.2620 -0.9466 -0.1881
vn -0.5864 -0.8072 0.0669
vn 0.2264 -0.9740 0.0069
vn -0.1617 -0.7029 0.6926
vn -0.1939 -0.9352 -0.2962
vn -0.2562 -0.0499 0.9653
vn 0.8461 -0.5330 -0.0027
vn 0.4515 0.4510 0.7699
vn 0.8225 -0.5676 -0.0367
vn 0.2177 -0.1977 -0.9558
vn 0.2235 -0.1687 -0.9600
vn -0.7408 0.4657 -0.4840
vn -0.7201 0.5657 -0.4019
vn 0.6205 -0.5614 -0.5475
vn 0.0517 -0.2989 -0.9529
vn -0.4570 0.4022 -0.7934
vn 0.7687 -0.5631 -0.3034
vn -0.8269 0.5622 0.0114
vn -0.7735 0.6013 -0.2002
vn -0.8346 0.5507 0.0132
vn -0.4732 0.1265 0.8718
vn 0.6477 -0.7243 0.2366
vn 0.5460 0.5353 -0.6445
vn -0.3271 0.9444 0.0330
vn -0.4643 -0.8105 0.3571
vn 0.8394 -0.5339 -0.1017
vn 0.2607 0.9069 0.3310
vn 0.4910 0.8354 -0.2472
vn 0.9649 -0.1535 0.2129
vn 0.4635 -0.8214 -0.3324
vn -0.3216 0.2853 -0.9029
vn -0.2936 -0.2201 -0.9302
vn 0.5980 0.8014 -0.0084
vn 0.8121 -0.5835 0.0071
vn 0.7836 0.6117 -0.1091
vn 0.4945 0.8679 -0.0475
vn -0.3207 -0.9470 -0.0206
vn -0.6863 -0.7242 0.0667
vn 0.4536 0.8529 -0.2586
vn -0.5433 -0.7873 -0.2916
vn 0.5233 -0.2745 -0.8068
vn 0.5181 -0.8265 0.2202
vn 0.9628 0.2704 0.0013
vn 0.6572 -0.7298 -0.1884
vn 0.0679 -0.9967 -0.0443
vn -0.9065 0.4223 -0.0007
vn -0.8019 0.5972 0.0175
vn 0.9243 -0.2879 -0.2506
vn -0.8385 0.5298 0.1272
vn -0.2659 0.9639 0.0132
vn -0.7030 0.6373 0.3157
vn -0.8885 0.1702 0.4261
vn 0.8212 -0.5695 -0.0362
vn -0.6411 0.7284 -0.2418
vn 0.7776 -0.5495 -0.3056
vt 0.083225 0.566564
vt 0.105244 0.571089
vt 0.104467 0.573445
vt 0.122630 0.555647
vt 0.166812 0.491432
vt 0.093183 0.535433
vt 0.213650 0.415012
vt 0.215186 0.401544
vt 0.183210 0.468423
vt 0.165408 0.494748
vt 0.216299 0.400113
vt 0.173285 0.445528
vt 0.167285 0.457224
vt 0.153710 0.468329
vt 0.104280 0.507841
vt 0.088259 0.526411
vt 0.851026 0.735140
vt 0.890645 0.746765
vt 0.854547 0.731221
vt 0.858708 0.746326
vt 0.851968 0.745715
vt 0.849591 0.725059
vt 0.886312 0.769741
vt 0.848486 0.745611
vt 0.847790 0.747731
vt 0.832054 0.733291
vt 0.830880 0.732525
vt 0.844699 0.747074
vt 0.835871 0.713879
vt 0.838291 0.717179
vt 0.894555 0.752634
vt 0.864343 0.732432
vt 0.835621 0.716045
vt 0.831324 0.731098
vt 0.807272 0.721644
vt 0.813639 0.708255
vt 0.812027 0.707610
vt 0.808347 0.724488
vt 0.806564 0.722851
vt 0.814786 0.709438
vt 0.813718 0.710109
vt 0.807887 0.716342
vt 0.808841 0.706157
vt 0.806064 0.715632
vt 0.812392 0.705098
vt 0.809816 0.709133
vt 0.809735 0.722047
vt 0.809244 0.725597
vt 0.850501 0.732437
vt 0.851509 0.732578
vt 0.838626 0.718181
vt 0.835486 0.715981
vt 0.830583 0.728454
vt 0.833845 0.716727
vt 0.833513 0.718325
vt 0.834440 0.715591
vt 0.834454 0.716448
vt 0.830492 0.728255
vt 0.831005 0.726683
vt 0.833230 0.718495
vt 0.830615 0.731827
vt 0.830406 0.731124
vt 0.846610 0.747136
vt 0.830801 0.729492
vt 0.848003 0.747558
vt 0.288492 0.319796
vt 0.284321 0.306188
vt 0.284338 0.320285
vt 0.307622 0.249913
vt 0.287072 0.297936
vt 0.291845 0.309628
vt 0.297545 0.310195
vt 0.297520 0.300975
vt 0.306408 0.276155
vt 0.299155 0.304781
vt 0.292799 0.287777
vt 0.295312 0.293916
vt 0.299089 0.290940
vt 0.285527 0.313761
vt 0.302897 0.287281
vt 0.303794 0.286266
vt 0.303371 0.293938
vt 0.334909 0.237787
vt 0.312050 0.281956
vt 0.346265 0.248352
vt 0.307151 0.303972
vt 0.306766 0.299715
vt 0.317224 0.282652
vt 0.308860 0.292858
vt 0.314551 0.294786
vt 0.311735 0.287805
vt 0.304037 0.288501
vt 0.303813 0.296461
vt 0.300088 0.292954
vt 0.305881 0.301809
vt 0.301874 0.297372
vt 0.304073 0.305030
vt 0.301685 0.299059
vt 0.302552 0.310958
vt 0.285864 0.323210
vt 0.283528 0.316763
vt 0.304457 0.280100
vt 0.307742 0.272271
vt 0.302198 0.285403
vt 0.308572 0.280401
vt 0.312625 0.262594
vt 0.305451 0.277021
vt 0.307257 0.280308
vt 0.346059 0.253243
vt 0.511030 0.186713
vt 0.334934 0.257436
vt 0.343478 0.236737
vt 0.589408 0.233845
vt 0.345263 0.243336
vt 0.266092 0.331862
vt 0.288382 0.298607
vt 0.300736 0.288905
vt 0.242745 0.325897
vt 0.215133 0.375514
vt 0.152307 0.453971
vt 0.064319 0.600035
vt 0.047796 0.591685
vt 0.052029 0.600569
vt 0.078756 0.485624
vt 0.110603 0.368114
vt 0.209740 0.233610
vt 0.196837 0.226003
vt 0.235214 0.225597
vt 0.257389 0.225093
vt 0.248229 0.259688
vt 0.270190 0.265226
vt 0.278988 0.289581
vt 0.278895 0.272051
vt 0.324999 0.264490
vt 0.319045 0.257001
vt 0.299552 0.253357
vt 0.315028 0.237887
vt 0.335693 0.210729
vt 0.357875 0.206593
vt 0.394800 0.155264
vt 0.627797 0.200804
vt 0.401221 0.117729
vt 0.610176 0.114620
vt 0.496984 0.140967
vt 0.489217 0.120988
vt 0.401551 0.200896
vt 0.700729 0.336376
vt 0.679515 0.269836
vt 0.645359 0.250587
vt 0.783024 0.485929
vt 0.693269 0.288131
vt 0.761874 0.463336
vt 0.793716 0.464520
vt 0.774354 0.453032
vt 0.559795 0.086047
vt 0.230740 0.230131
vt 0.245230 0.256016
vt 0.254980 0.281534
vt 0.247177 0.257128
vt 0.252494 0.264051
vt 0.269474 0.255075
vt 0.393324 0.160520
vt 0.258065 0.281519
vt 0.632976 0.128864
vt 0.647856 0.131071
vt 0.680910 0.170980
vt 0.691123 0.196884
vt 0.706928 0.237106
vt 0.695996 0.253877
vt 0.786151 0.418003
vt 0.631285 0.231224
vt 0.627510 0.219124
vt 0.588177 0.183385
vt 0.564549 0.169165
vt 0.528946 0.119999
vt 0.538011 0.099258
vt 0.318612 0.179212
vt 0.804848 0.519177
vt 0.812812 0.488139
vt 0.796342 0.566242
vt 0.789678 0.583377
vt 0.791565 0.578485
vt 0.791467 0.536325
vt 0.330227 0.231462
vt 0.324658 0.231943
vt 0.344017 0.237953
vt 0.317796 0.250076
vt 0.271090 0.313353
vt 0.284053 0.291531
vt 0.290710 0.309489
vt 0.277443 0.325596
vt 0.304126 0.280400
vt 0.268524 0.329813
vt 0.261209 0.305725
vt 0.269654 0.317077
vt 0.262048 0.297650
vt 0.273742 0.273758
vt 0.275639 0.295827
vt 0.268622 0.329065
vt 0.316960 0.268809
vt 0.307036 0.268220
vt 0.325436 0.255049
vt 0.316118 0.255424
vt 0.333821 0.258711
vt 0.326579 0.265898
vt 0.318524 0.260509
vt 0.316629 0.273212
vt 0.311074 0.266996
vt 0.317018 0.274945
vt 0.243238 0.331611
vt 0.197685 0.336956
vt 0.240188 0.299417
vt 0.193746 0.388892
vt 0.190858 0.422780
vt 0.188228 0.408370
vt 0.104331 0.573554
vt 0.049802 0.576024
vt 0.050881 0.547991
vt 0.088218 0.526441
vt 0.104918 0.507405
vt 0.169685 0.414324
vt 0.153641 0.468388
vt 0.172038 0.447298
vt 0.215439 0.402220
vt 0.191846 0.419761
vt 0.211063 0.420340
vt 0.154821 0.509831
vt 0.196473 0.282330
vt 0.257460 0.272220
vt 0.273663 0.267292
vt 0.297758 0.258059
vt 0.736506 0.491822
vt 0.734916 0.512649
vt 0.698810 0.404668
vt 0.741006 0.520887
vt 0.741338 0.520042
vt 0.744232 0.515664
vt 0.743699 0.501348
vt 0.698394 0.289694
vt 0.675466 0.325371
vt 0.739288 0.634801
vt 0.738318 0.638243
vt 0.730489 0.646872
vt 0.744167 0.637341
vt 0.735107 0.648208
vt 0.808030 0.700167
vt 0.786068 0.708202
vt 0.756709 0.688308
vt 0.800729 0.714636
vt 0.732332 0.650260
vt 0.733546 0.642457
vt 0.737541 0.638492
vt 0.736854 0.660401
vt 0.801829 0.717126
vt 0.806481 0.722808
vt 0.795821 0.703668
vt 0.803943 0.706810
vt 0.792040 0.692831
vt 0.811849 0.703886
vt 0.766073 0.663289
vt 0.811945 0.708246
vt 0.806207 0.714025
vt 0.803449 0.706459
vt 0.807304 0.721445
vt 0.808088 0.707671
vt 0.814400 0.705122
vt 0.822326 0.714769
vt 0.811305 0.709208
vt 0.828469 0.717809
vt 0.820452 0.720276
vt 0.827450 0.729112
vt 0.830659 0.719934
vt 0.830501 0.728196
vt 0.828124 0.731013
vt 0.884368 0.773858
vt 0.881364 0.766139
vt 0.814878 0.708960
vt 0.809805 0.709155
vt 0.811905 0.705093
vt 0.807824 0.716122
vt 0.809094 0.722644
vt 0.808323 0.724441
vt 0.809232 0.725611
vt 0.883882 0.798884
vt 0.868944 0.792759
vt 0.859210 0.790549
vt 0.827198 0.746491
vt 0.878479 0.794301
vt 0.845352 0.747681
vt 0.830602 0.731900
vt 0.860390 0.738452
vt 0.834676 0.720787
vt 0.836619 0.716612
vt 0.833487 0.712328
vt 0.889821 0.773471
vt 0.833466 0.717847
vt 0.830634 0.728391
vt 0.829900 0.728101
vt 0.858950 0.746527
vt 0.894511 0.752599
vt 0.892614 0.767150
vt 0.855180 0.750850
vt 0.851237 0.735238
vt 0.885661 0.795475
vt 0.888106 0.774903
vt 0.879668 0.797733
vt 0.847537 0.745359
vt 0.810803 0.721514
vt 0.872029 0.768171
vt 0.813881 0.712180
vt 0.851577 0.732435
vt 0.861421 0.734994
vt 0.892593 0.767125
vt 0.834915 0.736929
vt 0.301827 0.251869
vt 0.305151 0.287983
vt 0.229379 0.315155
vt 0.477034 0.170710
vt 0.676786 0.252967
vt 0.580470 0.090344
vt 0.304997 0.259969
vt 0.273175 0.323447
vt 0.123287 0.554796
vt 0.083671 0.567985
vt 0.171274 0.486202
vt 0.183282 0.468308
vt 0.291299 0.268626
vt 0.720046 0.379210
vt 0.736082 0.663162
vt 0.745666 0.641330
vt 0.793064 0.708122
vt 0.810092 0.703649
vt 0.805749 0.719631
vt 0.850312 0.734379
vt 0.850016 0.730338
vt 0.813938 0.712234
vt 0.810781 0.721474
vt 0.847430 0.745821
vt 0.834393 0.715557
vt 0.830811 0.729610
vt 0.831025 0.726930
vt 0.833496 0.718370
vt 0.834458 0.716457
vt 0.861412 0.734989
vt 0.848724 0.745785
vt 0.850222 0.734853
s 1
usemtl treads
f 3617/3561/5125 3605/3562/5126 3603/3563/5127
f 3603/3563/5127 3605/3562/5126 3604/3564/5128
f 3607/3565/5129 3605/3562/5126 3618/3566/5130
f 3608/3567/5131 3610/3568/5132 3609/3569/5133
f 3611/3570/5134 3607/3565/5129 3609/3569/5133
f 3604/3564/5128 3607/3565/5129 3611/3570/5134
f 3610/3568/5132 3612/3571/5135 3613/3572/5136
f 3606/3573/5137 3612/3571/5135 3608/3567/5131
f 3606/3573/5137 3614/3574/5138 3613/3572/5136
f 3618/3566/5130 3615/3575/5139 3614/3574/5138
f 3618/3566/5130 3616/3576/5140 3615/3575/5139
f 3618/3566/5130 3617/3561/5125 3616/3576/5140
f 3621/3577/5141 3622/3578/5142 3620/3579/5143
f 3626/3580/5144 3637/3581/5145 3625/3582/5146
f 3638/3583/5147 3628/3584/5148 3629/3585/5149
f 3631/3586/5150 3639/3587/5151 3630/3588/5152
f 3635/3589/5153 3634/3590/5154 3620/3579/5143
f 3620/3579/5143 3622/3578/5142 3635/3589/5153
f 3622/3578/5142 3623/3591/5155 3636/3592/5156
f 3639/3587/5151 3635/3589/5153 3625/3582/5146
f 3633/3593/5157 3635/3589/5153 3632/3594/5158
f 3637/3581/5145 3638/3583/5147 3639/3587/5151
f 3626/3580/5144 3638/3583/5147 3637/3581/5145
f 3630/3588/5152 3638/3583/5147 3629/3585/5149
f 3642/3595/5159 3641/3596/5160 3640/3597/5161
f 3650/3598/5162 3642/3595/5159 3643/3599/5163
f 3648/3600/5164 3641/3596/5160 3647/3601/5165
f 3643/3599/5163 3651/3602/5166 3650/3598/5162
f 3645/3603/5167 3651/3602/5166 3644/3604/5168
f 3646/3605/5169 3652/3606/5170 3645/3603/5167
f 3646/3605/5169 3641/3596/5160 3648/3600/5164
f 3648/3600/5164 3653/3607/5171 3649/3608/5172
f 3671/3609/5173 3655/3610/5174 3654/3611/5175
f 3659/3612/5176 3665/3613/5177 3666/3614/5178
f 3659/3612/5176 3654/3611/5175 3655/3610/5174
f 3661/3615/5179 3660/3616/5180 3667/3617/5181
f 3660/3616/5180 3661/3615/5179 3669/3618/5182
f 3663/3619/5183 3661/3615/5179 3662/3620/5184
f 3668/3621/5185 3658/3622/5186 3670/3623/5187
f 3669/3618/5182 3664/3624/5188 3658/3622/5186
f 3655/3610/5174 3670/3623/5187 3656/3625/5189
f 3675/3626/5190 3673/3627/5191 3701/3628/5192
f 3680/3629/5193 3681/3630/5194 3674/3631/5195
f 3676/3632/5196 3674/3631/5195 3675/3626/5190
f 3678/3633/5197 3679/3634/5198 3676/3632/5196
f 3676/3632/5196 3677/3635/5199 3678/3633/5197
f 3679/3634/5198 3680/3629/5193 3674/3631/5195
f 3683/3636/5200 3697/3637/5201 3673/3627/5191
f 3681/3630/5194 3683/3636/5200 3673/3627/5191
f 3673/3627/5191 3684/3638/5202 3703/3639/5203
f 3689/3640/5204 3685/3641/5205 3687/3642/5206
f 3685/3641/5205 3793/3643/5207 3686/3644/5208
f 3690/3645/5209 3700/3646/5210 3698/3647/5211
f 3712/3648/5212 3691/3649/5213 3699/3650/5214
f 3711/3651/5215 3708/3652/5216 3691/3649/5213
f 3694/3653/5217 3693/3654/5218 3687/3642/5206
f 3695/3655/5219 3691/3649/5213 3694/3653/5217
f 3695/3655/5219 3699/3650/5214 3691/3649/5213
f 3695/3655/5219 3687/3642/5206 3688/3656/5220
f 3688/3656/5220 3685/3641/5205 3684/3638/5202
f 3684/3638/5202 3677/3635/5199 3688/3656/5220
f 3683/3636/5200 3678/3633/5197 3697/3637/5201
f 3680/3629/5193 3678/3633/5197 3683/3636/5200
f 3677/3635/5199 3696/3657/5221 3688/3656/5220
f 3704/3658/5222 3684/3638/5202 3686/3644/5208
f 3699/3650/5214 3705/3659/5223 3700/3646/5210
f 3705/3659/5223 3676/3632/5196 3702/3660/5224
f 3701/3628/5192 3702/3660/5224 3675/3626/5190
f 3672/3661/5225 3702/3660/5224 3701/3628/5192
f 3673/3627/5191 3703/3639/5203 3672/3661/5225
f 3672/3661/5225 3701/3628/5192 3673/3627/5191
f 3689/3640/5204 3693/3654/5218 3706/3662/5226
f 3709/3663/5227 3689/3640/5204 3706/3662/5226
f 3689/3640/5204 3793/3643/5207 3685/3641/5205
f 3709/3663/5227 3706/3662/5226 3707/3664/5228
f 3709/3663/5227 3707/3664/5228 3710/3665/5229
f 3794/3666/5230 3709/3663/5227 3820/3667/5231
f 3712/3648/5212 3821/3668/5232 3711/3651/5215
f 3712/3648/5212 3711/3651/5215 3691/3649/5213
f 3713/3669/5233 3712/3648/5212 3699/3650/5214
f 3718/3670/5234 3716/3671/5235 3717/3672/5236
f 3747/3673/5237 3749/3674/5238 3716/3671/5235
f 3721/3675/5239 3720/3676/5240 3719/3677/5241
f 3722/3678/5242 3824/3679/5243 3721/3675/5239
f 3724/3680/5244 3725/3681/5245 3722/3678/5242
f 3725/3681/5245 3726/3682/5246 3830/3683/5247
f 3831/3684/5248 3729/3685/5249 3843/3686/5250
f 3730/3687/5251 3731/3688/5252 3732/3689/5253
f 3731/3688/5252 3733/3690/5254 3732/3689/5253
f 3733/3690/5254 3722/3678/5242 3734/3691/5255
f 3732/3689/5253 3734/3691/5255 3735/3692/5256
f 3734/3691/5255 3721/3675/5239 3735/3692/5256
f 3719/3677/5241 3846/3693/5257 3735/3692/5256
f 3736/3694/5258 3737/3695/5259 3719/3677/5241
f 3737/3695/5259 3739/3696/5260 3719/3677/5241
f 3738/3697/5261 3739/3696/5260 3737/3695/5259
f 3741/3698/5262 3791/3699/5263 3738/3697/5261
f 3742/3700/5264 3754/3701/5265 3791/3699/5263
f 3744/3702/5266 3755/3703/5267 3754/3701/5265
f 3745/3704/5268 3744/3702/5266 3743/3705/5269
f 3747/3673/5237 3748/3706/5270 3749/3674/5238
f 3750/3707/5271 3751/3708/5272 3772/3709/5273
f 3751/3708/5272 3750/3707/5271 3781/3710/5274
f 3753/3711/5275 3752/3712/5276 3750/3707/5271
f 3753/3711/5275 3789/3713/5277 3790/3714/5278
f 3756/3715/5279 3755/3703/5267 3757/3716/5280
f 3757/3716/5280 3744/3702/5266 3758/3717/5281
f 3762/3718/5282 3763/3719/5283 3757/3716/5280
f 3759/3720/5284 3758/3717/5281 3760/3721/5285
f 3761/3722/5286 3758/3717/5281 3744/3702/5266
f 3761/3722/5286 3762/3718/5282 3760/3721/5285
f 3761/3722/5286 3763/3719/5283 3762/3718/5282
f 3764/3723/5287 3759/3720/5284 3760/3721/5285
f 3762/3718/5282 3764/3723/5287 3760/3721/5285
f 3765/3724/5288 3754/3701/5265 3755/3703/5267
f 3766/3725/5289 3754/3701/5265 3765/3724/5288
f 3754/3701/5265 3766/3725/5289 3767/3726/5290
f 3768/3727/5291 3767/3726/5290 3769/3728/5292
f 3769/3728/5292 3770/3729/5293 3768/3727/5291
f 3770/3729/5293 3781/3710/5274 3782/3730/5294
f 3773/3731/5295 3747/3673/5237 3772/3709/5273
f 3774/3732/5296 3747/3673/5237 3773/3731/5295
f 3775/3733/5297 3747/3673/5237 3774/3732/5296
f 3776/3734/5298 3775/3733/5297 3777/3735/5299
f 3777/3735/5299 3778/3736/5300 3776/3734/5298
f 3778/3736/5300 3780/3737/5301 3776/3734/5298
f 3776/3734/5298 3761/3722/5286 3747/3673/5237
f 3784/3738/5302 3783/3739/5303 3782/3730/5294
f 3784/3738/5302 3785/3740/5304 3783/3739/5303
f 3785/3740/5304 3786/3741/5305 3787/3742/5306
f 3788/3743/5307 3787/3742/5306 3786/3741/5305
f 3786/3741/5305 3784/3738/5302 3781/3710/5274
f 3790/3714/5278 3788/3743/5307 3752/3712/5276
f 3789/3713/5277 3787/3742/5306 3788/3743/5307
f 3785/3740/5304 3787/3742/5306 3789/3713/5277
f 3789/3713/5277 3788/3743/5307 3790/3714/5278
f 3770/3729/5293 3782/3730/5294 3768/3727/5291
f 3791/3699/5263 3718/3670/5234 3717/3672/5236
f 3740/3744/5308 3791/3699/5263 3717/3672/5236
f 3815/3745/5309 3740/3744/5308 3792/3746/5310
f 3792/3746/5310 3713/3669/5233 3690/3645/5209
f 3717/3672/5236 3713/3669/5233 3792/3746/5310
f 3795/3747/5311 3815/3745/5309 3793/3643/5207
f 3808/3748/5312 3801/3749/5313 3802/3750/5314
f 3804/3751/5315 3803/3752/5316 3805/3753/5317
f 3809/3754/5318 3812/3755/5319 3810/3756/5320
f 3810/3756/5320 3812/3755/5319 3847/3757/5321
f 3847/3757/5321 3812/3755/5319 3811/3758/5322
f 3811/3758/5322 3812/3755/5319 3720/3676/5240
f 3805/3753/5317 3720/3676/5240 3812/3755/5319
f 3806/3759/5323 3805/3753/5317 3809/3754/5318
f 3805/3753/5317 3803/3752/5316 3720/3676/5240
f 3813/3760/5324 3814/3761/5325 3799/3762/5326
f 3815/3745/5309 3816/3763/5327 3714/3764/5328
f 3815/3745/5309 3795/3747/5311 3816/3763/5327
f 3714/3764/5328 3816/3763/5327 3715/3765/5329
f 3796/3766/5330 3817/3767/5331 3715/3765/5329
f 3715/3765/5329 3816/3763/5327 3796/3766/5330
f 3795/3747/5311 3818/3768/5332 3796/3766/5330
f 3817/3767/5331 3818/3768/5332 3819/3769/5333
f 3713/3669/5233 3819/3769/5333 3712/3648/5212
f 3712/3648/5212 3819/3769/5333 3821/3668/5232
f 3794/3666/5230 3821/3668/5232 3819/3769/5333
f 3721/3675/5239 3811/3758/5322 3720/3676/5240
f 3822/3770/5334 3721/3675/5239 3824/3679/5243
f 3822/3770/5334 3823/3771/5335 3844/3772/5336
f 3825/3773/5337 3823/3771/5335 3824/3679/5243
f 3826/3774/5338 3841/3775/5339 3825/3773/5337
f 3725/3681/5245 3830/3683/5247 3829/3776/5340
f 3728/3777/5341 3727/3778/5342 3831/3684/5248
f 3832/3779/5343 3831/3684/5248 3834/3780/5344
f 3835/3781/5345 3850/3782/5346 3834/3780/5344
f 3835/3781/5345 3849/3783/5347 3850/3782/5346
f 3837/3784/5348 3836/3785/5349 3835/3781/5345
f 3838/3786/5350 3826/3774/5338 3827/3787/5351
f 3837/3784/5348 3841/3775/5339 3826/3774/5338
f 3841/3775/5339 3837/3784/5348 3835/3781/5345
f 3841/3775/5339 3835/3781/5345 3825/3773/5337
f 3835/3781/5345 3834/3780/5344 3823/3771/5335
f 3834/3780/5344 3842/3788/5352 3823/3771/5335
f 3834/3780/5344 3831/3684/5248 3842/3788/5352
f 3844/3772/5336 3843/3686/5250 3845/3789/5353
f 3844/3772/5336 3845/3789/5353 3739/3696/5260
f 3822/3770/5334 3844/3772/5336 3847/3757/5321
f 3848/3790/5354 3809/3754/5318 3810/3756/5320
f 3801/3749/5313 3808/3748/5312 3809/3754/5318
f 3815/3745/5309 3797/3791/5355 3848/3790/5354
f 3740/3744/5308 3815/3745/5309 3738/3697/5261
f 3738/3697/5261 3815/3745/5309 3848/3790/5354
f 3738/3697/5261 3848/3790/5354 3847/3757/5321
f 3847/3757/5321 3739/3696/5260 3738/3697/5261
f 3845/3789/5353 3732/3689/5253 3735/3692/5256
f 3722/3678/5242 3827/3787/5351 3824/3679/5243
f 3827/3787/5351 3826/3774/5338 3824/3679/5243
f 3851/3792/5356 3747/3673/5237 3718/3670/5234
f 3852/3793/5357 3860/3794/5358 3747/3673/5237
f 3854/3795/5359 3853/3796/5360 3860/3794/5358
f 3854/3795/5359 3855/3797/5361 3853/3796/5360
f 3754/3701/5265 3851/3792/5356 3718/3670/5234
f 3852/3793/5357 3858/3798/5362 3854/3795/5359
f 3857/3799/5363 3754/3701/5265 3753/3711/5275
f 3753/3711/5275 3750/3707/5271 3859/3800/5364
f 3859/3800/5364 3750/3707/5271 3747/3673/5237
f 3865/3801/5365 3863/3802/5366 3864/3803/5367
f 3866/3804/5368 3862/3805/5369 3863/3802/5366
f 3881/3806/5370 3866/3804/5368 3865/3801/5365
f 3872/3807/5371 3873/3808/5372 3879/3809/5373
f 3875/3810/5374 3876/3811/5375 3864/3803/5367
f 3876/3811/5375 3877/3812/5376 3864/3803/5367
f 3873/3808/5372 3861/3813/5377 3878/3814/5378
f 3878/3814/5378 3879/3809/5373 3873/3808/5372
f 3878/3814/5378 3884/3815/5379 3879/3809/5373
f 3870/3816/5380 3879/3809/5373 3880/3817/5381
f 3869/3818/5382 3870/3816/5380 3880/3817/5381
f 3886/3819/5383 3881/3806/5370 3867/3820/5384
f 3885/3821/5385 3886/3819/5383 3869/3818/5382
f 3880/3817/5381 3885/3821/5385 3869/3818/5382
f 3889/3822/5386 3878/3814/5378 3883/3823/5387
f 3884/3815/5379 3882/3824/5388 3879/3809/5373
f 3879/3809/5373 3882/3824/5388 3880/3817/5381
f 3888/3825/5389 3889/3822/5386 3883/3823/5387
f 3862/3805/5369 3878/3814/5378 3861/3813/5377
f 3883/3823/5387 3862/3805/5369 3866/3804/5368
f 3906/3826/5390 3891/3827/5391 3908/3828/5392
f 3894/3829/5393 3893/3830/5394 3891/3827/5391
f 3894/3829/5393 3923/3831/5395 3893/3830/5394
f 3894/3829/5393 3895/3832/5396 3923/3831/5395
f 3896/3833/5397 3921/3834/5398 3895/3832/5396
f 3903/3835/5399 3926/3836/5400 3905/3837/5401
f 3909/3838/5402 3907/3839/5403 3908/3828/5392
f 3910/3840/5404 3909/3838/5402 3908/3828/5392
f 3912/3841/5405 3911/3842/5406 3910/3840/5404
f 3911/3842/5406 3912/3841/5405 3913/3843/5407
f 3917/3844/5408 3916/3845/5409 3915/3846/5410
f 3893/3830/5394 3924/3847/5411 3912/3841/5405
f 3893/3830/5394 3912/3841/5405 3910/3840/5404
f 3893/3830/5394 3910/3840/5404 3908/3828/5392
f 3924/3847/5411 3918/3848/5412 3915/3846/5410
f 3921/3834/5398 3920/3849/5413 3918/3848/5412
f 3918/3848/5412 3923/3831/5395 3921/3834/5398
f 3921/3834/5398 3922/3850/5414 3920/3849/5413
f 3901/3851/5415 3892/3852/5416 3926/3836/5400
f 3898/3853/5417 3896/3833/5397 3895/3832/5396
f 3891/3827/5391 3892/3852/5416 3894/3829/5393
f 3925/3854/5418 3895/3832/5396 3894/3829/5393
f 3926/3836/5400 3902/3855/5419 3901/3851/5415
f 3932/3856/5420 3927/3857/5421 3928/3858/5422
f 3935/3859/5423 3940/3860/5424 3936/3861/5425
f 3937/3862/5426 3940/3860/5424 3939/3863/5427
f 3944/3864/5428 3943/3865/5429 3942/3866/5430
f 3945/3867/5431 3943/3865/5429 3944/3864/5428
f 3947/3868/5432 3942/3866/5430 3941/3869/5433
f 3947/3868/5432 3941/3869/5433 3948/3870/5434
f 3606/3573/5137 3607/3565/5129 3618/3566/5130
f 3608/3567/5131 3607/3565/5129 3606/3573/5137
f 3607/3565/5129 3608/3567/5131 3609/3569/5133
f 3604/3564/5128 3605/3562/5126 3607/3565/5129
f 3608/3567/5131 3612/3571/5135 3610/3568/5132
f 3613/3572/5136 3612/3571/5135 3606/3573/5137
f 3606/3573/5137 3618/3566/5130 3614/3574/5138
f 3618/3566/5130 3605/3562/5126 3617/3561/5125
f 3620/3579/5143 3619/3871/5435 3621/3577/5141
f 3621/3577/5141 3623/3591/5155 3622/3578/5142
f 3623/3591/5155 3624/3872/5436 3636/3592/5156
f 3625/3582/5146 3636/3592/5156 3624/3872/5436
f 3624/3872/5436 3626/3580/5144 3625/3582/5146
f 3638/3583/5147 3626/3580/5144 3627/3873/5437
f 3638/3583/5147 3627/3873/5437 3628/3584/5148
f 3633/3593/5157 3634/3590/5154 3635/3589/5153
f 3635/3589/5153 3622/3578/5142 3636/3592/5156
f 3635/3589/5153 3636/3592/5156 3625/3582/5146
f 3632/3594/5158 3635/3589/5153 3639/3587/5151
f 3625/3582/5146 3637/3581/5145 3639/3587/5151
f 3630/3588/5152 3639/3587/5151 3638/3583/5147
f 3639/3587/5151 3631/3586/5150 3632/3594/5158
f 3650/3598/5162 3649/3608/5172 3642/3595/5159
f 3646/3605/5169 3645/3603/5167 3640/3597/5161
f 3646/3605/5169 3640/3597/5161 3641/3596/5160
f 3643/3599/5163 3644/3604/5168 3651/3602/5166
f 3645/3603/5167 3652/3606/5170 3651/3602/5166
f 3653/3607/5171 3641/3596/5160 3642/3595/5159
f 3647/3601/5165 3653/3607/5171 3648/3600/5164
f 3642/3595/5159 3649/3608/5172 3653/3607/5171
f 3657/3874/5438 3656/3625/5189 3670/3623/5187
f 3670/3623/5187 3658/3622/5186 3657/3874/5438
f 3664/3624/5188 3665/3613/5177 3658/3622/5186
f 3659/3612/5176 3658/3622/5186 3665/3613/5177
f 3659/3612/5176 3666/3614/5178 3667/3617/5181
f 3659/3612/5176 3667/3617/5181 3660/3616/5180
f 3664/3624/5188 3669/3618/5182 3661/3615/5179
f 3664/3624/5188 3661/3615/5179 3663/3619/5183
f 3658/3622/5186 3668/3621/5185 3669/3618/5182
f 3660/3616/5180 3654/3611/5175 3659/3612/5176
f 3655/3610/5174 3671/3609/5173 3670/3623/5187
f 3673/3627/5191 3674/3631/5195 3681/3630/5194
f 3673/3627/5191 3675/3626/5190 3674/3631/5195
f 3676/3632/5196 3679/3634/5198 3674/3631/5195
f 3678/3633/5197 3680/3629/5193 3679/3634/5198
f 3681/3630/5194 3680/3629/5193 3682/3875/5439
f 3681/3630/5194 3682/3875/5439 3683/3636/5200
f 3688/3656/5220 3687/3642/5206 3685/3641/5205
f 3686/3644/5208 3793/3643/5207 3792/3746/5310
f 3686/3644/5208 3792/3746/5310 3698/3647/5211
f 3700/3646/5210 3690/3645/5209 3699/3650/5214
f 3692/3876/5440 3691/3649/5213 3708/3652/5216
f 3694/3653/5217 3691/3649/5213 3693/3654/5218
f 3691/3649/5213 3692/3876/5440 3693/3654/5218
f 3689/3640/5204 3687/3642/5206 3693/3654/5218
f 3695/3655/5219 3694/3653/5217 3687/3642/5206
f 3695/3655/5219 3696/3657/5221 3699/3650/5214
f 3696/3657/5221 3695/3655/5219 3688/3656/5220
f 3684/3638/5202 3697/3637/5201 3677/3635/5199
f 3684/3638/5202 3673/3627/5191 3697/3637/5201
f 3697/3637/5201 3678/3633/5197 3677/3635/5199
f 3682/3875/5439 3680/3629/5193 3683/3636/5200
f 3696/3657/5221 3677/3635/5199 3676/3632/5196
f 3696/3657/5221 3705/3659/5223 3699/3650/5214
f 3686/3644/5208 3684/3638/5202 3685/3641/5205
f 3704/3658/5222 3686/3644/5208 3698/3647/5211
f 3705/3659/5223 3696/3657/5221 3676/3632/5196
f 3675/3626/5190 3702/3660/5224 3676/3632/5196
f 3672/3661/5225 3703/3639/5203 3702/3660/5224
f 3703/3639/5203 3704/3658/5222 3702/3660/5224
f 3698/3647/5211 3705/3659/5223 3704/3658/5222
f 3705/3659/5223 3702/3660/5224 3704/3658/5222
f 3700/3646/5210 3705/3659/5223 3698/3647/5211
f 3703/3639/5203 3684/3638/5202 3704/3658/5222
f 3692/3876/5440 3706/3662/5226 3693/3654/5218
f 3706/3662/5226 3692/3876/5440 3707/3664/5228
f 3692/3876/5440 3708/3652/5216 3707/3664/5228
f 3710/3665/5229 3707/3664/5228 3708/3652/5216
f 3689/3640/5204 3709/3663/5227 3793/3643/5207
f 3710/3665/5229 3711/3651/5215 3821/3668/5232
f 3711/3651/5215 3710/3665/5229 3708/3652/5216
f 3690/3645/5209 3713/3669/5233 3699/3650/5214
f 3715/3765/5329 3713/3669/5233 3714/3764/5328
f 3716/3671/5235 3719/3677/5241 3714/3764/5328
f 3716/3671/5235 3714/3764/5328 3713/3669/5233
f 3718/3670/5234 3747/3673/5237 3716/3671/5235
f 3813/3760/5324 3714/3764/5328 3719/3677/5241
f 3719/3677/5241 3720/3676/5240 3813/3760/5324
f 3719/3677/5241 3716/3671/5235 3736/3694/5258
f 3723/3877/5441 3724/3680/5244 3722/3678/5242
f 3830/3683/5247 3726/3682/5246 3728/3777/5341
f 3726/3682/5246 3727/3778/5342 3728/3777/5341
f 3727/3778/5342 3729/3685/5249 3831/3684/5248
f 3843/3686/5250 3729/3685/5249 3730/3687/5251
f 3732/3689/5253 3733/3690/5254 3734/3691/5255
f 3733/3690/5254 3723/3877/5441 3722/3678/5242
f 3734/3691/5255 3722/3678/5242 3721/3675/5239
f 3719/3677/5241 3739/3696/5260 3846/3693/5257
f 3735/3692/5256 3721/3675/5239 3719/3677/5241
f 3791/3699/5263 3740/3744/5308 3738/3697/5261
f 3741/3698/5262 3742/3700/5264 3791/3699/5263
f 3742/3700/5264 3743/3705/5269 3754/3701/5265
f 3743/3705/5269 3744/3702/5266 3754/3701/5265
f 3745/3704/5268 3761/3722/5286 3744/3702/5266
f 3745/3704/5268 3746/3878/5442 3761/3722/5286
f 3746/3878/5442 3747/3673/5237 3761/3722/5286
f 3747/3673/5237 3746/3878/5442 3748/3706/5270
f 3736/3694/5258 3716/3671/5235 3749/3674/5238
f 3753/3711/5275 3790/3714/5278 3752/3712/5276
f 3753/3711/5275 3754/3701/5265 3789/3713/5277
f 3768/3727/5291 3789/3713/5277 3754/3701/5265
f 3757/3716/5280 3755/3703/5267 3744/3702/5266
f 3758/3717/5281 3762/3718/5282 3757/3716/5280
f 3761/3722/5286 3760/3721/5285 3758/3717/5281
f 3762/3718/5282 3758/3717/5281 3764/3723/5287
f 3764/3723/5287 3758/3717/5281 3759/3720/5284
f 3778/3736/5300 3756/3715/5279 3757/3716/5280
f 3767/3726/5290 3768/3727/5291 3754/3701/5265
f 3770/3729/5293 3771/3879/5443 3751/3708/5272
f 3770/3729/5293 3751/3708/5272 3781/3710/5274
f 3775/3733/5297 3776/3734/5298 3747/3673/5237
f 3778/3736/5300 3779/3880/5444 3756/3715/5279
f 3778/3736/5300 3757/3716/5280 3780/3737/5301
f 3747/3673/5237 3750/3707/5271 3772/3709/5273
f 3776/3734/5298 3780/3737/5301 3761/3722/5286
f 3780/3737/5301 3763/3719/5283 3761/3722/5286
f 3757/3716/5280 3763/3719/5283 3780/3737/5301
f 3781/3710/5274 3784/3738/5302 3782/3730/5294
f 3782/3730/5294 3783/3739/5303 3789/3713/5277
f 3752/3712/5276 3786/3741/5305 3781/3710/5274
f 3781/3710/5274 3750/3707/5271 3752/3712/5276
f 3786/3741/5305 3785/3740/5304 3784/3738/5302
f 3752/3712/5276 3788/3743/5307 3786/3741/5305
f 3783/3739/5303 3785/3740/5304 3789/3713/5277
f 3768/3727/5291 3782/3730/5294 3789/3713/5277
f 3791/3699/5263 3754/3701/5265 3718/3670/5234
f 3792/3746/5310 3740/3744/5308 3717/3672/5236
f 3792/3746/5310 3793/3643/5207 3815/3745/5309
f 3717/3672/5236 3716/3671/5235 3713/3669/5233
f 3698/3647/5211 3792/3746/5310 3690/3645/5209
f 3709/3663/5227 3794/3666/5230 3793/3643/5207
f 3795/3747/5311 3794/3666/5230 3818/3768/5332
f 3794/3666/5230 3795/3747/5311 3793/3643/5207
f 3798/3881/5445 3797/3791/5355 3815/3745/5309
f 3802/3750/5314 3804/3751/5315 3808/3748/5312
f 3808/3748/5312 3804/3751/5315 3807/3882/5446
f 3804/3751/5315 3802/3750/5314 3803/3752/5316
f 3806/3759/5323 3804/3751/5315 3805/3753/5317
f 3806/3759/5323 3807/3882/5446 3804/3751/5315
f 3808/3748/5312 3807/3882/5446 3806/3759/5323
f 3809/3754/5318 3808/3748/5312 3806/3759/5323
f 3809/3754/5318 3805/3753/5317 3812/3755/5319
f 3803/3752/5316 3813/3760/5324 3720/3676/5240
f 3813/3760/5324 3803/3752/5316 3814/3761/5325
f 3799/3762/5326 3814/3761/5325 3798/3881/5445
f 3714/3764/5328 3813/3760/5324 3799/3762/5326
f 3714/3764/5328 3799/3762/5326 3815/3745/5309
f 3799/3762/5326 3798/3881/5445 3815/3745/5309
f 3713/3669/5233 3715/3765/5329 3819/3769/5333
f 3819/3769/5333 3715/3765/5329 3817/3767/5331
f 3795/3747/5311 3796/3766/5330 3816/3763/5327
f 3817/3767/5331 3796/3766/5330 3818/3768/5332
f 3794/3666/5230 3819/3769/5333 3818/3768/5332
f 3794/3666/5230 3820/3667/5231 3821/3668/5232
f 3709/3663/5227 3710/3665/5229 3820/3667/5231
f 3710/3665/5229 3821/3668/5232 3820/3667/5231
f 3721/3675/5239 3822/3770/5334 3811/3758/5322
f 3822/3770/5334 3824/3679/5243 3823/3771/5335
f 3722/3678/5242 3725/3681/5245 3828/3883/5447
f 3828/3883/5447 3725/3681/5245 3829/3776/5340
f 3833/3884/5448 3830/3683/5247 3728/3777/5341
f 3832/3779/5343 3728/3777/5341 3831/3684/5248
f 3833/3884/5448 3728/3777/5341 3832/3779/5343
f 3835/3781/5345 3836/3785/5349 3849/3783/5347
f 3840/3885/5449 3839/3886/5450 3827/3787/5351
f 3839/3886/5450 3838/3786/5350 3827/3787/5351
f 3838/3786/5350 3837/3784/5348 3826/3774/5338
f 3825/3773/5337 3835/3781/5345 3823/3771/5335
f 3844/3772/5336 3842/3788/5352 3843/3686/5250
f 3846/3693/5257 3845/3789/5353 3735/3692/5256
f 3739/3696/5260 3845/3789/5353 3846/3693/5257
f 3844/3772/5336 3823/3771/5335 3842/3788/5352
f 3811/3758/5322 3822/3770/5334 3847/3757/5321
f 3848/3790/5354 3810/3756/5320 3847/3757/5321
f 3809/3754/5318 3848/3790/5354 3797/3791/5355
f 3797/3791/5355 3800/3887/5451 3809/3754/5318
f 3800/3887/5451 3801/3749/5313 3809/3754/5318
f 3847/3757/5321 3844/3772/5336 3739/3696/5260
f 3845/3789/5353 3843/3686/5250 3732/3689/5253
f 3843/3686/5250 3730/3687/5251 3732/3689/5253
f 3842/3788/5352 3831/3684/5248 3843/3686/5250
f 3829/3776/5340 3830/3683/5247 3833/3884/5448
f 3722/3678/5242 3828/3883/5447 3827/3787/5351
f 3824/3679/5243 3826/3774/5338 3825/3773/5337
f 3851/3792/5356 3852/3793/5357 3747/3673/5237
f 3852/3793/5357 3854/3795/5359 3860/3794/5358
f 3855/3797/5361 3854/3795/5359 3858/3798/5362
f 3856/3888/5452 3855/3797/5361 3858/3798/5362
f 3754/3701/5265 3856/3888/5452 3858/3798/5362
f 3857/3799/5363 3856/3888/5452 3754/3701/5265
f 3754/3701/5265 3858/3798/5362 3851/3792/5356
f 3858/3798/5362 3852/3793/5357 3851/3792/5356
f 3747/3673/5237 3860/3794/5358 3859/3800/5364
f 3862/3805/5369 3861/3813/5377 3864/3803/5367
f 3861/3813/5377 3874/3889/5453 3864/3803/5367
f 3863/3802/5366 3862/3805/5369 3864/3803/5367
f 3865/3801/5365 3866/3804/5368 3863/3802/5366
f 3867/3820/5384 3881/3806/5370 3865/3801/5365
f 3865/3801/5365 3868/3890/5454 3867/3820/5384
f 3871/3891/5455 3872/3807/5371 3879/3809/5373
f 3864/3803/5367 3874/3889/5453 3875/3810/5374
f 3864/3803/5367 3877/3812/5376 3865/3801/5365
f 3877/3812/5376 3868/3890/5454 3865/3801/5365
f 3873/3808/5372 3874/3889/5453 3861/3813/5377
f 3870/3816/5380 3871/3891/5455 3879/3809/5373
f 3869/3818/5382 3886/3819/5383 3867/3820/5384
f 3880/3817/5381 3882/3824/5388 3885/3821/5385
f 3881/3806/5370 3886/3819/5383 3887/3892/5456
f 3881/3806/5370 3887/3892/5456 3888/3825/5389
f 3881/3806/5370 3888/3825/5389 3883/3823/5387
f 3889/3822/5386 3890/3893/5457 3878/3814/5378
f 3890/3893/5457 3884/3815/5379 3878/3814/5378
f 3862/3805/5369 3883/3823/5387 3878/3814/5378
f 3881/3806/5370 3883/3823/5387 3866/3804/5368
f 3906/3826/5390 3892/3852/5416 3891/3827/5391
f 3908/3828/5392 3891/3827/5391 3893/3830/5394
f 3900/3894/5458 3899/3895/5459 3901/3851/5415
f 3901/3851/5415 3902/3855/5419 3900/3894/5458
f 3926/3836/5400 3903/3835/5399 3902/3855/5419
f 3904/3896/5460 3903/3835/5399 3905/3837/5401
f 3908/3828/5392 3907/3839/5403 3906/3826/5390
f 3914/3897/5461 3913/3843/5407 3915/3846/5410
f 3915/3846/5410 3916/3845/5409 3914/3897/5461
f 3919/3898/5462 3917/3844/5408 3918/3848/5412
f 3918/3848/5412 3920/3849/5413 3919/3898/5462
f 3896/3833/5397 3922/3850/5414 3921/3834/5398
f 3923/3831/5395 3895/3832/5396 3921/3834/5398
f 3893/3830/5394 3923/3831/5395 3924/3847/5411
f 3912/3841/5405 3915/3846/5410 3913/3843/5407
f 3924/3847/5411 3915/3846/5410 3912/3841/5405
f 3924/3847/5411 3923/3831/5395 3918/3848/5412
f 3918/3848/5412 3917/3844/5408 3915/3846/5410
f 3906/3826/5390 3926/3836/5400 3892/3852/5416
f 3901/3851/5415 3925/3854/5418 3892/3852/5416
f 3899/3895/5459 3898/3853/5417 3901/3851/5415
f 3925/3854/5418 3901/3851/5415 3898/3853/5417
f 3925/3854/5418 3898/3853/5417 3895/3832/5396
f 3894/3829/5393 3892/3852/5416 3925/3854/5418
f 3898/3853/5417 3897/3899/5463 3896/3833/5397
f 3905/3837/5401 3926/3836/5400 3906/3826/5390
f 3928/3858/5422 3927/3857/5421 3933/3900/5464
f 3928/3858/5422 3929/3901/5465 3932/3856/5420
f 3932/3856/5466 3931/3902/5466 3930/3903/5466
f 3929/3901/5465 3928/3858/5422 3933/3900/5464
f 3935/3859/5423 3934/3904/5467 3940/3860/5424
f 3937/3862/5426 3936/3861/5425 3940/3860/5424
f 3939/3863/5427 3938/3905/5468 3937/3862/5426
f 3942/3866/5430 3943/3865/5429 3941/3869/5433
f 3945/3867/5431 3946/3906/5469 3943/3865/5429
o turret
v -0.353902 1.897881 -0.568181
v -0.355759 1.900496 -1.736039
v 0.354622 1.897280 -0.569694
v 0.081948 1.897528 -0.129833
v 0.354995 1.900538 -1.740614
v 0.355769 1.796363 -1.735920
v 0.095192 1.896766 -2.575469
v -0.095690 1.896729 -2.574867
v -0.095189 1.800037 -2.575424
v 0.095689 1.800122 -2.574881
v 0.354025 1.799277 -0.568111
v -0.354505 1.799231 -0.569775
v -0.082001 1.799657 -0.129699
v -0.081538 1.896438 -0.129107
v 0.081479 1.800036 -0.129268
v -0.354997 1.796305 -1.740892
v -0.900114 1.414551 -0.438310
v -0.739198 1.415327 -0.754372
v 0.899761 1.415327 -0.441332
v 0.898131 1.417732 0.154337
v 0.739953 1.415361 -0.751525
v 0.308897 1.415388 -2.709640
v 0.305172 1.418537 -3.331289
v 0.308196 1.625472 -2.712808
v -0.305680 1.418956 -3.330732
v -0.308197 1.415359 -2.712805
v -0.739969 1.415389 -1.741103
v -0.897599 1.417768 0.155290
v -0.300557 1.419261 0.545679
v -0.300051 1.622351 0.545778
v -0.898130 1.623099 0.154338
v -0.308896 1.625443 -2.709643
v -0.305162 1.622296 -3.331292
v -0.739220 1.625468 -1.744378
v -0.739953 1.625470 -0.751526
v -0.899761 1.625505 -0.441332
v 0.739198 1.625504 -0.754372
v 0.739969 1.625442 -1.741101
v 0.305697 1.621867 -3.330728
v 0.900114 1.626280 -0.438310
v 0.897599 1.623062 0.155290
v 0.300557 1.621569 0.545679
v 0.300051 1.418480 0.545778
v -0.293257 1.621541 1.396605
v 0.292680 1.621747 1.397452
v 0.293160 1.419255 1.396635
v -0.292738 1.419103 1.397431
v 0.739220 1.415362 -1.744379
v -0.288063 1.647539 -3.313719
v -0.245382 1.643697 -3.313719
v -0.287105 1.614859 -3.091398
v -0.277816 1.675399 -3.103354
v -0.245553 1.614910 -3.093871
v -0.266739 1.614949 -3.129514
v -0.266692 1.633758 -3.133401
v -0.242744 1.662466 -3.115288
v -0.289533 1.650540 -3.115407
v -0.273183 1.682182 -3.313719
v -0.219674 1.680863 -3.306178
v -0.199098 1.695205 -3.306178
v -0.218318 1.669004 -2.936051
v -0.212997 1.617517 -2.930989
v -0.212580 1.617519 -2.904763
v -0.192111 1.617609 -2.907362
v -0.200098 1.663457 -2.941960
v -0.213923 1.687341 -2.923928
v -0.192551 1.685325 -2.940889
v -0.201494 1.666373 -3.306178
v -0.202983 1.701425 -3.306178
v -0.174042 1.663918 -3.306179
v -0.192233 1.624555 -2.933643
v -0.193925 1.624762 -2.888658
v -0.154872 1.624643 -2.903219
v -0.201457 1.696446 -2.939866
v -0.157840 1.678831 -2.936189
v -0.186451 1.661210 -2.950569
v -0.169255 1.706648 -2.939855
v -0.159396 1.699224 -3.306178
v 0.266460 1.683459 -3.313719
v 0.246737 1.645218 -3.313719
v 0.283586 1.639768 -3.313719
v 0.290884 1.662020 -3.114994
v 0.287922 1.614910 -3.093873
v 0.266738 1.614949 -3.129515
v 0.254798 1.674988 -3.103627
v 0.246370 1.614859 -3.091398
v 0.266738 1.633738 -3.133386
v 0.245115 1.650432 -3.121844
v 0.215723 1.691926 -3.306178
v 0.193420 1.688958 -3.306178
v 0.212998 1.617517 -2.930988
v 0.212578 1.617519 -2.904763
v 0.192112 1.617609 -2.907364
v 0.190307 1.677787 -2.939113
v 0.216462 1.685951 -2.925494
v 0.212074 1.664465 -2.941579
v 0.205407 1.664745 -3.306178
v 0.186699 1.712191 -3.306178
v 0.156442 1.679900 -3.306178
v 0.198946 1.671050 -3.306178
v 0.202885 1.678838 -2.936197
v 0.201597 1.624735 -2.894280
v 0.162049 1.624662 -2.895093
v 0.170113 1.624621 -2.934735
v 0.159443 1.696772 -2.940098
v 0.173723 1.661286 -2.950533
v 0.191688 1.706512 -2.939757
v -0.257498 1.134244 -2.569817
v -0.558803 1.432986 -2.438237
v -0.280314 1.703733 -2.558507
v -0.326063 1.379126 -3.851176
v -0.206574 1.477345 -3.896806
v -0.206111 1.269059 -3.897305
v -0.178988 1.385100 -2.596929
v 0.257400 1.134557 -2.569281
v 0.204860 1.269413 -3.897154
v 0.558767 1.432957 -2.438226
v 0.280287 1.704021 -2.559305
v 0.178404 1.374988 -2.597696
v 0.326194 1.378682 -3.850969
v 0.207829 1.478129 -3.896814
v -0.653385 1.472478 -1.793079
v -0.353819 1.568572 -3.364883
v 0.353730 1.472008 -3.364782
v 0.354137 1.568824 -3.364445
v 0.653497 1.568115 -1.792990
v -0.653664 1.568353 -1.793416
v 0.653782 1.472716 -1.793335
v -0.354220 1.472258 -3.364550
v -0.239295 1.902501 -1.918618
v -0.165564 1.902502 -2.154521
v -0.152200 1.902502 -1.918249
v -0.239351 1.900822 -1.112371
v -0.239351 1.904184 -1.343964
v -0.152199 1.900822 -1.343964
v -0.152199 1.904184 -1.112370
v -0.239351 1.900822 -1.383994
v -0.239351 1.904184 -1.615588
v -0.152199 1.900822 -1.615588
v -0.152199 1.904184 -1.383994
v -0.105381 1.868713 -1.843597
v -0.104496 1.869598 -1.885723
v -0.227631 1.862546 -1.864662
v -0.228239 1.921371 -1.864661
v -0.098850 1.955721 -1.864660
v -0.105381 1.868712 -1.749399
v -0.104496 1.869598 -1.791525
v -0.227631 1.862545 -1.770462
v -0.228239 1.921371 -1.770462
v -0.098850 1.955721 -1.770462
v -0.105381 1.868712 -1.655201
v -0.104496 1.869598 -1.697325
v -0.227631 1.862546 -1.676263
v -0.228239 1.921371 -1.676264
v -0.098850 1.955721 -1.676263
v 0.105382 1.868712 -1.843598
v 0.104496 1.869598 -1.885723
v 0.227631 1.862545 -1.864659
v 0.228239 1.921371 -1.864660
v 0.098850 1.955721 -1.864660
v 0.105381 1.868712 -1.749399
v 0.104496 1.869598 -1.791525
v 0.227632 1.862545 -1.770461
v 0.228239 1.921371 -1.770461
v 0.098850 1.955721 -1.770462
v 0.105381 1.868712 -1.655201
v 0.104496 1.869598 -1.697326
v 0.227632 1.862546 -1.676264
v 0.228239 1.921371 -1.676265
v 0.098850 1.955721 -1.676263
v 0.239351 1.900822 -1.112370
v 0.239351 1.904184 -1.343964
v 0.152199 1.904184 -1.112370
v 0.152199 1.900822 -1.343964
v 0.239350 1.900822 -1.383994
v 0.239350 1.904184 -1.615588
v 0.152199 1.904184 -1.383994
v 0.152199 1.900822 -1.615588
v 0.509004 1.580781 -2.363971
v 0.497888 1.580781 -2.491982
v 0.436714 1.580781 -2.491193
v 0.341743 1.580781 -3.225610
v 0.330819 1.580781 -3.047028
v 0.390497 1.580781 -3.047301
v 0.341632 1.593868 -2.712305
v 0.455587 1.580781 -2.708956
v 0.340568 1.567694 -2.713349
v 0.432924 1.580781 -2.829673
v 0.334870 1.580781 -2.829343
v 0.461240 1.593867 -2.656822
v 0.488035 1.580781 -2.540287
v 0.462472 1.567695 -2.655804
v 0.413513 1.580781 -2.539290
v 0.360110 1.580781 -2.659862
v 0.338526 1.593868 -2.881477
v 0.331762 1.580781 -2.998515
v 0.337461 1.567694 -2.882522
v 0.400377 1.580781 -2.998847
v 0.423042 1.580781 -2.878128
v 0.370061 1.621449 -2.119192
v 0.512169 1.621449 -2.119699
v 0.389968 1.621449 -2.328629
v 0.110675 1.589743 -2.291827
v 0.239279 1.591160 -2.291827
v 0.137210 1.717196 -2.323032
v 0.133064 1.716623 -2.260510
v 0.110675 1.589743 -2.417425
v 0.239279 1.591160 -2.417425
v 0.137210 1.717196 -2.448629
v 0.133064 1.716623 -2.386108
v 0.110675 1.589743 -2.543022
v 0.239279 1.591159 -2.543021
v 0.137210 1.717196 -2.574227
v 0.133063 1.716624 -2.511707
v 0.110675 1.589743 -2.668620
v 0.239279 1.591160 -2.668621
v 0.137210 1.717196 -2.699824
v 0.133064 1.716623 -2.637303
v 0.110675 1.589743 -2.794218
v 0.239278 1.591160 -2.794218
v 0.137210 1.717196 -2.825422
v 0.133064 1.716623 -2.762901
v 0.036074 1.821282 -3.523589
v 0.136787 1.821283 -3.519008
v 0.136787 1.745241 -3.523592
v 0.036074 1.745242 -3.519006
v 0.036075 1.821282 -3.445096
v 0.136786 1.821283 -3.440510
v 0.136786 1.745241 -3.445094
v 0.036075 1.745242 -3.440513
v 0.036075 1.821281 -3.366595
v 0.136787 1.821283 -3.362011
v 0.136787 1.745241 -3.366595
v 0.036075 1.745242 -3.362012
v 0.222124 1.615453 -3.329978
v 0.347031 1.545237 -3.335141
v 0.475866 1.550042 -3.471221
v 0.346871 1.615847 -3.471874
v 0.353352 1.557557 -3.329475
v 0.339092 1.615367 -3.640292
v 0.467465 1.550060 -3.640741
v 0.271077 1.557967 -4.049296
v 0.264393 1.544655 -4.046135
v 0.140781 1.615139 -4.050104
v 0.280184 1.538341 -4.049380
v 0.478297 1.538341 -3.639946
v 0.478669 1.452236 -3.640126
v 0.279812 1.452237 -4.049200
v 0.498304 1.452236 -3.590501
v 0.505978 1.535843 -3.587818
v 0.490632 1.535659 -3.588003
v 0.498305 1.538341 -3.493121
v 0.498305 1.452236 -3.493121
v 0.359476 1.615041 -3.590501
v 0.359476 1.615041 -3.493121
v 0.481789 1.544368 -3.495665
v 0.487512 1.550016 -3.590501
v 0.488657 1.558090 -3.495755
v 0.442611 1.606973 -1.920159
v 0.384340 1.621450 -2.085556
v 0.445047 1.635926 -1.918403
v 0.527811 1.621450 -2.086915
v 0.598370 1.621450 -1.915496
v 0.239295 1.902501 -1.918619
v 0.165563 1.902501 -2.154523
v 0.152200 1.902501 -1.918250
v 0.110675 1.589743 -2.166230
v 0.239279 1.591160 -2.166230
v 0.137210 1.717196 -2.197434
v 0.133064 1.716623 -2.134913
v 0.057590 1.853861 -1.170085
v 0.016206 1.872251 -1.197577
v -0.016206 1.872251 -1.197577
v -0.097357 1.862442 -1.127287
v -0.099864 1.878425 -1.149673
v -0.116069 1.882012 -1.121835
v 0.011336 1.860105 -0.969140
v -0.116069 1.894358 -1.026027
v -0.099864 1.897946 -0.998188
v -0.016206 1.904119 -0.950285
v 0.016206 1.904119 -0.950285
v 0.099863 1.897946 -0.998188
v 0.116069 1.894358 -1.026027
v 0.116069 1.882012 -1.121835
v 0.116069 1.894358 -1.026027
v 0.056675 1.924128 -0.979585
v 0.099863 1.897946 -0.998188
v 0.116069 1.882012 -1.121835
v 0.066407 1.899827 -1.170995
v 0.099863 1.878425 -1.149673
v 0.016206 1.872251 -1.197577
v 0.099863 1.878425 -1.149673
v -0.016206 1.872251 -1.197577
v -0.099864 1.878425 -1.149673
v -0.117911 1.912784 -1.077099
v -0.116069 1.882012 -1.121835
v -0.116069 1.894358 -1.026027
v -0.099864 1.897946 -0.998188
v -0.016206 1.904119 -0.950285
v 0.016206 1.904119 -0.950285
v 0.733766 1.596291 -0.787403
v 0.733766 1.596291 -0.906429
v 0.733766 1.508113 -0.906429
v 0.713004 1.513898 -0.794688
v 0.754528 1.515398 -0.793188
v 0.754528 1.589006 -1.314580
v 0.733766 1.508113 -1.320365
v 0.713004 1.590506 -1.313080
v 0.733766 1.508113 -1.201338
v 0.733766 1.596291 -1.201338
v 0.754528 1.589006 -1.176601
v 0.733766 1.596291 -1.063360
v 0.713004 1.590506 -1.175101
v 0.733766 1.508113 -1.063360
v 0.733766 1.508113 -1.182386
v 0.754528 1.589006 -1.038623
v 0.733766 1.596291 -0.925381
v 0.713004 1.590506 -1.037123
v 0.733766 1.508113 -0.925381
v 0.733766 1.508113 -1.044408
v -0.110675 1.589743 -2.166230
v -0.239278 1.591160 -2.166230
v -0.137210 1.717196 -2.197434
v -0.133064 1.716623 -2.134913
v -0.110675 1.589743 -2.291827
v -0.239279 1.591160 -2.291827
v -0.137210 1.717196 -2.323032
v -0.133064 1.716623 -2.260510
v -0.110675 1.589743 -2.417425
v -0.239278 1.591160 -2.417425
v -0.137210 1.717196 -2.448629
v -0.133064 1.716623 -2.386108
v -0.110675 1.589743 -2.543021
v -0.239279 1.591159 -2.543020
v -0.137210 1.717196 -2.574227
v -0.133063 1.716623 -2.511707
v -0.110675 1.589743 -2.668620
v -0.239278 1.591160 -2.668620
v -0.137210 1.717196 -2.699824
v -0.133064 1.716623 -2.637303
v -0.110675 1.589743 -2.794218
v -0.239278 1.591160 -2.794218
v -0.137210 1.717196 -2.825422
v -0.133064 1.716623 -2.762901
v -0.359476 1.375536 -3.590501
v -0.487512 1.440562 -3.493121
v -0.487512 1.440562 -3.590501
v -0.365342 1.369910 -3.495619
v -0.358229 1.383510 -3.495803
v -0.222124 1.615453 -3.329978
v -0.475867 1.550042 -3.471221
v -0.346871 1.615847 -3.471874
v -0.347030 1.545237 -3.335141
v -0.353352 1.557557 -3.329475
v -0.339092 1.375213 -3.640292
v -0.467465 1.440519 -3.640741
v -0.270955 1.432637 -4.049422
v -0.264469 1.445984 -4.045987
v -0.140782 1.375439 -4.050103
v -0.339093 1.615366 -3.640292
v -0.140782 1.615139 -4.050104
v -0.264394 1.544654 -4.046134
v -0.467465 1.550060 -3.640742
v -0.271076 1.557968 -4.049297
v -0.279998 1.452237 -4.049290
v -0.288092 1.535706 -4.050287
v -0.478484 1.452237 -3.640037
v -0.478483 1.538341 -3.640036
v -0.274246 1.535797 -4.043672
v -0.505978 1.454735 -3.495803
v -0.490632 1.454919 -3.495619
v -0.498305 1.538341 -3.590501
v -0.498305 1.452236 -3.590500
v -0.498305 1.538341 -3.493121
v -0.359569 1.615226 -3.590502
v -0.487418 1.549832 -3.590501
v -0.487605 1.550201 -3.493121
v -0.359382 1.614857 -3.493121
v -0.036075 1.821282 -3.523588
v -0.136787 1.821283 -3.519007
v -0.136787 1.745241 -3.523592
v -0.036074 1.745242 -3.519006
v -0.036075 1.821282 -3.445095
v -0.136787 1.821283 -3.440511
v -0.136787 1.745241 -3.445095
v -0.036075 1.745242 -3.440513
v -0.036075 1.821282 -3.366591
v -0.136787 1.821283 -3.362010
v -0.136787 1.745241 -3.366595
v -0.036074 1.745242 -3.362010
v -0.227222 1.818792 -3.767096
v -0.314718 1.799192 -3.764547
v -0.179554 1.705763 -4.194439
v -0.314718 1.838392 -3.769643
v -0.271013 1.818792 -3.442903
v 0.342963 1.689930 -3.783556
v 0.302658 1.650477 -3.931953
v 0.302706 1.470638 -3.931778
v 0.328470 1.452321 -3.783976
v 0.355006 1.451806 -3.790727
v 0.201827 1.539467 -4.303196
v 0.245682 1.490302 -4.141730
v 0.245649 1.607297 -4.141849
v 0.254001 1.609159 -4.111099
v 0.294307 1.648613 -3.962702
v 0.279904 1.473189 -3.963440
v 0.306610 1.474015 -3.969693
v 0.254049 1.492152 -4.110925
v 0.342913 1.532601 -3.562351
v 0.337962 1.532601 -3.745068
v 0.342912 1.687735 -3.745068
v 0.337963 1.687735 -3.562351
v 0.342913 1.532601 -3.350752
v 0.337962 1.532600 -3.533469
v 0.342912 1.687735 -3.533470
v 0.337963 1.687735 -3.350752
v 0.227222 1.818792 -3.767095
v 0.314718 1.799192 -3.764547
v 0.271013 1.818792 -3.442903
v 0.179554 1.705763 -4.194439
v 0.314718 1.838392 -3.769644
v -0.342965 1.689930 -3.783556
v -0.302658 1.650476 -3.931953
v -0.302707 1.470638 -3.931778
v -0.328470 1.452321 -3.783976
v -0.355006 1.451806 -3.790726
v -0.201827 1.539467 -4.303197
v -0.245681 1.490303 -4.141730
v -0.245649 1.607298 -4.141849
v -0.254000 1.609159 -4.111099
v -0.294307 1.648613 -3.962702
v -0.279905 1.473189 -3.963439
v -0.306610 1.474015 -3.969693
v -0.254048 1.492152 -4.110925
v -0.342913 1.532601 -3.562351
v -0.337964 1.532601 -3.745068
v -0.342914 1.687734 -3.745069
v -0.337963 1.687735 -3.562351
v -0.509004 1.580781 -2.363971
v -0.497888 1.580781 -2.491982
v -0.436714 1.580781 -2.491193
v -0.341743 1.580781 -3.225610
v -0.330818 1.580781 -3.047029
v -0.390497 1.580781 -3.047301
v -0.341633 1.593868 -2.712305
v -0.455587 1.580781 -2.708956
v -0.340568 1.567694 -2.713350
v -0.432924 1.580781 -2.829673
v -0.334870 1.580781 -2.829344
v -0.461239 1.593867 -2.656822
v -0.488035 1.580781 -2.540287
v -0.462472 1.567695 -2.655804
v -0.413512 1.580781 -2.539292
v -0.360109 1.580781 -2.659862
v -0.338526 1.593868 -2.881477
v -0.331763 1.580781 -2.998516
v -0.337461 1.567694 -2.882522
v -0.400378 1.580781 -2.998847
v -0.423042 1.580781 -2.878129
v -0.370061 1.621449 -2.119192
v -0.512169 1.621449 -2.119699
v -0.389968 1.621449 -2.328629
v -0.442611 1.606973 -1.920158
v -0.384340 1.621450 -2.085556
v -0.445048 1.635926 -1.918402
v -0.527811 1.621450 -2.086915
v -0.598370 1.621450 -1.915496
v -0.164012 1.686821 -4.189403
v -0.341251 1.782402 -3.761103
v -0.187306 1.677813 -4.223461
v -0.117016 1.676617 -4.227916
v -0.131219 1.551342 -4.532487
v -0.172382 1.676829 -4.270378
v -0.106097 1.606745 -4.504921
v 0.172382 1.676829 -4.270378
v -0.223581 1.645988 -4.265318
v -0.136992 1.529544 -4.545970
v -0.219581 1.430945 -4.265896
v -0.106105 1.453109 -4.503638
v 0.218100 1.428313 -4.266765
v 0.106266 1.453840 -4.504601
v 0.104234 1.555345 -4.557707
v 0.167162 1.531191 -4.510529
v 0.221357 1.649543 -4.264300
v 0.164012 1.686821 -4.189403
v 0.187306 1.677813 -4.223462
v 0.119626 1.675342 -4.232756
v 0.131214 1.551369 -4.532504
v 0.333182 1.796643 -3.759411
v 0.337960 1.791435 -3.300261
v -0.343536 1.778101 -3.295046
v -0.339941 1.355496 -3.291680
v 0.342881 1.360462 -3.293739
v 0.344067 1.341877 -3.777558
v 0.111226 1.457877 -4.497777
v 0.130615 1.412642 -4.233241
v -0.132322 1.413477 -4.238083
v -0.111227 1.457876 -4.497777
v -0.343524 1.342940 -3.783509
v -0.222124 1.375126 -3.329977
v -0.347032 1.445342 -3.335142
v -0.346872 1.374731 -3.471874
v -0.475866 1.440536 -3.471221
v -0.353352 1.433021 -3.329475
v -0.603867 1.535381 -1.331160
v -0.802833 1.506110 -1.345025
v -0.800071 1.506110 -1.800835
v -0.599660 1.506110 -2.038576
v -0.604006 1.468113 -1.349419
v 0.346872 1.374731 -3.471874
v 0.347030 1.445342 -3.335141
v 0.222124 1.375125 -3.329977
v 0.353352 1.433021 -3.329475
v 0.475866 1.440536 -3.471221
v 0.339092 1.375213 -3.640292
v 0.140781 1.375439 -4.050103
v 0.264394 1.445924 -4.046135
v 0.467465 1.440519 -3.640741
v 0.271076 1.432611 -4.049297
v 0.487605 1.440377 -3.590502
v 0.359570 1.375353 -3.493121
v 0.359383 1.375722 -3.590501
v 0.487418 1.440746 -3.493121
v 0.603876 1.535783 -1.331447
v 0.800674 1.514056 -1.343635
v 0.599626 1.506368 -2.038635
v 0.801084 1.498668 -1.798857
v 0.604006 1.468115 -1.349412
v -0.075016 1.812858 -3.712677
v 0.074317 1.810566 -3.706440
v -0.071909 1.735789 -3.496072
v -0.073170 1.788801 -3.495974
v -0.062626 1.791512 -3.903433
v 0.064240 1.792527 -3.900872
v 0.071239 1.735529 -3.495748
v 0.072349 1.788113 -3.494589
v 0.073875 1.865577 -3.707509
v -0.072612 1.867174 -3.709653
v 0.066116 1.848778 -3.899216
v -0.065422 1.848290 -3.899228
v 0.130911 1.839482 -3.858628
v -0.130846 1.840973 -3.857122
v -0.142926 1.851371 -3.718080
v 0.142599 1.852015 -3.721668
v 0.177218 1.758217 -3.840415
v 0.167008 1.759186 -3.475910
v -0.167892 1.759530 -3.476506
v -0.192232 1.760138 -3.752331
v -0.158316 1.761201 -3.857337
v 0.366051 1.374204 -3.524447
v 0.496334 1.449765 -3.600574
v 0.122313 1.380306 -4.083191
v 0.215591 1.381526 -3.322936
v 0.493969 1.447155 -3.487331
v 0.493416 1.543372 -3.485864
v 0.496791 1.540814 -3.598667
v 0.258481 1.447849 -4.085148
v 0.259620 1.542334 -4.084436
v 0.121740 1.610945 -4.084004
v 0.366940 1.615405 -3.527678
v 0.215269 1.608904 -3.322733
v 0.350507 1.448321 -3.321337
v 0.350396 1.542927 -3.321761
v -0.490780 1.535707 -3.464810
v -0.362362 1.452237 -3.331290
v -0.486745 1.452236 -3.471897
v -0.479347 1.535797 -3.475045
v -0.362362 1.538341 -3.331291
v 0.486745 1.452237 -3.471898
v 0.479347 1.535797 -3.475045
v 0.490780 1.535707 -3.464810
v 0.362362 1.452237 -3.331290
v 0.362362 1.538341 -3.331290
v -0.212390 1.336169 -3.958302
v -0.130870 1.368378 -4.216568
v 0.130735 1.369168 -4.217265
v -0.130147 1.432521 -4.217036
v -0.210829 1.334086 -3.537249
v 0.210868 1.334293 -3.533626
v 0.212268 1.335837 -3.958073
v 0.213407 1.433041 -3.962015
v 0.130581 1.432386 -4.216736
v -0.213579 1.432225 -3.963309
v -0.211072 1.437717 -3.535418
v -0.210272 1.529303 -3.352033
v -0.211097 1.358705 -3.352361
v 0.211417 1.358995 -3.352669
v 0.210039 1.529024 -3.352145
v 0.211146 1.437150 -3.537199
v 0.155196 1.441661 -3.877034
v 0.172963 1.447473 -3.927307
v 0.144872 1.420457 -3.927660
v 0.159539 1.394532 -3.875968
v 0.170128 1.394520 -3.927118
v 0.200936 1.417666 -3.927579
v 0.200694 1.429773 -3.876447
v 0.122382 1.454329 -3.556483
v 0.116784 1.443868 -3.535408
v 0.133753 1.373265 -3.556782
v 0.131475 1.379497 -3.535463
v 0.189946 1.363833 -3.535505
v 0.229295 1.390457 -3.557261
v 0.233877 1.427250 -3.535167
v 0.178495 1.479613 -3.535378
v 0.195741 1.476358 -3.556609
v 0.178027 1.479778 -3.833933
v 0.189874 1.477350 -3.855004
v 0.114903 1.445216 -3.855456
v 0.113664 1.438085 -3.833668
v 0.159936 1.359260 -3.855472
v 0.160961 1.359043 -3.833436
v 0.235451 1.421236 -3.833411
v 0.234085 1.414665 -3.855141
v -0.143796 1.420509 -3.876482
v -0.193642 1.399497 -3.876153
v -0.181135 1.446649 -3.876764
v -0.178447 1.393383 -3.927255
v -0.193706 1.441724 -3.928483
v -0.144456 1.423249 -3.927856
v -0.133750 1.468163 -3.535110
v -0.120275 1.392693 -3.535500
v -0.173158 1.362314 -3.535525
v -0.231723 1.403336 -3.535169
v -0.204747 1.469523 -3.535519
v -0.201250 1.366206 -3.556712
v -0.122612 1.387250 -3.556609
v -0.129905 1.463499 -3.556478
v -0.222520 1.460907 -3.557315
v -0.111033 1.432443 -3.833420
v -0.150773 1.366576 -3.834039
v -0.220141 1.381770 -3.833607
v -0.226721 1.453947 -3.845373
v -0.176522 1.484990 -3.843594
v -0.223006 1.387094 -3.854979
v -0.143237 1.366683 -3.855209
v -0.117104 1.444273 -3.855036
v 0.180010 1.426599 -3.918114
v 0.126957 1.425099 -3.901721
v 0.197529 1.378419 -3.900516
v 0.168771 1.468926 -3.896247
v 0.136915 1.384027 -3.888041
v 0.217912 1.449447 -3.886705
v 0.177916 1.476976 -3.498031
v 0.125096 1.432096 -3.487656
v 0.141152 1.376905 -3.501900
v 0.198685 1.373894 -3.499687
v 0.225839 1.421113 -3.501209
v 0.191212 1.440674 -3.472773
v 0.174186 1.404258 -3.469674
v -0.156020 1.424232 -3.917923
v -0.190028 1.406867 -3.914719
v -0.158421 1.470615 -3.889698
v -0.122712 1.425991 -3.891364
v -0.222069 1.399019 -3.888418
v -0.205683 1.454580 -3.896925
v -0.224281 1.432388 -3.495630
v -0.123968 1.437343 -3.491519
v -0.153732 1.371213 -3.889406
v -0.141595 1.378433 -3.496872
v -0.199930 1.374154 -3.501033
v -0.176719 1.475357 -3.499490
v -0.173814 1.452334 -3.474696
v -0.181668 1.405842 -3.469466
v 0.160962 1.482366 -3.706223
v 0.138741 1.470635 -3.684595
v 0.115524 1.408865 -3.684748
v 0.161401 1.361402 -3.684597
v 0.115982 1.391010 -3.706568
v 0.205819 1.370242 -3.705797
v 0.229585 1.437464 -3.705699
v 0.234358 1.408980 -3.684179
v 0.199442 1.471718 -3.684754
v -0.113663 1.438086 -3.684420
v -0.140377 1.364953 -3.694426
v -0.229415 1.391003 -3.683840
v -0.190067 1.479744 -3.684426
v -0.228660 1.443357 -3.705786
v -0.205821 1.370242 -3.705796
v -0.113959 1.439061 -3.705964
v -0.173159 1.479080 -3.705661
v -0.496326 1.448963 -3.599660
v -0.121490 1.379334 -4.083459
v -0.258458 1.447900 -4.085193
v -0.259636 1.542373 -4.084399
v -0.496702 1.540768 -3.599080
v -0.493318 1.543425 -3.485750
v -0.494055 1.447527 -3.487083
v -0.350496 1.448279 -3.321348
v -0.366832 1.375208 -3.526008
v -0.122639 1.610005 -4.083817
v -0.366241 1.616462 -3.526288
v -0.350411 1.542875 -3.321748
v -0.215201 1.608880 -3.322711
v -0.215645 1.381504 -3.322957
v 0.647842 1.516846 -1.322905
v 0.242280 1.523371 -1.912317
v -0.647687 1.517251 -1.322196
v -0.243760 1.523410 -1.912374
v -0.246627 1.523453 -2.897622
v -0.244977 1.315128 -1.900406
v -0.252095 1.565516 -3.115350
v -0.099739 1.403886 -3.107023
v 0.099711 1.403711 -3.107317
v 0.251557 1.556095 -3.116272
v 0.245196 1.315439 -1.900306
v -0.649091 1.516122 0.179201
v 0.648623 1.514379 0.179819
v 0.647360 1.321208 0.047893
v 0.646638 1.321526 -1.322678
v 0.267053 1.179684 0.047716
v 0.273632 1.353008 0.177984
v -0.273119 1.351574 0.177293
v -0.267618 1.179350 0.046986
v 0.270205 1.177464 -1.349108
v 0.098914 1.178737 -1.906618
v -0.102104 1.176793 -1.884213
v -0.270288 1.177679 -1.350404
v -0.647491 1.321816 0.048433
v -0.646239 1.320095 -1.321877
v 0.912106 1.468556 -0.469316
v 0.918289 1.469103 -0.621038
v 0.821212 1.480277 -0.715954
v 0.260687 1.482121 -3.147030
v 0.256550 1.499071 -3.744889
v 0.578458 1.499072 -3.142915
v 0.574867 1.499072 -3.308542
v 0.260026 1.515558 -3.146370
v -0.260687 1.482121 -3.147030
v -0.256551 1.499071 -3.744889
v -0.578458 1.499072 -3.142915
v -0.574867 1.499072 -3.308541
v -0.260026 1.515558 -3.146370
v -0.036075 1.821282 -3.602092
v -0.136787 1.821283 -3.597508
v -0.136787 1.745241 -3.602093
v -0.036075 1.745242 -3.597510
v 0.036075 1.821282 -3.602093
v 0.136786 1.821283 -3.597507
v 0.136786 1.745241 -3.602091
v 0.036075 1.745242 -3.597510
v -0.342913 1.532601 -3.350752
v -0.337963 1.532601 -3.533470
v -0.342912 1.687735 -3.533470
v -0.337963 1.687735 -3.350752
v 0.092218 1.678042 -4.178664
v 0.094524 1.791024 -4.028783
v 0.197574 1.690913 -3.720561
v -0.198361 1.690577 -3.722253
v -0.092200 1.678507 -4.178525
v 0.138570 1.836613 -3.810279
v -0.137276 1.837770 -3.809826
v -0.093618 1.792133 -4.029169
v 0.600321 1.526263 -1.344912
v 0.585526 1.493009 -1.356182
v 0.590713 1.506110 -2.039027
v 0.973221 1.506110 -1.563370
v 0.967424 1.506111 -1.367313
v -0.600321 1.526263 -1.344912
v -0.585526 1.493009 -1.356182
v -0.590713 1.506110 -2.039027
v -0.973221 1.506110 -1.563370
v -0.967424 1.506111 -1.367313
v -0.754528 1.589006 -1.314580
v -0.733766 1.508113 -1.320365
v -0.713004 1.590506 -1.313080
v -0.733766 1.508113 -1.201338
v -0.733766 1.596291 -1.201338
v -0.754528 1.589006 -1.176601
v -0.733766 1.596291 -1.063360
v -0.713004 1.590506 -1.175101
v -0.733766 1.508113 -1.063360
v -0.733766 1.508113 -1.182386
v -0.754528 1.589006 -1.038623
v -0.733766 1.596291 -0.925381
v -0.713004 1.590506 -1.037123
v -0.733766 1.508113 -0.925381
v -0.733766 1.508113 -1.044408
v -0.610136 1.644616 -1.778274
v -0.480554 1.635874 -1.704939
v -0.481836 1.653357 -1.702720
v -0.609495 1.635874 -1.702721
v -0.481195 1.644616 -1.778274
v -0.610777 1.653357 -1.704940
v -0.545666 1.644616 -1.666608
v -0.546947 1.635874 -1.815496
v -0.544384 1.653357 -1.815496
v 0.064470 1.973395 -1.456294
v -0.065112 1.964654 -1.382959
v -0.063830 1.982136 -1.380740
v 0.063830 1.964654 -1.380740
v -0.064471 1.973395 -1.456294
v 0.065111 1.982136 -1.382960
v 0.000000 1.973395 -1.344628
v 0.001281 1.964654 -1.493516
v -0.001281 1.982136 -1.493516
v 0.610136 1.644616 -1.778274
v 0.480554 1.635874 -1.704939
v 0.481836 1.653357 -1.702720
v 0.609495 1.635874 -1.702721
v 0.481195 1.644616 -1.778274
v 0.610777 1.653357 -1.704940
v 0.544384 1.635874 -1.666608
v 0.545666 1.644616 -1.815496
v 0.546947 1.653357 -1.666608
v 0.027405 1.974655 -1.544963
v -0.084773 1.908493 -1.515563
v -0.122512 1.974091 -1.384981
v -0.119644 1.908493 -1.364501
v 0.016578 1.908493 -1.290750
v 0.088886 1.974327 -1.324681
v 0.133720 1.908493 -1.409647
v 0.044990 1.908493 -1.537041
v -0.020303 1.984511 -1.517259
v 0.039172 1.989425 -1.493876
v -0.090250 1.983124 -1.475436
v -0.097403 1.985954 -1.387561
v 0.036192 1.984201 -1.321119
v 0.088121 1.988004 -1.370150
v 0.103143 1.982583 -1.450045
v 0.071099 1.987827 -1.380677
v 0.074294 1.982104 -1.437841
v -0.023288 1.984191 -1.492737
v -0.069946 1.985452 -1.453027
v 0.003102 1.981399 -1.450036
v -0.072906 1.983099 -1.400872
v 0.013511 1.982726 -1.342328
v -0.003090 1.981558 -1.387149
v -0.037618 1.988013 -1.348190
v -0.043405 1.982779 -1.319826
v 0.434470 1.579714 -1.825903
v 0.462077 1.646467 -1.836885
v 0.467035 1.579714 -1.638434
v 0.621994 1.579714 -1.633703
v 0.622756 1.646354 -1.633505
v 0.657084 1.579714 -1.820250
v 0.663358 1.646076 -1.783444
v 0.587213 1.654423 -1.839654
v 0.454762 1.656902 -1.786743
v 0.438960 1.654008 -1.713981
v 0.490016 1.651540 -1.644983
v 0.577583 1.655284 -1.643792
v 0.635182 1.659400 -1.692965
v 0.644427 1.654856 -1.767226
v 0.620357 1.659237 -1.765261
v 0.567864 1.659378 -1.666174
v 0.616292 1.654318 -1.703705
v 0.550976 1.651061 -1.709923
v 0.561152 1.651744 -1.767176
v 0.580672 1.655409 -1.809615
v 0.520877 1.656193 -1.813984
v 0.515906 1.650970 -1.742474
v 0.476420 1.655429 -1.774796
v 0.473945 1.654882 -1.714054
v 0.502084 1.657145 -1.667682
v 0.516241 1.655720 -1.835735
v -0.457392 1.579714 -1.841344
v -0.624296 1.579714 -1.842585
v -0.517800 1.648683 -1.852904
v -0.422898 1.645828 -1.774082
v -0.452816 1.653083 -1.681459
v -0.552711 1.646222 -1.613359
v -0.460271 1.579714 -1.629314
v -0.665807 1.579714 -1.681130
v -0.652662 1.646370 -1.817596
v -0.518513 1.658826 -1.837043
v -0.453362 1.656720 -1.782774
v -0.498532 1.657389 -1.650449
v -0.638376 1.656261 -1.689473
v -0.641088 1.654207 -1.775188
v -0.590582 1.661303 -1.816765
v -0.620945 1.654875 -1.760399
v -0.616763 1.659048 -1.702658
v -0.580681 1.654156 -1.646316
v -0.564167 1.651327 -1.714791
v -0.552317 1.651504 -1.769267
v -0.533404 1.654310 -1.816528
v -0.515627 1.650458 -1.740369
v -0.476251 1.655984 -1.777534
v -0.468861 1.659474 -1.719039
v -0.502206 1.654253 -1.674110
v -0.565240 1.655242 -1.666653
vn -0.7283 -0.6758 0.1139
vn 0.7291 -0.6509 -0.2116
vn 0.7296 -0.6754 0.1074
vn -0.3857 -0.6141 -0.6885
vn 0.3855 -0.6075 -0.6945
vn -0.7297 0.6753 0.1074
vn -0.7319 -0.6491 -0.2074
vn -0.4791 0.5941 0.6462
vn -0.4751 -0.5930 0.6501
vn 0.4751 0.5932 0.6499
vn 0.4791 -0.5941 0.6462
vn 0.7284 0.6757 0.1139
vn -0.7292 0.6506 -0.2118
vn 0.7314 0.6497 -0.2075
vn -0.3840 0.6109 -0.6923
vn 0.3856 0.6143 -0.6885
vn 0.4882 -0.8303 0.2688
vn -0.4902 -0.8285 0.2705
vn -0.7318 -0.6595 -0.1717
vn 0.6266 -0.7641 -0.1533
vn -0.6273 -0.7640 -0.1511
vn 0.6273 0.7640 -0.1511
vn 0.7325 -0.6577 -0.1758
vn 0.7324 0.6632 -0.1540
vn 0.7316 -0.6634 -0.1572
vn 0.6387 0.7570 -0.1379
vn 0.6382 -0.7569 -0.1406
vn 0.5772 0.5758 -0.5791
vn 0.5748 -0.5762 -0.5811
vn -0.6943 0.6131 0.3769
vn -0.7325 0.6577 -0.1758
vn -0.6266 0.7641 -0.1533
vn -0.7324 -0.6632 -0.1540
vn -0.7316 0.6634 -0.1572
vn -0.6387 -0.7570 -0.1379
vn -0.6383 0.7569 -0.1406
vn -0.5772 -0.5758 -0.5791
vn 0.7318 0.6595 -0.1717
vn -0.5748 0.5762 -0.5811
vn 0.4903 0.8285 0.2706
vn 0.5759 -0.5780 0.5782
vn -0.4882 0.8303 0.2687
vn 0.5736 0.5775 0.5809
vn 0.6943 -0.6131 0.3769
vn 0.6928 0.6130 0.3798
vn -0.5736 -0.5775 0.5809
vn -0.5760 0.5779 0.5781
vn -0.6928 -0.6130 0.3798
vn 0.8824 0.3897 0.2638
vn 0.8093 0.0475 0.5855
vn 0.0051 -0.3975 -0.9176
vn 0.0964 -0.7898 -0.6058
vn -0.2889 0.7723 0.5658
vn -0.9998 0.0142 0.0124
vn -0.7432 -0.0160 0.6688
vn 0.8616 -0.4910 -0.1287
vn -0.8671 -0.4950 -0.0555
vn -0.1285 0.9899 -0.0601
vn 0.5167 -0.6265 -0.5836
vn -0.9805 -0.1578 -0.1169
vn -0.9995 0.0316 -0.0080
vn -0.5678 0.1651 0.8064
vn -0.3423 0.7074 0.6183
vn 0.8536 0.0486 0.5186
vn -0.4180 -0.4557 -0.7859
vn 0.8127 0.5513 0.1888
vn 0.4947 0.8686 -0.0277
vn 0.3914 -0.9199 -0.0246
vn 0.1338 -0.9896 -0.0535
vn -0.2794 -0.7627 -0.5833
vn -0.8827 0.4668 -0.0541
vn -0.4741 -0.4796 -0.7384
vn -0.4379 0.3788 0.8153
vn -0.8015 0.5071 0.3170
vn 0.3582 0.8424 0.4027
vn 0.9048 0.1729 0.3892
vn 0.9944 -0.0036 0.1052
vn 0.8438 0.5355 -0.0356
vn 0.8806 0.3850 0.2764
vn 0.1402 -0.7537 -0.6420
vn 0.7725 -0.6268 -0.1014
vn -0.7375 -0.0113 0.6753
vn 0.8077 0.0517 0.5874
vn -0.3305 0.7588 0.5612
vn -0.9971 -0.0339 -0.0682
vn -0.8926 -0.4480 -0.0512
vn 0.0328 0.9952 -0.0926
vn 0.4678 0.7071 0.5304
vn 0.0529 -0.9980 -0.0340
vn 0.7764 0.6299 0.0208
vn 0.4421 -0.4162 -0.7946
vn 0.6577 -0.5143 -0.5504
vn -0.8477 0.0744 0.5252
vn 0.5677 0.2090 0.7963
vn -0.9377 0.3327 0.1002
vn -0.8750 0.4840 0.0073
vn 0.7183 0.3347 0.6099
vn -0.2840 -0.7979 -0.5317
vn 0.9959 -0.0436 0.0797
vn -0.2739 -0.4747 -0.8364
vn -0.6060 0.4053 0.6845
vn -0.7818 0.5040 0.3672
vn 0.3618 0.8337 0.4172
vn 0.7426 -0.6682 -0.0455
vn 0.2349 0.9715 -0.0312
vn -0.9532 -0.2960 -0.0619
vn 0.8744 0.0005 0.4852
vn 0.2091 0.8727 0.4412
vn -0.7151 0.0155 0.6988
vn -0.8736 0.0015 -0.4867
vn 0.2978 -0.6896 -0.6601
vn 0.2175 -0.8604 0.4609
vn 0.3179 0.6590 -0.6816
vn -0.2130 -0.8598 0.4641
vn -0.3053 -0.6861 -0.6603
vn 0.8738 -0.0067 -0.4862
vn 0.7146 0.0157 0.6993
vn -0.8753 -0.0069 0.4836
vn -0.3097 0.6628 -0.6818
vn -0.2116 0.8731 0.4393
vn -0.5144 0.5879 -0.6243
vn 0.5143 -0.5881 -0.6242
vn -0.5172 -0.5879 -0.6221
vn 0.5171 0.5881 -0.6219
vn 0.6354 -0.5679 0.5232
vn 0.6329 0.5679 0.5262
vn -0.6329 -0.5681 0.5261
vn -0.6353 0.5681 0.5232
vn -0.5088 0.8567 -0.0846
vn 0.5719 0.5878 0.5722
vn 0.4756 0.8750 -0.0908
vn -0.0252 0.9722 -0.2329
vn -0.0366 0.9720 -0.2321
vn 0.0001 0.9667 -0.2559
vn -0.0028 0.9543 -0.2987
vn -0.4309 0.8173 -0.3825
vn 0.0913 0.1850 -0.9785
vn -0.0035 0.1691 0.9856
vn -0.0005 0.2101 0.9777
vn -0.0000 0.2174 0.9761
vn -0.2989 0.8879 -0.3498
vn -0.2962 0.7578 -0.5814
vn -0.5052 0.7772 -0.3750
vn 0.2972 0.8639 -0.4066
vn 0.2992 0.2866 -0.9101
vn -0.0000 0.9925 -0.1225
vn -0.6536 -0.5979 0.4640
vn -0.5607 -0.0240 -0.8277
vn -0.2906 -0.7947 -0.5330
vn 0.6339 -0.6115 0.4736
vn 0.2763 -0.7811 -0.5599
vn 0.7063 0.0665 0.7047
vn 0.7963 0.0158 -0.6046
vn 0.2351 0.9673 -0.0951
vn 0.0067 0.9534 -0.3017
vn -0.0001 0.9667 -0.2559
vn 0.4240 0.8216 -0.3812
vn -0.5830 0.5687 0.5802
vn -0.5711 -0.5694 0.5913
vn -0.3508 -0.5503 -0.7577
vn -0.0885 0.1934 -0.9771
vn 0.7171 -0.6292 -0.2998
vn -0.2404 -0.8709 -0.4286
vn -0.5921 -0.0233 -0.8055
vn -0.7109 -0.6355 -0.3013
vn 0.2525 -0.8679 -0.4278
vn 0.5675 -0.0169 -0.8232
vn 0.3555 -0.5494 -0.7562
vn 0.6951 -0.7186 0.0214
vn -0.6932 -0.7205 0.0190
vn 0.2062 -0.4865 -0.8490
vn 0.0838 0.9177 0.3883
vn 0.8975 -0.3194 0.3042
vn -0.4617 -0.1508 0.8741
vn -0.8284 0.1825 -0.5297
vn 0.1251 -0.6362 -0.7613
vn 0.8827 -0.0101 0.4698
vn 0.7646 -0.0066 0.6445
vn 0.1223 0.8211 -0.5575
vn 0.8511 -0.0154 -0.5247
vn -0.2062 -0.4865 -0.8490
vn -0.0838 0.9177 0.3883
vn 0.8284 0.1825 -0.5297
vn 0.4617 -0.1508 0.8741
vn -0.8974 -0.3194 0.3042
vn 0.0446 0.8603 -0.5078
vn -0.2805 -0.3614 0.8892
vn 0.7135 0.1968 0.6724
vn 0.5942 -0.2282 -0.7713
vn -0.6655 -0.3304 -0.6693
vn 0.6594 0.3424 0.6692
vn 0.6651 0.3303 -0.6697
vn -0.6590 -0.3422 0.6698
vn -0.1133 -0.6397 -0.7602
vn -0.8843 0.0253 0.4662
vn -0.8456 -0.0659 -0.5298
vn -0.1373 0.8167 -0.5605
vn -0.7658 -0.0123 0.6430
vn 0.7628 -0.6394 -0.0968
vn 0.5514 -0.6872 0.4730
vn -0.7818 -0.6172 -0.0886
vn -0.6039 0.4529 0.6558
vn -0.6480 0.7569 0.0842
vn -0.5833 0.5541 -0.5940
vn -0.5307 -0.6101 -0.5884
vn 0.5988 0.4458 0.6654
vn -0.5536 -0.6828 0.4767
vn 0.5812 0.5511 -0.5987
vn 0.6684 0.7386 0.0876
vn 0.5509 -0.6127 -0.5667
vn 0.3973 0.5851 -0.7070
vn 0.5337 0.8408 0.0904
vn 0.7233 -0.4737 -0.5025
vn -0.5420 -0.1455 0.8277
vn -0.8747 -0.4790 -0.0746
vn -0.5664 -0.5040 -0.6521
vn -0.4828 0.8707 0.0938
vn -0.4012 0.6429 -0.6525
vn 0.5545 -0.1450 0.8194
vn -0.2671 -0.9636 0.0104
vn 0.5283 -0.4144 -0.7410
vn 0.8509 -0.4850 -0.2018
vn 0.4369 -0.3930 0.8091
vn -0.6533 -0.6554 0.3791
vn 0.8526 0.4849 -0.1949
vn 0.8262 -0.4707 0.3094
vn -0.5856 0.6726 -0.4524
vn -0.5862 -0.6741 -0.4495
vn -0.2681 0.9633 0.0096
vn 0.8226 0.4721 0.3170
vn 0.5376 0.4121 -0.7356
vn -0.6538 0.6543 0.3801
vn 0.4374 0.4009 0.8050
vn 0.0811 0.5589 -0.8252
vn 0.5127 -0.6336 0.5793
vn -0.3657 -0.8335 -0.4141
vn -0.8314 0.5555 -0.0134
vn -0.5127 -0.6336 0.5793
vn -0.0811 0.5589 -0.8252
vn 0.3657 -0.8335 -0.4142
vn 0.8314 0.5555 -0.0134
vn -0.5562 0.5438 0.6284
vn -0.4772 -0.5519 -0.6839
vn 0.7105 -0.6895 -0.1406
vn -0.7107 -0.6895 -0.1396
vn -0.7385 0.6633 -0.1210
vn -0.6907 -0.7216 0.0468
vn 0.4760 -0.5463 -0.6892
vn 0.7363 0.6660 -0.1195
vn -0.4683 0.5963 -0.6520
vn -0.7614 0.6304 -0.1510
vn -0.5857 -0.5338 0.6099
vn -0.5541 0.7077 0.4384
vn 0.6903 -0.7220 0.0478
vn 0.5532 0.7076 0.4395
vn 0.7615 0.6307 -0.1494
vn 0.5875 -0.5322 0.6096
vn 0.4719 0.5978 -0.6480
vn -0.5069 0.6128 0.6062
vn -0.2895 -0.7346 0.6136
vn 0.7759 0.1878 0.6023
vn 0.0283 0.8077 -0.5890
vn -0.8088 0.0061 -0.5880
vn 0.8137 -0.1456 -0.5627
vn 0.0075 -0.8190 -0.5738
vn 0.2226 -0.8846 0.4098
vn 0.8761 0.2047 0.4365
vn -0.0089 0.8319 0.5549
vn -0.8028 0.2213 0.5536
vn -0.6498 0.5037 -0.5692
vn -0.5181 -0.6449 -0.5618
vn -0.5996 -0.4767 0.6428
vn 0.7670 -0.4559 -0.4516
vn 0.3984 0.7470 -0.5323
vn -0.1377 -0.8071 0.5742
vn 0.8263 0.0107 0.5631
vn -0.0034 0.8313 0.5558
vn -0.7607 0.3294 -0.5593
vn -0.8126 0.0947 0.5751
vn -0.1796 -0.7982 -0.5751
vn 0.7906 -0.2125 -0.5743
vn 0.3183 0.7657 -0.5590
vn -0.2267 0.7852 0.5763
vn -0.5480 -0.5969 0.5860
vn 0.8102 -0.0456 0.5844
vn -0.5540 0.5839 -0.5934
vn -0.1576 -0.8098 -0.5652
vn 0.8015 0.1187 -0.5861
vn 0.0862 -0.8533 0.5142
vn 0.7445 -0.2942 0.5993
vn 0.4569 0.6963 0.5535
vn -0.6856 0.5397 -0.4885
vn -0.8894 -0.2404 0.3888
vn -0.2651 0.7974 0.5422
vn -0.4303 -0.7556 -0.4939
vn 0.6675 -0.4559 -0.5888
vn 0.5828 0.5574 -0.5913
vn -0.5848 -0.5582 0.5885
vn 0.8381 0.0956 0.5371
vn -0.1888 0.9820 -0.0029
vn -0.7439 0.6663 -0.0510
vn -0.6497 -0.3912 -0.6518
vn 0.4209 -0.7086 -0.5663
vn 0.2171 -0.7498 0.6250
vn 0.6486 0.4247 -0.6316
vn -0.1570 0.8698 -0.4677
vn 0.1231 0.0488 -0.9912
vn -0.8042 0.1372 -0.5782
vn 0.4441 -0.7066 -0.5509
vn -0.5897 -0.6962 -0.4094
vn 0.8293 0.4152 -0.3739
vn 0.9302 0.0479 0.3639
vn 0.0560 0.9256 0.3744
vn -0.8188 0.2344 0.5240
vn -0.5667 -0.7453 0.3513
vn 0.4483 -0.8035 0.3918
vn 0.0182 -0.2988 0.9541
vn 0.9191 0.0654 -0.3885
vn 0.2818 0.0662 -0.9572
vn 0.2600 0.8761 -0.4061
vn 0.3150 -0.8631 -0.3947
vn -0.3005 -0.2738 -0.9136
vn -0.8363 -0.4042 -0.3704
vn -0.6085 0.6066 -0.5115
vn -0.8839 0.1923 0.4263
vn -0.0637 0.9466 0.3161
vn 0.8411 0.2548 0.4770
vn 0.5700 -0.7049 0.4222
vn -0.4831 -0.7973 0.3618
vn -0.0126 0.4707 0.8822
vn -0.1216 -0.2617 0.9575
vn 0.4520 0.7386 0.5002
vn -0.1528 0.8384 -0.5231
vn -0.6560 0.5970 0.4618
vn -0.7638 -0.4039 -0.5034
vn -0.8140 0.0250 0.5804
vn -0.1561 -0.8940 0.4200
vn 0.4690 -0.7661 -0.4395
vn 0.8504 -0.2088 0.4829
vn 0.7770 0.3237 -0.5399
vn -0.7942 -0.3858 0.4695
vn 0.7609 0.2487 0.5992
vn -0.2468 0.8114 0.5298
vn -0.8462 0.3540 -0.3982
vn -0.3053 -0.8202 -0.4838
vn 0.5136 -0.8580 -0.0045
vn 0.7257 0.2626 -0.6359
vn -0.5294 -0.4127 -0.7413
vn 0.2671 -0.9636 0.0122
vn -0.8493 -0.4892 -0.1986
vn -0.5369 0.4132 -0.7355
vn -0.8533 0.4828 -0.1970
vn -0.8259 -0.4695 0.3121
vn -0.4371 -0.3949 0.8081
vn 0.5865 -0.6733 -0.4502
vn 0.2668 0.9637 0.0104
vn 0.5836 0.6733 -0.4539
vn -0.4372 0.3990 0.8060
vn -0.8232 0.4711 0.3168
vn 0.6546 0.6530 0.3810
vn -0.7319 0.6426 -0.2265
vn 0.6065 0.4252 0.6718
vn 0.7319 0.6432 -0.2251
vn -0.7818 0.5817 -0.2246
vn -0.8388 -0.4752 -0.2656
vn -0.5919 0.7888 0.1658
vn -0.5893 -0.5679 -0.5746
vn -0.3263 -0.9362 -0.1305
vn 0.2829 -0.6817 -0.6748
vn 0.3266 -0.9352 -0.1370
vn 0.7802 0.5851 -0.2214
vn 0.8396 -0.4729 -0.2674
vn 0.6236 -0.5600 -0.5454
vn 0.8202 -0.5179 -0.2432
vn 0.7310 -0.5885 0.3454
vn 0.2210 -0.9724 -0.0746
vn -0.6063 0.4283 0.6700
vn 0.0733 -0.3521 0.9331
vn 0.1550 -0.8919 0.4248
vn -0.0741 -0.3552 0.9319
vn -0.1558 -0.8928 0.4227
vn -0.8190 -0.5197 -0.2435
vn -0.7308 -0.5878 0.3471
vn -0.2205 -0.9726 -0.0744
vn -0.2951 -0.6776 -0.6736
vn -0.0000 -0.0000 -0.0000
vn 0.2146 0.0003 -0.9767
vn 0.5704 0.5897 0.5718
vn 0.5594 -0.6105 0.5607
vn -0.9400 0.0006 -0.3413
vn -0.7328 0.6787 -0.0481
vn 0.7328 -0.6787 -0.0482
vn -0.7328 -0.6788 0.0482
vn 0.7328 0.6788 0.0482
vn -0.7327 -0.6788 -0.0482
vn 0.7327 0.6788 -0.0481
vn 0.7327 -0.6788 0.0482
vn -0.7327 0.6788 0.0481
vn 0.0277 -0.6909 -0.7224
vn 0.0277 0.6909 0.7224
vn -0.0277 -0.6909 0.7224
vn -0.0277 0.6909 -0.7224
vn 0.5182 0.7602 -0.3918
vn 0.5339 0.8076 0.2504
vn 0.7003 -0.3291 0.6335
vn -0.5098 0.7652 -0.3932
vn 0.4814 -0.2817 -0.8300
vn -0.4817 -0.2801 -0.8304
vn -0.5255 0.8110 0.2572
vn -0.7047 -0.3315 0.6272
vn -0.9374 0.0070 0.3483
vn 0.4058 -0.5660 -0.7176
vn 0.2284 0.0037 0.9736
vn 0.7129 0.5185 -0.4722
vn -0.8504 0.0091 -0.5260
vn -0.4058 -0.5660 -0.7176
vn 0.8504 0.0091 -0.5260
vn 0.9374 0.0070 0.3483
vn -0.2284 0.0037 0.9736
vn -0.7129 0.5185 -0.4722
vn 0.6195 -0.0231 -0.7847
vn -0.6195 -0.0231 0.7847
vn -0.6195 0.0231 -0.7847
vn 0.6195 0.0231 0.7847
vn 0.5189 -0.5152 0.6821
vn -0.8228 -0.5683 -0.0007
vn 0.5358 -0.4974 -0.6822
vn -0.8318 0.5551 -0.0001
vn 0.4861 0.8739 0.0012
vn 0.5190 -0.5152 0.6821
vn 0.8228 -0.5683 -0.0007
vn -0.5190 -0.5152 0.6821
vn -0.5358 -0.4974 -0.6822
vn 0.8318 0.5551 -0.0001
vn -0.4861 0.8739 0.0012
vn 0.6195 -0.0231 0.7847
vn -0.6195 -0.0231 -0.7847
vn 0.6195 0.0231 -0.7847
vn -0.6195 0.0231 0.7847
vn 0.6323 -0.0000 -0.7747
vn -0.5564 -0.6325 0.5388
vn -0.5647 0.0006 -0.8253
vn -0.5252 0.6325 0.5693
vn 0.8719 -0.0005 0.4896
vn 0.6473 0.0006 0.7623
vn 0.4949 -0.6509 -0.5757
vn 0.4618 0.6509 -0.6026
vn -0.5045 0.0001 0.8634
vn -0.9117 -0.0007 -0.4108
vn -0.5652 0.0006 -0.8249
vn -0.5465 -0.6439 0.5355
vn -0.5146 0.6440 0.5662
vn 0.5964 0.0001 -0.8027
vn 0.8681 -0.0010 0.4963
vn -0.6273 -0.7788 -0.0022
vn -0.1535 0.7364 -0.6589
vn 0.8398 -0.5429 0.0009
vn -0.2290 0.7208 0.6542
vn -0.2290 0.7209 0.6542
vn 0.8398 -0.5429 0.0010
vn -0.2291 0.7209 0.6541
vn -0.7328 -0.6788 -0.0482
vn 0.7328 0.6788 -0.0482
vn 0.7328 -0.6788 0.0481
vn -0.7328 0.6788 0.0482
vn 0.7328 0.6788 -0.0481
vn 0.7328 -0.6788 0.0482
vn -0.7328 0.6788 0.0481
vn -0.0838 -0.9177 0.3883
vn -0.2062 0.4865 -0.8490
vn 0.8283 -0.1825 -0.5297
vn 0.4617 0.1508 0.8741
vn -0.2805 0.3614 0.8892
vn 0.0446 -0.8603 -0.5079
vn 0.7135 -0.1968 0.6724
vn 0.5943 0.2282 -0.7712
vn -0.8543 0.3358 -0.3969
vn 0.3615 0.5812 0.7291
vn -0.3488 -0.5812 -0.7352
vn 0.3489 -0.5808 0.7355
vn -0.3615 0.5808 -0.7294
vn -0.0000 -0.6948 0.7192
vn -0.6178 0.5507 -0.5613
vn 0.0001 -0.8335 -0.5525
vn 0.6178 0.5598 -0.5522
vn -0.0001 0.5506 0.8348
vn 0.2280 -0.7961 0.5606
vn -0.6630 0.3365 -0.6687
vn 0.4907 -0.2497 -0.8348
vn 0.7771 0.2927 0.5572
vn -0.4195 0.6411 0.6427
vn 0.5286 -0.0000 -0.8488
vn -0.7006 0.0005 -0.7136
vn -0.4721 -0.6410 0.6052
vn 0.9105 -0.0007 0.4136
vn -0.2290 0.7209 0.6541
vn 0.4670 -0.2267 -0.8547
vn -0.0000 -0.8312 -0.5560
vn 0.0772 -0.7711 -0.6320
vn -0.1562 -0.9374 -0.3112
vn -0.1868 -0.9512 -0.2458
vn -0.3536 -0.7796 -0.5170
vn 0.1671 -0.9834 0.0708
vn 0.0958 -0.9953 -0.0135
vn -0.7246 -0.5967 -0.3449
vn -0.3948 -0.8947 0.2090
vn -0.5588 -0.8150 0.1536
vn -0.3449 -0.9116 0.2236
vn -0.3805 -0.8628 0.3327
vn 0.0775 -0.4808 0.8734
vn 0.2179 -0.4046 0.8882
vn -0.2465 -0.5078 0.8254
vn 0.4344 -0.3949 0.8095
vn 0.4656 -0.8019 0.3744
vn 0.3586 -0.9266 0.1130
vn -0.2980 0.0660 -0.9523
vn -0.0000 -0.0000 -1.0000
vn -0.0872 -0.0000 -0.9962
vn -0.0000 0.4933 -0.8698
vn -0.0871 -0.0000 -0.9962
vn 0.5758 0.7833 0.2342
vn 0.3927 0.9142 -0.1000
vn 0.4120 0.9049 -0.1070
vn 0.3843 0.9181 -0.0970
vn 0.5396 0.0049 -0.8419
vn 0.6679 0.5820 -0.4638
vn 0.6688 0.4799 -0.5678
vn 0.2980 0.0660 -0.9523
vn 0.2523 0.0186 -0.9675
vn 0.5696 -0.7891 -0.2299
vn -0.0000 0.6940 -0.7200
vn 0.0872 -0.0000 -0.9962
vn -0.1648 0.8844 -0.4367
vn -0.1214 0.9843 -0.1278
vn -0.0689 0.9610 -0.2678
vn -0.1004 0.0074 -0.9949
vn -0.6407 0.6200 -0.4529
vn -0.3859 0.0854 -0.9186
vn -0.7405 0.6232 0.2516
vn -0.9992 0.0062 0.0383
vn -0.9973 -0.0735 0.0095
vn -0.0000 0.4762 -0.8793
vn -0.6408 0.7145 0.2809
vn 0.3859 0.0854 -0.9186
vn -0.1830 0.9599 0.2124
vn -0.1992 0.9538 0.2249
vn 0.1004 0.0074 -0.9949
vn 0.4589 0.2977 0.8371
vn -0.0000 0.8258 0.5640
vn 0.0827 0.7661 0.6374
vn -0.2523 0.0186 -0.9675
vn 0.6766 0.5287 -0.5125
vn -0.0000 -0.6762 0.7367
vn 0.0026 -0.8152 -0.5792
vn -0.0014 0.5671 0.8237
vn -0.6769 0.4987 -0.5413
vn -0.0000 0.6762 -0.7367
vn 0.6766 -0.5287 0.5125
vn -0.0014 -0.5671 -0.8237
vn -0.6769 -0.4987 0.5413
vn 0.6273 -0.7788 -0.0022
vn 0.2290 0.7209 0.6541
vn -0.8398 -0.5429 0.0009
vn 0.2290 0.7208 0.6542
vn 0.2290 0.7209 0.6542
vn -0.8398 -0.5429 0.0010
vn -0.6629 0.3367 -0.6687
vn 0.7812 0.2870 0.5543
vn 0.4909 -0.2494 -0.8348
vn 0.2211 -0.7960 0.5635
vn -0.7469 0.3794 0.5460
vn 0.2062 0.4865 -0.8490
vn 0.0838 -0.9177 0.3883
vn -0.8283 -0.1825 -0.5297
vn -0.4617 0.1508 0.8741
vn 0.8975 0.3194 0.3042
vn 0.2805 -0.3615 0.8892
vn -0.0469 0.8636 -0.5020
vn -0.7135 0.1967 0.6725
vn -0.5892 -0.2259 -0.7758
vn 0.8542 -0.3360 -0.3969
vn 0.2805 0.3614 0.8892
vn -0.0447 -0.8603 -0.5078
vn 0.8543 0.3358 -0.3969
vn -0.5942 0.2282 -0.7713
vn -0.7135 -0.1968 0.6725
vn -0.3554 -0.5802 0.7329
vn 0.7912 0.5603 -0.2450
vn -0.3673 0.5397 0.7575
vn -0.3048 0.5568 -0.7727
vn -0.6178 -0.5599 0.5522
vn 0.0001 -0.5506 -0.8348
vn 0.6178 -0.5507 0.5613
vn -0.0000 0.6948 -0.7192
vn -0.6594 -0.3424 -0.6693
vn 0.6654 0.3304 0.6693
vn -0.6650 -0.3302 0.6699
vn 0.6589 0.3422 -0.6699
vn -0.7327 0.6788 -0.0482
vn 0.7327 -0.6788 -0.0482
vn -0.7328 -0.6788 0.0481
vn -0.7328 0.6788 -0.0482
vn 0.7328 -0.6788 -0.0482
vn -0.7327 -0.6788 0.0482
vn 0.7327 0.6788 0.0482
vn -0.7328 0.6787 -0.0482
vn 0.0446 0.0003 0.9990
vn -0.6780 -0.7223 0.1361
vn 0.9872 0.0878 0.1333
vn 0.2316 -0.2486 -0.9405
vn 0.9915 0.0992 0.0843
vn -0.7095 -0.7011 -0.0707
vn -0.6036 0.7869 0.1279
vn 0.2192 0.9490 -0.2266
vn 0.4581 0.5992 -0.6566
vn 0.1955 -0.6635 0.7222
vn -0.1205 -0.8894 -0.4411
vn -0.7118 0.6099 -0.3483
vn 0.2292 0.4775 0.8482
vn -0.4249 -0.0647 -0.9029
vn -0.3155 -0.0669 -0.9466
vn -0.3504 -0.0657 -0.9343
vn 0.2041 -0.6273 0.7515
vn -0.7280 0.5876 -0.3531
vn -0.1206 -0.8876 -0.4446
vn 0.4571 0.6126 -0.6448
vn 0.2299 0.4778 0.8479
vn -0.0277 0.6909 0.7224
vn -0.0277 -0.6909 -0.7224
vn 0.0277 -0.6909 0.7224
vn 0.0277 0.6909 -0.7224
vn -0.9915 0.0992 0.0843
vn -0.2316 -0.2486 -0.9405
vn 0.7095 -0.7011 -0.0707
vn 0.6780 -0.7223 0.1361
vn -0.0446 0.0003 0.9990
vn -0.9872 0.0878 0.1333
vn 0.9556 -0.0380 -0.2922
vn -0.1955 -0.6635 0.7222
vn -0.4581 0.5992 -0.6566
vn 0.1205 -0.8894 -0.4411
vn 0.7118 0.6099 -0.3483
vn 0.3927 0.2549 -0.8836
vn 0.3938 0.2444 -0.8861
vn 0.6930 0.1987 -0.6930
vn 0.7281 0.5876 -0.3531
vn -0.2041 -0.6273 0.7515
vn 0.1206 -0.8876 -0.4446
vn -0.4571 0.6126 -0.6448
vn -0.2299 0.4778 0.8479
vn -0.6323 -0.0000 -0.7747
vn 0.5564 -0.6325 0.5388
vn -0.8719 -0.0005 0.4896
vn 0.5252 0.6325 0.5693
vn 0.5647 0.0006 -0.8253
vn -0.4949 -0.6509 -0.5757
vn -0.6473 0.0006 0.7623
vn -0.4618 0.6509 -0.6026
vn 0.5045 0.0001 0.8634
vn 0.9117 -0.0007 -0.4108
vn 0.5465 -0.6439 0.5355
vn 0.5652 0.0006 -0.8249
vn 0.5146 0.6440 0.5662
vn -0.5964 0.0001 -0.8027
vn -0.8681 -0.0010 0.4963
vn 0.4195 0.6411 0.6427
vn -0.5286 -0.0000 -0.8488
vn -0.9105 -0.0007 0.4136
vn 0.4721 -0.6410 0.6052
vn 0.7006 0.0005 -0.7136
vn 0.9400 0.0006 -0.3413
vn 0.8447 0.0006 0.5352
vn -0.5594 -0.6105 0.5607
vn -0.5704 0.5897 0.5718
vn -0.2146 0.0003 -0.9767
vn -0.6766 -0.5287 0.5125
vn 0.0014 -0.5671 -0.8237
vn 0.6769 -0.4987 0.5413
vn 0.0001 0.6762 -0.7367
vn -0.6024 -0.6544 -0.4570
vn -0.5983 -0.6503 -0.4682
vn -0.8047 -0.2827 0.5220
vn -0.8062 -0.2835 0.5193
vn -0.7947 -0.2795 0.5388
vn -0.0000 0.4702 0.8826
vn -0.0000 0.4866 0.8736
vn -0.8096 0.2305 0.5398
vn -0.8027 0.2371 0.5473
vn 0.8219 -0.2413 0.5161
vn 0.8191 -0.2411 0.5205
vn 0.8214 -0.2436 0.5158
vn -0.5983 0.6503 0.4682
vn -0.6024 0.6544 0.4570
vn -0.8062 0.2835 -0.5193
vn -0.8047 0.2827 -0.5220
vn -0.7947 0.2795 -0.5388
vn -0.0000 -0.0000 1.0000
vn 0.2095 0.5189 -0.8288
vn 0.3818 -0.5956 -0.7068
vn -0.5770 -0.5172 -0.6322
vn -0.8642 0.4662 0.1893
vn -0.7302 -0.5776 0.3649
vn -0.3071 0.6345 0.7093
vn 0.0615 -0.5352 0.8425
vn 0.6143 0.4708 0.6332
vn 0.8606 -0.5093 0.0036
vn -0.3449 0.6817 -0.6452
vn 0.6774 0.6739 -0.2949
vn -0.5916 0.6987 -0.4023
vn -0.2214 0.9704 0.0964
vn 0.0627 0.6196 0.7824
vn 0.8682 0.1140 0.4830
vn 0.4412 0.4027 -0.8020
vn -0.0661 0.9966 -0.0499
vn 0.0312 0.9941 -0.1039
vn -0.0343 0.9994 0.0055
vn 0.0082 0.9998 -0.0184
vn 0.0060 0.9993 0.0379
vn -0.0220 0.9994 0.0279
vn 0.0790 0.9968 0.0092
vn -0.0042 0.9999 -0.0118
vn 0.1566 0.5957 -0.7878
vn 0.6573 -0.5459 -0.5196
vn -0.6674 -0.5290 -0.5241
vn 0.5043 -0.5895 0.6310
vn -0.7699 0.6154 0.1689
vn -0.5216 -0.5404 0.6602
vn 0.5401 0.5049 0.6733
vn -0.4595 0.4917 -0.7397
vn -0.0422 0.8251 -0.5634
vn 0.0425 0.8967 0.4406
vn -0.3337 0.6369 0.6950
vn 0.3308 0.9437 -0.0008
vn -0.8633 -0.1866 -0.4688
vn 0.8680 0.4702 -0.1597
vn -0.0337 0.9994 0.0039
vn 0.0357 0.9993 0.0062
vn -0.1112 0.9919 -0.0617
vn 0.0289 0.9993 0.0248
vn -0.0327 0.9983 0.0476
vn 0.0449 0.9978 0.0496
vn 0.0449 0.9989 0.0110
vn 0.0167 0.9997 0.0195
vn 0.0141 0.9996 -0.0261
vn -0.0133 0.9966 -0.0807
vn -0.0520 0.9961 0.0713
vn -0.5660 0.8145 -0.1277
vn -0.4382 -0.5898 -0.6783
vn 0.1382 0.4607 -0.8767
vn 0.5518 -0.5417 -0.6340
vn 0.5403 -0.5036 0.6742
vn -0.7623 -0.5094 0.3993
vn 0.9108 0.3776 -0.1670
vn -0.1203 0.3890 0.9133
vn -0.7144 0.5044 -0.4850
vn 0.6484 0.6672 0.3666
vn 0.3517 0.7505 0.5594
vn -0.1558 0.9454 0.2863
vn -0.5959 0.7349 0.3238
vn -0.4889 0.5112 -0.7068
vn -0.3122 0.9487 -0.0495
vn 0.0259 0.9997 0.0006
vn -0.0048 1.0000 -0.0024
vn 0.0552 0.9974 -0.0463
vn -0.0668 0.9978 -0.0008
vn 0.0295 0.9984 0.0476
vn 0.0362 0.9993 0.0131
vn 0.0173 0.9849 0.1725
vn -0.0673 0.9975 0.0226
vn -0.1336 0.9880 -0.0771
vn 0.0545 0.9985 0.0070
vn 0.2596 0.9442 -0.2026
vn 0.1040 0.9517 -0.2888
vn 0.0289 -0.4277 -0.9035
vn 0.0043 0.9685 -0.2491
vn -0.9588 0.0574 -0.2783
vn -0.2351 0.9673 -0.0951
vn -0.0036 0.1677 0.9858
vn -0.7719 0.0697 0.6320
vn 0.4787 0.7622 -0.4358
vn 0.0081 0.9681 -0.2505
vn 0.9599 0.0670 -0.2720
vn 0.5841 -0.5560 0.5914
vn -0.8543 -0.3358 -0.3968
vn 0.5562 0.5438 0.6284
vn 0.3278 0.3295 0.8854
vn 0.2201 0.8056 -0.5500
vn 0.6520 -0.6568 0.3788
vn -0.8447 0.0006 0.5352
vn -0.8975 0.3194 0.3042
vn -0.7471 0.3791 0.5460
vn 0.4996 -0.1509 -0.8530
vn -0.7071 -0.7013 0.0904
vn -0.3820 -0.5554 0.7386
vn 0.3664 -0.9228 0.1189
vn 0.4344 0.8933 -0.1151
vn 0.4997 -0.0782 -0.8626
vn -0.1991 0.8656 -0.4593
vn -0.2981 0.0660 -0.9523
vn 0.2981 0.0660 -0.9523
vn -0.0787 0.9966 0.0250
vn 0.4967 0.2234 0.8387
vn 0.0026 0.8152 0.5792
vn 0.1535 0.7364 -0.6589
vn 0.2415 -0.8335 -0.4969
vn -0.0001 0.8335 0.5525
vn -0.9556 -0.0380 -0.2922
vn -0.2192 0.9490 -0.2266
vn 0.6036 0.7869 0.1279
vn -0.2292 0.4775 0.8482
vn -0.0026 0.8152 0.5792
vn -0.0686 0.9976 0.0128
vt 0.744802 0.728345
vt 0.742827 0.583992
vt 0.715830 0.553503
vt 0.755997 0.635183
vt 0.752666 0.618109
vt 0.759592 0.721763
vt 0.760142 0.673259
vt 0.671739 0.734329
vt 0.637410 0.727755
vt 0.662269 0.588628
vt 0.637349 0.598847
vt 0.727024 0.545821
vt 0.766438 0.669209
vt 0.748469 0.580015
vt 0.761249 0.631569
vt 0.757817 0.614528
vt 0.785618 0.632968
vt 0.773949 0.582648
vt 0.760756 0.502639
vt 0.809761 0.699436
vt 0.763227 0.507173
vt 0.793979 0.712654
vt 0.810034 0.706233
vt 0.816931 0.781423
vt 0.845774 0.754159
vt 0.910571 0.912782
vt 0.970779 0.745385
vt 1.250869 0.577429
vt 1.193981 0.534803
vt 0.753497 0.530244
vt 0.749246 0.511368
vt 0.749923 0.517297
vt 0.756578 0.430779
vt 0.734255 0.447443
vt 0.788805 0.264913
vt 0.685227 0.322292
vt 0.258269 0.177570
vt 0.796186 0.717751
vt 0.343985 0.229074
vt 0.776511 0.640579
vt 0.782811 0.628907
vt 0.765253 0.589796
vt 0.775569 0.634611
vt 0.802031 0.689962
vt 0.791213 0.698755
vt 0.773863 0.589508
vt 0.766882 0.594936
vt 0.196166 0.528683
vt 0.762768 0.523195
vt 1.258290 0.169931
vt 0.407755 0.217989
vt 0.405107 0.180581
vt 0.397029 0.182449
vt 0.400518 0.199265
vt 0.423368 0.213218
vt 0.420434 0.196937
vt 0.420604 0.168196
vt 0.346820 0.258586
vt 0.353639 0.245050
vt 0.359347 0.261374
vt 0.523649 0.233725
vt 0.536261 0.238718
vt 0.351272 0.286754
vt 0.580725 0.197442
vt 0.536030 0.252614
vt 0.566210 0.197275
vt 0.558020 0.185875
vt 0.518946 0.258233
vt 0.350911 0.298692
vt 0.344767 0.289894
vt 0.339362 0.304006
vt 0.511731 0.243031
vt 0.351357 0.304521
vt 0.543378 0.197888
vt 0.574843 0.217328
vt 0.519961 0.270934
vt 0.512154 0.301026
vt 0.566704 0.223409
vt 0.513781 0.277306
vt 0.345533 0.321808
vt 0.255285 0.668713
vt 0.250067 0.646765
vt 0.259335 0.571052
vt 0.240016 0.657450
vt 0.234580 0.674756
vt 0.263960 0.661780
vt 0.258467 0.642730
vt 0.263560 0.557455
vt 0.269852 0.571512
vt 0.281182 0.818450
vt 0.276405 0.541446
vt 0.280894 0.549675
vt 0.215961 0.816831
vt 0.266074 0.803338
vt 0.218366 0.831465
vt 0.205492 0.843899
vt 0.285819 0.798275
vt 0.282853 0.539640
vt 0.228883 0.845317
vt 0.285771 0.782457
vt 0.288438 0.809178
vt 0.242380 0.805883
vt 0.240741 0.849062
vt 0.322580 0.781944
vt 0.324419 0.794790
vt 0.279300 0.536252
vt 0.289826 0.537948
vt 0.285408 0.520128
vt 0.812462 0.390934
vt 0.688288 0.436902
vt 0.752334 0.326080
vt 0.260380 0.267657
vt 1.258771 0.264927
vt 1.234397 0.292334
vt 0.868378 0.349571
vt 0.269636 0.311914
vt 0.943635 0.598213
vt 1.214182 0.419297
vt 1.223841 0.461133
vt 0.919730 0.798571
vt 0.899011 0.671060
vt 1.245330 0.437478
vt 0.764367 0.853430
vt 1.216337 0.413278
vt 0.329747 0.201279
vt 0.210321 0.553397
vt 0.293663 0.178076
vt 1.231136 0.578035
vt 0.834310 0.752706
vt 1.208764 0.559771
vt 0.821369 0.764959
vt 0.752900 0.445081
vt 0.232427 0.571498
vt 0.742741 0.452595
vt 1.285142 0.174743
vt 0.336628 0.314848
vt 0.291814 0.615761
vt 0.285032 0.515586
vt 0.294835 0.359722
vt 0.294478 0.354519
vt 0.289990 0.370514
vt 0.275388 0.360103
vt 0.292820 0.358493
vt 0.270450 0.436149
vt 0.276015 0.430558
vt 0.279923 0.368398
vt 0.290806 0.345835
vt 0.266533 0.400677
vt 0.277750 0.432353
vt 0.266805 0.329869
vt 0.273418 0.359308
vt 0.264981 0.357258
vt 0.248678 0.418261
vt 0.257015 0.396299
vt 0.262335 0.411375
vt 0.275543 0.435395
vt 0.278504 0.419191
vt 0.396277 0.274722
vt 0.231326 0.151734
vt 0.257017 0.397393
vt 0.265232 0.407051
vt 0.216158 0.466762
vt 0.248473 0.398974
vt 0.254259 0.251905
vt 0.259407 0.343940
vt 0.265414 0.356469
vt 0.252476 0.195048
vt 0.278237 0.164633
vt 0.225199 0.209495
vt 0.273942 0.159125
vt 0.294652 0.164393
vt 0.754731 0.499563
vt 0.743797 0.421763
vt 0.746696 0.421860
vt 0.760199 0.494899
vt 0.750831 0.466911
vt 0.198737 0.511040
vt 0.199821 0.551661
vt 0.205442 0.564196
vt 0.196350 0.552908
vt 0.188765 0.480844
vt 0.242459 0.439241
vt 0.212850 0.483909
vt 0.217770 0.529949
vt 0.240872 0.439621
vt 0.208048 0.498258
vt 0.207126 0.562745
vt 0.213359 0.545520
vt 0.200757 0.511809
vt 0.806402 0.717061
vt 0.842698 0.778925
vt 0.819259 0.744400
vt 0.813230 0.711590
vt 0.843877 0.775158
vt 0.308719 0.445697
vt 0.303950 0.450432
vt 0.321663 0.397510
vt 0.331892 0.398449
vt 0.329898 0.407184
vt 0.316603 0.402833
vt 0.309011 0.396346
vt 0.315036 0.460823
vt 0.320361 0.386604
vt 0.307993 0.436002
vt 0.317469 0.454091
vt 0.300901 0.429014
vt 0.303656 0.456985
vt 0.309008 0.472706
vt 0.290494 0.458364
vt 0.339443 0.350906
vt 0.321263 0.351629
vt 0.313679 0.364391
vt 0.333255 0.382688
vt 0.323058 0.383821
vt 0.299531 0.499613
vt 0.204087 0.503377
vt 0.244283 0.436222
vt 0.216078 0.547972
vt 0.200225 0.556293
vt 0.191004 0.480108
vt 0.230700 0.559605
vt 0.208265 0.566499
vt 0.269995 0.419139
vt 0.241625 0.399070
vt 0.250472 0.539296
vt 0.225208 0.581576
vt 0.255507 0.444505
vt 0.253668 0.528318
vt 0.223591 0.576481
vt 0.329419 0.182602
vt 0.288325 0.159709
vt 0.303653 0.163604
vt 0.332389 0.178455
vt 0.201619 0.562235
vt 0.224180 0.581646
vt 0.208075 0.571480
vt 0.223038 0.586967
vt 0.221684 0.579366
vt 0.253739 0.339592
vt 0.228539 0.418558
vt 0.248494 0.305271
vt 0.263142 0.312408
vt 0.229181 0.259348
vt 0.243066 0.396884
vt 0.240790 0.427465
vt 0.260952 0.344025
vt 0.257371 0.270656
vt 0.219572 0.225347
vt 0.286698 0.250420
vt 0.203290 0.440170
vt 0.233447 0.495986
vt 0.223606 0.454310
vt 0.189143 0.463088
vt 0.249650 0.401426
vt 0.242033 0.416694
vt 0.236504 0.414888
vt 0.238630 0.425243
vt 0.243524 0.419853
vt 0.241201 0.411388
vt 0.238849 0.423236
vt 0.236938 0.414653
vt 0.211003 0.436274
vt 0.220962 0.458963
vt 0.233959 0.446908
vt 0.230242 0.418850
vt 0.233004 0.421076
vt 0.217731 0.416116
vt 0.216693 0.414741
vt 0.216960 0.449469
vt 0.232971 0.450633
vt 0.230209 0.412691
vt 0.234787 0.435616
vt 0.245305 0.427975
vt 0.243190 0.408216
vt 0.242067 0.407304
vt 0.231008 0.412181
vt 0.234706 0.434403
vt 0.244987 0.429990
vt 0.262314 0.316698
vt 0.256641 0.311442
vt 0.256918 0.322468
vt 0.261992 0.317435
vt 0.255671 0.316398
vt 0.257997 0.325673
vt 0.234621 0.276749
vt 0.238439 0.299840
vt 0.257074 0.302033
vt 0.262209 0.275195
vt 0.250439 0.261265
vt 0.265216 0.276707
vt 0.240558 0.270994
vt 0.238778 0.300138
vt 0.256501 0.305905
vt 0.254173 0.298683
vt 0.255893 0.329164
vt 0.267448 0.319074
vt 0.265982 0.303675
vt 0.255510 0.299541
vt 0.248350 0.317703
vt 0.247032 0.314710
vt 0.258248 0.331294
vt 0.245377 0.421627
vt 0.240324 0.420059
vt 0.241487 0.408529
vt 0.233748 0.420574
vt 0.235114 0.406384
vt 0.240595 0.432357
vt 0.217456 0.460010
vt 0.230034 0.447642
vt 0.224154 0.423925
vt 0.214008 0.421014
vt 0.210183 0.442454
vt 0.214918 0.440592
vt 0.256347 0.329987
vt 0.258308 0.322343
vt 0.264785 0.325079
vt 0.250410 0.317388
vt 0.257507 0.312977
vt 0.257913 0.303655
vt 0.265103 0.312426
vt 0.254599 0.260292
vt 0.262850 0.282873
vt 0.247500 0.295375
vt 0.235096 0.285386
vt 0.238574 0.263794
vt 0.255007 0.277418
vt 0.243588 0.268601
vt 0.238533 0.442576
vt 0.241347 0.428981
vt 0.240826 0.422131
vt 0.230590 0.408708
vt 0.232195 0.406786
vt 0.222467 0.417675
vt 0.222994 0.431074
vt 0.226962 0.443325
vt 0.232030 0.445721
vt 0.252779 0.283818
vt 0.253673 0.319767
vt 0.266235 0.301895
vt 0.262940 0.288822
vt 0.247667 0.288430
vt 0.242547 0.306158
vt 0.254378 0.321326
vt 0.269727 0.310696
vt 0.255885 0.207346
vt 0.296346 0.191392
vt 0.282700 0.319628
vt 0.319704 0.205756
vt 0.301431 0.167293
vt 0.282316 0.161786
vt 0.253169 0.336176
vt 0.324857 0.249157
vt 0.283769 0.357177
vt 0.325040 0.184388
vt 0.330692 0.186160
vt 0.321679 0.259456
vt 0.755040 0.493225
vt 0.790885 0.670910
vt 0.809964 0.720687
vt 0.765410 0.533488
vt 0.794456 0.511607
vt 0.688841 0.115105
vt 0.364229 0.154129
vt 0.821205 0.533255
vt 1.147564 0.433011
vt 0.836591 0.586547
vt 0.799124 0.677881
vt 0.829774 0.645902
vt 1.215046 0.620352
vt 0.828790 0.701376
vt 0.801801 0.664899
vt 0.823898 0.629357
vt 0.763384 0.549577
vt 0.790251 0.630541
vt 0.799569 0.622688
vt 0.778191 0.578344
vt 0.786986 0.570492
vt 0.771917 0.481510
vt 0.772053 0.539944
vt 0.798210 0.530174
vt 0.164665 0.223473
vt 0.154635 0.440173
vt 0.810289 0.717603
vt 0.807912 0.712191
vt 0.807813 0.712127
vt 0.278938 0.287633
vt 0.316045 0.135596
vt 0.289126 0.125393
vt 0.374297 0.112388
vt 0.314587 0.399729
vt 0.334815 0.380221
vt 0.325682 0.411404
vt 0.323213 0.367654
vt 0.309036 0.476506
vt 0.305750 0.434119
vt 0.316917 0.444431
vt 0.297632 0.466336
vt 0.304321 0.237501
vt 0.364319 0.245105
vt 0.319458 0.197280
vt 0.340386 0.268868
vt 0.295474 0.431850
vt 0.304047 0.462238
vt 0.278765 0.468780
vt 0.306837 0.386553
vt 0.280338 0.415688
vt 0.290080 0.374690
vt 0.325350 0.381566
vt 0.311174 0.336665
vt 0.840592 0.782291
vt 0.807733 0.717063
vt 0.841979 0.771938
vt 0.809878 0.713344
vt 0.830877 0.767215
vt 0.755359 0.498017
vt 0.745517 0.441205
vt 0.742513 0.422415
vt 0.747407 0.425676
vt 0.757849 0.497833
vt 0.712426 0.598228
vt 0.697003 0.588922
vt 0.709608 0.576540
vt 0.734032 0.605435
vt 0.736586 0.594353
vt 0.731548 0.591437
vt 0.738450 0.606903
vt 0.726296 0.603007
vt 0.730474 0.590455
vt 0.723540 0.586225
vt 0.732520 0.605204
vt 0.723159 0.611708
vt 0.717758 0.579438
vt 0.721262 0.611625
vt 0.711556 0.583249
vt 0.711200 0.617694
vt 0.727044 0.612244
vt 0.721940 0.582515
vt 0.725427 0.612214
vt 0.716155 0.586088
vt 0.716007 0.617975
vt 0.730378 0.612655
vt 0.725558 0.585108
vt 0.728985 0.612661
vt 0.720133 0.588478
vt 0.720143 0.618138
vt 0.737732 0.704393
vt 0.732648 0.671510
vt 0.730925 0.673477
vt 0.730061 0.707397
vt 0.719519 0.677569
vt 0.740935 0.697542
vt 0.736082 0.667322
vt 0.734593 0.668941
vt 0.733938 0.700543
vt 0.724079 0.673158
vt 0.743606 0.691613
vt 0.738968 0.663650
vt 0.737707 0.665051
vt 0.737179 0.694572
vt 0.727938 0.669274
vt 0.750767 0.672216
vt 0.744652 0.665973
vt 0.747170 0.680103
vt 0.748058 0.660026
vt 0.746500 0.682082
vt 0.738369 0.676012
vt 0.741295 0.692935
vt 0.743362 0.667777
vt 0.883943 0.852693
vt 0.857882 0.829286
vt 0.870122 0.841859
vt 0.226266 0.625924
vt 0.203474 0.714501
vt 0.198283 0.729269
vt 1.088177 0.856355
vt 0.963155 0.874922
vt 1.083090 0.873310
vt 1.103316 0.876167
vt 0.956438 0.894064
vt 1.005023 0.886768
vt 0.903626 0.864863
vt 0.963624 0.876704
vt 0.959162 0.891040
vt 0.882234 0.851937
vt 0.921477 0.873764
vt 0.188021 0.757422
vt 0.127783 0.830807
vt 0.143568 0.847080
vt 0.182357 0.769215
vt 0.135378 0.838150
vt 0.799581 0.753071
vt 0.813037 0.792724
vt 0.814971 0.787401
vt 0.779813 0.675844
vt 0.749349 0.706215
vt 0.793754 0.722687
vt 0.751229 0.697753
vt 0.781926 0.691832
vt 0.741796 0.729272
vt 0.800476 0.748009
vt 0.745111 0.716922
vt 0.785766 0.718259
vt 0.727205 0.765811
vt 0.813397 0.786644
vt 0.734205 0.746413
vt 0.795574 0.770490
vt 0.688744 0.826581
vt 0.847313 0.847329
vt 0.709739 0.795039
vt 0.864101 0.890780
vt 0.524931 0.883431
vt 0.996477 0.908278
vt 0.622876 0.867952
vt 0.312923 0.486778
vt 0.309496 0.440017
vt 0.321667 0.451444
vt 0.300364 0.475676
vt 0.317674 0.499512
vt 0.314178 0.447493
vt 0.327608 0.460103
vt 0.303760 0.487352
vt 0.323672 0.515576
vt 0.320185 0.457236
vt 0.335039 0.471293
vt 0.308091 0.502294
vt 0.226318 0.573923
vt 0.249569 0.551221
vt 0.227939 0.582864
vt 0.228386 0.579944
vt 0.254575 0.515569
vt 0.255367 0.448817
vt 0.236559 0.544791
vt 0.256548 0.451150
vt 0.269913 0.425849
vt 0.232931 0.546745
vt 0.243244 0.444509
vt 0.219884 0.536514
vt 0.253136 0.451968
vt 0.209585 0.569684
vt 0.229617 0.561165
vt 0.215679 0.552155
vt 0.228907 0.564995
vt 0.224549 0.582090
vt 0.227714 0.578653
vt 0.251820 0.532237
vt 0.233102 0.561458
vt 0.229693 0.582270
vt 0.796856 0.745574
vt 0.814244 0.784385
vt 0.799431 0.750570
vt 0.801137 0.742165
vt 0.812481 0.776135
vt 0.712498 0.714688
vt 0.726313 0.693437
vt 0.730103 0.714985
vt 0.778487 0.665252
vt 0.753946 0.690607
vt 0.789644 0.705117
vt 0.755134 0.684445
vt 0.748144 0.639567
vt 0.744139 0.629675
vt 0.745180 0.635380
vt 0.743694 0.614849
vt 0.741814 0.615323
vt 0.747405 0.632816
vt 0.741498 0.612805
vt 0.742032 0.613615
vt 0.742624 0.616385
vt 0.746072 0.634515
vt 0.745158 0.629537
vt 0.748398 0.647807
vt 0.748839 0.650668
vt 0.748654 0.651861
vt 0.745306 0.640818
vt 0.744892 0.643202
vt 0.748063 0.649476
vt 0.740654 0.617282
vt 0.802200 0.705104
vt 0.798553 0.716679
vt 0.797109 0.712126
vt 0.804666 0.711696
vt 0.803623 0.709729
vt 0.811340 0.727333
vt 0.805344 0.737236
vt 0.804051 0.733382
vt 0.807555 0.742782
vt 0.801341 0.725403
vt 0.802343 0.728576
vt 0.804332 0.733856
vt 0.808061 0.719876
vt 0.799058 0.718367
vt 0.799843 0.720984
vt 0.801648 0.726009
vt 0.805287 0.713281
vt 0.757407 0.566977
vt 0.735548 0.578638
vt 0.749941 0.525733
vt 0.754400 0.557226
vt 0.728715 0.571404
vt 0.745754 0.508505
vt 0.749925 0.542482
vt 0.718916 0.560690
vt 0.739699 0.483532
vt 0.742571 0.517821
vt 0.703841 0.543547
vt 0.730206 0.444987
vt 0.728320 0.469728
vt 0.678357 0.513331
vt 0.713357 0.381667
vt 0.690285 0.356597
vt 0.630411 0.456222
vt 0.676844 0.279165
vt 0.291553 0.188750
vt 0.257443 0.198612
vt 0.258537 0.216542
vt 0.253977 0.195217
vt 0.295728 0.167974
vt 0.331098 0.240474
vt 0.325894 0.189899
vt 0.333687 0.188240
vt 0.332288 0.189924
vt 0.326404 0.261022
vt 0.257706 0.233903
vt 0.269303 0.305972
vt 0.287143 0.205763
vt 0.267975 0.303738
vt 0.252599 0.329299
vt 0.315129 0.269864
vt 0.284391 0.316343
vt 0.286466 0.352743
vt 0.286353 0.316382
vt 0.315665 0.224015
vt 0.293392 0.204327
vt 0.283527 0.312275
vt 0.313365 0.217186
vt 0.284110 0.309961
vt 0.305251 0.165395
vt 0.298522 0.187478
vt 0.303048 0.168670
vt 0.320678 0.201532
vt 0.323034 0.208597
vt 0.330144 0.240832
vt 0.332516 0.190681
vt 0.321817 0.255421
vt 0.319456 0.401782
vt 0.341796 0.380678
vt 0.331524 0.414812
vt 0.329169 0.366286
vt 0.325560 0.404489
vt 0.350382 0.381349
vt 0.338730 0.419399
vt 0.336630 0.364816
vt 0.333409 0.408189
vt 0.361182 0.382848
vt 0.347796 0.425216
vt 0.346204 0.363324
vt 0.370591 0.326142
vt 0.338153 0.323960
vt 0.332986 0.351994
vt 0.297917 0.358457
vt 0.343693 0.331483
vt 0.232824 0.475086
vt 0.265362 0.476818
vt 0.267877 0.505130
vt 0.231954 0.481416
vt 0.241793 0.459097
vt 0.251635 0.435009
vt 0.259785 0.425811
vt 0.264029 0.444190
vt 0.263655 0.449118
vt 0.242844 0.456433
vt 0.265713 0.470379
vt 0.243679 0.450575
vt 0.250581 0.439212
vt 0.265920 0.536163
vt 0.244722 0.493150
vt 0.238823 0.517295
vt 0.266833 0.511223
vt 0.263576 0.588365
vt 0.237059 0.523998
vt 0.227148 0.563530
vt 0.265249 0.546621
vt 0.296322 0.490433
vt 0.279148 0.437395
vt 0.287320 0.513828
vt 0.302841 0.559044
vt 0.293096 0.517602
vt 0.304806 0.311695
vt 0.275367 0.266243
vt 0.320231 0.297571
vt 0.277367 0.260429
vt 0.278545 0.339087
vt 0.275527 0.321381
vt 0.289448 0.331939
vt 0.276707 0.293676
vt 0.291224 0.327930
vt 0.302153 0.316490
vt 0.275008 0.299085
vt 0.276360 0.316812
vt 0.295234 0.269874
vt 0.334999 0.275868
vt 0.302266 0.244652
vt 0.322512 0.292149
vt 0.717881 0.350491
vt 0.725364 0.381983
vt 0.721459 0.365749
vt 0.369425 0.165554
vt 0.469999 0.120960
vt 0.492090 0.118777
vt 0.661160 0.202842
vt 0.705344 0.284969
vt 0.690424 0.261430
vt 0.694408 0.293949
vt 0.666476 0.212672
vt 0.704221 0.285563
vt 0.713001 0.331691
vt 0.696227 0.291885
vt 0.718007 0.351871
vt 0.708275 0.316273
vt 0.642927 0.163730
vt 0.535156 0.121889
vt 0.628038 0.179479
vt 0.552584 0.124847
vt 0.635527 0.170728
vt 0.727973 0.443240
vt 0.737687 0.482336
vt 0.731002 0.445119
vt 0.739211 0.490746
vt 0.731946 0.447753
vt 0.734569 0.454871
vt 0.742534 0.488469
vt 0.738541 0.484344
vt 0.198200 0.646326
vt 0.176614 0.702426
vt 0.189007 0.584861
vt 0.200240 0.595414
vt 0.242129 0.462826
vt 0.746530 0.487764
vt 0.753198 0.487348
vt 0.747369 0.491789
vt 0.745465 0.481734
vt 0.748342 0.496878
vt 0.749031 0.500169
vt 0.747336 0.491180
vt 0.754479 0.496016
vt 0.749919 0.504824
vt 0.750490 0.507524
vt 0.748967 0.499434
vt 0.755603 0.503624
vt 0.735116 0.470018
vt 0.740826 0.505314
vt 0.742854 0.503866
vt 0.740076 0.498001
vt 0.736041 0.478243
vt 0.738089 0.477218
vt 0.740266 0.494209
vt 0.735509 0.480905
vt 0.737561 0.478679
vt 0.727677 0.628469
vt 0.730518 0.654874
vt 0.729371 0.627239
vt 0.731677 0.653772
vt 0.726301 0.628321
vt 0.733567 0.652515
vt 0.726174 0.642421
vt 0.731542 0.639988
vt 0.728229 0.641955
vt 0.791214 0.733468
vt 0.804198 0.765774
vt 0.793804 0.731533
vt 0.800559 0.759021
vt 0.794073 0.739534
vt 0.803082 0.756628
vt 0.795009 0.743162
vt 0.800138 0.757108
vt 0.797403 0.740830
vt 0.726910 0.647583
vt 0.735105 0.647754
vt 0.731569 0.622261
vt 0.727042 0.618729
vt 0.734180 0.616315
vt 0.730040 0.632149
vt 0.739617 0.638597
vt 0.734338 0.654532
vt 0.740539 0.659229
vt 0.724812 0.639438
vt 0.730947 0.661173
vt 0.724253 0.625437
vt 0.726330 0.623952
vt 0.731735 0.646359
vt 0.731861 0.656743
vt 0.726840 0.650860
vt 0.731253 0.654460
vt 0.731023 0.643245
vt 0.730290 0.655731
vt 0.729283 0.640815
vt 0.728409 0.641995
vt 0.725432 0.638289
vt 0.726655 0.626986
vt 0.725081 0.628526
vt 0.802318 0.767402
vt 0.817680 0.764540
vt 0.804103 0.730473
vt 0.809742 0.745464
vt 0.789303 0.726888
vt 0.800231 0.719589
vt 0.800592 0.752428
vt 0.794707 0.742216
vt 0.796062 0.754143
vt 0.796302 0.747468
vt 0.791858 0.730983
vt 0.804056 0.770120
vt 0.800712 0.761639
vt 0.807949 0.774203
vt 0.800644 0.764371
vt 0.801971 0.766955
vt 0.800515 0.759093
vt 0.795789 0.747824
vt 0.798186 0.753769
vt 0.792131 0.740082
vt 0.795409 0.745795
vt 0.796304 0.753026
vt 0.790730 0.733665
vt 0.797050 0.748545
vt 0.791480 0.735452
vt 0.790819 0.737291
vt 0.741289 0.456658
vt 0.736647 0.482551
vt 0.747539 0.489378
vt 0.750137 0.502762
vt 0.743230 0.466514
vt 0.742133 0.508798
vt 0.741025 0.496354
vt 0.733624 0.462265
vt 0.742589 0.511976
vt 0.740635 0.504474
vt 0.738245 0.489608
vt 0.735385 0.475241
vt 0.733135 0.471362
vt 0.733137 0.466846
vt 0.734226 0.471881
vt 0.735441 0.478265
vt 0.737821 0.487122
vt 0.738683 0.492727
vt 0.736950 0.484767
vt 0.738249 0.491183
vt 0.736078 0.484159
vt 0.738730 0.500126
vt 0.740341 0.501842
vt 0.740233 0.506790
vt 0.739443 0.503715
vt 0.735446 0.485384
vt 0.249658 0.571154
vt 0.240314 0.646984
vt 0.235372 0.294880
vt 1.267609 0.314484
vt 0.216489 0.415242
vt 0.244812 0.435266
vt 0.224771 0.459884
vt 0.177462 0.535399
vt 0.238857 0.403500
vt 0.325171 0.179557
vt 0.221640 0.451205
vt 0.266381 0.309268
vt 0.228141 0.212109
vt 1.156317 0.219377
vt 0.215046 0.620352
vt 0.473504 0.077457
vt 0.256354 0.532974
vt 0.249391 0.549960
vt 0.814220 0.733507
vt 0.810469 0.725311
vt 0.807330 0.718091
vt 0.732783 0.574773
vt 0.724879 0.566092
vt 0.713249 0.552875
vt 0.694726 0.530965
vt 0.662027 0.491035
vt 0.599129 0.418623
vt 0.272078 0.303130
vt 0.329839 0.183087
vt 0.276900 0.290247
vt 0.752143 0.480068
vt 0.753563 0.489665
vt 0.754799 0.498043
vt 0.728776 0.633886
s 1
usemtl body_skin
f 3953/3907/5470 3949/3908/5471 3950/3909/5472
f 3949/3908/5471 3952/3910/5473 3962/3911/5474
f 3954/3912/5475 3951/3913/5476 3953/3907/5470
f 3953/3907/5470 3958/3914/5477 3954/3912/5475
f 3950/3909/5472 3955/3915/5478 3953/3907/5470
f 3957/3916/5479 3955/3915/5478 3956/3917/5480
f 3964/3918/5481 3959/3919/5482 3954/3912/5475
f 3960/3920/5483 3963/3921/5484 3959/3919/5482
f 3963/3921/5484 3962/3911/5474 3952/3910/5473
f 3959/3919/5482 3952/3910/5473 3951/3913/5476
f 3949/3908/5471 3961/3922/5485 3960/3920/5483
f 3960/3920/5483 3950/3909/5472 3949/3908/5471
f 3964/3918/5481 3956/3917/5480 3950/3909/5472
f 3954/3912/5475 3957/3916/5479 3964/3918/5481
f 3991/3923/5486 3977/3924/5487 3965/3925/5488
f 3969/3926/5489 3965/3925/5488 3966/3927/5490
f 3985/3928/5491 3967/3929/5492 3969/3926/5489
f 3986/3930/5493 3969/3926/5489 3996/3931/5494
f 3972/3932/5495 3996/3931/5494 3970/3933/5496
f 3987/3934/5497 3970/3933/5496 3971/3935/5498
f 3965/3925/5488 3979/3936/5499 3984/3937/5500
f 3966/3927/5490 3984/3937/5500 3983/3938/5501
f 3975/3939/5502 3983/3938/5501 3982/3940/5503
f 3974/3941/5504 3982/3940/5503 3980/3942/5505
f 3980/3942/5505 3973/3943/5506 3974/3941/5504
f 3983/3938/5501 3988/3944/5507 3985/3928/5491
f 3982/3940/5503 3985/3928/5491 3986/3930/5493
f 3980/3942/5505 3986/3930/5493 3972/3932/5495
f 3981/3945/5508 3972/3932/5495 3987/3934/5497
f 3990/3946/5509 3994/3947/5510 3991/3923/5486
f 3978/3948/5511 3990/3946/5509 3988/3944/5507
f 3978/3948/5511 3993/3949/5512 3990/3946/5509
f 3988/3944/5507 3968/3950/5513 3967/3929/5492
f 3989/3951/5514 3991/3923/5486 3968/3950/5513
f 3991/3923/5486 3995/3952/5515 3977/3924/5487
f 3977/3924/5487 3992/3953/5516 3978/3948/5511
f 3993/3949/5512 3995/3952/5515 3994/3947/5510
f 3981/3945/5508 3971/3954/5498 3973/3943/5506
f 3978/3948/5511 3976/3955/5517 3977/3924/5487
f 3970/3933/5496 3975/3939/5502 3974/3941/5504
f 3996/3931/5494 3966/3927/5490 3975/3939/5502
f 3971/3935/5498 3974/3941/5504 3973/3956/5506
f 4004/3957/5518 4001/3958/5519 4002/3959/5520
f 4003/3960/5521 4004/3957/5518 4002/3959/5520
f 4004/3957/5518 4000/3961/5522 4001/3958/5519
f 4005/3962/5523 3999/3963/5524 4000/3961/5522
f 3998/3964/5525 4003/3960/5521 3997/3965/5526
f 3998/3964/5525 4006/3966/5527 4004/3957/5518
f 3997/3965/5526 4000/3961/5522 4006/3966/5527
f 4013/3967/5528 4009/3968/5529 4007/3969/5530
f 4009/3968/5529 4011/3970/5531 4014/3971/5532
f 4013/3967/5528 4012/3972/5533 4010/3973/5534
f 4013/3967/5528 4010/3973/5534 4009/3968/5529
f 4015/3974/5535 4014/3971/5532 4012/3972/5533
f 4008/3975/5536 4014/3971/5532 4015/3974/5535
f 4015/3974/5535 4013/3967/5528 4016/3976/5537
f 4018/3977/5538 4024/3978/5539 4017/3979/5540
f 4019/3980/5541 4020/3981/5542 4022/3982/5543
f 4022/3982/5543 4020/3981/5542 4025/3983/5544
f 4025/3983/5544 4020/3981/5542 4021/3984/5545
f 4025/3983/5544 4023/3985/5546 4026/3986/5547
f 4017/3979/5540 4025/3983/5544 4026/3986/5547
f 4026/3986/5547 4023/3985/5546 4018/3977/5538
f 4030/3987/5548 4035/3988/5549 4029/3989/5550
f 4034/3990/5551 4031/3991/5552 4033/3992/5553
f 4035/3988/5549 4036/3993/5554 4028/3994/5555
f 4035/3988/5549 4028/3994/5555 4029/3989/5550
f 4036/3993/5554 4027/3995/5556 4028/3994/5555
f 4030/3987/5548 4029/3989/5550 4027/3995/5556
f 4043/3996/5557 4045/3997/5558 4037/3998/5559
f 4039/3999/5560 4044/4000/5561 4043/3996/5557
f 4041/4001/5562 4040/4002/5563 4043/3996/5557
f 4044/4000/5561 4039/3999/5560 4042/4003/5564
f 4042/4003/5564 4037/3998/5559 4038/4004/5565
f 4050/4005/5566 4054/4006/5567 4049/4007/5568
f 4052/4008/5569 4051/4009/5570 4053/4010/5571
f 4050/4005/5566 4049/4007/5568 4055/4011/5572
f 4053/4010/5571 4050/4005/5566 4055/4011/5572
f 4055/4011/5572 4048/4012/5573 4046/4013/5574
f 4054/4006/5567 4047/4014/5575 4048/4012/5573
f 4053/4010/5571 4046/4013/5574 4047/4014/5575
f 4062/4015/5576 4058/4016/5577 4057/4017/5578
f 4058/4016/5577 4059/4018/5579 4057/4017/5578
f 4059/4019/5579 4061/4020/5580 4056/4021/5581
f 4062/4015/5576 4060/4022/5582 4058/4016/5577
f 4063/4023/5583 4064/4024/5584 4068/4025/5585
f 4065/4026/5586 4067/4027/5587 4063/4023/5583
f 4069/4028/5588 4067/4027/5587 4066/4029/5589
f 4064/4030/5584 4067/4027/5587 4069/4028/5588
f 4066/4029/5589 4068/4025/5585 4069/4028/5588
f 4071/4031/5590 4072/4032/5591 4077/4033/5592
f 4073/4034/5593 4076/4035/5594 4072/4036/5591
f 4074/4037/5595 4070/4038/5596 4076/4035/5594
f 4073/4039/5593 4075/4040/5597 4074/4037/5595
f 4072/4036/5591 4070/4038/5596 4077/4041/5592
f 4075/4040/5597 4077/4033/5592 4070/4038/5596
f 4417/4042/5598 4438/4043/5599 4437/4044/5600
f 4417/4042/5598 4437/4044/5600 4416/4045/5601
f 4416/4045/5601 4418/4046/5602 4417/4042/5598
f 4416/4045/5603 4419/4047/5604 4418/4046/5605
f 4418/4046/5605 4419/4047/5604 4420/4048/5606
f 4421/4049/5607 4432/4050/5608 4423/4051/5609
f 4421/4049/5610 4422/4052/5611 4424/4053/5612
f 4422/4052/5611 4423/4051/5613 4430/4054/5614
f 4421/4049/5615 4433/4055/5615 4423/4051/5615
f 4426/4056/5616 4425/4057/5617 4427/4058/5618
f 4427/4058/5618 4428/4059/5619 4426/4056/5616
f 4429/4060/5620 4425/4057/5617 4430/4054/5614
f 4432/4050/5621 4431/4061/5622 4430/4054/5614
f 4430/4054/5614 4425/4057/5617 4422/4052/5611
f 4429/4060/5620 4430/4054/5614 4431/4061/5622
f 4433/4055/5623 4434/4062/5623 4423/4051/5623
f 4435/4063/5624 4433/4055/5625 4434/4062/5626
f 4438/4043/5599 4439/4064/5627 4440/4065/5628
f 4443/4066/5629 4436/4067/5630 4442/4068/5631
f 4436/4067/5630 4444/4069/5632 4435/4063/5633
f 4447/4070/5634 4445/4071/5635 4444/4069/5632
f 4444/4069/5632 4419/4047/5636 4435/4063/5633
f 4435/4063/5624 4419/4047/5604 4416/4045/5603
f 4445/4071/5635 4420/4048/5606 4419/4047/5636
f 4446/4072/5637 4445/4071/5635 4447/4070/5634
f 4442/4068/5638 4440/4065/5628 4447/4070/5639
f 4439/4064/5627 4417/4042/5598 4447/4070/5639
f 4450/4073/5640 4449/4074/5641 4448/4075/5642
f 4450/4073/5640 4452/4076/5643 4451/4077/5644
f 4451/4077/5644 4452/4076/5643 4449/4074/5641
f 4452/4076/5643 4448/4075/5642 4449/4074/5641
f 4453/4078/5645 4455/4079/5646 4456/4080/5647
f 4455/4079/5646 4457/4081/5648 4456/4080/5647
f 4457/4081/5648 4454/4082/5649 4453/4078/5645
f 4458/4083/5650 4459/4084/5651 4462/4085/5652
f 4458/4083/5650 4461/4086/5653 4460/4087/5654
f 4460/4087/5654 4461/4086/5653 4459/4084/5651
f 4465/4088/5655 4463/4089/5656 4466/4090/5657
f 4465/4088/5655 4466/4090/5657 4467/4091/5658
f 4463/4089/5656 4467/4091/5658 4466/4090/5657
f 4470/4092/5659 4471/4093/5660 4468/4094/5661
f 4468/4094/5661 4469/4095/5662 4470/4092/5659
f 4472/4096/5663 4475/4097/5664 4473/4098/5665
f 4476/4099/5666 4475/4097/5664 4474/4100/5667
f 4476/4099/5666 4473/4098/5665 4475/4097/5664
f 4478/4101/5668 4483/4102/5669 4477/4103/5670
f 4477/4103/5670 4480/4104/5671 4486/4105/5672
f 4477/4103/5670 4488/4106/5673 4481/4107/5674
f 4484/4108/5675 4479/4109/5676 4483/4102/5669
f 4478/4101/5668 4484/4108/5675 4483/4102/5669
f 4480/4104/5671 4484/4108/5675 4486/4105/5672
f 4487/4110/5677 4486/4105/5672 4485/4111/5678
f 4487/4110/5677 4482/4112/5679 4481/4107/5674
f 4481/4107/5674 4482/4112/5679 4477/4103/5670
f 4489/4113/5680 4492/4114/5681 4493/4115/5682
f 4493/4115/5682 4495/4116/5683 4496/4117/5684
f 4497/4118/5685 4493/4115/5682 4496/4117/5684
f 4497/4118/5685 4489/4113/5680 4493/4115/5682
f 4491/4119/5686 4490/4120/5687 4496/4117/5684
f 4494/4121/5688 4491/4119/5686 4495/4116/5683
f 4493/4115/5682 4492/4114/5681 4494/4121/5688
f 4498/4122/5689 4505/4123/5690 4499/4124/5691
f 4498/4122/5689 4510/4125/5692 4501/4126/5693
f 4504/4127/5694 4502/4128/5695 4499/4124/5691
f 4507/4129/5696 4505/4123/5690 4500/4130/5697
f 4508/4131/5698 4503/4132/5699 4504/4127/5694
f 4508/4131/5698 4506/4133/5700 4507/4129/5696
f 4508/4131/5698 4500/4130/5697 4498/4122/5689
f 4498/4122/5689 4509/4134/5701 4508/4131/5698
f 4503/4132/5699 4510/4125/5692 4502/4128/5695
f 4510/4125/5692 4509/4134/5701 4501/4126/5693
f 4508/4131/5698 4511/4135/5702 4503/4132/5699
f 4499/4124/5691 4506/4133/5700 4504/4127/5694
f 4515/4136/5703 4513/4137/5704 4514/4138/5705
f 4513/4137/5704 4512/4139/5706 4514/4138/5705
f 4520/4140/5707 4518/4141/5708 4517/4142/5709
f 4519/4143/5710 4520/4140/5707 4517/4142/5709
f 4518/4141/5708 4521/4144/5711 4519/4143/5710
f 4523/4145/5712 4528/4146/5713 4522/4147/5714
f 4531/4148/5715 4523/4145/5712 4522/4147/5714
f 4528/4146/5713 4526/4149/5716 4522/4147/5714
f 4524/4150/5717 4529/4151/5718 4528/4146/5713
f 4525/4152/5719 4524/4150/5717 4523/4145/5712
f 4522/4147/5714 4532/4153/5720 4531/4148/5715
f 4532/4153/5720 4534/4154/5721 4533/4155/5722
f 4527/4156/5723 4534/4154/5721 4526/4149/5716
f 4532/4153/5720 4536/4157/5724 4537/4158/5725
f 4528/4146/5713 4537/4158/5725 4527/4156/5723
f 4537/4158/5725 4535/4159/5726 4527/4156/5723
f 4525/4152/5719 4529/4151/5718 4530/4160/5727
f 4529/4151/5718 4532/4153/5720 4537/4158/5725
f 4536/4157/5724 4534/4154/5721 4535/4159/5726
f 4538/4161/5728 4541/4162/5729 4544/4163/5730
f 4544/4163/5730 4539/4164/5731 4538/4161/5728
f 4538/4161/5728 4540/4165/5732 4541/4162/5729
f 4541/4162/5729 4543/4166/5733 4544/4163/5730
f 4543/4166/5733 4542/4167/5734 4540/4165/5732
f 4549/4168/5735 4551/4169/5736 4552/4170/5737
f 4546/4171/5738 4545/4172/5739 4547/4173/5740
f 4546/4171/5738 4547/4173/5740 4548/4174/5741
f 4549/4168/5735 4550/4175/5742 4551/4169/5736
f 4551/4169/5736 4550/4175/5742 4553/4176/5743
f 4551/4169/5736 4553/4176/5743 4552/4170/5737
f 4547/4173/5740 4545/4172/5739 4553/4176/5743
f 4559/4177/5744 4560/4178/5745 4554/4179/5746
f 4554/4179/5746 4556/4180/5747 4557/4181/5748
f 4557/4181/5748 4558/4182/5749 4559/4177/5744
f 4559/4177/5744 4561/4183/5750 4560/4178/5745
f 4560/4178/5745 4561/4183/5750 4555/4184/5751
f 4560/4178/5745 4555/4184/5751 4554/4179/5746
f 4558/4182/5749 4556/4180/5747 4555/4184/5751
f 4564/4185/5752 4563/4186/5753 4562/4187/5754
f 4566/4188/5755 4563/4186/5753 4564/4185/5752
f 4565/4189/5756 4562/4187/5754 4563/4186/5753
f 4567/4190/5757 4564/4185/5752 4562/4187/5754
f 4567/4190/5757 4565/4189/5756 4566/4188/5755
f 4570/4191/5758 4569/4192/5759 4568/4193/5760
f 4576/4194/5761 4571/4195/5762 4572/4196/5763
f 4573/4197/5764 4570/4191/5758 4571/4195/5762
f 4574/4198/5765 4569/4192/5759 4570/4191/5758
f 4569/4192/5759 4575/4199/5766 4568/4193/5760
f 4576/4194/5761 4572/4196/5763 4568/4193/5760
f 4579/4200/5767 4577/4201/5768 4581/4202/5769
f 4580/4203/5770 4582/4204/5771 4579/4200/5767
f 4583/4205/5772 4578/4206/5773 4579/4200/5767
f 4583/4205/5772 4577/4201/5768 4578/4206/5773
f 4584/4207/5774 4581/4202/5769 4577/4201/5768
f 4580/4203/5770 4581/4202/5769 4583/4205/5772
f 4588/4208/5775 4585/4209/5776 4586/4210/5777
f 4586/4210/5777 4587/4211/5778 4589/4212/5779
f 4590/4213/5780 4587/4211/5778 4585/4209/5776
f 4595/4214/5781 4590/4213/5780 4591/4215/5782
f 4591/4215/5782 4586/4210/5777 4592/4216/5783
f 4592/4216/5783 4589/4212/5779 4593/4217/5784
f 4593/4217/5784 4587/4211/5778 4594/4218/5785
f 4594/4218/5785 4587/4211/5778 4595/4214/5781
f 4592/4216/5783 4593/4217/5784 4597/4219/5786
f 4597/4219/5786 4593/4217/5784 4594/4218/5785
f 4597/4219/5786 4594/4218/5785 4595/4214/5781
f 4601/4220/5787 4598/4221/5788 4600/4222/5789
f 4598/4221/5788 4601/4220/5787 4606/4223/5790
f 4599/4224/5791 4606/4223/5790 4602/4225/5792
f 4603/4226/5793 4604/4227/5794 4609/4228/5795
f 4600/4222/5789 4609/4228/5795 4605/4229/5796
f 4606/4223/5790 4605/4229/5796 4607/4230/5797
f 4606/4223/5790 4607/4230/5797 4608/4231/5798
f 4602/4225/5792 4608/4231/5798 4604/4227/5794
f 4609/4228/5795 4610/4232/5799 4605/4229/5796
f 4608/4231/5798 4611/4233/5800 4604/4227/5794
f 4611/4233/5800 4605/4229/5796 4610/4232/5799
f 4620/4234/5801 4612/4235/5802 4613/4236/5803
f 4613/4236/5803 4616/4237/5804 4614/4238/5805
f 4614/4238/5805 4616/4237/5804 4615/4239/5806
f 4615/4239/5806 4617/4240/5807 4619/4241/5808
f 4619/4241/5808 4618/4242/5809 4620/4234/5801
f 4617/4240/5807 4616/4237/5804 4612/4235/5802
f 4623/4243/5810 4621/4244/5811 4624/4245/5812
f 4625/4246/5813 4623/4243/5810 4624/4245/5812
f 4626/4247/5814 4622/4248/5815 4623/4243/5810
f 4627/4249/5816 4624/4245/5812 4621/4244/5811
f 4631/4250/5817 4637/4251/5818 4629/4252/5819
f 4632/4253/5820 4629/4252/5819 4633/4254/5821
f 4635/4255/5822 4633/4254/5821 4629/4252/5819
f 4637/4251/5818 4636/4256/5823 4635/4255/5822
f 4630/4257/5824 4639/4258/5825 4637/4251/5818
f 4631/4250/5817 4638/4259/5826 4630/4257/5824
f 4640/4260/5827 4639/4258/5825 4634/4261/5828
f 4636/4256/5823 4634/4261/5828 4635/4255/5822
f 4636/4256/5823 4641/4262/5829 4640/4260/5827
f 4641/4262/5829 4637/4251/5818 4639/4258/5825
f 4639/4258/5825 4632/4253/5820 4633/4254/5821
f 4634/4261/5828 4639/4258/5825 4633/4254/5821
f 4645/4263/5830 4655/4264/5831 4643/4265/5832
f 4643/4265/5832 4646/4266/5833 4645/4263/5830
f 4648/4267/5834 4647/4268/5835 4649/4269/5836
f 4664/4270/5837 4651/4271/5838 4663/4272/5839
f 4644/4273/5840 4653/4274/5841 4652/4275/5842
f 4657/4276/5843 4644/4273/5840 4643/4265/5832
f 4643/4265/5832 4656/4277/5844 4657/4276/5843
f 4656/4277/5844 4662/4278/5845 4657/4276/5843
f 4654/4279/5846 4659/4280/5847 4655/4264/5831
f 4658/4281/5848 4660/4282/5849 4661/4283/5850
f 4662/4278/5845 4653/4274/5841 4657/4276/5843
f 4653/4274/5841 4651/4271/5838 4652/4275/5842
f 4667/4284/5851 4661/4283/5850 4666/4285/5852
f 4666/4285/5852 4660/4282/5849 4654/4279/5846
f 4666/4285/5852 4645/4263/5830 4667/4284/5851
f 4645/4263/5830 4648/4267/5834 4667/4284/5851
f 4665/4286/5853 4648/4267/5834 4664/4270/5837
f 4648/4267/5834 4650/4287/5854 4664/4270/5837
f 4662/4278/5845 4664/4270/5837 4663/4272/5839
f 4662/4278/5845 4661/4283/5850 4665/4286/5853
f 4656/4277/5844 4659/4280/5847 4658/4281/5848
f 4649/4269/5836 4651/4288/5838 4650/4287/5854
f 4669/4289/5855 4668/4290/5855 4670/4291/5855
f 4677/4292/5856 4680/4293/5857 4676/4294/5858
f 4680/4293/5857 4677/4292/5856 4679/4295/5859
f 4684/4296/5860 4682/4297/5861 4681/4298/5862
f 4683/4299/5863 4681/4298/5862 4682/4297/5861
f 4686/4300/5864 4688/4301/5865 4685/4302/5866
f 4685/4302/5866 4687/4303/5867 4686/4300/5864
f 4690/4304/5868 4692/4305/5869 4689/4306/5870
f 4689/4306/5870 4691/4307/5871 4690/4304/5868
f 4694/4308/5872 4698/4309/5873 4695/4310/5874
f 4700/4311/5875 4693/4312/5876 4697/4313/5877
f 4694/4308/5872 4699/4314/5878 4698/4309/5873
f 4695/4310/5874 4699/4314/5878 4696/4315/5879
f 4699/4314/5878 4700/4311/5875 4696/4315/5879
f 4697/4313/5877 4695/4310/5874 4696/4315/5879
f 4704/4316/5880 4701/4317/5881 4703/4318/5882
f 4702/4319/5883 4705/4320/5884 4704/4316/5880
f 4706/4321/5885 4710/4322/5886 4709/4323/5887
f 4706/4321/5885 4709/4323/5887 4708/4324/5888
f 4708/4324/5888 4707/4325/5889 4706/4321/5885
f 4709/4323/5887 4707/4325/5889 4708/4324/5888
f 4710/4322/5886 4707/4325/5889 4709/4323/5887
f 3953/3907/5470 3951/3913/5476 3949/3908/5471
f 3949/3908/5471 3951/3913/5476 3952/3910/5473
f 3954/3912/5475 3959/3919/5482 3951/3913/5476
f 3953/3907/5470 3955/3915/5478 3958/3914/5477
f 3950/3909/5472 3956/3917/5480 3955/3915/5478
f 3957/3916/5479 3958/3914/5477 3955/3915/5478
f 3964/3918/5481 3960/3920/5483 3959/3919/5482
f 3960/3920/5483 3961/3922/5485 3963/3921/5484
f 3963/3921/5484 3961/3922/5485 3962/3911/5474
f 3959/3919/5482 3963/3921/5484 3952/3910/5473
f 3949/3908/5471 3962/3911/5474 3961/3922/5485
f 3960/3920/5483 3964/3918/5481 3950/3909/5472
f 3964/3918/5481 3957/3916/5479 3956/3917/5480
f 3954/3912/5475 3958/3914/5477 3957/3916/5479
f 3976/3955/5517 3965/3925/5488 3977/3924/5487
f 3965/3925/5488 3967/3929/5492 3991/3923/5486
f 3967/3929/5492 3968/3950/5513 3991/3923/5486
f 3969/3926/5489 3967/3929/5492 3965/3925/5488
f 3985/3928/5491 3988/3944/5507 3967/3929/5492
f 3986/3930/5493 3985/3928/5491 3969/3926/5489
f 3972/3932/5495 3986/3930/5493 3996/3931/5494
f 3987/3934/5497 3972/3932/5495 3970/3933/5496
f 3965/3925/5488 3976/3955/5517 3979/3936/5499
f 3966/3927/5490 3965/3925/5488 3984/3937/5500
f 3975/3939/5502 3966/3927/5490 3983/3938/5501
f 3974/3941/5504 3975/3939/5502 3982/3940/5503
f 3980/3942/5505 3981/3945/5508 3973/3943/5506
f 3983/3938/5501 3984/3937/5500 3988/3944/5507
f 3982/3940/5503 3983/3938/5501 3985/3928/5491
f 3980/3942/5505 3982/3940/5503 3986/3930/5493
f 3981/3945/5508 3980/3942/5505 3972/3932/5495
f 3990/3946/5509 3993/3949/5512 3994/3947/5510
f 3989/3951/5514 3988/3944/5507 3990/3946/5509
f 3988/3944/5507 3984/3937/5500 3978/3948/5511
f 3984/3937/5500 3979/3936/5499 3978/3948/5511
f 3978/3948/5511 3992/3953/5516 3993/3949/5512
f 3988/3944/5507 3989/3951/5514 3968/3950/5513
f 3989/3951/5514 3990/3946/5509 3991/3923/5486
f 3991/3923/5486 3994/3947/5510 3995/3952/5515
f 3977/3924/5487 3995/3952/5515 3992/3953/5516
f 3993/3949/5512 3992/3953/5516 3995/3952/5515
f 3981/3945/5508 3987/4759/5497 3971/3954/5498
f 3978/3948/5511 3979/3936/5499 3976/3955/5517
f 3970/3933/5496 3996/3931/5494 3975/3939/5502
f 3996/3931/5494 3969/3926/5489 3966/3927/5490
f 3971/3935/5498 3970/3933/5496 3974/3941/5504
f 3997/3965/5526 4003/3960/5521 4005/3962/5523
f 4003/3960/5521 4002/3959/5520 4005/3962/5523
f 4005/3962/5523 4002/3959/5520 3999/3963/5524
f 4001/3958/5519 4000/3961/5522 3999/3963/5524
f 3997/3965/5526 4005/3962/5523 4000/3961/5522
f 3998/3964/5525 4004/3957/5518 4003/3960/5521
f 4006/3966/5527 4000/3961/5522 4004/3957/5518
f 4016/3976/5537 4013/3967/5528 4007/3969/5530
f 4009/3968/5529 4010/3973/5534 4011/3970/5531
f 4012/3972/5533 4014/3971/5532 4011/3970/5531
f 4013/3967/5528 4015/3974/5535 4012/3972/5533
f 4008/3975/5536 4007/3969/5530 4014/3971/5532
f 4007/3969/5530 4009/3968/5529 4014/3971/5532
f 4008/3975/5536 4015/3974/5535 4016/3976/5537
f 4017/3979/5540 4024/3978/5539 4022/3982/5543
f 4024/3978/5539 4019/3980/5541 4022/3982/5543
f 4019/3980/5541 4024/3978/5539 4021/3984/5545
f 4024/3978/5539 4023/3985/5546 4021/3984/5545
f 4023/3985/5546 4025/3983/5544 4021/3984/5545
f 4017/3979/5540 4022/3982/5543 4025/3983/5544
f 4018/3977/5538 4023/3985/5546 4024/3978/5539
f 4030/3987/5548 4032/4760/6243 4035/3988/5549
f 4031/3991/5552 4032/4760/6243 4030/3987/5548
f 4036/3993/5554 4032/4760/6243 4034/3990/5551
f 4035/3988/5549 4032/4760/6243 4036/3993/5554
f 4033/3992/5553 4031/3991/5552 4030/3987/5548
f 4036/3993/5554 4034/3990/5551 4033/3992/5553
f 4036/3993/5554 4033/3992/5553 4027/3995/5556
f 4027/3995/5556 4033/3992/5553 4030/3987/5548
f 4043/3996/5557 4044/4000/5561 4045/3997/5558
f 4040/4002/5563 4039/3999/5560 4043/3996/5557
f 4042/4003/5564 4039/3999/5560 4041/4001/5562
f 4042/4003/5564 4041/4001/5562 4043/3996/5557
f 4042/4003/5564 4043/3996/5557 4037/3998/5559
f 4044/4000/5561 4042/4003/5564 4045/3997/5558
f 4045/3997/5558 4042/4003/5564 4038/4004/5565
f 4049/4007/5568 4054/4006/5567 4048/4012/5573
f 4050/4005/5566 4052/4008/5569 4054/4006/5567
f 4054/4006/5567 4052/4008/5569 4053/4010/5571
f 4053/4010/5571 4051/4009/5570 4050/4005/5566
f 4055/4011/5572 4049/4007/5568 4048/4012/5573
f 4053/4010/5571 4055/4011/5572 4046/4013/5574
f 4054/4006/5567 4053/4010/5571 4047/4014/5575
f 4061/4020/5580 4062/4015/5576 4056/4021/5581
f 4057/4017/5578 4056/4021/5581 4062/4015/5576
f 4058/4016/5577 4060/4022/5582 4059/4018/5579
f 4060/4022/5582 4061/4761/5580 4059/4018/5579
f 4057/4017/5578 4059/4019/5579 4056/4021/5581
f 4062/4015/5576 4061/4020/5580 4060/4762/5582
f 4068/4025/5585 4065/4026/5586 4063/4023/5583
f 4065/4026/5586 4066/4029/5589 4067/4027/5587
f 4067/4027/5587 4064/4030/5584 4063/4023/5583
f 4064/4763/5584 4069/4764/5588 4068/4765/5585
f 4066/4029/5589 4065/4026/5586 4068/4025/5585
f 4071/4031/5590 4073/4039/5593 4072/4032/5591
f 4073/4034/5593 4074/4037/5595 4076/4035/5594
f 4074/4037/5595 4075/4040/5597 4070/4038/5596
f 4073/4039/5593 4071/4031/5590 4075/4040/5597
f 4072/4036/5591 4076/4035/5594 4070/4038/5596
f 4075/4040/5597 4071/4031/5590 4077/4033/5592
f 4437/4044/5600 4433/4055/6244 4416/4045/5601
f 4417/4042/5598 4439/4064/5627 4438/4043/5599
f 4418/4046/5605 4420/4048/5606 4417/4042/6245
f 4416/4045/6246 4421/4049/6246 4418/4046/6246
f 4421/4049/5607 4424/4053/6247 4432/4050/5608
f 4422/4052/5611 4421/4049/5610 4423/4051/5613
f 4421/4049/5615 4416/4045/5615 4433/4055/5615
f 4424/4053/6248 4422/4052/5611 4425/4057/5617
f 4426/4056/5616 4424/4053/6248 4425/4057/5617
f 4426/4056/5616 4428/4059/5619 4432/4050/5621
f 4432/4050/5621 4424/4053/6248 4426/4056/5616
f 4427/4058/5618 4429/4060/5620 4428/4059/5619
f 4429/4060/5620 4427/4058/5618 4425/4057/5617
f 4431/4061/5622 4432/4050/5621 4428/4059/5619
f 4423/4051/5613 4432/4050/6249 4430/4054/5614
f 4428/4059/5619 4429/4060/5620 4431/4061/5622
f 4433/4055/6244 4437/4044/5600 4434/4062/6250
f 4434/4062/5626 4436/4067/5630 4435/4063/5624
f 4436/4067/5630 4434/4062/5626 4437/4044/6251
f 4440/4065/5628 4441/4766/6252 4438/4043/5599
f 4441/4766/6252 4442/4068/5638 4438/4043/5599
f 4442/4068/5638 4437/4044/5600 4438/4043/5599
f 4436/4067/5630 4437/4044/6251 4442/4068/5631
f 4443/4066/5629 4442/4068/5631 4444/4069/5632
f 4436/4067/5630 4443/4066/5629 4444/4069/5632
f 4442/4068/5631 4447/4070/5634 4444/4069/5632
f 4444/4069/5632 4445/4071/5635 4419/4047/5636
f 4416/4045/5603 4433/4055/5625 4435/4063/5624
f 4445/4071/5635 4446/4072/5637 4420/4048/5606
f 4447/4070/5634 4420/4048/5606 4446/4072/5637
f 4442/4068/5638 4441/4766/6252 4440/4065/5628
f 4447/4070/5634 4417/4042/6245 4420/4048/5606
f 4447/4070/5639 4440/4065/5628 4439/4064/5627
f 4450/4073/5640 4451/4077/5644 4449/4074/5641
f 4450/4073/5640 4448/4075/5642 4452/4076/5643
f 4453/4078/5645 4454/4082/5649 4455/4079/5646
f 4455/4079/5646 4454/4082/5649 4457/4081/5648
f 4458/4083/5650 4460/4087/5654 4459/4084/5651
f 4458/4083/5650 4462/4085/5652 4461/4086/5653
f 4462/4085/5652 4459/4084/5651 4461/4086/5653
f 4465/4088/5655 4464/4767/6253 4463/4089/5656
f 4463/4089/5656 4464/4767/6253 4467/4091/5658
f 4465/4088/5655 4467/4091/5658 4464/4767/6253
f 4470/4092/5659 4469/4095/5662 4471/4093/5660
f 4468/4094/5661 4471/4093/5660 4469/4095/5662
f 4472/4096/5663 4474/4100/5667 4475/4097/5664
f 4476/4099/5666 4472/4096/5663 4473/4098/5665
f 4477/4103/5670 4482/4112/5679 4478/4101/5668
f 4479/4109/5676 4477/4103/5670 4483/4102/5669
f 4477/4103/5670 4479/4109/5676 4480/4104/5671
f 4477/4103/5670 4486/4105/5672 4488/4106/5673
f 4484/4108/5675 4480/4104/5671 4479/4109/5676
f 4478/4101/5668 4485/4111/5678 4484/4108/5675
f 4485/4111/5678 4486/4105/5672 4484/4108/5675
f 4488/4106/5673 4486/4105/5672 4487/4110/5677
f 4488/4106/5673 4487/4110/5677 4481/4107/5674
f 4482/4112/5679 4487/4110/5677 4478/4101/5668
f 4487/4110/5677 4485/4111/5678 4478/4101/5668
f 4490/4120/5687 4491/4119/5686 4492/4114/5681
f 4489/4113/5680 4490/4120/5687 4492/4114/5681
f 4493/4115/5682 4494/4121/5688 4495/4116/5683
f 4490/4120/5687 4489/4113/5680 4497/4118/5685
f 4496/4117/5684 4495/4116/5683 4491/4119/5686
f 4496/4117/5684 4490/4120/5687 4497/4118/5685
f 4494/4121/5688 4492/4114/5681 4491/4119/5686
f 4498/4122/5689 4499/4124/5691 4502/4128/5695
f 4498/4122/5689 4500/4130/5697 4505/4123/5690
f 4498/4122/5689 4502/4128/5695 4510/4125/5692
f 4504/4127/5694 4503/4132/5699 4502/4128/5695
f 4507/4129/5696 4506/4133/5700 4505/4123/5690
f 4508/4131/5698 4504/4127/5694 4506/4133/5700
f 4508/4131/5698 4507/4129/5696 4500/4130/5697
f 4498/4122/5689 4501/4126/5693 4509/4134/5701
f 4503/4132/5699 4511/4135/5702 4510/4125/5692
f 4510/4125/5692 4511/4135/5702 4509/4134/5701
f 4508/4131/5698 4509/4134/5701 4511/4135/5702
f 4499/4124/5691 4505/4123/5690 4506/4133/5700
f 4514/4138/5705 4512/4139/5706 4515/4136/5703
f 4515/4136/5703 4516/4768/6254 4513/4137/5704
f 4515/4136/5703 4512/4139/5706 4516/4768/6254
f 4513/4137/5704 4516/4768/6254 4512/4139/5706
f 4518/4141/5708 4519/4143/5710 4517/4142/5709
f 4520/4140/5707 4521/4144/5711 4518/4141/5708
f 4519/4143/5710 4521/4144/5711 4520/4140/5707
f 4523/4145/5712 4524/4150/5717 4528/4146/5713
f 4531/4148/5715 4525/4152/5719 4523/4145/5712
f 4528/4146/5713 4527/4156/5723 4526/4149/5716
f 4524/4150/5717 4530/4160/5727 4529/4151/5718
f 4525/4152/5719 4530/4160/5727 4524/4150/5717
f 4522/4147/5714 4526/4149/5716 4532/4153/5720
f 4532/4153/5720 4526/4149/5716 4534/4154/5721
f 4527/4156/5723 4535/4159/5726 4534/4154/5721
f 4532/4153/5720 4533/4155/5722 4536/4157/5724
f 4528/4146/5713 4529/4151/5718 4537/4158/5725
f 4537/4158/5725 4536/4157/5724 4535/4159/5726
f 4525/4152/5719 4531/4148/5715 4529/4151/5718
f 4529/4151/5718 4531/4148/5715 4532/4153/5720
f 4536/4157/5724 4533/4155/5722 4534/4154/5721
f 4538/4161/5728 4539/4164/5731 4540/4165/5732
f 4541/4162/5729 4540/4165/5732 4542/4167/5734
f 4541/4162/5729 4542/4167/5734 4543/4166/5733
f 4544/4163/5730 4543/4166/5733 4539/4164/5731
f 4539/4164/5731 4543/4166/5733 4540/4165/5732
f 4546/4171/5738 4548/4174/5741 4552/4170/5737
f 4548/4174/5741 4549/4168/5735 4552/4170/5737
f 4552/4170/5737 4553/4176/5743 4545/4172/5739
f 4546/4171/5738 4552/4170/5737 4545/4172/5739
f 4549/4168/5735 4548/4174/5741 4547/4173/5740
f 4549/4168/5735 4547/4173/5740 4550/4175/5742
f 4550/4175/5742 4547/4173/5740 4553/4176/5743
f 4557/4181/5748 4559/4177/5744 4554/4179/5746
f 4554/4179/5746 4555/4184/5751 4556/4180/5747
f 4557/4181/5748 4556/4180/5747 4558/4182/5749
f 4559/4177/5744 4558/4182/5749 4561/4183/5750
f 4561/4183/5750 4558/4182/5749 4555/4184/5751
f 4563/4186/5753 4566/4188/5755 4565/4189/5756
f 4565/4189/5756 4567/4190/5757 4562/4187/5754
f 4567/4190/5757 4566/4188/5755 4564/4185/5752
f 4572/4196/5763 4571/4195/5762 4568/4193/5760
f 4571/4195/5762 4570/4191/5758 4568/4193/5760
f 4576/4194/5761 4573/4197/5764 4571/4195/5762
f 4573/4197/5764 4574/4198/5765 4570/4191/5758
f 4569/4192/5759 4574/4198/5765 4575/4199/5766
f 4575/4199/5766 4576/4194/5761 4568/4193/5760
f 4576/4194/5761 4575/4199/5766 4574/4198/5765
f 4574/4198/5765 4573/4197/5764 4576/4194/5761
f 4580/4203/5770 4579/4200/5767 4581/4202/5769
f 4579/4200/5767 4578/4206/5773 4577/4201/5768
f 4582/4204/5771 4583/4205/5772 4579/4200/5767
f 4583/4205/5772 4584/4207/5774 4577/4201/5768
f 4581/4202/5769 4584/4207/5774 4583/4205/5772
f 4582/4204/5771 4580/4203/5770 4583/4205/5772
f 4587/4211/5778 4586/4210/5777 4585/4209/5776
f 4590/4213/5780 4585/4209/5776 4588/4208/5775
f 4591/4215/5782 4590/4213/5780 4588/4208/5775
f 4591/4215/5782 4588/4208/5775 4586/4210/5777
f 4592/4216/5783 4586/4210/5777 4589/4212/5779
f 4593/4217/5784 4589/4212/5779 4587/4211/5778
f 4595/4214/5781 4587/4211/5778 4590/4213/5780
f 4596/4769/6255 4595/4214/5781 4591/4215/5782
f 4596/4769/6255 4597/4219/5786 4595/4214/5781
f 4592/4216/5783 4596/4769/6255 4591/4215/5782
f 4597/4219/5786 4596/4769/6255 4592/4216/5783
f 4603/4226/5793 4598/4221/5788 4599/4224/5791
f 4598/4221/5788 4603/4226/5793 4600/4222/5789
f 4599/4224/5791 4598/4221/5788 4606/4223/5790
f 4602/4225/5792 4603/4226/5793 4599/4224/5791
f 4603/4226/5793 4602/4225/5792 4604/4227/5794
f 4600/4222/5789 4603/4226/5793 4609/4228/5795
f 4601/4220/5787 4600/4222/5789 4605/4229/5796
f 4606/4223/5790 4601/4220/5787 4605/4229/5796
f 4602/4225/5792 4606/4223/5790 4608/4231/5798
f 4610/4232/5799 4609/4228/5795 4604/4227/5794
f 4611/4233/5800 4610/4232/5799 4604/4227/5794
f 4611/4233/5800 4607/4230/5797 4605/4229/5796
f 4608/4231/5798 4607/4230/5797 4611/4233/5800
f 4613/4236/5803 4614/4238/5805 4620/4234/5801
f 4614/4238/5805 4615/4239/5806 4620/4234/5801
f 4615/4239/5806 4619/4241/5808 4620/4234/5801
f 4613/4236/5803 4612/4235/5802 4616/4237/5804
f 4615/4239/5806 4616/4237/5804 4617/4240/5807
f 4619/4241/5808 4617/4240/5807 4618/4242/5809
f 4620/4234/5801 4618/4242/5809 4612/4235/5802
f 4612/4235/5802 4618/4242/5809 4617/4240/5807
f 4623/4243/5810 4622/4248/5815 4621/4244/5811
f 4628/4770/6256 4625/4246/5813 4624/4245/5812
f 4625/4246/5813 4626/4247/5814 4623/4243/5810
f 4622/4248/5815 4627/4249/5816 4621/4244/5811
f 4627/4249/5816 4628/4770/6256 4624/4245/5812
f 4626/4247/5814 4625/4246/5813 4628/4770/6256
f 4628/4770/6256 4627/4249/5816 4622/4248/5815
f 4622/4248/5815 4626/4247/5814 4628/4770/6256
f 4637/4251/5818 4635/4255/5822 4629/4252/5819
f 4631/4250/5817 4630/4257/5824 4637/4251/5818
f 4632/4253/5820 4631/4250/5817 4629/4252/5819
f 4635/4255/5822 4634/4261/5828 4633/4254/5821
f 4637/4251/5818 4642/4771/6257 4636/4256/5823
f 4630/4257/5824 4638/4259/5826 4639/4258/5825
f 4631/4250/5817 4632/4253/5820 4638/4259/5826
f 4640/4260/5827 4641/4262/5829 4639/4258/5825
f 4636/4256/5823 4640/4260/5827 4634/4261/5828
f 4636/4256/5823 4642/4771/6257 4641/4262/5829
f 4641/4262/5829 4642/4771/6257 4637/4251/5818
f 4639/4258/5825 4638/4259/5826 4632/4253/5820
f 4645/4263/5830 4654/4279/5846 4655/4264/5831
f 4643/4265/5832 4644/4273/5840 4646/4266/5833
f 4648/4267/5834 4646/4266/5833 4647/4268/5835
f 4664/4270/5837 4650/4772/5854 4651/4271/5838
f 4657/4276/5843 4653/4274/5841 4644/4273/5840
f 4643/4265/5832 4655/4264/5831 4656/4277/5844
f 4656/4277/5844 4658/4281/5848 4662/4278/5845
f 4654/4279/5846 4660/4282/5849 4659/4280/5847
f 4658/4281/5848 4659/4280/5847 4660/4282/5849
f 4662/4278/5845 4663/4272/5839 4653/4274/5841
f 4653/4274/5841 4663/4272/5839 4651/4271/5838
f 4667/4284/5851 4665/4286/5853 4661/4283/5850
f 4666/4285/5852 4661/4283/5850 4660/4282/5849
f 4666/4285/5852 4654/4279/5846 4645/4263/5830
f 4645/4263/5830 4646/4266/5833 4648/4267/5834
f 4665/4286/5853 4667/4284/5851 4648/4267/5834
f 4648/4267/5834 4649/4269/5836 4650/4287/5854
f 4662/4278/5845 4665/4286/5853 4664/4270/5837
f 4662/4278/5845 4658/4281/5848 4661/4283/5850
f 4656/4277/5844 4655/4264/5831 4659/4280/5847
f 4649/4269/5836 4652/4773/5842 4651/4288/5838
f 4669/4289/5855 4670/4291/5855 4668/4290/5855
f 4679/4295/5859 4677/4292/5856 4676/4294/5858
f 4676/4294/5858 4678/4774/6258 4679/4295/5859
f 4679/4295/5859 4678/4774/6258 4680/4293/5857
f 4678/4774/6258 4676/4294/5858 4680/4293/5857
f 4684/4296/5860 4683/4299/5863 4682/4297/5861
f 4683/4299/5863 4684/4296/5860 4681/4298/5862
f 4686/4300/5864 4687/4303/5867 4688/4301/5865
f 4685/4302/5866 4688/4301/5865 4687/4303/5867
f 4690/4304/5868 4691/4307/5871 4692/4305/5869
f 4689/4306/5870 4692/4305/5869 4691/4307/5871
f 4693/4312/5876 4694/4308/5872 4695/4310/5874
f 4693/4312/5876 4700/4311/5875 4694/4308/5872
f 4694/4308/5872 4700/4311/5875 4699/4314/5878
f 4698/4309/5873 4699/4314/5878 4695/4310/5874
f 4696/4315/5879 4700/4311/5875 4697/4313/5877
f 4697/4313/5877 4693/4312/5876 4695/4310/5874
f 4701/4317/5881 4704/4316/5880 4705/4320/5884
f 4703/4318/5882 4701/4317/5881 4702/4319/5883
f 4704/4316/5880 4703/4318/5882 4702/4319/5883
f 4702/4319/5883 4701/4317/5881 4705/4320/5884
f 4710/4322/5886 4706/4321/5885 4707/4325/5889
usemtl barrel_dark
f 4080/4326/5855 4079/4327/5855 4078/4328/5855
f 4083/4329/5890 4081/4330/5891 4082/4331/5892
f 4082/4331/5892 4084/4332/5893 4083/4329/5890
f 4087/4333/5890 4085/4334/5891 4086/4335/5892
f 4086/4335/5892 4088/4336/5893 4087/4333/5890
f 4089/4337/5894 4091/4338/5895 4090/4339/5896
f 4090/4339/5896 4092/4340/5897 4093/4341/5898
f 4090/4339/5896 4093/4341/5898 4089/4337/5894
f 4089/4337/5894 4092/4340/5897 4091/4338/5895
f 4094/4342/5899 4096/4343/5895 4095/4344/5896
f 4095/4344/5896 4097/4345/5897 4098/4346/5898
f 4095/4344/5896 4098/4346/5898 4094/4342/5899
f 4094/4342/5899 4097/4345/5897 4096/4343/5895
f 4099/4347/5899 4101/4348/5895 4100/4349/5896
f 4100/4349/5896 4102/4350/5897 4103/4351/5898
f 4100/4349/5896 4103/4351/5898 4099/4347/5899
f 4099/4347/5899 4102/4350/5897 4101/4348/5895
f 4106/4352/5900 4104/4353/5901 4105/4354/5902
f 4105/4354/5902 4107/4355/5903 4106/4352/5900
f 4108/4356/5904 4105/4354/5902 4104/4353/5901
f 4107/4355/5903 4104/4353/5901 4106/4352/5900
f 4111/4357/5900 4109/4358/5901 4110/4359/5902
f 4110/4359/5902 4112/4360/5903 4111/4357/5900
f 4113/4361/5904 4110/4359/5902 4109/4358/5901
f 4112/4360/5903 4109/4358/5901 4111/4357/5900
f 4116/4362/5900 4114/4363/5901 4115/4364/5902
f 4115/4364/5902 4117/4365/5903 4116/4362/5900
f 4118/4366/5904 4115/4364/5902 4114/4363/5901
f 4117/4365/5903 4114/4363/5901 4116/4362/5900
f 4119/4367/5905 4122/4368/5906 4120/4369/5907
f 4121/4370/5908 4120/4369/5907 4122/4368/5906
f 4123/4371/5905 4126/4372/5906 4124/4373/5907
f 4125/4374/5908 4124/4373/5907 4126/4372/5906
f 4128/4375/5855 4127/4376/5855 4129/4377/5855
f 4130/4378/5855 4131/4379/5855 4132/4380/5855
f 4136/4381/5909 4135/4382/5910 4137/4383/5911
f 4136/4384/5909 4133/4385/5912 4134/4386/5913
f 4137/4383/5911 4135/4382/5910 4133/4385/5912
f 4139/4387/5914 4140/4388/5915 4138/4389/5916
f 4138/4389/5916 4141/4390/5917 4139/4387/5914
f 4140/4388/5915 4141/4390/5917 4142/4391/5918
f 4144/4392/5919 4145/4393/5920 4143/4394/5921
f 4146/4395/5922 4143/4394/5921 4147/4396/5923
f 4146/4395/5922 4145/4393/5920 4144/4392/5919
f 4148/4397/5855 4150/4398/5855 4149/4399/5855
f 4150/4398/5855 4148/4397/5855 4149/4399/5855
f 4151/4400/5924 4153/4401/5925 4152/4402/5926
f 4154/4403/5927 4151/4400/5924 4152/4402/5926
f 4155/4404/5924 4157/4405/5925 4156/4406/5926
f 4158/4407/5928 4155/4404/5924 4156/4406/5926
f 4159/4408/5924 4161/4409/5925 4160/4410/5929
f 4162/4411/5930 4159/4408/5924 4160/4410/5929
f 4163/4412/5924 4165/4413/5925 4164/4414/5926
f 4166/4415/5927 4163/4412/5924 4164/4414/5926
f 4167/4416/5924 4169/4417/5925 4168/4418/5926
f 4170/4419/5927 4167/4416/5924 4168/4418/5926
f 4172/4420/5931 4174/4421/5932 4171/4422/5933
f 4171/4422/5933 4173/4423/5934 4172/4420/5931
f 4176/4424/5931 4178/4425/5935 4175/4426/5936
f 4175/4426/5936 4177/4427/5937 4176/4424/5931
f 4180/4428/5931 4182/4429/5932 4179/4430/5936
f 4179/4430/5936 4181/4431/5934 4180/4428/5931
f 4184/4432/5938 4186/4433/5939 4185/4434/5940
f 4186/4433/5939 4187/4435/5941 4185/4434/5940
f 4185/4434/5940 4187/4435/5941 4184/4432/5938
f 4188/4436/5942 4191/4437/5943 4189/4438/5944
f 4188/4436/5942 4190/4439/5945 4192/4440/5946
f 4191/4437/5943 4192/4440/5946 4190/4439/5945
f 4194/4441/5947 4196/4442/5948 4195/4443/5949
f 4195/4443/5949 4193/4444/5950 4194/4441/5947
f 4201/4445/5951 4199/4446/5952 4197/4447/5953
f 4198/4448/5954 4201/4445/5951 4197/4447/5953
f 4200/4449/5955 4198/4448/5954 4199/4446/5952
f 4204/4450/5956 4202/4451/5957 4205/4452/5958
f 4204/4450/5956 4205/4452/5958 4206/4453/5959
f 4202/4451/5957 4206/4453/5959 4205/4452/5958
f 4209/4454/5960 4210/4455/5961 4208/4456/5962
f 4207/4457/5963 4210/4455/5961 4211/4458/5964
f 4211/4458/5964 4209/4454/5960 4207/4457/5963
f 4213/4459/5855 4214/4460/5855 4212/4461/5855
f 4214/4460/5855 4213/4459/5855 4212/4461/5855
f 4215/4462/5924 4217/4463/5925 4216/4464/5926
f 4218/4465/5965 4215/4462/5924 4216/4464/5926
f 4219/4466/5966 4221/4467/5967 4220/4468/5968
f 4221/4467/5969 4222/4469/5970 4223/4470/5971
f 4225/4471/5972 4222/4469/5970 4219/4466/5973
f 4222/4469/5974 4224/4472/5974 4223/4470/5974
f 4226/4473/5975 4222/4469/5976 4225/4471/5977
f 4225/4471/5978 4227/4474/5978 4226/4473/5978
f 4225/4471/5979 4229/4475/5980 4228/4476/5981
f 4229/4475/5980 4225/4471/5979 4230/4477/5982
f 4225/4471/5983 4231/4478/5983 4230/4477/5983
f 4232/4479/5984 4225/4471/5972 4219/4466/5973
s 0
f 4235/4477/5985 4231/4478/5986 4233/4478/5987
f 4232/4479/5988 4233/4478/5986 4231/4478/5989
s 1
f 4234/4480/5990 4235/4477/5990 4233/4478/5990
f 4233/4478/5991 4237/4481/5992 4234/4480/5993
f 4237/4481/5994 4236/4479/5995 4238/4482/5996
s 0
f 4236/4479/5997 4240/4482/5986 4238/4482/5987
f 4220/4468/5998 4238/4482/5986 4240/4482/5987
s 1
f 4219/4466/5999 4240/4482/5999 4232/4479/5999
f 4237/4481/6000 4239/4468/6000 4241/4467/6000
s 0
f 4221/4467/6001 4239/4468/5986 4220/4468/5987
s 1
f 4241/4467/6002 4243/4483/6003 4237/4481/6004
s 0
f 4223/4470/6005 4241/4467/5986 4221/4467/5987
s 1
f 4243/4483/6006 4242/4470/6006 4244/4472/6006
s 0
f 4242/4470/6007 4224/4472/5986 4244/4472/5987
s 1
f 4245/4473/6008 4243/4483/6009 4244/4472/6010
s 0
f 4226/4473/6011 4244/4472/5986 4224/4472/5987
s 1
f 4243/4483/6009 4245/4473/6008 4246/4474/6012
s 0
f 4245/4473/6013 4227/4474/5986 4246/4474/5987
s 1
f 4247/4476/6014 4243/4483/6003 4246/4474/6015
s 0
f 4228/4476/6016 4246/4474/5986 4227/4474/5987
s 1
f 4234/4480/6017 4247/4476/6018 4248/4475/6019
s 0
f 4247/4476/6001 4229/4475/5986 4248/4475/5987
f 4230/4477/6020 4248/4475/5986 4229/4475/5987
s 1
f 4252/4484/6021 4250/4485/6022 4249/4486/6023
f 4251/4487/6024 4252/4484/6021 4253/4488/6025
f 4250/4485/6022 4253/4488/6025 4249/4486/6023
f 4257/4489/6026 4256/4490/6027 4258/4491/6028
f 4254/4492/6029 4257/4489/6026 4258/4491/6028
f 4258/4491/6028 4256/4490/6027 4254/4492/6029
f 4260/4493/6028 4261/4494/6027 4259/4495/6029
f 4259/4495/6029 4262/4496/6026 4260/4493/6028
f 4262/4496/6026 4261/4494/6027 4260/4493/6028
f 4265/4497/6028 4266/4498/6027 4264/4499/6029
f 4264/4499/6029 4267/4500/6026 4265/4497/6028
f 4267/4500/6026 4266/4498/6027 4265/4497/6028
f 4269/4501/6030 4272/4502/6031 4270/4503/6032
f 4273/4504/6030 4276/4505/6033 4274/4506/6032
f 4277/4507/6030 4280/4508/6034 4278/4509/6032
f 4281/4510/6030 4284/4511/6031 4282/4512/6035
f 4285/4513/6030 4288/4514/6033 4286/4515/6032
f 4289/4516/6030 4292/4517/6034 4290/4518/6032
f 4295/4519/6036 4297/4520/6037 4293/4521/6038
f 4296/4522/6039 4295/4519/6036 4293/4521/6038
f 4294/4523/6040 4296/4522/6039 4297/4520/6037
f 4300/4524/6041 4301/4525/6042 4299/4526/6043
f 4302/4527/6044 4300/4524/6041 4299/4526/6043
f 4298/4528/6045 4302/4527/6044 4301/4525/6042
f 4302/4527/6044 4299/4526/6043 4301/4525/6042
f 4303/4529/6046 4306/4530/6047 4304/4531/6048
f 4305/4532/6049 4303/4529/6046 4304/4531/6048
f 4307/4533/6050 4305/4532/6049 4306/4530/6047
f 4308/4534/6051 4310/4535/6052 4309/4536/6053
f 4308/4534/6051 4312/4537/6054 4311/4538/6055
f 4315/4539/6056 4317/4540/6057 4316/4541/6058
f 4314/4542/6059 4315/4539/6056 4316/4541/6058
f 4318/4543/6060 4321/4544/6061 4319/4545/6062
f 4320/4546/6063 4319/4545/6062 4321/4544/6061
f 4318/4543/6060 4320/4546/6063 4321/4544/6061
f 4324/4547/6064 4326/4548/6065 4325/4549/6066
f 4325/4549/6066 4323/4550/6067 4324/4547/6064
f 4330/4551/6068 4328/4552/6069 4327/4553/6070
f 4329/4554/5863 4327/4553/6070 4328/4552/6069
f 4334/4555/6071 4332/4556/6072 4331/4557/6073
f 4333/4558/6074 4331/4557/6073 4332/4556/6072
f 4338/4559/6075 4336/4560/6072 4335/4561/6070
f 4337/4562/6074 4335/4561/6070 4336/4560/6072
f 4343/4563/6076 4340/4564/6077 4339/4565/6078
f 4341/4566/6079 4339/4565/6080 4340/4564/6081
f 4342/4567/6082 4343/4563/6076 4339/4565/6078
f 4339/4565/6080 4341/4566/6079 4342/4567/6083
f 4340/4564/6077 4343/4563/6076 4342/4567/6082
f 4347/4568/6084 4345/4569/6085 4344/4570/6086
f 4348/4571/6087 4346/4572/6088 4347/4568/6084
f 4345/4569/6085 4348/4571/6087 4344/4570/6086
f 4350/4573/6089 4349/4574/6090 4351/4575/6091
f 4349/4574/6090 4350/4573/6089 4351/4575/6091
f 4352/4576/6092 4355/4577/6093 4353/4578/6094
f 4354/4579/6095 4352/4576/6092 4353/4578/6094
f 4356/4580/6096 4354/4579/6095 4355/4577/6093
f 4360/4581/6097 4358/4582/6098 4357/4583/6099
f 4359/4584/6100 4357/4583/6099 4358/4582/6098
f 4364/4585/6097 4362/4586/6098 4361/4587/6099
f 4363/4588/6100 4361/4587/6099 4362/4586/6098
f 4365/4589/6101 4368/4590/6102 4366/4591/6103
f 4366/4591/6104 4367/4592/6105 4365/4589/6106
f 4366/4591/6103 4368/4590/6102 4369/4593/6107
f 4371/4594/6108 4373/4595/6109 4370/4596/6110
f 4374/4597/6111 4371/4594/6108 4370/4596/6110
f 4375/4598/6112 4376/4599/6113 4377/4600/6114
f 4376/4599/6113 4375/4598/6112 4377/4600/6114
f 4381/4601/6115 4378/4602/6116 4379/4603/6117
f 4378/4602/6116 4380/4604/6118 4379/4603/6117
f 4380/4604/6118 4382/4605/6119 4381/4601/6115
f 4384/4606/5868 4386/4607/5869 4383/4608/5870
f 4383/4608/5870 4385/4609/5871 4384/4606/5868
f 4388/4610/5855 4387/4611/5855 4389/4612/5855
f 4390/4613/5855 4391/4614/5855 4392/4615/5855
f 4396/4616/6120 4395/4617/6121 4394/4618/6122
f 4396/4616/6120 4393/4619/6123 4397/4620/6124
f 4395/4617/6121 4397/4620/6124 4393/4619/6123
f 4400/4621/6125 4399/4622/6126 4398/4623/6127
f 4400/4621/6125 4401/4624/6128 4399/4622/6126
f 4398/4623/6127 4401/4624/6128 4402/4625/6129
f 4405/4626/6130 4404/4627/6131 4403/4628/6132
f 4406/4629/6133 4405/4626/6130 4407/4630/6134
f 4406/4629/6133 4403/4628/6132 4404/4627/6131
f 4410/4631/5855 4408/4632/5855 4409/4633/5855
f 4408/4632/5855 4410/4631/5855 4409/4633/5855
f 4413/4634/6135 4414/4635/6136 4415/4636/6137
f 4411/4637/6138 4414/4635/6136 4412/4638/6139
f 4413/4634/6135 4415/4636/6137 4411/4637/6138
f 4674/4639/6140 4673/4640/6141 4671/4641/6142
f 4675/4642/6143 4672/4643/6144 4671/4641/6142
f 4674/4639/6140 4672/4643/6144 4675/4642/6143
f 4673/4640/6141 4675/4642/6143 4671/4641/6142
f 4713/4644/6145 4714/4645/6026 4715/4646/6146
f 4714/4645/6026 4711/4647/6147 4715/4646/6146
f 4713/4644/6145 4715/4646/6146 4711/4647/6147
f 4718/4648/6145 4717/4649/6146 4716/4650/6147
f 4719/4651/6148 4716/4650/6147 4717/4649/6146
f 4718/4648/6145 4719/4651/6148 4717/4649/6146
f 4723/4652/6145 4722/4653/6146 4721/4654/6147
f 4724/4655/6026 4721/4654/6147 4722/4653/6146
f 4723/4652/6145 4724/4655/6026 4722/4653/6146
f 4726/4656/6149 4728/4657/6150 4727/4658/6150
f 4730/4659/6151 4731/4660/6152 4729/4661/6153
f 4732/4662/6154 4734/4663/6155 4733/4664/6155
f 4737/4665/6156 4735/4666/6157 4736/4667/6156
f 4740/4668/6158 4739/4669/6159 4738/4670/6160
f 4743/4671/5986 4741/4672/5986 4742/4673/5986
f 4746/4674/6161 4744/4675/6162 4745/4676/6161
f 4749/4677/6163 4748/4678/6164 4747/4679/6165
f 4752/4680/6166 4751/4681/6166 4750/4682/6166
f 4753/4683/6167 4760/4684/6168 4754/4685/6169
f 4755/4686/6170 4754/4685/6169 4756/4687/6171
f 4777/4688/6172 4756/4687/6171 4757/4689/6173
f 4758/4690/6174 4757/4689/6173 4759/4691/6175
f 4753/4683/6167 4759/4691/6175 4760/4684/6168
f 4753/4683/6167 4761/4692/6176 4767/4693/6177
f 4763/4694/6178 4761/4692/6176 4753/4683/6167
f 4755/4686/6170 4764/4695/6179 4763/4694/6178
f 4758/4690/6174 4767/4693/6177 4765/4696/6180
f 4767/4693/6177 4766/4697/6181 4765/4696/6180
f 4761/4692/6176 4762/4698/6182 4767/4693/6177
f 4767/4693/6177 4768/4699/6183 4766/4697/6181
f 4765/4696/6180 4768/4699/6183 4774/4700/6184
f 4769/4701/6185 4775/4702/6186 4774/4700/6184
f 4769/4701/6185 4772/4703/6187 4775/4702/6186
f 4770/4704/6188 4772/4703/6187 4769/4701/6185
f 4777/4688/6172 4773/4705/6189 4764/4695/6179
f 4764/4695/6179 4773/4705/6189 4771/4706/6190
f 4763/4694/6178 4771/4706/6190 4770/4704/6188
f 4785/4707/6191 4783/4708/6192 4778/4709/6193
f 4783/4708/6192 4781/4710/6194 4778/4709/6193
f 4787/4711/6195 4778/4709/6193 4780/4712/6196
f 4782/4713/6197 4780/4712/6196 4781/4710/6194
f 4782/4713/6197 4781/4710/6194 4783/4708/6192
f 4779/4714/6198 4803/4715/6199 4785/4707/6191
f 4782/4713/6197 4789/4716/6200 4788/4717/6201
f 4791/4718/6202 4790/4719/6203 4789/4716/6200
f 4782/4713/6197 4791/4718/6202 4789/4716/6200
f 4784/4720/6204 4791/4718/6202 4782/4713/6197
f 4784/4720/6204 4785/4707/6191 4791/4718/6202
f 4785/4707/6191 4797/4721/6205 4792/4722/6206
f 4785/4707/6191 4792/4722/6206 4791/4718/6202
f 4789/4716/6200 4794/4723/6207 4793/4724/6208
f 4797/4721/6205 4796/4725/6209 4794/4723/6207
f 4800/4726/6210 4799/4727/6211 4798/4728/6212
f 4801/4729/6213 4799/4727/6211 4800/4726/6210
f 4801/4729/6213 4795/4730/6214 4799/4727/6211
f 4802/4731/6215 4795/4730/6214 4801/4729/6213
f 4789/4716/6200 4793/4724/6208 4802/4731/6215
f 4802/4731/6215 4787/4711/6195 4788/4717/6201
f 4787/4711/6195 4802/4731/6215 4801/4729/6213
f 4787/4711/6195 4800/4726/6210 4786/4732/6216
f 4786/4732/6216 4800/4726/6210 4798/4728/6212
f 4786/4732/6216 4798/4728/6212 4803/4715/6199
f 4803/4715/6199 4798/4728/6212 4797/4721/6205
f 4803/4715/6199 4797/4721/6205 4785/4707/6191
f 4805/4733/6217 4806/4734/6218 4804/4735/6219
f 4804/4735/6219 4810/4736/6220 4811/4737/6221
f 4804/4735/6219 4807/4738/6222 4810/4736/6220
f 4810/4736/6220 4809/4739/6223 4811/4737/6221
f 4811/4737/6221 4812/4740/6224 4805/4733/6217
f 4808/4741/6225 4815/4742/6226 4809/4739/6223
f 4821/4743/6227 4816/4744/6228 4809/4739/6223
f 4818/4745/6229 4806/4734/6218 4817/4746/6230
f 4819/4747/6231 4818/4745/6229 4817/4746/6230
f 4820/4748/6232 4817/4746/6230 4816/4744/6228
f 4821/4743/6227 4820/4748/6232 4816/4744/6228
f 4822/4749/6233 4825/4750/6234 4823/4751/6235
f 4829/4752/6236 4822/4749/6233 4819/4747/6231
f 4819/4747/6231 4823/4751/6235 4824/4753/6237
f 4825/4750/6234 4826/4754/6238 4824/4753/6237
f 4825/4750/6234 4828/4755/6239 4826/4754/6238
f 4828/4755/6239 4822/4749/6233 4829/4752/6236
f 4828/4755/6239 4821/4743/6227 4815/4742/6226
f 4808/4741/6225 4827/4756/6240 4815/4742/6226
f 4826/4754/6238 4827/4756/6240 4814/4757/6241
f 4826/4754/6238 4814/4757/6241 4813/4758/6242
f 4080/4326/5855 4078/4328/5855 4079/4327/5855
f 4083/4329/5890 4084/4332/5893 4081/4330/5891
f 4082/4331/5892 4081/4330/5891 4084/4332/5893
f 4087/4333/5890 4088/4336/5893 4085/4334/5891
f 4086/4335/5892 4085/4334/5891 4088/4336/5893
f 4090/4339/5896 4091/4338/5895 4092/4340/5897
f 4089/4337/5894 4093/4341/5898 4092/4340/5897
f 4095/4344/5896 4096/4343/5895 4097/4345/5897
f 4094/4342/5899 4098/4346/5898 4097/4345/5897
f 4100/4349/5896 4101/4348/5895 4102/4350/5897
f 4099/4347/5899 4103/4351/5898 4102/4350/5897
f 4105/4354/5902 4108/4356/5904 4107/4355/5903
f 4107/4355/5903 4108/4356/5904 4104/4353/5901
f 4110/4359/5902 4113/4361/5904 4112/4360/5903
f 4112/4360/5903 4113/4361/5904 4109/4358/5901
f 4115/4364/5902 4118/4366/5904 4117/4365/5903
f 4117/4365/5903 4118/4366/5904 4114/4363/5901
f 4119/4367/5905 4121/4370/5908 4122/4368/5906
f 4121/4370/5908 4119/4367/5905 4120/4369/5907
f 4123/4371/5905 4125/4374/5908 4126/4372/5906
f 4125/4374/5908 4123/4371/5905 4124/4373/5907
f 4128/4375/5855 4129/4377/5855 4127/4376/5855
f 4130/4378/5855 4132/4380/5855 4131/4379/5855
f 4133/4385/5912 4135/4382/5910 4134/4386/5913
f 4136/4381/5909 4134/4386/5913 4135/4382/5910
f 4136/4384/5909 4137/4383/5911 4133/4385/5912
f 4138/4389/5916 4142/4391/5918 4141/4390/5917
f 4138/4389/5916 4140/4388/5915 4142/4391/5918
f 4140/4388/5915 4139/4387/5914 4141/4390/5917
f 4146/4395/5922 4144/4392/5919 4143/4394/5921
f 4143/4394/5921 4145/4393/5920 4147/4396/5923
f 4146/4395/5922 4147/4396/5923 4145/4393/5920
f 4154/4403/5927 4153/4401/5925 4151/4400/5924
f 4153/4401/5925 4154/4403/5927 4152/4402/5926
f 4158/4407/5928 4157/4405/5925 4155/4404/5924
f 4157/4405/5925 4158/4407/5928 4156/4406/5926
f 4162/4411/5930 4161/4409/5925 4159/4408/5924
f 4161/4409/5925 4162/4411/5930 4160/4410/5929
f 4166/4415/5927 4165/4413/5925 4163/4412/5924
f 4165/4413/5925 4166/4415/5927 4164/4414/5926
f 4170/4419/5927 4169/4417/5925 4167/4416/5924
f 4169/4417/5925 4170/4419/5927 4168/4418/5926
f 4172/4420/5931 4173/4423/5934 4174/4421/5932
f 4171/4422/5933 4174/4421/5932 4173/4423/5934
f 4176/4424/5931 4177/4427/5937 4178/4425/5935
f 4175/4426/5936 4178/4425/5935 4177/4427/5937
f 4180/4428/5931 4181/4431/5934 4182/4429/5932
f 4179/4430/5936 4182/4429/5932 4181/4431/5934
f 4184/4432/5938 4183/4775/6259 4186/4433/5939
f 4186/4433/5939 4183/4775/6259 4187/4435/5941
f 4183/4775/6259 4184/4432/5938 4187/4435/5941
f 4191/4437/5943 4190/4439/5945 4189/4438/5944
f 4188/4436/5942 4192/4440/5946 4191/4437/5943
f 4188/4436/5942 4189/4438/5944 4190/4439/5945
f 4194/4441/5947 4193/4444/5950 4196/4442/5948
f 4195/4443/5949 4196/4442/5948 4193/4444/5950
f 4199/4446/5952 4198/4448/5954 4197/4447/5953
f 4201/4445/5951 4200/4449/5955 4199/4446/5952
f 4198/4448/5954 4200/4449/5955 4201/4445/5951
f 4204/4450/5956 4203/4776/6260 4202/4451/5957
f 4202/4451/5957 4203/4776/6260 4206/4453/5959
f 4204/4450/5956 4206/4453/5959 4203/4776/6260
f 4207/4457/5963 4209/4454/5960 4208/4456/5962
f 4209/4454/5960 4211/4458/5964 4210/4455/5961
f 4207/4457/5963 4208/4456/5962 4210/4455/5961
f 4218/4465/5965 4217/4463/5925 4215/4462/5924
f 4217/4463/5925 4218/4465/5965 4216/4464/5926
f 4220/4468/5968 4240/4482/6261 4219/4466/5966
f 4221/4467/5969 4219/4466/5973 4222/4469/5970
f 4226/4473/5975 4224/4472/6262 4222/4469/5976
f 4228/4476/5981 4227/4474/6263 4225/4471/5979
f 4232/4479/5984 4231/4478/6264 4225/4471/5972
s 0
f 4235/4477/5986 4230/4477/5987 4231/4478/6007
f 4232/4479/5986 4236/4479/5987 4233/4478/6011
s 1
f 4233/4478/5991 4236/4479/6265 4237/4481/5992
s 0
f 4236/4479/5986 4232/4479/5987 4240/4482/6013
s 1
f 4238/4482/5996 4239/4468/6266 4237/4481/5994
s 0
f 4220/4468/5986 4239/4468/5987 4238/4482/6016
f 4221/4467/5986 4241/4467/5987 4239/4468/5987
s 1
f 4241/4467/6002 4242/4470/6267 4243/4483/6003
s 0
f 4223/4470/5986 4242/4470/5987 4241/4467/6020
f 4242/4470/5986 4223/4470/5987 4224/4472/6268
f 4226/4473/5986 4245/4473/5989 4244/4472/5988
f 4245/4473/5986 4226/4473/5987 4227/4474/6269
s 1
f 4247/4476/6014 4234/4480/6270 4243/4483/6003
s 0
f 4228/4476/5986 4247/4476/5987 4246/4474/5998
f 4247/4476/5986 4228/4476/5987 4229/4475/5987
s 1
f 4248/4475/6019 4235/4477/6271 4234/4480/6017
s 0
f 4230/4477/5986 4235/4477/5987 4248/4475/6005
s 1
f 4234/4480/6270 4237/4481/6004 4243/4483/6003
f 4252/4484/6021 4251/4487/6024 4250/4485/6022
f 4250/4485/6022 4251/4487/6024 4253/4488/6025
f 4253/4488/6025 4252/4484/6021 4249/4486/6023
f 4254/4492/6029 4256/4490/6027 4255/4777/6272
f 4257/4489/6026 4255/4777/6272 4256/4490/6027
f 4254/4492/6029 4255/4777/6272 4257/4489/6026
f 4259/4495/6029 4263/4778/6272 4262/4496/6026
f 4259/4495/6029 4261/4494/6027 4263/4778/6272
f 4262/4496/6026 4263/4778/6272 4261/4494/6027
f 4264/4499/6029 4268/4779/6272 4267/4500/6026
f 4264/4499/6029 4266/4498/6027 4268/4779/6272
f 4267/4500/6026 4268/4779/6272 4266/4498/6027
f 4269/4501/6030 4270/4503/6032 4271/4780/6273
f 4269/4501/6030 4271/4780/6273 4272/4502/6031
f 4270/4503/6032 4272/4502/6031 4271/4780/6273
f 4273/4504/6030 4274/4506/6032 4275/4781/6273
f 4273/4504/6030 4275/4781/6273 4276/4505/6033
f 4274/4506/6032 4276/4505/6033 4275/4781/6273
f 4277/4507/6030 4278/4509/6032 4279/4782/6273
f 4277/4507/6030 4279/4782/6273 4280/4508/6034
f 4278/4509/6032 4280/4508/6034 4279/4782/6273
f 4281/4510/6030 4282/4512/6035 4283/4783/6273
f 4281/4510/6030 4283/4783/6273 4284/4511/6031
f 4282/4512/6035 4284/4511/6031 4283/4783/6273
f 4285/4513/6030 4286/4515/6032 4287/4784/6273
f 4285/4513/6030 4287/4784/6273 4288/4514/6033
f 4286/4515/6032 4288/4514/6033 4287/4784/6273
f 4289/4516/6030 4290/4518/6032 4291/4785/6273
f 4289/4516/6030 4291/4785/6273 4292/4517/6034
f 4290/4518/6032 4292/4517/6034 4291/4785/6273
f 4295/4519/6036 4294/4523/6040 4297/4520/6037
f 4296/4522/6039 4294/4523/6040 4295/4519/6036
f 4297/4520/6037 4296/4522/6039 4293/4521/6038
f 4300/4524/6041 4298/4528/6045 4301/4525/6042
f 4302/4527/6044 4298/4528/6045 4300/4524/6041
f 4306/4530/6047 4305/4532/6049 4304/4531/6048
f 4303/4529/6046 4307/4533/6050 4306/4530/6047
f 4305/4532/6049 4307/4533/6050 4303/4529/6046
f 4308/4534/6051 4311/4538/6055 4310/4535/6052
f 4311/4538/6055 4312/4537/6054 4310/4535/6052
f 4308/4534/6051 4309/4536/6053 4312/4537/6054
f 4310/4535/6052 4312/4537/6054 4309/4536/6053
f 4313/4786/6274 4314/4542/6059 4317/4540/6057
f 4315/4539/6056 4313/4786/6274 4317/4540/6057
f 4317/4540/6057 4314/4542/6059 4316/4541/6058
f 4314/4542/6059 4313/4786/6274 4315/4539/6056
f 4320/4546/6063 4322/4787/6275 4319/4545/6062
f 4318/4543/6060 4322/4787/6275 4320/4546/6063
f 4322/4787/6275 4318/4543/6060 4319/4545/6062
f 4324/4547/6064 4323/4550/6067 4326/4548/6065
f 4325/4549/6066 4326/4548/6065 4323/4550/6067
f 4330/4551/6068 4329/4554/5863 4328/4552/6069
f 4329/4554/5863 4330/4551/6068 4327/4553/6070
f 4334/4555/6071 4333/4558/6074 4332/4556/6072
f 4333/4558/6074 4334/4555/6071 4331/4557/6073
f 4338/4559/6075 4337/4562/6074 4336/4560/6072
f 4337/4562/6074 4338/4559/6075 4335/4561/6070
f 4340/4564/6081 4342/4567/6276 4341/4566/6079
f 4347/4568/6084 4346/4572/6088 4345/4569/6085
f 4345/4569/6085 4346/4572/6088 4348/4571/6087
f 4348/4571/6087 4347/4568/6084 4344/4570/6086
f 4355/4577/6093 4354/4579/6095 4353/4578/6094
f 4352/4576/6092 4356/4580/6096 4355/4577/6093
f 4354/4579/6095 4356/4580/6096 4352/4576/6092
f 4360/4581/6097 4359/4584/6100 4358/4582/6098
f 4359/4584/6100 4360/4581/6097 4357/4583/6099
f 4364/4585/6097 4363/4588/6100 4362/4586/6098
f 4363/4588/6100 4364/4585/6097 4361/4587/6099
f 4365/4589/6101 4369/4593/6277 4368/4590/6102
f 4369/4593/6278 4365/4589/6106 4367/4592/6105
f 4366/4591/6104 4369/4593/6278 4367/4592/6105
f 4371/4594/6108 4372/4788/6279 4373/4595/6109
f 4374/4597/6111 4373/4595/6109 4372/4788/6279
f 4374/4597/6111 4372/4788/6279 4371/4594/6108
f 4370/4596/6110 4373/4595/6109 4374/4597/6111
f 4379/4603/6117 4380/4604/6118 4381/4601/6115
f 4381/4601/6115 4382/4605/6119 4378/4602/6116
f 4378/4602/6116 4382/4605/6119 4380/4604/6118
f 4384/4606/5868 4385/4609/5871 4386/4607/5869
f 4383/4608/5870 4386/4607/5869 4385/4609/5871
f 4388/4610/5855 4389/4612/5855 4387/4611/5855
f 4390/4613/5855 4392/4615/5855 4391/4614/5855
f 4394/4618/6122 4395/4617/6121 4393/4619/6123
f 4396/4616/6120 4397/4620/6124 4395/4617/6121
f 4396/4616/6120 4394/4618/6122 4393/4619/6123
f 4400/4621/6125 4402/4625/6129 4401/4624/6128
f 4402/4625/6129 4400/4621/6125 4398/4623/6127
f 4398/4623/6127 4399/4622/6126 4401/4624/6128
f 4406/4629/6133 4404/4627/6131 4405/4626/6130
f 4407/4630/6134 4405/4626/6130 4403/4628/6132
f 4406/4629/6133 4407/4630/6134 4403/4628/6132
f 4412/4638/6139 4413/4634/6135 4411/4637/6138
f 4413/4634/6135 4412/4638/6139 4414/4635/6136
f 4411/4637/6138 4415/4636/6137 4414/4635/6136
f 4671/4641/6142 4672/4643/6144 4674/4639/6140
f 4673/4640/6141 4674/4639/6140 4675/4642/6143
f 4712/4789/6280 4713/4644/6145 4711/4647/6147
f 4713/4644/6145 4712/4789/6280 4714/4645/6026
f 4714/4645/6026 4712/4789/6280 4711/4647/6147
f 4719/4651/6148 4720/4790/6280 4716/4650/6147
f 4720/4790/6280 4718/4648/6145 4716/4650/6147
f 4718/4648/6145 4720/4790/6280 4719/4651/6148
f 4724/4655/6026 4725/4791/6280 4721/4654/6147
f 4725/4791/6280 4723/4652/6145 4721/4654/6147
f 4723/4652/6145 4725/4791/6280 4724/4655/6026
f 4727/4658/6150 4728/4657/6150 4726/4656/6149
f 4729/4661/6153 4731/4660/6152 4730/4659/6151
f 4733/4664/6155 4734/4663/6155 4732/4662/6154
f 4735/4666/6157 4737/4665/6156 4736/4667/6156
f 4739/4669/6159 4740/4668/6158 4738/4670/6160
f 4741/4672/5986 4743/4671/5986 4742/4673/5986
f 4744/4675/6162 4746/4674/6161 4745/4676/6161
f 4748/4678/6164 4749/4677/6163 4747/4679/6165
f 4751/4681/6166 4752/4680/6166 4750/4682/6166
f 4760/4684/6168 4759/4691/6175 4754/4685/6169
f 4759/4691/6175 4757/4689/6173 4754/4685/6169
f 4756/4687/6171 4754/4685/6169 4757/4689/6173
f 4763/4694/6178 4753/4683/6167 4754/4685/6169
f 4755/4686/6170 4763/4694/6178 4754/4685/6169
f 4777/4688/6172 4755/4686/6170 4756/4687/6171
f 4758/4690/6174 4777/4688/6172 4757/4689/6173
f 4767/4693/6177 4758/4690/6174 4759/4691/6175
f 4753/4683/6167 4767/4693/6177 4759/4691/6175
f 4755/4686/6170 4777/4688/6172 4764/4695/6179
f 4777/4688/6172 4758/4690/6174 4765/4696/6180
f 4767/4693/6177 4762/4698/6182 4769/4701/6185
f 4767/4693/6177 4769/4701/6185 4768/4699/6183
f 4765/4696/6180 4766/4697/6181 4768/4699/6183
f 4768/4699/6183 4769/4701/6185 4774/4700/6184
f 4762/4698/6182 4770/4704/6188 4769/4701/6185
f 4770/4704/6188 4771/4706/6190 4772/4703/6187
f 4771/4706/6190 4773/4705/6189 4772/4703/6187
f 4773/4705/6189 4775/4702/6186 4772/4703/6187
f 4776/4792/6281 4774/4700/6184 4773/4705/6189
f 4773/4705/6189 4774/4700/6184 4775/4702/6186
f 4765/4696/6180 4774/4700/6184 4776/4792/6281
f 4777/4688/6172 4765/4696/6180 4776/4792/6281
f 4777/4688/6172 4776/4792/6281 4773/4705/6189
f 4763/4694/6178 4764/4695/6179 4771/4706/6190
f 4761/4692/6176 4763/4694/6178 4770/4704/6188
f 4761/4692/6176 4770/4704/6188 4762/4698/6182
f 4781/4710/6194 4780/4712/6196 4778/4709/6193
f 4779/4714/6198 4785/4707/6191 4778/4709/6193
f 4787/4711/6195 4779/4714/6198 4778/4709/6193
f 4788/4717/6201 4787/4711/6195 4780/4712/6196
f 4782/4713/6197 4788/4717/6201 4780/4712/6196
f 4784/4720/6204 4782/4713/6197 4783/4708/6192
f 4785/4707/6191 4784/4720/6204 4783/4708/6192
f 4779/4714/6198 4786/4732/6216 4803/4715/6199
f 4779/4714/6198 4787/4711/6195 4786/4732/6216
f 4791/4718/6202 4792/4722/6206 4794/4723/6207
f 4790/4719/6203 4791/4718/6202 4794/4723/6207
f 4789/4716/6200 4790/4719/6203 4794/4723/6207
f 4796/4725/6209 4799/4727/6211 4795/4730/6214
f 4794/4723/6207 4796/4725/6209 4795/4730/6214
f 4792/4722/6206 4797/4721/6205 4794/4723/6207
f 4797/4721/6205 4798/4728/6212 4796/4725/6209
f 4798/4728/6212 4799/4727/6211 4796/4725/6209
f 4802/4731/6215 4794/4723/6207 4795/4730/6214
f 4793/4724/6208 4794/4723/6207 4802/4731/6215
f 4789/4716/6200 4802/4731/6215 4788/4717/6201
f 4787/4711/6195 4801/4729/6213 4800/4726/6210
f 4805/4733/6217 4812/4740/6224 4806/4734/6218
f 4805/4733/6217 4804/4735/6219 4811/4737/6221
f 4804/4735/6219 4806/4734/6218 4807/4738/6222
f 4810/4736/6220 4807/4738/6222 4808/4741/6225
f 4810/4736/6220 4808/4741/6225 4809/4739/6223
f 4811/4737/6221 4809/4739/6223 4816/4744/6228
f 4811/4737/6221 4816/4744/6228 4812/4740/6224
f 4812/4740/6224 4817/4746/6230 4806/4734/6218
f 4818/4745/6229 4813/4758/6242 4806/4734/6218
f 4813/4758/6242 4814/4757/6241 4806/4734/6218
f 4806/4734/6218 4814/4757/6241 4807/4738/6222
f 4807/4738/6222 4814/4757/6241 4808/4741/6225
f 4809/4739/6223 4815/4742/6226 4821/4743/6227
f 4812/4740/6224 4816/4744/6228 4817/4746/6230
f 4820/4748/6232 4819/4747/6231 4817/4746/6230
f 4821/4743/6227 4829/4752/6236 4820/4748/6232
f 4829/4752/6236 4819/4747/6231 4820/4748/6232
f 4822/4749/6233 4823/4751/6235 4819/4747/6231
f 4819/4747/6231 4824/4753/6237 4818/4745/6229
f 4824/4753/6237 4823/4751/6235 4825/4750/6234
f 4826/4754/6238 4828/4755/6239 4827/4756/6240
f 4828/4755/6239 4825/4750/6234 4822/4749/6233
f 4821/4743/6227 4828/4755/6239 4829/4752/6236
f 4815/4742/6226 4827/4756/6240 4828/4755/6239
f 4827/4756/6240 4808/4741/6225 4814/4757/6241
f 4824/4753/6237 4826/4754/6238 4813/4758/6242
f 4818/4745/6229 4824/4753/6237 4813/4758/6242
o lightRear
v 0.000000 2.005178 2.000000
p -1
o lightPort
v -1.100000 1.139676 -0.100000
p -1
o lightStarboard
v 1.100000 1.140992 -0.100000
p -1
