# License;
# Emerald Sword from Endless Sky, CC-BY-SA 4.0
# Battleship from Endless Sky, CC-BY-SA 4.0
# Chigiriki from Endless Sky, CC-BY-SA 4.0
# Reduced to about 4000 triangles from bzship.obj with Blender's Decimate (collapse).

o barrel
v 0.000165 1.666735 -4.260329
v 0.126811 1.594014 -4.151132
v -0.000167 1.666690 -4.151315
v 0.126761 1.593418 -4.260288
v 0.126714 1.447442 -4.151364
v 0.126812 1.446815 -4.260087
v -0.000170 1.374083 -4.260328
v -0.126965 1.447082 -4.260080
v 0.000111 1.374141 -4.150658
v -0.126931 1.593738 -4.150968
v -0.126613 1.593653 -4.260353
v -0.126567 1.447204 -4.151299
v 0.050297 1.574769 -4.244234
v 0.020732 1.456368 -4.258492
v -0.040348 1.545898 -4.247762
v 0.046732 1.601358 -4.279360
v -0.093464 1.520414 -4.279368
v -0.086401 1.670108 -4.288825
v 0.046732 1.439472 -4.279368
v -0.086705 1.370753 -4.288538
v 0.172968 1.520176 -4.288528
v 0.046732 1.601358 -4.298274
v 0.046732 1.439472 -4.298274
v -0.093464 1.520414 -4.298274
v -0.066165 1.630306 -4.490325
v -0.064433 1.408813 -4.490328
v -0.121040 1.517766 -4.475330
v 0.067030 1.414425 -4.482690
v 0.101184 1.579111 -4.490323
v 0.120827 1.518612 -4.475329
v 0.094531 1.463220 -4.505331
v -0.061443 1.415573 -4.505327
v -0.094841 1.576496 -4.505328
v 0.062818 1.623906 -4.505311
v 0.000001 1.630911 -4.475315
v -0.064437 1.632017 -4.363095
v -0.064436 1.408813 -4.363094
v -0.060059 1.414769 -4.348097
v 0.128867 1.520415 -4.363092
v 0.121521 1.521224 -4.348096
v 0.121520 1.519613 -4.378087
v -0.061453 1.415575 -4.378086
v -0.060054 1.626062 -4.378088
v -0.061452 1.625257 -4.348096
v 0.056506 1.429634 -4.488993
v 0.106867 1.516866 -4.488981
v 0.120749 1.450700 -4.488987
v 0.056506 1.429634 -4.362218
v 0.106868 1.516866 -4.362208
v 0.120748 1.450699 -4.362207
v -0.106871 1.516871 -4.616686
v -0.056509 1.429639 -4.616677
v -0.120753 1.450701 -4.616674
v -0.106871 1.516871 -4.488991
v -0.056510 1.429638 -4.488981
v -0.120751 1.450702 -4.488986
v -0.106871 1.516870 -4.362220
v -0.056510 1.429638 -4.362211
v -0.120752 1.450702 -4.362208
v 0.050366 1.614743 -4.489209
v -0.050362 1.614743 -4.488765
v -0.000001 1.659843 -4.488979
v -0.088094 1.474745 -4.486784
v -0.117060 1.449389 -4.551255
v -0.106361 1.458984 -4.733477
v -0.077984 1.489452 -4.896408
v -0.082611 1.472572 -4.310855
v -0.062447 1.475723 -4.865721
v -0.064436 1.632017 -4.617557
v -0.064434 1.408812 -4.617553
v -0.060062 1.414772 -4.602564
v 0.121940 1.522786 -4.602557
v 0.121030 1.517765 -4.632551
v -0.061442 1.415576 -4.632554
v -0.058901 1.627198 -4.632553
v -0.062812 1.623905 -4.602565
v 0.128868 1.520415 -4.617561
v 0.056507 1.429634 -4.616684
v 0.106869 1.516865 -4.616674
v 0.120750 1.450699 -4.616669
v 0.050366 1.614744 -4.616902
v -0.050361 1.614745 -4.616458
v -0.000001 1.659846 -4.616674
v 0.077908 1.489503 -4.896413
v 0.062447 1.475723 -4.865725
v 0.083774 1.466846 -4.487185
v 0.120103 1.454519 -4.551418
v 0.106375 1.459021 -4.733470
v 0.082741 1.472795 -4.310860
v -0.001138 1.639645 -4.808517
v 0.007485 1.596845 -4.865725
v 0.004502 1.619749 -4.487187
v -0.002985 1.657380 -4.551414
v -0.000127 1.615885 -4.310866
v -0.021292 1.626788 -4.632805
v 0.001276 1.615507 -4.690729
v -0.020536 1.626788 -4.647415
v -0.020536 1.604453 -4.647415
v -0.021292 1.604453 -4.632805
v -0.016866 1.604453 -4.662026
v -0.010154 1.604453 -4.676637
v -0.032757 1.615530 -4.664022
v -0.010154 1.626788 -4.676637
v -0.016866 1.626788 -4.662026
v -0.002498 1.622987 -4.672453
v -0.021292 1.615620 -4.280373
v 0.021291 1.626788 -4.632805
v 0.020535 1.626788 -4.647415
v 0.020535 1.604453 -4.647415
v 0.021291 1.604453 -4.632805
v 0.016866 1.604453 -4.662026
v 0.010153 1.604453 -4.676637
v 0.032754 1.615558 -4.662743
v -0.002204 1.615662 -4.690133
v 0.010153 1.626788 -4.676637
v 0.016866 1.626788 -4.662026
v 0.002497 1.622988 -4.672453
v 0.021291 1.615620 -4.280376
v 0.102767 1.485668 -4.632805
v 0.102389 1.485013 -4.647416
v 0.083046 1.496181 -4.647416
v 0.083424 1.496836 -4.632805
v 0.081212 1.493003 -4.662026
v 0.077855 1.487190 -4.676638
v 0.081753 1.471749 -4.690722
v 0.098750 1.501226 -4.664022
v 0.097198 1.476022 -4.676638
v 0.100554 1.481836 -4.662027
v 0.090078 1.471292 -4.672455
v 0.093096 1.491252 -4.280377
v 0.071804 1.454373 -4.280377
v 0.081475 1.448790 -4.632805
v 0.083588 1.474700 -4.690131
v 0.081853 1.449445 -4.647416
v 0.062511 1.460612 -4.647416
v 0.062133 1.459957 -4.632805
v 0.064346 1.463790 -4.662026
v 0.067702 1.469603 -4.676638
v 0.066019 1.444478 -4.662744
v 0.087044 1.458436 -4.676638
v 0.083688 1.452623 -4.662026
v 0.087583 1.466965 -4.672454
v -0.081476 1.448790 -4.632805
v -0.083643 1.475148 -4.688856
v -0.081854 1.449445 -4.647416
v -0.062511 1.460612 -4.647416
v -0.062133 1.459957 -4.632805
v -0.064346 1.463790 -4.662026
v -0.067702 1.469603 -4.676637
v -0.068472 1.448588 -4.678929
v -0.087045 1.458436 -4.676638
v -0.083688 1.452623 -4.662026
v -0.087584 1.466965 -4.672454
v -0.071804 1.454373 -4.280371
v -0.102767 1.485668 -4.632805
v -0.085904 1.477498 -4.655888
v -0.102389 1.485013 -4.647416
v -0.083047 1.496181 -4.647415
v -0.083425 1.496836 -4.632805
v -0.081212 1.493003 -4.662026
v -0.077856 1.487190 -4.676637
v -0.091148 1.490432 -4.685552
v -0.097198 1.476022 -4.676637
v -0.100555 1.481836 -4.662026
v -0.090081 1.471290 -4.672453
v -0.093096 1.491252 -4.280374
vn 0.6586 0.3670 -0.6569
vn 0.1650 -0.7346 -0.6582
vn 0.1477 0.1030 -0.9837
vn 0.0058 -0.7826 -0.6225
vn 0.6681 -0.3774 -0.6413
vn -0.6619 0.3993 -0.6344
vn 0.7072 -0.1278 -0.6954
vn -0.6844 -0.3968 -0.6116
vn -0.0041 0.7687 -0.6396
vn 0.0004 -0.7911 0.6117
vn 0.6882 -0.3947 0.6087
vn 0.6864 0.3979 0.6087
vn 1.0000 -0.0011 0.0023
vn 0.4989 0.8634 0.0757
vn 0.4974 -0.8642 0.0758
vn -0.5010 -0.8654 0.0022
vn -0.9961 0.0011 0.0883
vn -0.4997 0.8662 -0.0000
vn 0.4985 0.8623 -0.0892
vn -0.9948 0.0008 -0.1015
vn 0.4962 -0.8621 -0.1033
vn 0.4350 -0.7516 0.4958
vn -0.5491 0.8358 -0.0005
vn -0.6270 -0.5959 0.5017
vn 0.8763 0.1159 -0.4675
vn -0.5256 -0.7980 0.2948
vn 0.3629 -0.8909 0.2732
vn -0.8316 -0.2032 -0.5168
vn -0.4029 -0.3107 -0.8609
vn 0.7596 -0.4503 -0.4693
vn 0.8785 0.4636 -0.1152
vn 0.4625 0.8863 0.0254
vn -0.2103 0.2855 0.9350
vn -0.5001 -0.8659 -0.0001
vn -0.1406 -0.3257 0.9350
vn 1.0000 -0.0001 -0.0000
vn 0.3523 0.0408 0.9350
vn -0.2105 -0.2853 -0.9350
vn 0.3522 -0.0401 -0.9351
vn -0.5002 0.8659 -0.0001
vn -0.1401 0.3259 -0.9350
vn -0.0000 -0.0000 -0.0000
vn 0.0386 0.0192 0.9991
vn 0.8081 -0.4061 -0.4267
vn -0.0847 0.2024 -0.9756
vn -0.8429 -0.5302 -0.0914
vn -0.2662 0.2330 0.9353
vn -0.5002 -0.8659 -0.0000
vn -0.1404 -0.3390 0.9303
vn 0.9998 -0.0011 -0.0181
vn 0.3562 0.1281 0.9256
vn -0.2220 -0.2918 -0.9304
vn -0.0662 0.3726 -0.9256
vn 0.3347 -0.1145 -0.9353
vn -0.5010 0.8653 0.0177
vn 0.5476 -0.0029 -0.8367
vn 0.5237 0.8509 0.0421
vn -0.1461 0.9890 0.0252
vn 0.7283 0.6544 0.2031
vn -0.1461 -0.9889 0.0252
vn -0.9348 -0.0035 -0.3551
vn -0.6203 -0.7817 -0.0649
vn 0.7634 -0.6416 0.0750
vn 0.8666 0.3751 0.3291
vn 0.9166 -0.2308 0.3266
vn -0.5437 -0.8156 -0.1981
vn 0.8285 -0.4959 0.2601
vn 0.8225 -0.4250 0.3778
vn 0.2106 -0.9269 -0.3108
vn 0.2135 0.9251 -0.3140
vn 0.5607 -0.0012 0.8280
vn 0.4998 -0.8652 -0.0407
vn -0.1561 -0.9874 -0.0249
vn 0.6915 -0.6960 -0.1936
vn -0.1522 0.9880 -0.0249
vn -0.9385 0.0025 0.3453
vn -0.6238 0.7787 0.0669
vn 0.7634 0.6415 -0.0750
vn 0.8666 -0.3752 -0.3291
vn 0.9166 0.2308 -0.3266
vn -0.5546 0.8066 0.2046
vn 0.8285 0.4959 -0.2601
vn 0.8225 0.4250 -0.3779
vn 0.1567 0.9199 0.3596
vn 0.1537 -0.9207 0.3588
vn -0.2753 -0.4734 -0.8367
vn 0.4764 -0.8782 0.0420
vn 0.9297 -0.3674 0.0252
vn 0.2044 -0.9577 0.2027
vn -0.7839 0.6204 0.0252
vn 0.4644 0.8114 -0.3551
vn -0.3668 0.9280 -0.0649
vn -0.9373 -0.3403 0.0750
vn -0.1084 -0.9380 0.3292
vn -0.6582 -0.6784 0.3266
vn -0.4345 0.8786 -0.1981
vn -0.8437 -0.4695 0.2601
vn -0.7794 -0.4998 0.3779
vn -0.9081 0.2800 -0.3114
vn 0.6951 -0.6470 -0.3134
vn -0.2814 -0.4849 0.8280
vn -0.9992 -0.0002 -0.0407
vn -0.7770 0.6290 -0.0249
vn -0.9485 -0.2508 -0.1937
vn 0.9318 -0.3622 -0.0249
vn 0.4714 0.8115 0.3453
vn 0.9863 0.1509 0.0669
vn 0.1739 -0.9819 -0.0751
vn -0.7582 -0.5628 -0.3291
vn -0.2584 -0.9092 -0.3266
vn 0.9758 0.0769 0.2046
vn 0.0152 -0.9655 -0.2601
vn -0.0432 -0.9249 -0.3778
vn 0.7183 -0.5955 0.3597
vn -0.8741 0.3273 0.3589
vn -0.3363 0.5910 -0.7332
vn -0.9992 -0.0033 0.0411
vn -0.6851 -0.7280 0.0259
vn -0.9547 0.2287 0.1904
vn 0.9741 0.2248 0.0258
vn 0.4083 -0.7082 -0.5760
vn 0.9473 -0.3148 -0.0591
vn 0.1739 0.9819 0.0751
vn -0.7582 0.5628 0.3291
vn -0.2584 0.9092 0.3266
vn 0.9821 -0.0736 -0.1736
vn 0.0152 0.9655 0.2601
vn -0.0432 0.9249 0.3779
vn 0.7011 0.6790 -0.2178
vn -0.9400 -0.2612 -0.2196
vn -0.4738 0.8773 -0.0765
vn 0.3833 0.9209 -0.0710
vn 0.9997 -0.0082 -0.0236
vn 0.3599 0.9072 -0.2180
vn -0.5044 -0.8631 -0.0255
vn 0.1227 -0.2919 0.9486
vn 0.3498 -0.9345 0.0666
vn -0.9373 0.3403 -0.0750
vn -0.1083 0.9381 -0.3291
vn -0.6582 0.6783 -0.3266
vn -0.2320 -0.9515 0.2019
vn -0.8437 0.4695 -0.2601
vn -0.7794 0.4998 -0.3779
vn -0.8346 0.1134 0.5390
vn 0.3550 0.7391 0.5724
vn -0.0016 0.7929 0.6093
vn -0.6862 0.3973 0.6093
vn -0.6865 -0.3977 0.6087
vn -0.5520 0.8334 0.0256
vn -0.8063 -0.5834 0.0975
vn -0.0377 0.0221 0.9990
vn -0.8076 -0.4102 -0.4236
vn -0.4871 -0.8730 0.0233
vn 0.7608 -0.6431 -0.0878
vn 0.8973 -0.4354 0.0728
vn 0.0795 0.2009 -0.9764
vn -0.0069 -0.0545 0.9985
vn 0.0407 -0.2530 -0.9666
vn 0.9996 0.0149 0.0233
vn -0.1696 0.8442 -0.5084
vn -0.1343 0.9909 -0.0100
vn -0.0084 -0.0000 1.0000
vn 0.5159 -0.8557 0.0414
vn 0.7217 -0.6623 0.2011
vn -0.5495 0.8112 -0.2002
vn 0.3636 0.9165 0.1670
vn 0.3177 0.9435 0.0938
vn 0.2330 0.9723 0.0203
vn 0.8856 0.2415 0.3967
vn -0.6263 0.7768 -0.0657
vn -0.0091 -0.0001 -1.0000
vn 0.5027 0.8635 -0.0410
vn 0.6940 0.6932 -0.1944
vn -0.5586 -0.8035 0.2060
vn 0.3636 -0.9165 -0.1670
vn 0.3176 -0.9436 -0.0938
vn 0.2329 -0.9723 -0.0203
vn 0.8856 -0.2415 -0.3967
vn -0.6279 -0.7753 0.0675
vn 0.0043 0.0076 1.0000
vn -0.9989 -0.0207 0.0415
vn -0.9338 -0.2957 0.2014
vn 0.9772 0.0703 -0.2002
vn 0.6118 -0.7731 0.1671
vn 0.6584 -0.7468 0.0938
vn 0.7255 -0.6879 0.0203
vn -0.2337 -0.8877 0.3966
vn 0.9859 0.1540 -0.0657
vn 0.0048 0.0079 -1.0000
vn 0.4965 -0.8671 -0.0410
vn 0.2533 -0.9476 -0.1945
vn -0.4165 0.8855 0.2060
vn -0.9755 0.1436 -0.1669
vn -0.9759 0.1969 -0.0938
vn -0.9585 0.2845 -0.0203
vn -0.6520 -0.6462 -0.3967
vn -0.3575 0.9315 0.0675
vn 0.0070 -0.0122 0.9999
vn 0.5114 0.8584 0.0403
vn 0.2910 0.9381 0.1879
vn -0.4279 -0.8871 -0.1734
vn -0.9755 -0.1435 0.1670
vn -0.9759 -0.1969 0.0937
vn -0.9585 -0.2845 0.0202
vn -0.6519 0.6462 0.3967
vn -0.2013 -0.9778 -0.0590
vn 0.0066 -0.0125 -0.9999
vn -0.9798 0.1847 -0.0769
vn -0.9526 0.1963 -0.2323
vn 0.9004 -0.3730 0.2238
vn 0.6120 0.7730 -0.1670
vn 0.6585 0.7468 -0.0938
vn 0.7256 0.6878 -0.0203
vn -0.2337 0.8877 -0.3967
vn 0.6171 -0.7837 0.0706
vt 0.754613 0.803558
vt 0.760213 0.669657
vt 0.747815 0.585190
vt 0.861153 0.533592
vt 0.868568 0.706917
vt 0.699424 0.485412
vt 0.806305 0.590205
vt 0.786122 0.425190
vt 0.668593 0.657588
vt 0.830224 0.556696
vt 0.829953 0.687483
vt 0.758108 0.738365
vt 0.815868 0.781398
vt 0.725846 0.707408
vt 0.840022 0.622674
vt 0.831290 0.448609
vt 0.747650 0.495747
vt 0.665393 0.565155
vt 0.720704 0.715593
vt 0.745353 0.484052
vt 0.846996 0.622439
vt 0.498448 0.276263
vt 0.493750 0.429067
vt 0.377091 0.673014
vt 0.698556 0.182718
vt 0.967370 0.205176
vt 1.023591 0.364619
vt 0.198021 0.749288
vt 0.057923 0.350212
vt 0.066883 0.523663
vt 0.477485 0.597093
vt 0.313539 0.806651
vt 0.121056 0.641703
vt 0.038744 0.359434
vt 1.035823 0.196566
vt 1.046699 0.195977
vt 0.655135 0.562342
vt 0.842693 0.414459
vt 0.834372 0.432570
vt 0.820887 0.808782
vt 0.820468 0.791719
vt 0.846756 0.409658
vt 0.817783 0.816230
vt 0.642860 0.550082
vt 0.638870 0.543156
vt 0.153514 0.747104
vt 0.099202 0.665644
vt 0.076161 0.552790
vt 0.881951 0.808282
vt 0.929930 0.735024
vt 0.909668 0.641954
vt 0.207559 0.234279
vt 0.248444 0.169532
vt 0.310835 0.209926
vt 1.005473 0.168761
vt 0.894054 0.068702
vt 0.561907 0.107247
vt 0.832543 0.390643
vt 0.790574 0.328020
vt 0.739412 0.369675
vt 0.782508 0.430922
vt 1.265750 0.325510
vt 0.273314 0.325433
vt 0.261717 0.253548
vt 0.266360 0.325598
vt 0.374758 0.382990
vt 0.207596 0.260064
vt 0.208019 0.256428
vt 0.241236 0.556359
vt 0.241366 0.558740
vt 0.213703 0.272838
vt 0.362922 0.382994
vt 0.243590 0.539825
vt 0.373148 0.383812
vt 0.228529 0.550348
vt 0.189021 0.532313
vt 0.183630 0.453109
vt 0.334105 0.442660
vt 0.358336 0.434335
vt 0.364245 0.437432
vt 0.352037 0.435189
vt 0.350767 0.420291
vt 0.350151 0.419369
vt 0.345292 0.418300
vt 0.337228 0.445943
vt 0.339408 0.420342
vt 0.333187 0.425930
vt 0.345408 0.439562
vt 0.333490 0.442834
vt 0.343372 0.487441
vt 0.347700 0.495735
vt 0.340488 0.476502
vt 0.333506 0.482328
vt 0.332093 0.480422
vt 0.329807 0.474464
vt 0.337115 0.446318
vt 0.327537 0.463809
vt 0.326495 0.450660
vt 0.338860 0.463172
vt 0.223529 0.467876
vt 0.219704 0.518026
vt 0.216560 0.528127
vt 0.221123 0.506013
vt 0.229026 0.508322
vt 0.229445 0.507496
vt 0.231528 0.498926
vt 0.220861 0.474913
vt 0.232313 0.487488
vt 0.231613 0.474207
vt 0.221037 0.492254
vt 0.224985 0.469394
vt 0.199112 0.472675
vt 0.193870 0.478213
vt 0.205167 0.470799
vt 0.205077 0.455466
vt 0.206409 0.453429
vt 0.209941 0.451150
vt 0.220708 0.474589
vt 0.215683 0.450555
vt 0.222192 0.453211
vt 0.211954 0.472159
vt 0.263582 0.258868
vt 0.235332 0.230122
vt 0.230491 0.220105
vt 0.242245 0.238061
vt 0.236296 0.250977
vt 0.244088 0.257646
vt 0.240400 0.259720
vt 0.261735 0.253098
vt 0.246617 0.266462
vt 0.254653 0.271763
vt 0.250952 0.244491
vt 0.272738 0.237527
vt 0.281865 0.218808
vt 0.283871 0.207183
vt 0.277147 0.229535
vt 0.286867 0.238754
vt 0.273633 0.251850
vt 0.284687 0.248960
vt 0.262161 0.253003
vt 0.279962 0.258321
vt 0.273186 0.267218
vt 0.270287 0.239749
vt 0.706268 0.655783
vt 0.723492 0.530119
vt 0.778393 0.488844
vt 0.431034 0.680471
vt 0.485983 0.476970
vt 0.469645 0.589546
vt 1.272816 0.317343
vt 0.964674 0.158252
vt 1.269545 0.255632
vt 1.259730 0.145326
vt 1.077305 0.131216
vt 1.254877 0.259512
vt 0.339069 0.522690
vt 0.371827 0.409039
vt 0.374681 0.487968
vt 0.866323 0.702532
vt 1.246562 0.422777
vt 1.080395 0.653059
vt 1.218741 0.463236
vt 1.175929 0.534500
vt 1.249445 0.435726
vt 0.220709 0.474194
vt 0.246943 0.423260
vt 0.251362 0.430966
vt 1.149118 0.614404
vt 1.225752 0.479589
vt 0.671630 0.659732
vt 0.301283 0.414321
vt 0.478564 0.594792
vt 0.322575 0.427497
vt 0.425394 0.538172
vt 0.686959 0.623881
vt 0.693995 0.690446
vt 1.216560 0.528127
vt 1.225704 0.527065
vt 0.836904 0.727517
vt 1.219112 0.510634
vt 1.229026 0.508322
vt 1.193870 0.478213
vt 1.195145 0.457749
vt 0.852233 0.666928
vt 1.204043 0.474882
vt 1.205077 0.455466
vt 0.797701 0.468399
vt 1.230491 0.220105
vt 1.223787 0.238876
vt 1.241435 0.232188
vt 1.236296 0.250977
vt 0.765696 0.458777
s 1
usemtl barrel_dark
f 4/1/1 13/2/2 15/3/3
f 7/4/4 13/2/2 6/5/5
f 11/6/6 14/7/7 8/8/8
f 1/9/9 15/3/3 11/6/6
f 9/10/10 5/11/11 2/12/12
f 21/13/13 16/14/14 19/15/15
f 20/16/16 17/17/17 18/18/18
f 21/13/13 22/19/19 18/18/18
f 18/18/18 22/19/19 24/20/20
f 20/16/16 24/20/20 23/21/21
f 20/16/16 23/21/21 21/13/13
f 33/22/22 25/23/23 34/24/24
f 27/25/25 26/26/26 28/27/27
f 30/28/28 32/29/29 28/30/27
f 35/31/30 34/24/24 30/28/28
f 35/31/30 25/23/23 27/25/25
f 35/31/30 29/32/31 25/23/23
f 34/24/24 28/30/27 31/33/32
f 31/33/32 26/34/26 32/29/29
f 32/35/29 25/23/23 33/22/22
f 35/31/30 33/22/22 34/24/24
f 28/27/27 32/36/29 27/25/25
f 44/37/33 37/38/34 38/39/35
f 38/39/35 39/40/36 40/41/37
f 40/41/37 42/42/38 38/39/35
f 44/37/33 41/43/39 40/41/37
f 40/41/37 36/44/40 44/37/33
f 41/43/39 37/38/34 42/42/38
f 42/42/38 36/44/40 43/45/41
f 43/45/41 39/40/36 41/43/39
f 38/39/35 43/45/41 44/37/33
f 46/46/42 47/47/42 45/48/42
f 49/49/42 50/50/42 48/51/42
f 52/52/42 53/53/42 51/54/42
f 55/55/42 56/56/42 54/57/42
f 58/58/42 59/59/42 57/60/42
f 67/61/43 68/62/44 66/63/45
f 65/64/46 66/63/45 68/65/44
f 76/66/47 70/67/48 71/68/49
f 71/68/49 77/69/50 72/70/51
f 72/70/51 74/71/52 71/68/49
f 72/70/51 75/72/53 73/73/54
f 72/70/51 69/74/55 76/66/47
f 73/73/54 70/67/48 74/71/52
f 74/71/52 69/74/55 75/72/53
f 75/72/53 77/69/50 73/73/54
f 71/68/49 75/72/53 76/66/47
f 79/75/42 80/76/42 78/77/42
f 96/78/56 97/79/57 95/80/58
f 96/78/56 104/81/59 97/79/57
f 99/82/60 102/83/61 98/84/62
f 98/84/63 105/85/64 99/82/65
f 98/84/62 102/83/61 100/86/66
f 100/86/67 105/85/64 98/84/63
f 101/87/68 105/85/64 100/86/67
f 100/86/66 102/83/61 101/87/69
f 103/88/70 96/78/56 102/83/61
f 96/78/56 103/88/70 104/81/59
f 114/89/71 108/90/72 107/91/73
f 114/89/71 116/92/74 108/90/72
f 110/93/75 113/94/76 109/95/77
f 109/95/78 117/96/79 110/93/80
f 109/95/77 113/94/76 111/97/81
f 111/97/82 117/96/79 109/95/78
f 112/98/83 117/96/79 111/97/82
f 111/97/81 113/94/76 112/98/84
f 115/99/85 114/89/71 113/94/76
f 114/89/71 115/99/85 116/92/74
f 125/100/86 120/101/87 119/102/88
f 125/100/86 128/103/89 120/101/87
f 122/104/90 126/105/91 121/106/92
f 121/106/93 129/107/94 122/104/95
f 121/106/92 126/105/91 123/108/96
f 123/108/97 129/107/94 121/106/93
f 124/109/98 129/107/94 123/108/97
f 123/108/96 126/105/91 124/109/99
f 127/110/100 125/100/86 126/105/91
f 125/100/86 127/110/100 128/103/89
f 133/111/101 134/112/102 132/113/103
f 133/111/101 141/114/104 134/112/102
f 136/115/105 139/116/106 135/117/107
f 135/117/108 142/118/109 136/115/110
f 135/117/107 139/116/106 137/119/111
f 137/119/112 142/118/109 135/117/108
f 138/120/113 142/118/109 137/119/112
f 137/119/111 139/116/106 138/120/114
f 140/121/115 133/111/101 139/116/106
f 133/111/101 140/121/115 141/114/104
f 144/122/116 145/123/117 143/124/118
f 144/122/116 152/125/119 145/123/117
f 147/126/120 150/127/121 146/128/122
f 146/128/123 153/129/124 147/126/125
f 146/128/122 150/127/121 148/130/126
f 148/130/127 153/129/124 146/128/123
f 149/131/128 153/129/124 148/130/127
f 148/130/126 150/127/121 149/131/129
f 151/132/130 144/122/116 150/127/121
f 144/122/116 151/132/130 152/125/119
f 156/133/131 157/134/132 155/135/133
f 156/133/131 164/136/134 157/134/132
f 159/137/135 162/138/136 158/139/137
f 158/139/138 165/140/139 159/137/140
f 158/139/137 162/138/136 160/141/141
f 160/141/142 165/140/139 158/139/138
f 161/142/143 165/140/139 160/141/142
f 160/141/141 162/138/136 161/142/144
f 156/133/131 161/142/144 162/138/136
f 156/133/131 162/138/136 163/143/145
f 156/133/131 163/143/145 164/136/134
f 3/144/146 1/9/9 11/6/6
f 11/6/6 10/145/147 3/144/146
f 5/11/11 6/5/5 4/1/1
f 4/1/1 2/12/12 5/11/11
f 9/10/10 7/4/4 6/5/5
f 6/5/5 5/11/11 9/10/10
f 12/146/148 8/8/8 7/4/4
f 7/4/4 9/10/10 12/146/148
f 10/145/147 11/6/6 8/8/8
f 8/8/8 12/146/148 10/145/147
f 4/1/1 6/5/5 13/2/2
f 1/9/9 4/1/1 15/3/3
f 7/4/4 14/7/7 13/2/2
f 7/4/4 8/8/8 14/7/7
f 11/6/6 15/3/3 14/7/7
f 14/7/7 15/3/3 13/2/2
f 2/12/12 3/144/146 9/10/10
f 3/144/146 10/145/147 9/10/10
f 10/145/147 12/146/148 9/10/10
f 2/12/12 4/1/1 1/9/9
f 1/9/9 3/144/146 2/12/12
f 18/18/18 17/17/17 16/14/14
f 21/13/13 18/18/18 16/14/14
f 20/16/16 21/13/13 19/15/15
f 20/16/16 19/15/15 17/17/17
f 21/13/13 23/21/21 22/19/19
f 20/16/16 18/18/18 24/20/20
f 27/25/25 25/23/23 26/26/26
f 30/28/28 28/30/27 29/32/31
f 30/28/28 31/33/32 32/29/29
f 30/28/28 34/24/24 31/33/32
f 35/31/30 30/28/28 29/32/31
f 34/24/24 29/32/31 28/30/27
f 31/33/32 28/30/27 26/34/26
f 32/35/29 26/26/26 25/23/23
f 34/24/24 25/23/23 29/32/31
f 35/31/30 27/25/25 33/22/22
f 27/25/25 32/36/29 33/22/22
f 44/37/33 36/44/40 37/38/34
f 38/39/35 37/38/34 39/40/36
f 40/41/37 41/43/39 42/42/38
f 44/37/33 43/45/41 41/43/39
f 40/41/37 39/40/36 36/44/40
f 41/43/39 39/40/36 37/38/34
f 42/42/38 37/38/34 36/44/40
f 43/45/41 36/44/40 39/40/36
f 38/39/35 42/42/38 43/45/41
f 46/46/42 45/48/42 47/47/42
f 49/49/42 48/51/42 50/50/42
f 52/52/42 51/54/42 53/53/42
f 55/55/42 54/57/42 56/56/42
f 58/58/42 57/60/42 59/59/42
f 60/147/42 61/148/42 62/149/42
f 61/148/42 60/147/42 62/149/42
f 67/61/43 66/150/45 63/151/149
f 66/150/45 65/152/46 64/153/150
f 66/150/45 64/153/150 63/151/149
f 68/62/44 67/61/43 64/154/150
f 65/155/46 68/62/44 64/154/150
f 67/61/43 63/151/149 64/154/150
f 76/66/47 69/74/55 70/67/48
f 71/68/49 70/67/48 77/69/50
f 72/70/51 73/73/54 74/71/52
f 72/70/51 76/66/47 75/72/53
f 72/70/51 77/69/50 69/74/55
f 73/73/54 77/69/50 70/67/48
f 74/71/52 70/67/48 69/74/55
f 75/72/53 69/74/55 77/69/50
f 71/68/49 74/71/52 75/72/53
f 79/75/42 78/77/42 80/76/42
f 81/156/42 82/157/42 83/158/42
f 82/157/42 81/156/42 83/158/42
f 89/159/151 85/160/152 86/161/153
f 85/160/152 88/162/154 87/163/155
f 85/160/152 87/163/155 86/161/153
f 84/164/156 85/160/152 89/159/151
f 88/165/154 85/166/152 84/167/156
f 84/164/156 89/159/151 87/168/155
f 88/169/154 84/164/156 87/168/155
f 89/159/151 86/161/153 87/168/155
f 94/170/157 91/171/158 92/172/159
f 91/171/158 90/173/160 93/174/161
f 91/171/158 93/174/161 92/172/159
f 94/170/157 90/173/160 91/171/158
f 90/173/160 94/170/157 93/174/161
f 94/170/157 92/172/159 93/174/161
f 95/80/58 102/83/61 106/175/162
f 96/78/56 95/80/58 106/175/162
f 96/78/56 99/82/60 98/84/163
f 96/78/56 98/84/163 100/86/164
f 101/87/69 102/83/61 96/78/56
f 96/78/56 100/86/164 101/87/69
f 104/81/165 103/88/70 102/83/61
f 103/88/166 104/81/167 105/85/64
f 104/81/167 97/79/168 105/85/64
f 97/79/168 95/80/169 105/85/64
f 95/80/169 99/82/65 105/85/64
f 97/79/170 104/81/165 102/83/61
f 95/80/58 97/79/170 102/83/61
f 102/83/61 99/82/60 106/175/162
f 106/175/162 99/82/60 96/78/56
f 107/91/73 113/94/76 118/176/171
f 114/89/71 107/91/73 118/176/171
f 114/89/71 110/93/75 109/95/172
f 114/89/71 109/95/172 111/97/173
f 112/98/84 113/94/76 114/89/71
f 114/89/71 111/97/173 112/98/84
f 116/92/174 115/99/85 113/94/76
f 115/99/175 116/92/176 117/96/79
f 116/92/176 108/90/177 117/96/79
f 108/90/177 107/91/178 117/96/79
f 107/91/178 110/93/80 117/96/79
f 108/90/179 116/92/174 113/94/76
f 107/91/73 108/90/179 113/94/76
f 113/94/76 110/93/75 118/176/171
f 110/93/75 114/89/71 118/176/171
f 119/177/88 126/178/91 130/179/180
f 125/180/86 119/177/88 130/179/180
f 125/100/86 122/104/90 121/106/181
f 125/100/86 121/106/181 123/108/182
f 124/109/99 126/105/91 125/100/86
f 125/100/86 123/108/182 124/109/99
f 128/103/183 127/110/100 126/105/91
f 127/110/184 128/103/185 129/107/94
f 128/103/185 120/101/186 129/107/94
f 120/101/186 119/102/187 129/107/94
f 119/102/187 122/104/95 129/107/94
f 120/101/188 128/103/183 126/105/91
f 119/102/88 120/101/188 126/105/91
f 126/178/91 122/181/90 130/179/180
f 122/181/90 125/180/86 130/179/180
f 132/182/103 139/183/106 131/184/189
f 133/185/101 132/182/103 131/184/189
f 133/111/101 136/115/105 135/117/190
f 133/111/101 135/117/190 137/119/191
f 138/120/114 139/116/106 133/111/101
f 133/111/101 137/119/191 138/120/114
f 141/114/192 140/121/115 139/116/106
f 140/121/193 141/114/194 142/118/109
f 141/114/194 134/112/195 142/118/109
f 134/112/195 132/113/196 142/118/109
f 132/113/196 136/115/110 142/118/109
f 134/112/197 141/114/192 139/116/106
f 132/113/103 134/112/197 139/116/106
f 139/183/106 136/186/105 131/184/189
f 136/186/105 133/185/101 131/184/189
f 154/187/198 143/188/118 150/189/121
f 144/190/116 143/188/118 154/187/198
f 144/122/116 147/126/120 146/128/199
f 144/122/116 146/128/199 148/130/200
f 149/131/129 150/127/121 144/122/116
f 144/122/116 148/130/200 149/131/129
f 152/125/201 151/132/130 150/127/121
f 151/132/202 152/125/203 153/129/124
f 152/125/203 145/123/204 153/129/124
f 145/123/204 143/124/205 153/129/124
f 143/124/205 147/126/125 153/129/124
f 145/123/206 152/125/201 150/127/121
f 143/124/118 145/123/206 150/127/121
f 154/187/198 150/189/121 147/191/120
f 147/191/120 144/190/116 154/187/198
f 166/192/207 155/135/133 162/138/136
f 156/133/131 155/135/133 166/192/207
f 156/133/131 159/137/135 158/139/208
f 156/133/131 158/139/208 160/141/209
f 156/133/131 160/141/209 161/142/144
f 164/136/210 163/143/145 162/138/136
f 163/143/211 164/136/212 165/140/139
f 164/136/212 157/134/213 165/140/139
f 157/134/213 155/135/214 165/140/139
f 155/135/214 159/137/140 165/140/139
f 157/134/215 164/136/210 162/138/136
f 155/135/133 157/134/215 162/138/136
f 162/138/136 159/137/135 166/192/207
f 159/137/135 156/133/131 166/192/207
o body
v -1.658966 1.720172 2.479352
v -1.540694 1.642551 2.484703
v -1.778926 1.670406 2.932349
v -1.779034 1.403195 2.932649
v -1.658585 1.728773 2.932964
v -1.658913 1.344024 2.932460
v -1.538220 1.402887 2.932514
v -1.657832 1.353029 2.479382
v -1.539952 1.430355 2.484631
v -1.776976 1.429896 2.485372
v -1.538321 1.670420 2.932345
v -1.658199 1.396345 2.489807
v -1.659047 1.676132 2.489806
v -1.776813 1.642938 2.484770
v -0.950170 1.720344 2.479401
v -1.068295 1.643238 2.484569
v -1.068919 1.430596 2.484823
v -1.070661 1.670165 2.932425
v -1.070717 1.402869 2.932507
v -0.950455 1.352757 2.479401
v -0.950046 1.344137 2.932865
v -0.829866 1.403141 2.932598
v -0.831776 1.429818 2.484898
v -0.949893 1.396345 2.489806
v -0.950583 1.728817 2.933228
v -0.830005 1.670429 2.932332
v -0.832467 1.642680 2.484980
v -0.950742 1.676132 2.489806
v -0.491595 1.687772 0.621899
v -0.697787 1.881198 0.611811
v -0.475964 1.773912 0.611184
v -0.917709 1.772470 0.611162
v -0.932547 1.783443 1.502779
v -0.922128 1.271920 0.610509
v -0.933111 1.258113 1.502416
v -0.696841 1.142335 1.503362
v -0.459352 1.257519 1.502136
v -0.694675 1.159631 0.611811
v -0.896834 1.345660 0.628337
v -0.459820 1.782943 1.502933
v -0.695670 1.898902 1.502517
v -0.470028 1.273413 0.610702
v -0.695395 1.244786 0.632307
v -0.496605 1.346294 0.628304
v -0.697062 1.794818 0.632307
v -0.900235 1.688634 0.623087
v -0.821310 1.467592 2.812761
v -0.924466 1.657943 2.811921
v -0.857842 1.467333 2.596653
v -1.012570 1.658206 2.590713
v -1.099834 1.658574 2.811894
v -0.822245 1.684234 2.021236
v -1.205278 1.681391 2.019161
v -1.380636 1.467427 2.020543
v -1.205038 1.463321 2.812724
v -1.096652 1.275215 2.811930
v -1.205102 1.252606 2.020493
v -0.822249 1.250985 2.019810
v -0.924729 1.276644 2.811895
v -0.644502 1.467238 2.020542
v -1.005668 1.279206 2.589002
v -1.167141 1.464760 2.595014
v -1.403226 1.230456 2.406469
v -1.388290 1.706609 2.421625
v -0.752498 1.855119 -0.124217
v -1.394153 1.702984 1.121107
v -0.897780 1.467332 -0.918313
v -0.519520 1.578695 -0.184933
v -1.392754 1.229458 1.120222
v -0.750700 1.081576 -0.130131
v -0.517926 1.363174 -0.187518
v -0.489301 1.488203 2.046581
v -0.660672 1.139172 2.121912
v -0.652979 1.794854 2.118503
v 1.827885 1.333089 2.672162
v 1.831915 1.332129 1.641873
v 1.830095 1.601298 2.670666
v 1.830809 1.602922 1.639667
v 1.391152 1.467332 0.677966
v 1.416587 1.668927 2.503921
v 1.368252 1.648150 0.942478
v 1.371715 1.286041 0.940574
v 1.412606 1.267613 2.501602
v 1.389187 1.232379 2.422688
v 1.391545 1.229467 1.781425
v 1.388992 1.706527 2.418904
v 0.751929 1.854902 -0.124360
v 1.394153 1.702984 1.121108
v 0.897834 1.467332 -0.925495
v 0.518030 1.575695 -0.183924
v 0.518226 1.358668 -0.184147
v 1.392307 1.229060 1.120120
v 0.751947 1.079991 -0.125827
v 0.473660 1.467331 2.028287
v 0.655402 1.139189 2.117577
v 0.652136 1.793114 2.118725
v -1.827885 1.333089 2.672162
v -1.831915 1.332129 1.641874
v -1.830095 1.601298 2.670666
v -1.830809 1.602922 1.639667
v -1.368438 1.648155 0.942650
v -1.417197 1.669328 2.503287
v -1.369475 1.288967 0.941803
v -1.412808 1.269324 2.502400
v -1.391152 1.467332 0.677966
v -1.611777 1.600310 2.899177
v -1.566685 1.559287 2.761071
v -1.500109 1.588526 2.443252
v -1.808818 1.533508 2.434726
v -1.723528 1.467164 2.899704
v -1.721433 1.343991 2.443866
v -1.413153 1.408724 2.432899
v -1.500879 1.469561 2.899723
v -1.607705 1.361049 2.775600
v -1.699465 1.467333 2.778209
v -1.613480 1.334724 2.899178
v -0.188911 2.121107 0.924284
v -0.127482 2.129618 -0.067468
v -0.176888 2.119057 -0.302377
v 0.073524 2.138875 -0.125932
v 0.081509 2.137740 0.969157
v 0.000000 1.917459 1.564927
v -0.404153 1.918666 1.354251
v -0.405100 1.918775 -0.441647
v -0.000000 1.918268 -0.703453
v 0.405100 1.918775 -0.441648
v 0.404154 1.918667 1.354251
v 0.209319 2.116356 1.138701
v 0.255786 2.111173 -0.166470
v 0.029784 2.196132 0.002415
v 0.009629 2.174235 -0.000824
v -0.020117 2.178960 0.011296
v 0.004881 1.995775 1.694919
v 0.037770 2.008521 1.657220
v -0.009307 1.990689 1.667608
v 0.028954 2.196218 0.830029
v 0.006105 2.172886 0.839391
v -0.013338 2.179723 0.817232
v 1.197939 1.399863 3.013347
v 1.079273 1.399863 2.611785
v 1.048953 1.436441 3.007807
v 1.049262 1.636750 3.008128
v 1.198990 1.672962 3.013309
v 1.227949 1.636750 2.617004
v 1.228258 1.436442 2.617325
v 1.078220 1.672962 2.611822
v 1.411151 1.398346 3.012769
v 1.380691 1.436436 2.617330
v 1.381001 1.636767 2.617012
v 1.409024 1.673460 3.012378
v 1.531664 1.673461 2.612754
v 1.559687 1.636766 3.008120
v 1.560041 1.436697 3.007887
v 1.530198 1.399134 2.612118
v 0.949973 1.719970 2.479399
v 1.068216 1.642975 2.484747
v 0.829974 1.670142 2.932435
v 0.829910 1.403195 2.932648
v 0.950354 1.728971 2.932812
v 1.070667 1.670159 2.932430
v 0.950031 1.344024 2.932460
v 1.070725 1.402887 2.932513
v 0.951112 1.353029 2.479382
v 1.068992 1.430355 2.484629
v 0.831968 1.429894 2.485372
v 0.950745 1.396345 2.489807
v 0.949897 1.676131 2.489806
v 0.832162 1.643346 2.484806
v 1.658773 1.720343 2.479402
v 1.540724 1.643339 2.484837
v 1.540148 1.430466 2.485049
v 1.538283 1.670165 2.932425
v 1.538227 1.402870 2.932507
v 1.658947 1.352656 2.479378
v 1.777305 1.430335 2.484633
v 1.659051 1.396345 2.489807
v 1.658604 1.344298 2.933123
v 1.779123 1.402808 2.932267
v 1.778845 1.670369 2.932577
v 1.658362 1.728886 2.933057
v 1.776564 1.642560 2.484709
v 1.658203 1.676132 2.489807
v 0.492417 1.687677 0.622143
v 0.916762 1.773094 0.611250
v 0.696515 1.881735 0.611850
v 0.475771 1.773528 0.611242
v 0.470302 1.272962 0.610549
v 0.459822 1.782959 1.502924
v 0.459355 1.257485 1.502120
v 0.695956 1.159094 0.611848
v 0.933190 1.258008 1.502308
v 0.922237 1.272527 0.610560
v 0.895851 1.346255 0.628335
v 0.495629 1.345703 0.628306
v 0.697062 1.244786 0.632307
v 0.696767 1.142440 1.504026
v 0.932562 1.783489 1.502748
v 0.695710 1.898678 1.503313
v 0.900781 1.689057 0.623167
v 0.695394 1.794819 0.632307
v 0.856269 1.467333 2.597729
v 1.019471 1.655456 2.588999
v 0.929927 1.662333 2.811929
v 1.103964 1.654603 2.811895
v 0.819118 1.682057 2.020792
v 1.202889 1.683680 2.019810
v 1.378255 1.472610 2.018458
v 1.098837 1.276075 2.811930
v 1.204154 1.250606 2.021520
v 0.819860 1.253274 2.019162
v 0.928721 1.275158 2.811903
v 0.818706 1.465951 2.812572
v 0.646883 1.462056 2.018458
v 1.012569 1.281524 2.587558
v 1.167140 1.464760 2.595012
v 1.205276 1.464611 2.812613
v 1.523458 1.467332 2.780430
v 1.611886 1.572213 2.774727
v 1.699465 1.467333 2.778209
v 1.611886 1.362452 2.774727
v 1.500090 1.466450 2.899667
v 1.414446 1.407143 2.432635
v 1.722473 1.344465 2.443835
v 1.613091 1.334241 2.899191
v 1.723682 1.468216 2.899667
v 1.807544 1.534986 2.434418
v 1.610679 1.600424 2.899191
v 1.499211 1.587996 2.443154
v -0.876454 1.616537 -0.204154
v -0.904121 1.536101 -0.298048
v -0.891339 1.508113 -0.167048
v -0.876454 1.616537 -0.069982
v -0.904121 1.536101 -0.163876
v -0.891339 1.508113 -0.032876
v -0.904121 1.536101 -0.432220
v -0.876454 1.616537 -0.338325
v -0.891339 1.508113 -0.301221
v -0.876454 1.616537 0.064190
v -0.891339 1.508113 0.101296
v -0.904121 1.536101 -0.029703
v -0.732259 1.721566 0.014353
v -0.730716 1.729851 -0.102828
v -0.729172 1.738135 0.014353
v -0.912192 1.468627 -0.469318
v -0.918376 1.469170 -0.620922
v -0.821257 1.480133 -0.715969
v -0.947222 1.464762 -0.429672
v -0.926932 1.467825 -0.611605
v -0.965913 1.461960 -0.575255
v 0.876454 1.616537 -0.204154
v 0.904121 1.536101 -0.298048
v 0.891339 1.508113 -0.167048
v 0.876454 1.616537 -0.069982
v 0.904121 1.536101 -0.163876
v 0.891339 1.508113 -0.032876
v 0.911760 1.590165 -0.410950
v 0.878768 1.536312 -0.433359
v 0.891339 1.552202 -0.281181
v 0.891339 1.508113 0.101296
v 0.904121 1.536101 -0.029703
v 0.876454 1.616537 0.064190
v -1.380994 1.436350 3.008128
v -1.530722 1.400140 3.013312
v -1.559682 1.636751 3.008128
v -1.409951 1.672959 3.013310
v -1.380994 1.636750 2.617004
v -1.409952 1.400140 2.611824
v -1.530725 1.672961 2.611821
v -1.559682 1.436350 2.617004
v -1.199921 1.399642 2.612751
v -1.197793 1.674755 2.612361
v -1.228253 1.636664 3.007802
v -1.227943 1.436334 3.008121
v -1.078745 1.673964 3.013017
v -1.048903 1.636404 2.617245
v -1.077280 1.399641 3.012381
v -1.049257 1.436334 2.617012
v 1.679463 1.211195 2.211331
v 1.685464 1.220015 2.210877
v 1.685455 1.220000 2.210600
v 1.690995 1.228143 2.210304
v 1.685481 1.220046 2.211472
v 1.701017 1.243127 2.213607
v 1.670338 1.197905 2.216552
v 1.686973 1.223768 2.217091
v 0.956022 1.471542 -0.083986
v 0.833517 1.482785 0.000346
v 0.837644 1.499864 0.002213
v 0.962510 1.471542 -0.009825
v 0.827756 1.482687 -0.072765
v 0.830429 1.499963 -0.072998
v 0.902215 1.472599 0.032814
v 0.902364 1.490268 0.032801
v 0.889314 1.481433 -0.115514
v 0.869315 1.496667 0.031631
v 0.816104 1.509646 -0.008739
v 0.864298 1.496108 -0.111287
v 0.931251 1.488270 -0.123480
v 0.981592 1.483571 -0.052649
v 0.903374 1.490258 -0.013483
v 0.940186 1.489742 0.037509
v 0.840764 1.501119 0.049668
v 0.923893 1.480141 0.085450
v 0.939288 1.410708 0.082813
v 1.002284 1.473806 -0.010644
v 0.982381 1.477073 -0.103182
v 0.999375 1.398667 -0.120189
v 0.780050 1.502544 -0.080547
v 0.870726 1.494147 -0.149234
v 0.790243 1.430843 -0.132793
v 0.818193 1.508909 -0.073924
v 0.781560 1.434439 0.033647
v 0.892189 1.490063 -0.070813
v 0.397477 1.697299 2.939291
v 0.398429 1.699645 1.404552
v 0.239127 1.697843 2.939342
v 0.237307 1.699566 1.403352
v 0.281968 1.826964 1.399998
v 0.281173 1.831121 2.622553
v -0.733766 1.552202 -0.926468
v -0.713004 1.513898 -0.794688
v -0.746548 1.568303 -0.772259
v -0.313942 1.773568 0.932464
v -0.324672 1.779647 1.536567
v -0.400679 2.045136 1.453394
v -0.404395 2.041047 1.304279
v 0.324676 1.779647 1.536571
v 0.313149 1.773972 0.932627
v 0.402568 2.044588 1.453393
v 0.403443 2.041019 1.303800
v 0.925949 1.503250 1.496774
v 1.285761 1.520416 1.485986
v 0.925315 1.540669 1.487179
v 0.922024 1.520416 0.744797
v 1.121197 1.520415 0.864999
v 0.697549 1.899439 1.459735
v 0.696705 1.890638 0.670999
v 0.698393 1.908239 0.670999
v 0.000052 2.028492 -0.503476
v 0.000038 2.064069 -0.437033
v 0.326585 2.040243 -0.283789
v 0.320095 2.046890 -0.078657
v 0.000019 2.063704 -0.218722
v -0.319664 2.047017 -0.078477
v -0.326472 2.040203 -0.284098
v 0.000104 2.028258 -0.272567
v -0.925949 1.503249 1.496774
v -1.285761 1.520416 1.485986
v -0.925315 1.540669 1.487179
v -0.922024 1.520416 0.744797
v -1.121198 1.520416 0.865000
v -0.935045 1.708435 2.922878
v -0.965115 1.686607 2.994216
v -0.915207 1.674017 2.912899
v -0.888902 1.618907 2.994395
v -0.873291 1.616926 2.924289
v -0.933870 1.563104 2.912899
v -1.001030 1.576864 2.994581
v -0.948573 1.538326 2.922282
v -1.011153 1.642921 2.912899
v -1.034997 1.635510 2.923248
v -0.956776 1.689635 2.937870
v -0.937923 1.688233 2.977178
v -0.998360 1.672157 2.977187
v -1.013528 1.648550 2.937849
v -1.015142 1.608163 2.977137
v -0.995576 1.576461 2.937865
v -0.972210 1.563214 2.977190
v -0.918393 1.570005 2.937861
v -0.899264 1.588707 2.977160
v -0.892659 1.650063 2.937880
v -0.897422 1.658506 2.977164
v -1.021112 1.513932 2.922866
v -0.904958 1.500091 2.993638
v -0.915207 1.502738 2.912899
v -0.871589 1.456056 2.923245
v -0.919018 1.403500 2.912899
v -0.917566 1.405724 2.994227
v -1.022483 1.448284 2.995433
v -0.953984 1.365712 2.922511
v -1.017992 1.453912 2.912899
v -0.980394 1.512571 2.937864
v -0.992655 1.504980 2.977160
v -1.017514 1.455516 2.937872
v -1.017535 1.455929 2.977178
v -0.994444 1.404118 2.977189
v -0.968549 1.390919 2.937845
v -0.932492 1.391851 2.977078
v -0.906692 1.407901 2.937891
v -0.889640 1.440386 2.977150
v -0.888267 1.460259 2.937855
v -0.919442 1.509764 2.977171
v -0.925783 1.512852 2.937859
v -1.089488 1.574432 3.006023
v -1.095984 1.550394 2.998813
v -1.099915 1.525240 3.057228
v -1.146776 1.471835 3.007295
v -1.159778 1.493871 3.057342
v -1.188154 1.522433 2.998813
v -1.158357 1.583848 3.058286
v -1.195121 1.567015 3.006407
v -1.172420 1.571674 3.016226
v -1.177607 1.566435 3.044493
v -1.187824 1.528154 3.016202
v -1.183393 1.514843 3.044513
v -1.149039 1.490276 3.016213
v -1.139496 1.489968 3.044506
v -1.097033 1.523349 3.016206
v -1.095412 1.531877 3.044493
v -1.114678 1.574473 3.016213
v -1.127884 1.581065 3.044512
v -1.654513 1.716126 2.923503
v -1.693403 1.673701 2.994102
v -1.684733 1.682959 2.912898
v -1.733395 1.590611 2.924292
v -1.694962 1.571674 2.994209
v -1.590009 1.564680 2.923137
v -1.589607 1.639416 2.995213
v -1.669136 1.560332 2.912899
v -1.600065 1.636364 2.912899
v -1.629411 1.684378 2.937860
v -1.594859 1.644999 2.977152
v -1.591797 1.618845 2.937850
v -1.600398 1.592144 2.977184
v -1.643555 1.561448 2.937876
v -1.673641 1.562123 2.977178
v -1.713589 1.594420 2.937932
v -1.720672 1.631538 2.977180
v -1.690552 1.680299 2.977184
v -1.706480 1.666428 2.937882
v -1.632445 1.685141 2.977149
v -1.675589 1.511156 2.994347
v -1.590397 1.440816 2.912894
v -1.722284 1.467050 2.912897
v -1.711548 1.413042 2.994521
v -1.750600 1.443060 2.924148
v -1.613407 1.381822 2.922373
v -1.588460 1.451105 2.994187
v -1.601910 1.526000 2.924477
v -1.675157 1.516291 2.937851
v -1.617185 1.506068 2.977166
v -1.608427 1.497869 2.937860
v -1.591302 1.454922 2.977144
v -1.596890 1.427767 2.937860
v -1.616805 1.402357 2.977175
v -1.664549 1.389368 2.937872
v -1.674891 1.392415 2.977184
v -1.716399 1.429898 2.977160
v -1.720644 1.453912 2.937876
v -1.697275 1.504722 2.977181
v -1.454915 1.579986 3.057350
v -1.509802 1.549437 2.998815
v -1.513574 1.521369 3.057664
v -1.520387 1.496323 3.006442
v -1.428346 1.510834 3.057469
v -1.408413 1.517963 3.006016
v -1.422329 1.522902 2.998815
v -1.466458 1.598919 3.007260
v -1.492501 1.575437 3.016221
v -1.429709 1.564306 3.044507
v -1.425481 1.558381 3.016207
v -1.429514 1.508480 3.044503
v -1.456533 1.490918 3.016210
v -1.473900 1.490282 3.044503
v -1.508945 1.515862 3.044503
v -1.511228 1.521371 3.016215
v -1.491804 1.576072 3.044501
v 1.581067 1.661518 2.922038
v 1.651103 1.692626 2.993477
v 1.730438 1.667029 2.922453
v 1.715198 1.602983 2.912899
v 1.715068 1.602811 2.994506
v 1.654243 1.533883 2.924041
v 1.607575 1.580765 2.994765
v 1.620375 1.578537 2.912899
v 1.629120 1.685056 2.912899
v 1.677201 1.686618 2.937860
v 1.601550 1.659754 2.937884
v 1.593521 1.641890 2.977166
v 1.616098 1.573700 2.937851
v 1.605260 1.585678 2.977205
v 1.656804 1.560425 2.977171
v 1.688373 1.568992 2.937891
v 1.714122 1.595970 2.977165
v 1.721374 1.626887 2.937848
v 1.704530 1.668710 2.977171
v 1.638312 1.687491 2.977150
v 1.585750 1.521232 2.923632
v 1.723584 1.453912 2.912899
v 1.724107 1.436685 2.995548
v 1.735313 1.481296 2.922636
v 1.676292 1.372312 2.922174
v 1.594653 1.425257 2.993464
v 1.589113 1.453912 2.912899
v 1.619908 1.508199 2.993385
v 1.613570 1.503328 2.937851
v 1.613368 1.502642 2.977170
v 1.597907 1.424587 2.977185
v 1.594865 1.433381 2.937891
v 1.645011 1.389628 2.937849
v 1.679470 1.393530 2.977156
v 1.708795 1.416010 2.937864
v 1.720381 1.464764 2.977186
v 1.718789 1.470380 2.937864
v 1.676811 1.515313 2.977144
v 1.685117 1.511852 2.937891
v 1.484335 1.587428 3.042739
v 1.510108 1.555977 2.998813
v 1.517886 1.503214 3.005424
v 1.510903 1.514919 3.057567
v 1.425007 1.517413 2.998813
v 1.420801 1.523311 3.057587
v 1.444412 1.482615 3.006727
v 1.410176 1.556853 3.005377
v 1.423514 1.554480 3.016201
v 1.439687 1.574461 3.044387
v 1.420529 1.528046 3.044513
v 1.429641 1.508873 3.016212
v 1.470356 1.489992 3.044487
v 1.474256 1.490049 3.016215
v 1.511617 1.522929 3.044514
v 1.512587 1.527395 3.016224
v 1.484739 1.580028 3.016206
v 1.489051 1.577674 3.044499
v 0.993247 1.698419 2.922588
v 0.874346 1.657649 2.923040
v 0.931483 1.681485 2.912899
v 0.891063 1.616578 2.994307
v 0.936060 1.541494 2.923022
v 0.911549 1.575038 2.912899
v 0.977735 1.566145 2.993999
v 1.029371 1.602731 2.923520
v 0.983588 1.686410 2.995114
v 1.015218 1.625190 2.912899
v 0.935927 1.687809 2.977163
v 0.995158 1.674397 2.977176
v 0.980186 1.684419 2.937857
v 1.016710 1.616613 2.937875
v 1.017343 1.620858 2.977177
v 0.983885 1.568440 2.977162
v 0.971577 1.562989 2.937873
v 0.909836 1.576461 2.977171
v 0.908659 1.578139 2.937878
v 0.887939 1.626908 2.937842
v 0.891024 1.644868 2.977176
v 0.909851 1.673633 2.937864
v 0.987944 1.531196 2.922118
v 0.924392 1.514850 2.994732
v 0.869748 1.475848 2.922900
v 0.931483 1.510206 2.912899
v 0.911857 1.404055 2.993206
v 0.911549 1.403759 2.912899
v 1.011576 1.417307 2.994561
v 1.012311 1.388194 2.922737
v 1.015218 1.453911 2.912899
v 0.972214 1.515654 2.937878
v 0.975823 1.514373 2.977149
v 1.014109 1.473391 2.977191
v 1.017597 1.456635 2.937869
v 1.000998 1.410393 2.977171
v 0.984623 1.397543 2.937870
v 0.932718 1.392281 2.977176
v 0.932273 1.392735 2.937837
v 0.891282 1.432951 2.937864
v 0.892468 1.430380 2.977157
v 0.903666 1.496568 2.977179
v 0.905282 1.498063 2.937859
v 1.106684 1.568100 3.057364
v 1.167878 1.575294 2.998813
v 1.118750 1.489965 3.041185
v 1.115486 1.496882 2.998813
v 1.191242 1.537228 3.057788
v 1.203503 1.521917 3.006774
v 1.103255 1.591904 3.006829
v 1.144973 1.583087 3.016218
v 1.185471 1.553156 3.016196
v 1.185006 1.554302 3.044497
v 1.171125 1.500259 3.016220
v 1.165126 1.495938 3.044520
v 1.107462 1.505007 3.044482
v 1.112138 1.500427 3.016199
v 1.097514 1.549931 3.016219
v 1.115231 1.574958 3.044506
v -0.397412 1.697510 2.939259
v -0.398512 1.698971 1.404732
v -0.239111 1.697582 2.939396
v -0.237179 1.700485 1.403096
v -0.281969 1.826964 1.399999
v -0.281173 1.831120 2.622554
v -1.830107 1.040261 1.580208
v -1.847557 1.039934 1.526384
v -1.870382 1.029343 1.526562
v -1.864359 0.976272 1.524691
v -1.841934 0.965113 1.542089
v -1.822419 0.976977 1.529159
v -1.810799 1.017189 1.529652
v -1.809574 0.994381 1.597751
v -1.887159 0.996736 1.578862
v -1.888911 1.015927 1.586701
v -1.854896 1.046476 1.598589
v -1.858412 1.048892 1.697456
v -1.847739 1.044605 1.644286
v -1.819720 1.029529 1.602683
v -1.810550 1.012582 1.630661
v -1.814020 0.977477 1.601634
v -1.832778 0.968417 1.601950
v -1.861839 0.963801 1.598490
v -1.882198 0.978929 1.593755
v -1.879337 1.032240 1.625740
v -1.870122 1.042369 1.620085
v -1.838966 1.042339 1.673264
v -1.818964 1.029299 1.659369
v -1.810901 0.999382 1.657027
v -1.823112 0.976246 1.656389
v -1.844519 0.964898 1.657824
v -1.873578 0.972705 1.644781
v -1.893458 0.987819 1.687215
v -1.894130 1.000542 1.638630
v -1.892700 1.023743 1.647895
v -1.875028 1.045275 1.718895
v -1.864392 1.046832 1.761468
v -1.829420 1.040861 1.703526
v -1.818254 0.990287 1.702051
v -1.839790 0.970917 1.713480
v -1.858948 0.961298 1.700978
v -1.879033 0.968595 1.696596
v -1.897409 1.009989 1.690571
v -1.891454 1.032846 1.718024
v -1.844567 1.044237 1.755228
v -1.829736 1.032698 1.755149
v -1.820183 1.012751 1.707415
v -1.823663 0.987081 1.757329
v -1.830730 0.974303 1.758978
v -1.865219 0.964736 1.747916
v -1.879446 0.965655 1.763326
v -1.895506 0.974259 1.753031
v -1.904104 0.991322 1.751992
v -1.901126 1.015282 1.736046
v -1.886746 1.041705 1.753070
v -1.877115 1.036917 2.004525
v -1.824041 1.020212 1.755559
v -1.905810 1.015424 1.779301
v -1.914468 1.008416 1.995819
v -1.823218 1.003102 1.767897
v -1.847665 0.968216 1.765264
v -1.895792 0.978835 1.984176
v -1.857759 0.988275 2.005625
v -1.618795 1.199492 1.261137
v -1.618901 1.197423 1.315416
v -1.615344 1.189650 1.189381
v -1.591754 1.188414 1.256283
v -1.643672 1.171105 1.189126
v -1.631519 1.125209 1.187336
v -1.573949 1.147473 1.191623
v -1.575074 1.155881 1.237081
v -1.583538 1.133771 1.250424
v -1.603338 1.114605 1.267097
v -1.617249 1.115039 1.246225
v -1.652653 1.136963 1.250177
v -1.636113 1.191106 1.257871
v -1.604233 1.191710 1.287592
v -1.576655 1.159656 1.277031
v -1.637714 1.118179 1.257599
v -1.657240 1.160613 1.255418
v -1.650453 1.184201 1.284121
v -1.639766 1.193772 1.322432
v -1.629115 1.194858 1.417801
v -1.579742 1.177905 1.265281
v -1.584471 1.155044 1.349898
v -1.584486 1.136850 1.313177
v -1.599620 1.119797 1.334263
v -1.616219 1.113813 1.343202
v -1.635044 1.116939 1.313881
v -1.654085 1.134399 1.307795
v -1.660460 1.178813 1.334262
v -1.646712 1.195934 1.416724
v -1.623938 1.192886 1.367130
v -1.600101 1.185088 1.390151
v -1.588631 1.180967 1.319605
v -1.640653 1.120457 1.367383
v -1.662695 1.129132 1.363820
v -1.672190 1.145273 1.388737
v -1.664816 1.155302 1.318208
v -1.667954 1.167500 1.360994
v -1.613891 1.188160 1.425226
v -1.587716 1.171032 1.372103
v -1.590807 1.164543 1.423920
v -1.590906 1.131605 1.371161
v -1.602386 1.129005 1.424491
v -1.612801 1.112880 1.412427
v -1.638757 1.109668 1.411127
v -1.653603 1.120738 1.408678
v -1.669213 1.165267 1.407112
v -1.652948 1.188263 1.390381
v -1.712359 1.176948 2.098530
v -1.625901 1.116843 1.419052
v -1.661133 1.131712 1.431227
v -1.665580 1.172484 1.444772
v -1.588681 1.144376 1.421309
v -1.673921 1.174853 2.086878
v -1.709479 1.126680 2.105990
v -1.661884 1.142252 2.103712
v -0.916966 1.198655 -0.737888
v -0.909807 1.191841 -0.804407
v -0.898232 1.194171 -0.742545
v -0.940527 1.172968 -0.806557
v -0.945342 1.145612 -0.806547
v -0.899618 1.119715 -0.797443
v -0.874124 1.159005 -0.801403
v -0.888210 1.126532 -0.759967
v -0.915913 1.116320 -0.744071
v -0.942125 1.128274 -0.749220
v -0.936225 1.189591 -0.744812
v -0.923078 1.196900 -0.680095
v -0.875020 1.166764 -0.731218
v -0.895458 1.123831 -0.708125
v -0.926084 1.119583 -0.701357
v -0.955985 1.149956 -0.732060
v -0.900266 1.194868 -0.675747
v -0.887245 1.183851 -0.710501
v -0.885303 1.172411 -0.654236
v -0.883283 1.145958 -0.662471
v -0.878218 1.142259 -0.729254
v -0.909910 1.116270 -0.661664
v -0.940996 1.123431 -0.703259
v -0.956092 1.134099 -0.682301
v -0.965341 1.157963 -0.658080
v -0.954666 1.170298 -0.746280
v -0.957874 1.175253 -0.689640
v -0.941324 1.192542 -0.661671
v -0.916543 1.196495 -0.635199
v -0.882280 1.156510 -0.628941
v -0.895348 1.129650 -0.649447
v -0.931624 1.117623 -0.634856
v -0.947656 1.121001 -0.633745
v -0.959871 1.182874 -0.634987
v -0.945070 1.193347 -0.580002
v -0.928296 1.195837 -0.574062
v -0.897604 1.191042 -0.626435
v -0.888701 1.140599 -0.576991
v -0.902598 1.131204 -0.577183
v -0.927772 1.120032 -0.578429
v -0.960292 1.125736 -0.580628
v -0.965572 1.140516 -0.612735
v -0.968123 1.153802 -0.574062
v -0.970150 1.172451 -0.579619
v -0.976293 1.185880 0.105938
v -0.891141 1.162290 -0.572927
v -0.943064 1.118137 -0.569182
v -0.956412 1.185975 -0.577552
v -0.908900 1.191892 -0.570448
v -0.898418 1.178377 -0.572133
v -0.911119 1.116260 -0.576217
v -0.965602 1.141334 0.095791
v -1.015451 1.171951 0.107189
v -1.011882 1.132252 0.110822
v -1.115384 1.125860 -0.035198
v -1.119230 1.115432 -0.107004
v -1.149235 1.096223 -0.111070
v -1.110860 1.045860 -0.107216
v -1.081903 1.073392 -0.102870
v -1.086363 1.101555 -0.101747
v -1.088767 1.057257 -0.037720
v -1.136371 1.044671 -0.051853
v -1.150118 1.052913 -0.051485
v -1.159908 1.066556 -0.047637
v -1.160939 1.089381 -0.052638
v -1.135136 1.122511 -0.034417
v -1.118152 1.122124 0.019818
v -1.097993 1.113453 -0.035170
v -1.101818 1.043546 -0.032153
v -1.123212 1.035857 -0.030529
v -1.166287 1.071839 -0.003838
v -1.155046 1.109321 -0.026691
v -1.096421 1.107142 0.010703
v -1.083603 1.086290 -0.032322
v -1.088364 1.075914 0.010975
v -1.108657 1.046266 0.053729
v -1.140116 1.041243 0.046459
v -1.151835 1.044275 0.015700
v -1.162367 1.060387 0.046810
v -1.166436 1.091177 0.014725
v -1.145784 1.115504 0.033593
v -1.139600 1.122827 0.075520
v -1.134848 1.125454 0.121397
v -1.116645 1.120441 0.115846
v -1.113688 1.117370 0.061742
v -1.095164 1.056576 0.057672
v -1.121090 1.039454 0.042038
v -1.162949 1.110868 0.083586
v -1.094020 1.100666 0.068481
v -1.090260 1.074684 0.067644
v -1.104394 1.053279 0.117426
v -1.134927 1.037671 0.124317
v -1.158449 1.047776 0.105464
v -1.172353 1.056916 0.115271
v -1.173436 1.072970 0.121474
v -1.174520 1.086785 0.118435
v -1.169735 1.084888 0.067599
v -1.173196 1.104703 0.117739
v -1.217327 1.103213 0.801049
v -1.113088 1.108658 0.144038
v -1.097327 1.102309 0.120074
v -1.104855 1.068167 0.153506
v -1.092961 1.083440 0.122499
v -1.153956 1.114748 0.131417
v -1.122653 1.048048 0.124321
v -1.152104 1.047292 0.153407
v -1.209239 1.054161 0.791956
v -1.163478 1.090113 0.803995
v -1.275004 1.054281 0.098429
v -1.270116 1.049751 0.142463
v -1.290865 1.026912 0.035415
v -1.277772 0.978792 0.036786
v -1.229917 0.987247 0.043415
v -1.250687 1.044934 0.038525
v -1.225580 1.015359 0.096618
v -1.228018 0.993405 0.107096
v -1.252245 0.971395 0.106770
v -1.272762 0.971213 0.095079
v -1.304401 0.995967 0.099284
v -1.304351 1.015764 0.096939
v -1.293757 1.043450 0.114661
v -1.250938 1.050918 0.111428
v -1.234064 1.037334 0.114654
v -1.228765 1.003827 0.152282
v -1.240746 0.981498 0.139564
v -1.294094 0.977773 0.111680
v -1.303244 1.033745 0.107599
v -1.288217 1.049933 0.148129
v -1.233871 1.020079 0.184555
v -1.251492 0.971527 0.166892
v -1.265955 0.967001 0.178583
v -1.308392 0.984313 0.188367
v -1.311808 1.001740 0.151051
v -1.311845 1.018573 0.157368
v -1.286970 1.051499 0.269050
v -1.272508 1.048772 0.264167
v -1.258619 1.049524 0.181323
v -1.243624 1.041618 0.191979
v -1.234960 1.002234 0.242953
v -1.242356 0.985854 0.215899
v -1.269089 0.970022 0.251218
v -1.281367 0.971668 0.156454
v -1.284023 0.968292 0.212298
v -1.299611 0.975304 0.193939
v -1.317186 0.998523 0.208619
v -1.316861 1.027404 0.224765
v -1.306516 1.040959 0.208543
v -1.283791 1.051647 0.208603
v -1.256954 1.048280 0.268742
v -1.243189 1.034992 0.241162
v -1.257192 0.974101 0.270331
v -1.287986 0.973814 0.279380
v -1.320800 0.997080 0.272508
v -1.311086 1.032896 0.278420
v -1.367476 1.027512 0.948891
v -1.244181 1.012019 0.282870
v -1.304023 0.978600 0.267867
v -1.326568 1.019442 0.280961
v -1.318353 1.011555 0.234569
v -1.303530 1.047184 0.263370
v -1.319852 1.033603 0.952348
v -1.238822 1.026421 0.269385
v -1.250014 0.989717 0.281804
v -1.314969 0.997071 0.937342
v -1.352938 0.981672 0.952422
v 1.868139 1.033745 1.524022
v 1.848750 1.044611 1.590778
v 1.857684 0.967780 1.525316
v 1.820367 0.978332 1.528377
v 1.806374 0.999270 1.548966
v 1.817369 1.030673 1.530636
v 1.811433 1.024094 1.602764
v 1.809537 0.987360 1.600321
v 1.836007 0.962786 1.584251
v 1.855116 0.961098 1.598773
v 1.871710 0.968477 1.592325
v 1.884916 0.983424 1.589447
v 1.889639 1.006568 1.588489
v 1.887905 1.025895 1.595886
v 1.863974 1.043797 1.674217
v 1.869199 1.041477 1.592506
v 1.848528 1.047349 1.650262
v 1.831044 1.043695 1.599301
v 1.808351 1.008304 1.607436
v 1.816522 0.973332 1.601584
v 1.839326 0.966687 1.637692
v 1.869516 1.047131 1.744539
v 1.838500 1.042336 1.702510
v 1.823792 1.033681 1.661830
v 1.812893 1.017441 1.655995
v 1.811640 0.999923 1.662544
v 1.823211 0.978745 1.654956
v 1.873063 0.968848 1.650728
v 1.893796 0.985855 1.651612
v 1.897176 1.009720 1.654707
v 1.884102 1.035734 1.652475
v 1.879752 1.037234 1.704185
v 1.853516 1.045410 1.754232
v 1.825877 1.027898 1.713499
v 1.821491 1.012427 1.743682
v 1.821820 0.995549 1.708375
v 1.830208 0.976213 1.729918
v 1.837920 0.966077 1.702790
v 1.856781 0.961073 1.703836
v 1.878955 0.965787 1.699201
v 1.891792 0.983780 1.703131
v 1.900332 1.004073 1.705626
v 1.900369 1.022056 1.722488
v 1.842282 1.038896 1.771795
v 1.833355 1.030788 1.754110
v 1.824994 0.992158 1.755030
v 1.845329 0.966855 1.761763
v 1.864164 0.964568 1.764180
v 1.877894 0.963192 1.751284
v 1.893732 0.976461 1.748519
v 1.902707 0.999019 1.750433
v 1.890999 1.035210 1.748756
v 1.909667 1.017850 1.983636
v 1.899386 0.975887 2.002164
v 1.859123 0.989514 2.003672
v 1.866929 1.030774 2.003175
v 1.624264 1.196125 1.259936
v 1.613015 1.190381 1.190551
v 1.649069 1.157777 1.186579
v 1.623612 1.122611 1.188308
v 1.590194 1.124774 1.193460
v 1.580286 1.172405 1.191681
v 1.574170 1.154732 1.237989
v 1.579081 1.134131 1.260372
v 1.607268 1.112041 1.258481
v 1.649685 1.127812 1.259185
v 1.658844 1.143755 1.251738
v 1.653561 1.172250 1.251849
v 1.644173 1.188881 1.259681
v 1.621750 1.198487 1.315117
v 1.602237 1.193776 1.258095
v 1.619579 1.196205 1.371204
v 1.590442 1.188365 1.269023
v 1.579063 1.174718 1.263802
v 1.576839 1.158182 1.285696
v 1.592512 1.115098 1.263147
v 1.630231 1.114466 1.263111
v 1.596835 1.185736 1.317294
v 1.586744 1.172530 1.352014
v 1.581515 1.156420 1.352995
v 1.585368 1.137121 1.321862
v 1.590309 1.121250 1.313016
v 1.609782 1.114050 1.348310
v 1.625315 1.114151 1.314713
v 1.647579 1.119788 1.331307
v 1.660684 1.131776 1.348683
v 1.664371 1.145278 1.334991
v 1.659669 1.166175 1.311768
v 1.641710 1.194279 1.365860
v 1.642836 1.189255 1.427318
v 1.626543 1.195098 1.419939
v 1.598936 1.188981 1.373528
v 1.584299 1.143754 1.371063
v 1.598708 1.124908 1.390957
v 1.630049 1.111941 1.363259
v 1.645465 1.115345 1.415886
v 1.655699 1.119473 1.403725
v 1.665738 1.172223 1.367261
v 1.648288 1.188455 1.330438
v 1.684414 1.180983 2.087025
v 1.608103 1.189194 1.423198
v 1.600798 1.172786 1.436906
v 1.591493 1.161052 1.417780
v 1.591454 1.137041 1.418334
v 1.612964 1.120867 1.420790
v 1.628618 1.110712 1.415562
v 1.667612 1.128273 1.412763
v 1.672101 1.146085 1.406222
v 1.668575 1.159077 1.416907
v 1.661635 1.180907 1.413283
v 1.719436 1.166578 2.103047
v 1.703589 1.126430 2.098039
v 1.658841 1.148347 2.106873
v 0.916743 1.196776 -0.736859
v 0.895018 1.192772 -0.740769
v 0.914465 1.119130 -0.805624
v 0.875153 1.180190 -0.801984
v 0.879676 1.181953 -0.728333
v 0.875892 1.165415 -0.730799
v 0.873380 1.150247 -0.734432
v 0.882518 1.134999 -0.731910
v 0.890561 1.122141 -0.735936
v 0.912569 1.113691 -0.737652
v 0.948798 1.128055 -0.734616
v 0.954475 1.145490 -0.742413
v 0.957214 1.164008 -0.745029
v 0.936655 1.180838 -0.806202
v 0.927275 1.198461 -0.684569
v 0.927507 1.199044 -0.609305
v 0.933315 1.195647 -0.737958
v 0.933167 1.116556 -0.728345
v 0.951388 1.182487 -0.732616
v 0.946039 1.195400 -0.631562
v 0.940404 1.199483 -0.579064
v 0.914161 1.199881 -0.637784
v 0.901902 1.195645 -0.688168
v 0.892545 1.181584 -0.639192
v 0.881159 1.161268 -0.674874
v 0.889432 1.131889 -0.675641
v 0.908071 1.114328 -0.677215
v 0.923807 1.114337 -0.663603
v 0.946038 1.121649 -0.676576
v 0.959563 1.139594 -0.676212
v 0.961420 1.167565 -0.681933
v 0.952529 1.186266 -0.674996
v 0.915610 1.183955 -0.506761
v 0.909543 1.195676 -0.575815
v 0.885351 1.153385 -0.626257
v 0.891935 1.129129 -0.620340
v 0.912222 1.117329 -0.624606
v 0.936824 1.114118 -0.607847
v 0.955412 1.132668 -0.624641
v 0.968581 1.158657 -0.630830
v 0.962536 1.179815 -0.608162
v 0.963381 1.173485 0.096153
v 0.896143 1.185433 -0.581608
v 0.887457 1.167690 -0.574436
v 0.889029 1.148260 -0.575061
v 0.902566 1.132099 -0.568017
v 0.917606 1.117581 -0.576046
v 0.946327 1.120203 -0.581358
v 0.960589 1.131918 -0.576652
v 0.970352 1.143945 -0.586798
v 0.968950 1.162267 -0.505399
v 0.970626 1.161648 -0.577513
v 0.952055 1.186872 -0.579257
v 1.015750 1.175351 0.108707
v 0.993135 1.123510 0.107525
v 1.129212 1.125208 -0.035229
v 1.150121 1.090052 -0.110476
v 1.129220 1.044948 -0.106692
v 1.079001 1.093917 -0.106135
v 1.090416 1.107233 -0.041701
v 1.079901 1.089433 -0.042036
v 1.079343 1.074119 -0.035567
v 1.092002 1.055286 -0.036734
v 1.109334 1.042132 -0.044690
v 1.150159 1.048409 -0.043838
v 1.160305 1.067906 -0.045292
v 1.155910 1.107137 -0.045434
v 1.147778 1.119098 -0.034873
v 1.128340 1.116037 -0.107726
v 1.111114 1.123149 -0.039666
v 1.130551 1.119657 0.017819
v 1.119010 1.123213 0.067793
v 1.130473 1.041031 -0.030951
v 1.162259 1.091558 -0.033746
v 1.157186 1.111364 0.023789
v 1.153183 1.119353 0.118472
v 1.134252 1.125020 0.117592
v 1.101914 1.116426 0.023094
v 1.087245 1.097917 0.016613
v 1.085907 1.074758 0.027972
v 1.092726 1.053564 0.021150
v 1.106341 1.042939 0.020031
v 1.129087 1.037957 0.020779
v 1.152302 1.050039 0.016009
v 1.170076 1.074559 0.017192
v 1.168512 1.093397 0.014513
v 1.143363 1.121109 0.063007
v 1.120837 1.115286 0.120122
v 1.102828 1.105309 0.075314
v 1.100252 1.094771 0.121656
v 1.090761 1.081337 0.079997
v 1.094716 1.060360 0.076168
v 1.114158 1.042826 0.074484
v 1.148550 1.048152 0.067972
v 1.169638 1.058274 0.067797
v 1.172980 1.083910 0.072632
v 1.166088 1.106314 0.069813
v 1.104660 1.111149 0.120723
v 1.094736 1.081266 0.127877
v 1.105412 1.060277 0.127851
v 1.124377 1.047060 0.135432
v 1.137742 1.038240 0.116364
v 1.162027 1.048868 0.120204
v 1.170541 1.066024 0.110890
v 1.176499 1.079356 0.121869
v 1.168533 1.100317 0.125274
v 1.215267 1.105925 0.806250
v 1.174682 1.100175 0.790937
v 1.219249 1.058293 0.803778
v 1.170607 1.064822 0.805828
v 1.273443 1.054344 0.110857
v 1.254645 1.042887 0.038305
v 1.298677 0.994904 0.034734
v 1.225210 1.003026 0.040899
v 1.228896 1.026818 0.102359
v 1.224397 1.005704 0.113025
v 1.243742 0.979495 0.040340
v 1.273991 0.970456 0.107440
v 1.287901 0.971648 0.109294
v 1.296860 0.979682 0.084923
v 1.305865 0.992610 0.103319
v 1.309239 1.017360 0.102011
v 1.303354 1.032837 0.106864
v 1.289245 1.045112 0.103463
v 1.274479 1.053382 0.212859
v 1.258650 1.053097 0.165292
v 1.259744 1.052695 0.106584
v 1.237986 1.043329 0.115560
v 1.232886 0.984186 0.110681
v 1.253073 0.969923 0.108980
v 1.310150 1.003988 0.145818
v 1.303246 1.044859 0.154296
v 1.286410 1.049357 0.165867
v 1.289174 1.051861 0.246183
v 1.281980 1.047660 0.277073
v 1.265358 1.051507 0.265776
v 1.247991 1.046519 0.176905
v 1.231304 1.023882 0.157003
v 1.230278 1.006417 0.178448
v 1.242621 0.978718 0.169177
v 1.263899 0.968181 0.157930
v 1.265148 0.977606 0.213762
v 1.285270 0.971102 0.173664
v 1.303329 0.980100 0.185938
v 1.309604 1.028759 0.171562
v 1.295715 1.043992 0.217212
v 1.254818 1.044238 0.243293
v 1.239533 1.032581 0.210285
v 1.239131 1.003146 0.240566
v 1.241491 0.987148 0.246262
v 1.257865 0.978262 0.269274
v 1.290903 0.969271 0.244648
v 1.316110 0.995756 0.211787
v 1.319839 1.014832 0.208911
v 1.315981 1.025177 0.235280
v 1.248288 1.027865 0.278596
v 1.238289 1.018033 0.264387
v 1.273075 0.968393 0.261451
v 1.295542 0.977659 0.331411
v 1.308245 0.979421 0.262086
v 1.317918 1.002390 0.270691
v 1.315299 1.036032 0.259741
v 1.303777 1.039906 0.268543
v 1.321466 1.035774 0.955619
v 1.369029 1.016093 0.935155
v 1.321643 0.982751 0.949271
v -1.217898 1.705775 2.105399
v -1.225662 1.713305 1.849015
v -0.636218 1.773537 1.864238
v -0.676459 1.807043 1.288080
v -0.678600 1.840325 1.846289
v -0.996143 1.663947 -0.039064
v -0.926365 1.744637 0.046576
v -1.102722 1.590385 0.005028
v -1.142236 1.605637 0.134004
v -1.072459 1.680573 0.223137
v -0.966142 1.753361 0.177174
v -1.078892 1.688916 0.219465
v -0.972309 1.763114 0.175613
v -0.934050 1.752432 0.044421
v -1.002459 1.671981 -0.042087
v -1.109498 1.599511 0.002731
v -0.816946 1.722597 -0.134473
v -0.848205 1.741653 -0.204203
v -0.872227 1.720643 -0.209862
v -0.947803 1.669473 -0.178217
v -0.967703 1.660747 -0.154168
v -0.948152 1.686877 0.003560
v -0.994852 1.666870 -0.061664
v -0.990730 1.679155 -0.031956
v -0.942302 1.736447 0.028904
v -0.918281 1.757457 0.034563
v -0.842704 1.808627 0.002918
v -0.822805 1.817353 -0.021131
v -0.795656 1.811230 -0.113635
v -0.822805 1.817353 -0.021131
v -0.876979 1.830623 -0.039301
v -0.842704 1.808627 0.002918
v -0.795656 1.811230 -0.113635
v -0.799778 1.798946 -0.143343
v -0.848205 1.741653 -0.204203
v -0.799778 1.798946 -0.143343
v -0.969991 1.697739 -0.164479
v -0.872227 1.720643 -0.209862
v -0.947803 1.669473 -0.178217
v -0.967703 1.660747 -0.154168
v -0.994852 1.666870 -0.061664
v -0.990729 1.679155 -0.031956
v -0.942302 1.736447 0.028904
v -0.918281 1.757457 0.034563
v -0.898357 1.653609 -0.413200
v -0.901383 1.632604 -0.429390
v -0.813979 1.719261 -0.350719
v -0.976960 1.581435 -0.397745
v -0.996859 1.572709 -0.373696
v -1.022074 1.585382 -0.251862
v -1.024008 1.578832 -0.281192
v -0.959469 1.655462 -0.174890
v -0.852429 1.727933 -0.219710
v -1.024008 1.578832 -0.281192
v -0.996859 1.572709 -0.373696
v -1.041480 1.582717 -0.263773
v -0.965783 1.663496 -0.177913
v -0.859200 1.737694 -0.221767
v -0.820944 1.727010 -0.352959
v -0.880283 1.654119 -0.430529
v -0.901383 1.632604 -0.429390
v -0.976960 1.581435 -0.397745
v -0.772489 1.849892 1.457871
v -0.775331 1.855389 0.784759
v -0.886338 2.070129 1.421877
v -0.910079 1.706943 2.567356
v -0.911525 1.704147 2.909750
v -0.853611 1.816176 2.891442
v -1.697415 1.704147 2.909750
v -1.698860 1.706943 2.567355
v -1.755327 1.816175 2.891442
v -0.837649 1.536550 2.929415
v -0.650435 1.536550 2.924049
v -0.796682 1.536550 2.541152
v -1.958502 1.536550 2.924051
v -1.771289 1.536550 2.929414
v -1.812254 1.536550 2.541151
v -1.567029 1.700412 1.596057
v -1.567239 1.674657 1.580598
v -1.588370 1.674612 1.555768
v -0.876674 1.853862 0.323396
v -0.857024 1.837441 0.281145
v -0.860972 1.831576 0.312435
v -1.832434 1.318273 2.391449
v -1.830884 1.319442 2.572008
v -1.830842 1.617639 2.391542
v -1.832008 1.614185 2.572967
v -1.415603 1.692275 2.387598
v -1.410481 1.244382 2.384442
v -1.410398 1.252640 2.198732
v -1.406331 1.680258 2.198426
v -1.832434 1.318272 2.094145
v -1.830884 1.319443 2.274704
v -1.830842 1.617639 2.094238
v -1.832007 1.614185 2.275663
v -1.415603 1.692275 2.090293
v -1.410481 1.244382 2.087137
v -1.410396 1.252640 1.901427
v -1.406330 1.680258 1.901121
v -1.832434 1.318273 1.796840
v -1.830884 1.319442 1.977399
v -1.830842 1.617639 1.796934
v -1.832008 1.614185 1.978358
v -1.415603 1.692275 1.792989
v -1.410482 1.244382 1.789832
v -1.410398 1.252640 1.604123
v -1.406331 1.680258 1.603817
v -1.084753 1.729424 1.485465
v -1.156904 1.696465 0.938400
v -0.908643 1.797212 1.488052
v -0.767003 1.763619 0.939900
v -0.845993 1.770589 0.394992
v -1.084805 1.729357 0.395118
v -0.984377 1.858001 0.807203
v -0.169679 1.893512 -0.690191
v -0.238051 1.927223 -0.771000
v -0.270462 1.927223 -0.771000
v -0.348152 1.916702 -0.589286
v -0.354120 1.933396 -0.723096
v -0.370326 1.936983 -0.695257
v -0.370326 1.949330 -0.599449
v -0.354120 1.952917 -0.571611
v -0.270462 1.959090 -0.523707
v -0.238051 1.959090 -0.523707
v -0.154393 1.952917 -0.571611
v -0.138188 1.949330 -0.599449
v -0.138188 1.936983 -0.695257
v -0.138188 1.949330 -0.599449
v -0.154393 1.952917 -0.571611
v -0.138188 1.936983 -0.695257
v -0.154393 1.933396 -0.723096
v -0.238051 1.927223 -0.771000
v -0.154393 1.933396 -0.723096
v -0.167155 1.977420 -0.702470
v -0.270462 1.927223 -0.771000
v -0.354120 1.933396 -0.723096
v -0.345913 1.985711 -0.599481
v -0.370326 1.936983 -0.695257
v -0.370326 1.949330 -0.599449
v -0.354120 1.952917 -0.571611
v -0.270462 1.959090 -0.523707
v -0.238051 1.959090 -0.523707
v -0.126669 1.870189 -0.964566
v -0.110464 1.899927 -0.982811
v -0.142875 1.899927 -0.982811
v -0.226533 1.906101 -0.934907
v -0.242739 1.909688 -0.907068
v -0.126669 1.880992 -0.759960
v -0.242739 1.922035 -0.811261
v -0.226533 1.925622 -0.783422
v -0.142875 1.931795 -0.735518
v -0.110464 1.931795 -0.735518
v -0.026806 1.925622 -0.783422
v -0.010600 1.922035 -0.811261
v -0.010600 1.909688 -0.907068
v -0.010600 1.922035 -0.811261
v -0.045437 1.964434 -0.804938
v -0.026806 1.925622 -0.783422
v -0.010600 1.909688 -0.907068
v -0.026806 1.906101 -0.934907
v -0.110464 1.899927 -0.982811
v -0.026806 1.906101 -0.934907
v -0.212346 1.943445 -0.926722
v -0.142875 1.899927 -0.982811
v -0.226533 1.906101 -0.934907
v -0.242739 1.909688 -0.907068
v -0.242739 1.922035 -0.811261
v -0.226533 1.925622 -0.783422
v -0.142875 1.931795 -0.735518
v -0.110464 1.931795 -0.735518
v 1.217943 1.705904 2.105403
v 1.225719 1.713304 1.849176
v 0.636245 1.773558 1.864299
v 0.676432 1.807039 1.288106
v 0.678600 1.840325 1.846289
v 0.254255 1.897484 -0.752753
v 0.270462 1.927222 -0.770999
v 0.238051 1.927222 -0.770999
v 0.370326 1.936983 -0.695257
v 0.354120 1.933396 -0.723096
v 0.254255 1.908287 -0.548150
v 0.354120 1.952917 -0.571611
v 0.370326 1.949329 -0.599449
v 0.238051 1.959090 -0.523707
v 0.270462 1.959090 -0.523707
v 0.138188 1.949329 -0.599449
v 0.154393 1.952917 -0.571611
v 0.154393 1.952917 -0.571611
v 0.137791 1.969083 -0.650694
v 0.138188 1.949329 -0.599449
v 0.238051 1.959090 -0.523707
v 0.330195 1.994870 -0.654015
v 0.270462 1.959090 -0.523707
v 0.354120 1.952917 -0.571611
v 0.370326 1.949329 -0.599449
v 0.370326 1.936983 -0.695257
v 0.354120 1.933396 -0.723096
v 0.270462 1.927222 -0.770999
v 0.238051 1.927222 -0.770999
v 0.154393 1.933396 -0.723096
v 0.138188 1.936983 -0.695257
v 0.154393 1.933396 -0.723096
v 0.138188 1.936983 -0.695257
v 0.956435 1.675502 0.122101
v 1.014490 1.658024 -0.032011
v 0.990469 1.679035 -0.026352
v 1.135750 1.590336 0.082419
v 1.109967 1.598129 0.023682
v 1.090067 1.606855 -0.000367
v 1.132994 1.616536 0.145895
v 1.060544 1.694839 0.212413
v 1.084566 1.673828 0.206754
v 0.965068 1.754735 0.156720
v 0.984968 1.746008 0.180769
v 0.984968 1.746008 0.180769
v 1.003685 1.766275 0.150794
v 0.965069 1.754735 0.156719
v 1.060544 1.694839 0.212413
v 1.084566 1.673828 0.206754
v 1.132993 1.616536 0.145895
v 1.109967 1.598129 0.023683
v 1.058865 1.656273 -0.024275
v 1.090067 1.606855 -0.000367
v 1.014490 1.658024 -0.032011
v 0.990469 1.679035 -0.026352
v 0.942042 1.736327 0.034507
v 0.937919 1.748612 0.064216
v 0.942042 1.736327 0.034507
v 0.937919 1.748612 0.064216
v 0.792947 1.752946 -0.107589
v 0.872226 1.720643 -0.209862
v 0.848205 1.741653 -0.204203
v 0.962202 1.656435 -0.044200
v 0.967703 1.660747 -0.154168
v 0.947803 1.669473 -0.178217
v 0.990729 1.679155 -0.031956
v 0.994851 1.666870 -0.061664
v 0.918280 1.757457 0.034563
v 0.942302 1.736447 0.028904
v 0.822804 1.817353 -0.021131
v 0.842704 1.808627 0.002918
v 0.842704 1.808627 0.002918
v 0.876978 1.830623 -0.039300
v 0.822804 1.817353 -0.021131
v 0.918280 1.757457 0.034563
v 0.942302 1.736447 0.028904
v 0.990729 1.679155 -0.031956
v 0.969991 1.697738 -0.164480
v 0.994851 1.666870 -0.061664
v 0.967703 1.660747 -0.154168
v 0.947803 1.669473 -0.178217
v 0.872226 1.720643 -0.209862
v 0.848205 1.741653 -0.204203
v 0.799777 1.798946 -0.143343
v 0.795655 1.811230 -0.113635
v 0.799778 1.798946 -0.143343
v 0.795655 1.811230 -0.113635
v 1.698865 1.706943 2.567355
v 1.697420 1.704147 2.909750
v 1.755332 1.816175 2.891441
v 0.853618 1.816175 2.891443
v 0.911529 1.704147 2.909750
v 0.910083 1.706944 2.567355
v 1.771295 1.536550 2.929415
v 1.958508 1.536550 2.924050
v 1.812263 1.536550 2.541152
v 0.650441 1.536550 2.924049
v 0.837655 1.536550 2.929415
v 0.796688 1.536550 2.541151
v 0.836966 1.662533 -0.387603
v 0.901383 1.632604 -0.429390
v 0.877362 1.653615 -0.423730
v 0.939243 1.591002 -0.238880
v 0.996859 1.572709 -0.373696
v 0.976960 1.581435 -0.397745
v 1.019886 1.591116 -0.251484
v 1.024008 1.578832 -0.281192
v 0.947437 1.669419 -0.184965
v 0.971458 1.648409 -0.190624
v 0.851961 1.729315 -0.240659
v 0.871860 1.720588 -0.216610
v 0.871860 1.720588 -0.216610
v 0.852138 1.746268 -0.292273
v 0.851961 1.729315 -0.240659
v 0.947437 1.669419 -0.184965
v 1.012236 1.645622 -0.332598
v 0.971458 1.648409 -0.190624
v 1.019886 1.591116 -0.251484
v 1.024008 1.578832 -0.281192
v 0.996859 1.572709 -0.373696
v 0.976960 1.581435 -0.397745
v 0.901383 1.632604 -0.429390
v 0.877362 1.653615 -0.423730
v 0.828934 1.710907 -0.362871
v 0.824812 1.723192 -0.333163
v 0.828934 1.710907 -0.362871
v 0.824812 1.723192 -0.333163
v 0.775332 1.855389 0.784759
v 0.772490 1.849891 1.457871
v 0.886338 2.070130 1.421877
v 1.585115 1.679549 1.590592
v 1.557075 1.681367 1.571412
v 1.585159 1.676913 1.549903
v 0.853582 1.861655 0.307980
v 0.848844 1.833547 0.300793
v 0.878166 1.832017 0.300141
v 1.832434 1.318273 2.391449
v 1.830883 1.319442 2.572008
v 1.830842 1.617639 2.391542
v 1.832007 1.614185 2.572967
v 1.415601 1.692275 2.387596
v 1.410480 1.244381 2.384440
v 1.410397 1.252640 2.198732
v 1.406331 1.680258 2.198426
v 1.832434 1.318272 2.094145
v 1.830884 1.319442 2.274703
v 1.830842 1.617639 2.094239
v 1.832008 1.614185 2.275662
v 1.415603 1.692275 2.090293
v 1.410482 1.244382 2.087136
v 1.410397 1.252640 1.901426
v 1.406330 1.680258 1.901120
v 1.832434 1.318273 1.796840
v 1.830884 1.319442 1.977399
v 1.830842 1.617639 1.796934
v 1.832008 1.614185 1.978358
v 1.415603 1.692275 1.792989
v 1.410482 1.244382 1.789832
v 1.410398 1.252640 1.604123
v 1.406331 1.680258 1.603817
v 1.084704 1.729443 1.485468
v 0.905866 1.797753 1.486627
v 0.766975 1.763419 0.938637
v 0.845950 1.770498 0.395118
v 1.156940 1.696679 0.939665
v 1.085443 1.729688 0.395239
v 0.983710 1.857243 0.801981
v 0.126669 1.870189 -0.964566
v 0.142875 1.899927 -0.982811
v 0.110464 1.899927 -0.982811
v 0.242739 1.909688 -0.907068
v 0.226533 1.906101 -0.934907
v 0.126670 1.880992 -0.759960
v 0.226533 1.925622 -0.783422
v 0.242738 1.922035 -0.811261
v 0.110464 1.931795 -0.735518
v 0.142875 1.931795 -0.735518
v 0.010600 1.922035 -0.811261
v 0.026806 1.925622 -0.783422
v 0.026806 1.925622 -0.783422
v 0.045437 1.964434 -0.804938
v 0.010600 1.922035 -0.811261
v 0.110464 1.931795 -0.735518
v 0.142875 1.931795 -0.735518
v 0.226533 1.925622 -0.783422
v 0.212347 1.943445 -0.926722
v 0.242738 1.922035 -0.811261
v 0.242739 1.909688 -0.907068
v 0.226533 1.906101 -0.934907
v 0.142875 1.899927 -0.982811
v 0.110464 1.899927 -0.982811
v 0.026806 1.906101 -0.934907
v 0.010600 1.909688 -0.907068
v 0.026806 1.906101 -0.934907
v 0.010600 1.909688 -0.907068
v 0.260475 1.708325 2.883622
v -0.414161 1.707686 2.944114
v 0.443654 1.609021 2.960820
v 0.415240 1.705367 2.949081
v 0.887184 1.536500 1.066147
v 0.456912 2.020135 0.702990
v -0.456690 2.018258 0.727013
v 0.195917 1.974883 1.071595
v 0.263523 1.821036 2.257669
v 0.167671 1.943003 2.100423
v -0.193475 1.977341 1.045216
v -0.275893 1.815515 2.273356
v -0.886219 1.539632 1.072281
v -0.444526 1.612771 2.961107
v 0.467174 1.077625 0.957076
v 0.910112 1.526428 -0.063769
v 0.910112 1.545766 -0.063769
v 0.468798 1.060658 -0.063769
v 0.913873 1.537846 -0.067336
v 0.450396 1.052783 -0.115633
v 0.233319 1.184388 -2.542911
v 0.157340 1.383192 -2.568625
v -0.000177 1.151020 -2.045071
v 0.000277 1.381045 -2.345573
v 0.454566 2.017710 -0.093045
v 0.275746 1.744472 -2.223185
v 0.000000 1.800173 -1.792238
v -0.262455 1.749390 -2.184565
v -0.160196 1.381364 -2.570631
v -0.913106 1.535673 -0.075907
v -0.194598 1.616512 -2.895589
v -0.453146 2.018900 -0.090816
v -0.468798 2.011536 -0.063769
v -0.910112 1.545766 -0.063769
v -0.446317 2.021205 -0.063769
v -0.013320 2.021205 -0.063769
v 0.013320 2.021205 -0.063769
v 0.446317 2.021205 -0.063769
v 0.468798 2.011536 -0.063769
v -0.910112 1.526428 -0.063769
v -0.468798 1.060658 -0.063769
v -0.449226 1.053886 -0.148525
v -0.243597 1.189272 -2.597481
v -0.446317 1.050989 -0.063769
v -0.468453 1.081053 0.975470
v 0.446317 1.050989 -0.063769
v -0.165733 1.944981 2.099563
v -0.269820 1.711767 2.881953
v -0.265719 1.714487 0.168470
v 0.257554 1.711127 0.170151
v -0.164503 1.894321 0.168754
v 0.165272 1.884033 0.169316
v 0.253761 1.747128 0.170282
v 0.274032 1.721982 2.720885
v 0.283641 1.710362 2.907007
v 0.211085 1.611441 -2.897362
v 0.095075 1.397594 -2.896654
v 0.112082 1.593919 -2.894080
v -0.083675 1.414247 -2.898066
vn 0.6889 0.3576 -0.6305
vn -0.6899 0.3595 -0.6284
vn -0.0002 -0.0740 -0.9973
vn -0.6775 -0.4368 0.5918
vn 0.0003 0.7887 0.6147
vn -0.6792 0.4287 0.5958
vn 0.6778 -0.4277 0.5980
vn -0.0107 -0.7952 0.6062
vn -0.6859 -0.3741 -0.6242
vn -0.0080 -0.7237 -0.6901
vn -0.0000 0.1284 -0.9917
vn 0.6817 -0.3544 -0.6400
vn -0.0002 0.7203 -0.6937
vn 0.6790 0.4288 0.5958
vn 0.6901 0.3599 -0.6279
vn -0.6880 0.3696 -0.6245
vn 0.0023 -0.0728 -0.9973
vn -0.6791 0.4384 0.5887
vn -0.6826 -0.3546 -0.6391
vn 0.6856 -0.3728 -0.6253
vn 0.0105 -0.7943 0.6074
vn 0.0085 -0.7249 -0.6888
vn -0.0033 0.1266 -0.9919
vn -0.0109 0.7932 0.6089
vn -0.0081 0.7260 -0.6876
vn -0.6787 -0.4279 0.5968
vn 0.6798 0.4289 0.5950
vn 0.6784 -0.4372 0.5905
vn -0.2891 -0.0225 -0.9570
vn 0.2894 -0.0241 -0.9569
vn -0.0006 -0.1043 -0.9946
vn -0.6311 -0.3599 -0.6872
vn -0.6342 0.3818 -0.6723
vn -0.0022 -0.7893 0.6140
vn -0.6786 0.4262 0.5982
vn -0.6807 -0.4254 0.5964
vn 0.6790 0.4250 0.5986
vn 0.0013 0.7906 0.6124
vn 0.0030 -0.7205 -0.6935
vn 0.2999 0.0371 -0.9532
vn 0.0002 0.1391 -0.9903
vn -0.2891 0.0373 -0.9566
vn 0.6330 -0.3559 -0.6875
vn 0.6330 0.3895 -0.6690
vn -0.0031 0.7197 -0.6943
vn 0.6805 -0.4265 0.5958
vn 0.3540 -0.0101 0.9352
vn 0.0013 -0.7366 0.6763
vn -0.7642 -0.0074 0.6449
vn 0.1150 0.4732 0.8734
vn -0.1143 0.4714 0.8745
vn 0.3791 0.7237 -0.5767
vn -0.3824 0.7178 -0.5818
vn -0.3272 -0.0963 0.9401
vn -0.3816 -0.7202 -0.5794
vn 0.0974 -0.3910 0.9152
vn 0.3785 -0.7210 -0.5805
vn -0.1070 -0.4626 0.8801
vn -0.8633 0.0015 -0.5047
vn -0.0516 0.7262 0.6856
vn 0.7461 -0.0268 0.6653
vn -0.1334 -0.0001 -0.9911
vn -0.8013 0.5913 -0.0912
vn 0.1259 0.9605 -0.2480
vn 0.9027 0.3553 -0.2426
vn 0.9085 -0.3419 -0.2401
vn 0.1354 -0.9597 -0.2462
vn -0.7973 -0.5965 -0.0920
vn -0.5064 -0.5246 0.6844
vn 0.9047 0.0140 0.4259
vn 0.4991 -0.7035 0.5060
vn -0.4723 0.5212 0.7108
vn 0.4943 0.7054 0.5080
vn 0.7716 -0.6145 -0.1646
vn 0.4941 0.5165 0.6993
vn 0.4847 -0.5189 0.7041
vn -0.1260 0.0008 -0.9920
vn 0.7699 0.6159 -0.1671
vn -0.4255 0.8225 -0.3775
vn -0.5980 0.6587 0.4567
vn -0.6066 -0.6535 0.4527
vn -0.4107 -0.8285 -0.3808
vn 0.7550 -0.6556 0.0147
vn 0.4834 0.5244 0.7009
vn 0.4814 -0.5234 0.7031
vn 0.1315 0.0002 -0.9913
vn -0.1283 0.9608 -0.2459
vn 0.8025 0.5900 -0.0885
vn -0.9049 0.3496 -0.2427
vn -0.9054 -0.3502 -0.2402
vn -0.1301 -0.9604 -0.2462
vn 0.7978 -0.5965 -0.0877
vn -0.4837 -0.7129 0.5076
vn -0.4945 0.7028 0.5115
vn -0.9178 -0.0025 0.3969
vn -0.4936 0.5162 0.6999
vn -0.7697 -0.6167 -0.1652
vn -0.4840 -0.5196 0.7041
vn -0.7700 0.6157 -0.1672
vn 0.5972 0.6600 0.4557
vn 0.4232 0.8242 -0.3763
vn 0.6080 -0.6512 0.4541
vn 0.4217 -0.8260 -0.3740
vn 0.1239 -0.0018 -0.9923
vn 0.1648 0.4534 0.8760
vn -0.3538 -0.5831 0.7313
vn 0.3401 0.1223 0.9324
vn -0.7589 0.3475 -0.5507
vn -0.3655 -0.0507 0.9294
vn -0.4096 -0.7205 -0.5595
vn -0.0070 -0.4959 0.8683
vn 0.7652 -0.3266 -0.5547
vn 0.4120 0.7174 -0.5617
vn -0.0885 0.7418 0.6647
vn 0.7705 -0.0287 0.6369
vn 0.0600 0.9938 -0.0934
vn -0.2750 0.9269 -0.2556
vn -0.1163 0.9932 -0.0090
vn 0.0165 0.9970 0.0753
vn -0.3723 0.9222 0.1046
vn 0.3067 0.9261 0.2197
vn -0.7758 -0.1662 0.6086
vn -0.0866 -0.1680 0.9820
vn -0.8438 -0.2534 -0.4732
vn 0.7790 -0.2166 -0.5884
vn 0.0880 -0.1730 -0.9810
vn 0.8011 -0.2352 0.5504
vn 0.4628 0.8697 -0.1718
vn 0.6701 -0.4700 -0.5746
vn 0.4852 -0.6335 0.6027
vn -0.4852 -0.6335 -0.6027
vn -0.6674 0.4713 0.5766
vn -0.6701 -0.4700 0.5746
vn 0.4895 0.6311 0.6018
vn 0.6674 0.4713 -0.5766
vn -0.4895 0.6311 -0.6018
vn -0.4923 0.6312 0.5994
vn -0.6698 -0.4678 -0.5766
vn -0.4819 -0.6372 0.6014
vn -0.6656 0.4707 -0.5792
vn 0.4918 0.6319 -0.5990
vn 0.6654 0.4707 0.5794
vn 0.6706 -0.4653 0.5777
vn 0.4852 -0.6339 -0.6023
vn 0.6880 0.3699 -0.6244
vn -0.6889 0.3717 -0.6223
vn -0.0001 -0.0733 -0.9973
vn -0.6774 -0.4368 0.5919
vn 0.0004 0.7991 0.6011
vn -0.6782 0.4383 0.5899
vn 0.6777 -0.4277 0.5982
vn -0.0107 -0.7952 0.6063
vn -0.6859 -0.3740 -0.6243
vn -0.0000 0.1285 -0.9917
vn 0.6817 -0.3543 -0.6401
vn -0.0002 0.7302 -0.6832
vn 0.6780 0.4385 0.5899
vn -0.6788 0.4382 0.5893
vn -0.6886 0.3723 -0.6222
vn -0.6868 -0.3605 -0.6311
vn -0.0002 -0.7201 -0.6939
vn 0.6801 -0.4280 0.5952
vn -0.0003 -0.7885 0.6150
vn 0.6894 0.3567 -0.6305
vn 0.0012 0.1273 -0.9919
vn 0.6814 -0.3546 -0.6403
vn -0.0108 0.7937 0.6082
vn -0.0087 0.7260 -0.6876
vn -0.6793 -0.4277 0.5964
vn 0.6786 0.4283 0.5967
vn -0.3058 -0.0251 -0.9518
vn 0.2814 -0.0223 -0.9593
vn 0.0015 -0.1039 -0.9946
vn 0.6321 -0.3584 -0.6870
vn 0.6335 0.3820 -0.6728
vn -0.6324 -0.3552 -0.6884
vn -0.6338 0.3876 -0.6694
vn -0.6800 0.4253 0.5973
vn 0.0021 -0.7888 0.6147
vn 0.0005 -0.7217 -0.6922
vn 0.3036 0.0377 -0.9520
vn -0.0013 0.1384 -0.9904
vn -0.2877 0.0376 -0.9570
vn -0.0014 0.7898 0.6134
vn 0.0003 0.7208 -0.6931
vn -0.6814 -0.4266 0.5947
vn 0.6796 0.4265 0.5969
vn 0.6816 -0.4260 0.5949
vn 0.7399 -0.0038 0.6727
vn 0.0847 0.3909 0.9165
vn -0.2920 0.0019 0.9564
vn -0.0503 -0.7245 0.6875
vn -0.0908 0.4551 0.8858
vn 0.3769 0.7215 -0.5808
vn -0.3898 0.7174 -0.5774
vn 0.3226 -0.0911 0.9421
vn 0.3856 -0.7214 -0.5753
vn 0.8571 0.0134 -0.5149
vn 0.0886 -0.3898 0.9166
vn -0.0819 -0.3867 0.9185
vn -0.3786 -0.7190 -0.5828
vn -0.8579 -0.0117 -0.5137
vn -0.7452 -0.0232 0.6664
vn 0.0038 0.7176 0.6964
vn 0.7633 0.0020 0.6460
vn -0.0419 0.5004 0.8648
vn -0.3664 0.0443 0.9294
vn 0.0333 -0.5020 0.8642
vn -0.7612 -0.3328 -0.5566
vn 0.3678 -0.0506 0.9285
vn 0.4164 -0.7171 -0.5589
vn 0.7549 0.3541 -0.5521
vn -0.4187 0.7141 -0.5611
vn -0.7538 -0.0020 0.6571
vn -0.0000 -0.0526 0.9986
vn -0.0000 -0.0605 0.9982
vn -0.0000 -0.0476 0.9989
vn -0.0000 -0.0000 1.0000
vn 0.9428 -0.2357 -0.2357
vn 0.8165 -0.4082 -0.4082
vn 0.2085 0.9772 -0.0391
vn 0.2389 0.9706 -0.0299
vn 0.1892 0.9816 -0.0237
vn -0.0000 -0.0000 -0.0000
vn -0.0000 -0.0000 -1.0000
vn 0.2421 0.0605 -0.9684
vn 0.3876 0.0485 -0.9206
vn -0.0000 0.0948 -0.9955
vn 0.2355 -0.9714 0.0294
vn 0.2057 -0.9773 0.0514
vn 0.1871 -0.9821 0.0234
vn 0.7043 -0.4366 0.5597
vn 0.4862 0.6487 0.5855
vn -0.4862 -0.6487 0.5855
vn 0.4862 -0.6487 -0.5855
vn -0.7043 -0.4367 -0.5597
vn -0.4862 0.6487 -0.5855
vn 0.7043 0.4366 -0.5597
vn -0.6698 0.4678 0.5766
vn -0.4923 -0.6312 -0.5994
vn -0.6656 -0.4707 0.5792
vn -0.4819 0.6372 -0.6014
vn 0.4852 0.6339 0.6023
vn 0.6706 0.4653 -0.5777
vn 0.4918 -0.6319 0.5990
vn 0.6654 -0.4707 -0.5794
vn 0.1102 0.2203 0.9692
vn 0.4298 0.7756 -0.4622
vn 0.8272 -0.5619 0.0043
vn 0.8267 -0.5614 0.0388
vn 0.1612 0.0879 -0.9830
vn 0.3999 0.5956 0.6967
vn -0.8478 0.5284 -0.0453
vn -0.8260 0.5490 -0.1277
vn -0.8784 0.4761 -0.0417
vn -0.8066 0.4955 -0.3223
vn -0.7622 0.5604 -0.3240
vn -0.3806 0.8015 0.4613
vn -0.3893 0.8065 0.4450
vn -0.3288 0.8932 -0.3069
vn -0.3307 0.9026 -0.2756
vn -0.3318 0.9019 -0.2765
vn -0.0000 0.9997 0.0262
vn -0.0000 0.9996 0.0282
vn 0.1496 0.9885 -0.0240
vn 0.1129 0.9933 -0.0243
vn -0.4384 0.8603 0.2602
vn 0.1362 0.9907 -0.0039
vn 0.2052 0.9787 -0.0005
vn 0.0292 0.9953 -0.0923
vn 0.3252 0.7634 -0.5581
vn 0.2100 0.4897 0.8462
vn -0.7794 -0.3827 0.4960
vn 0.2983 -0.6132 0.7314
vn 0.8902 0.3884 0.2382
vn 0.2689 0.9483 0.1685
vn 0.3566 0.9331 -0.0474
vn 0.6296 0.6224 -0.4649
vn 0.0160 0.5825 -0.8127
vn -0.7597 0.6172 -0.2047
vn -0.6318 -0.4609 -0.6232
vn -0.3051 0.7494 0.5876
vn 0.6273 -0.5847 -0.5144
vn 0.7281 -0.0024 -0.6854
vn -0.3492 -0.0016 -0.9370
vn -0.5777 0.6530 0.4898
vn -0.5392 -0.5281 0.6560
vn -0.1190 -0.9929 0.0065
vn -0.0975 -0.9952 0.0065
vn 0.3492 -0.0016 -0.9370
vn 0.5777 0.6530 0.4898
vn 0.5392 -0.5281 0.6560
vn 0.0694 -0.9007 -0.4290
vn -0.8855 0.1435 -0.4419
vn 0.2044 0.8635 -0.4612
vn -0.1197 0.3145 0.9417
vn -0.5094 -0.6178 0.5990
vn 0.3291 0.0211 0.9441
vn 0.8659 -0.0759 -0.4945
vn -0.3462 -0.3283 0.8788
vn -0.2596 0.7886 0.5575
vn 0.7859 -0.2290 0.5744
vn 0.5168 -0.8553 -0.0369
vn 0.8502 -0.5252 -0.0351
vn -0.2258 -0.9741 -0.0088
vn -0.0510 0.9948 -0.0881
vn 0.2683 0.9613 -0.0624
vn 0.9364 0.3395 -0.0888
vn -0.6285 0.6493 -0.4282
vn -0.7064 -0.2262 0.6707
vn 0.3736 0.6949 0.6145
vn -0.4099 -0.7105 0.5719
vn 0.8616 0.1005 -0.4975
vn -0.4041 0.7142 0.5715
vn 0.3438 -0.3104 0.8863
vn -0.0946 -0.8934 -0.4392
vn 0.8213 -0.0451 0.5687
vn -0.6062 0.7953 0.0059
vn -0.9942 -0.0007 -0.1074
vn -0.9996 0.0278 -0.0008
vn -0.6746 -0.7320 -0.0955
vn -0.2854 -0.9549 -0.0823
vn 0.3093 -0.9505 0.0294
vn 0.9830 0.1796 0.0392
vn 0.9795 -0.1746 0.1008
vn 0.7024 -0.7117 -0.0072
vn -0.8862 0.2832 -0.3668
vn -0.3303 0.2921 0.8975
vn 0.7500 0.5005 -0.4324
vn -0.7198 -0.1986 0.6652
vn 0.6449 -0.0699 0.7610
vn -0.1389 -0.8859 -0.4427
vn -0.8254 0.2699 0.4959
vn 0.7313 0.2296 0.6423
vn -0.5986 0.7995 -0.0501
vn -0.7678 0.6377 0.0615
vn 0.2726 0.9621 0.0054
vn -0.9856 -0.1678 -0.0190
vn -0.8680 -0.4965 0.0092
vn -0.0745 -0.9968 -0.0279
vn 0.2362 -0.9675 -0.0902
vn 0.9884 -0.1495 0.0266
vn 0.8985 -0.4319 0.0788
vn 0.4134 -0.7095 0.5707
vn 0.6869 0.2891 0.6668
vn -0.4303 0.3712 0.8228
vn -0.8182 -0.3263 -0.4734
vn 0.0449 0.8961 -0.4415
vn -0.1382 -0.5985 0.7891
vn 0.6646 -0.6202 -0.4167
vn 0.1652 0.8155 0.5547
vn 0.3967 0.9115 -0.1087
vn 0.3387 0.9409 0.0079
vn 0.9303 0.3604 -0.0680
vn 0.9859 -0.0986 -0.1351
vn 0.8071 -0.5898 -0.0260
vn -0.9991 0.0367 0.0219
vn -0.8639 -0.5013 0.0479
vn -0.3003 -0.9530 0.0388
vn -0.8936 -0.0382 -0.4473
vn 0.4926 0.7501 -0.4412
vn 0.4265 -0.7960 -0.4295
vn -0.7095 0.1855 0.6798
vn 0.6644 -0.1321 0.7356
vn -0.4957 0.4273 0.7561
vn 0.6917 -0.1528 0.7059
vn -0.3972 -0.3491 0.8487
vn 0.5274 0.8483 0.0467
vn 0.7358 0.6716 -0.0874
vn -0.2619 0.9651 0.0095
vn 0.9985 0.0420 -0.0364
vn 0.9018 -0.4176 -0.1110
vn 0.5750 -0.8148 -0.0742
vn -0.1520 -0.9802 -0.1270
vn -0.9118 -0.4000 -0.0928
vn -0.9983 0.0074 -0.0576
vn -0.6545 0.7557 0.0240
vn -0.0635 0.8936 -0.4444
vn 0.8324 -0.2847 -0.4754
vn -0.6940 -0.5680 -0.4424
vn 0.6803 -0.1902 0.7079
vn 0.1525 0.3437 0.9266
vn -0.5745 0.1746 0.7997
vn -0.6602 0.2580 0.7054
vn 0.4505 -0.2974 0.8418
vn -0.4864 0.8737 -0.0076
vn -0.4760 0.8794 -0.0114
vn 0.8630 0.4860 -0.1379
vn 0.7008 0.7120 -0.0444
vn 0.8274 -0.5028 -0.2501
vn 0.2357 -0.9539 -0.1860
vn -0.2710 -0.9441 -0.1875
vn 0.7653 0.4416 -0.4684
vn 0.0149 -0.9036 -0.4281
vn -0.7974 0.3962 -0.4551
vn -0.1891 0.7248 0.6625
vn 0.4742 0.6565 0.5867
vn -0.7786 0.2637 0.5695
vn 0.3433 -0.7427 0.5749
vn 0.6054 -0.2762 0.7465
vn -0.5613 -0.2845 0.7772
vn 0.4878 -0.8721 -0.0377
vn 0.8940 -0.4450 0.0521
vn 0.0172 -0.9997 -0.0184
vn 0.9981 0.0605 -0.0064
vn 0.7604 0.6494 0.0084
vn 0.2998 0.9512 -0.0736
vn -0.2812 0.9572 -0.0684
vn 0.7656 0.5000 -0.4049
vn 0.0913 -0.8955 -0.4356
vn -0.5913 0.6623 -0.4602
vn 0.3286 0.3830 0.8633
vn 0.6316 0.0939 0.7696
vn -0.7279 0.0497 0.6839
vn 0.6034 0.0702 0.7943
vn -0.8648 -0.0802 0.4956
vn -0.2154 -0.9698 0.1146
vn 0.3483 -0.9297 0.1196
vn -0.8970 -0.4334 0.0871
vn 0.4290 0.9033 0.0004
vn 0.2855 0.9584 0.0047
vn 0.9841 0.1436 0.1041
vn 0.7015 -0.5356 -0.4701
vn -0.6429 -0.2189 0.7340
vn 0.5296 0.0828 0.8442
vn 0.7607 -0.3667 -0.5356
vn 0.6546 0.3444 0.6730
vn -0.5120 -0.1487 0.8460
vn -0.3101 -0.8571 -0.4113
vn 0.9615 -0.2736 0.0273
vn 0.9910 -0.1317 -0.0235
vn 0.5512 0.8341 0.0218
vn 0.3798 0.9188 -0.1073
vn -0.8117 0.3831 -0.4410
vn 0.3827 0.7734 -0.5053
vn -0.2303 -0.8555 -0.4638
vn 0.4993 0.6295 0.5953
vn -0.8271 0.0474 0.5601
vn 0.3453 -0.7380 0.5797
vn 0.0861 0.3704 0.9249
vn -0.3343 -0.2483 0.9092
vn 0.1831 -0.3053 0.9345
vn 0.8717 -0.2281 -0.4337
vn 0.4322 0.8976 -0.0863
vn -0.2447 0.9695 -0.0170
vn 0.7023 0.7104 -0.0460
vn 0.9889 -0.1258 -0.0786
vn 0.4843 -0.8746 0.0205
vn 0.9984 -0.0558 -0.0101
vn -0.8768 0.1171 -0.4664
vn 0.4632 0.7826 -0.4160
vn 0.5360 -0.6735 -0.5090
vn 0.5346 0.6032 0.5919
vn -0.8301 -0.0640 0.5540
vn 0.2876 -0.7549 0.5894
vn -0.1701 0.5483 0.8188
vn -0.1119 -0.9936 -0.0144
vn 0.5163 -0.0466 0.8551
vn 0.2691 0.9627 -0.0286
vn 0.9386 0.3440 -0.0256
vn 0.9973 0.0501 -0.0535
vn 0.7492 -0.6616 0.0297
vn 0.4838 -0.8750 0.0155
vn -0.2959 -0.9544 0.0384
vn -0.7391 0.6734 0.0156
vn -0.9582 -0.2862 0.0007
vn -0.9414 -0.3374 0.0064
vn -0.4087 -0.6357 0.6548
vn 0.3677 0.4029 0.8381
vn -0.2898 0.1174 0.9499
vn 0.0452 0.6732 -0.7381
vn 0.3680 0.5782 0.7282
vn 0.8036 -0.2272 -0.5501
vn -0.4735 0.7218 -0.5047
vn 0.6264 -0.7784 0.0413
vn -0.7269 -0.6798 0.0974
vn -0.5300 -0.8466 0.0495
vn -0.9542 0.2480 0.1671
vn -0.5591 0.8186 0.1320
vn 0.1135 0.9705 0.2129
vn 0.0972 -0.9644 -0.2458
vn -0.4582 -0.5010 -0.7342
vn 0.5668 -0.5194 -0.6395
vn 0.4925 0.8690 -0.0470
vn 0.7526 0.2593 -0.6053
vn 0.0530 0.7358 -0.6751
vn 0.9900 -0.1413 -0.0060
vn -0.9566 -0.1942 -0.2172
vn -0.6097 0.4207 -0.6718
vn 0.7746 0.6321 0.0207
vn 0.9689 0.2462 0.0260
vn 0.7905 -0.6119 0.0260
vn 0.3224 -0.9466 0.0028
vn -0.2604 -0.9652 -0.0233
vn -0.7876 -0.6085 -0.0964
vn -0.9378 0.3125 -0.1510
vn -0.7173 0.6903 -0.0943
vn -0.4990 0.8655 -0.0429
vn -0.0933 0.9941 -0.0546
vn 0.0285 0.9994 -0.0183
vn 0.1226 0.9922 -0.0232
vn 0.3910 0.9196 -0.0372
vn 0.8063 0.5898 0.0441
vn 0.7038 -0.7073 0.0668
vn 0.1662 -0.9861 0.0003
vn -0.4738 -0.8806 -0.0073
vn -0.8975 -0.4272 -0.1090
vn -0.9897 -0.1202 -0.0776
vn -0.4014 0.9149 -0.0434
vn -0.0455 0.9983 0.0360
vn 0.3869 0.9190 0.0762
vn 0.6432 0.7647 0.0391
vn 0.9757 0.1968 0.0967
vn 0.9258 -0.3609 0.1127
vn 0.5278 -0.8473 0.0596
vn -0.5439 -0.8331 -0.1002
vn 0.0269 -0.9995 0.0142
vn -0.9946 0.0740 -0.0727
vn -0.7883 0.6081 -0.0939
vn 0.8096 0.5721 0.1314
vn 0.9264 0.3067 0.2182
vn 0.9863 0.0765 0.1463
vn 0.9429 -0.3282 0.0572
vn 0.6727 -0.7398 0.0174
vn 0.0475 -0.9986 0.0227
vn -0.2202 -0.9750 0.0285
vn -0.7423 -0.6699 -0.0133
vn -0.9652 -0.2586 0.0385
vn -0.9662 0.2370 -0.1020
vn -0.8800 0.4665 -0.0893
vn -0.5677 0.8232 -0.0047
vn -0.9763 0.2161 0.0107
vn 0.1128 0.7060 0.6992
vn 0.5215 -0.3893 0.7593
vn 0.2362 -0.9700 0.0581
vn -0.4117 -0.8164 0.4051
vn 0.0836 0.9928 -0.0853
vn 0.4301 0.9018 0.0427
vn 0.0781 0.7420 -0.6659
vn 0.4914 0.8666 -0.0872
vn 0.7754 -0.1598 -0.6109
vn 0.3582 -0.9329 -0.0382
vn -0.3128 -0.6417 -0.7003
vn -0.8999 -0.4098 -0.1490
vn -0.6758 0.2955 -0.6753
vn -0.5226 0.8434 -0.1243
vn -0.3677 0.9299 0.0031
vn 0.7130 0.7001 -0.0371
vn 0.9974 -0.0171 0.0705
vn 0.9986 -0.0417 0.0326
vn 0.9778 0.2041 0.0468
vn 0.8305 -0.5570 0.0071
vn -0.4992 -0.8642 -0.0632
vn -0.7416 0.6626 -0.1049
vn 0.0880 0.9957 0.0298
vn 0.2132 0.9731 0.0874
vn 0.9978 -0.0039 0.0657
vn 0.9043 -0.4223 0.0626
vn 0.5857 -0.8098 0.0341
vn -0.3814 -0.9237 -0.0361
vn 0.0575 -0.9879 -0.1441
vn -0.8059 -0.5866 -0.0803
vn -0.9810 0.1193 -0.1530
vn -0.9905 -0.0731 -0.1167
vn 0.5850 0.8054 0.0957
vn 0.7775 0.6233 0.0835
vn 0.8394 -0.5388 0.0714
vn -0.7415 -0.6637 -0.0988
vn -0.9830 -0.1838 -0.0014
vn -0.5990 0.7984 -0.0606
vn -0.8312 0.5498 -0.0822
vn 0.8151 -0.2415 0.5266
vn 0.7639 -0.5593 0.3220
vn 0.2908 -0.9155 0.2780
vn 0.0876 -0.9552 0.2825
vn -0.2890 -0.9573 0.0014
vn -0.1332 -0.9647 0.2273
vn 0.4414 -0.8926 0.0920
vn -0.6560 -0.7544 0.0212
vn -0.3889 -0.9163 -0.0955
vn -0.8011 -0.5900 0.1008
vn -0.9465 0.3222 0.0170
vn 0.6936 0.2601 0.6718
vn -0.8993 0.4366 0.0261
vn 0.6347 0.7478 0.1948
vn 0.1405 0.9857 0.0927
vn -0.3312 0.9178 0.2192
vn -0.5412 0.5938 0.5954
vn 0.4923 0.7475 0.4461
vn 0.6593 -0.2264 0.7170
vn -0.4617 -0.5934 0.6593
vn -0.0894 0.9954 -0.0332
vn 0.5128 0.8569 -0.0522
vn 0.1079 0.7407 -0.6631
vn 0.2248 -0.7947 -0.5638
vn -0.6358 -0.3257 -0.6997
vn 0.7258 0.0495 -0.6861
vn 0.7128 -0.7009 -0.0260
vn -0.0845 -0.9946 -0.0603
vn -0.5556 0.8244 -0.1083
vn -0.5693 0.3957 -0.7207
vn 0.7704 0.6371 0.0235
vn 0.9629 0.2695 0.0157
vn 0.9863 0.1649 -0.0055
vn 0.9198 -0.3889 0.0520
vn 0.5929 -0.8048 0.0286
vn -0.2479 -0.9684 -0.0282
vn -0.6350 -0.7585 -0.1462
vn -0.4413 -0.8943 -0.0745
vn -0.9696 -0.2102 -0.1256
vn -0.9324 0.3227 -0.1627
vn -0.1000 0.9949 -0.0129
vn -0.4104 0.9107 -0.0476
vn 0.4040 0.9147 0.0117
vn 0.9493 0.3079 0.0633
vn 0.7626 -0.6435 0.0658
vn -0.8388 -0.5364 -0.0935
vn -0.8708 0.4799 -0.1073
vn -0.3527 0.9355 -0.0202
vn 0.0878 0.9933 0.0754
vn 0.2689 0.5323 0.8027
vn 0.0561 0.9982 0.0223
vn 0.6405 0.7634 0.0836
vn 0.2847 -0.9585 0.0135
vn -0.1116 -0.9937 -0.0066
vn -0.5033 -0.8623 -0.0563
vn 0.8062 0.5665 0.1708
vn 0.9732 0.1260 0.1922
vn 0.9959 0.0614 0.0657
vn 0.7109 -0.6505 0.2673
vn 0.9560 -0.2830 0.0767
vn 0.7149 -0.4189 0.5599
vn 0.2607 -0.6912 0.6741
vn 0.1087 -0.9850 0.1339
vn -0.3501 -0.9353 0.0507
vn -0.7015 0.7116 0.0393
vn -0.9347 -0.3541 -0.0306
vn -0.7434 0.0577 0.6663
vn 0.3697 0.6622 0.6518
vn -0.9794 -0.1938 0.0571
vn -0.8515 0.3204 0.4151
vn 0.7201 -0.4766 0.5042
vn -0.4331 -0.5928 0.6789
vn -0.6587 0.4275 0.6191
vn 0.0212 0.7297 -0.6834
vn -0.3873 0.9184 -0.0803
vn 0.2292 0.9726 -0.0377
vn 0.2120 0.9763 0.0432
vn 0.8808 -0.4735 0.0067
vn 0.0662 -0.7260 -0.6845
vn 0.7827 -0.2063 -0.5871
vn -0.6976 -0.6785 -0.2301
vn -0.6431 0.1993 -0.7394
vn 0.7226 0.6912 0.0078
vn 0.5564 -0.8309 -0.0067
vn 0.3375 -0.9413 -0.0110
vn -0.9175 -0.3516 -0.1861
vn -0.9668 -0.2457 -0.0699
vn -0.9739 0.1703 -0.1503
vn -0.7567 0.6476 -0.0896
vn 0.9976 0.0036 0.0693
vn 0.8243 -0.5631 0.0582
vn 0.7380 -0.6700 0.0800
vn 0.1935 -0.9799 0.0475
vn -0.2067 -0.9784 -0.0005
vn -0.4410 -0.8811 -0.1709
vn -0.4360 -0.8972 -0.0702
vn -0.9173 -0.3956 -0.0463
vn -0.5920 -0.8036 -0.0615
vn -0.9706 0.2314 -0.0667
vn -0.3414 0.9388 -0.0449
vn 0.6416 0.7616 0.0913
vn 0.4631 0.8849 0.0487
vn -0.0742 0.9667 0.2449
vn 0.8143 0.5765 0.0670
vn 0.8683 0.4938 0.0478
vn 0.9927 -0.1021 0.0636
vn -0.6721 0.7357 -0.0832
vn -0.4528 0.8781 0.1547
vn -0.2561 0.9655 -0.0468
vn 0.6283 0.7339 0.2582
vn -0.5086 -0.8605 -0.0291
vn -0.8814 -0.4685 0.0607
vn -0.9806 -0.1955 0.0115
vn -0.5879 0.5568 0.5868
vn 0.7664 0.6189 0.1720
vn 0.9729 -0.0121 0.2309
vn 0.9224 -0.3275 0.2050
vn -0.8410 0.4473 0.3044
vn 0.6611 -0.7287 0.1787
vn 0.4774 -0.8532 0.2103
vn -0.3825 -0.9222 0.0567
vn 0.1717 -0.9580 0.2299
vn 0.7324 0.1535 0.6634
vn -0.3638 -0.8108 0.4585
vn -0.9948 0.1014 0.0114
vn -0.6528 0.6840 -0.3256
vn 0.0164 0.9996 0.0248
vn 0.3413 0.6966 -0.6311
vn 0.2609 0.9648 -0.0318
vn 0.9809 0.1834 -0.0647
vn 0.7023 -0.4168 -0.5771
vn 0.3442 -0.9378 -0.0450
vn -0.3178 -0.6420 -0.6978
vn -0.9346 -0.3039 -0.1847
vn -0.6082 0.3319 -0.7211
vn -0.3193 0.9470 -0.0352
vn -0.1475 0.9890 -0.0071
vn 0.2690 0.9631 0.0062
vn 0.8159 0.5781 0.0095
vn 0.9804 -0.1797 0.0804
vn 0.9155 -0.4001 0.0411
vn -0.1361 -0.9863 -0.0935
vn -0.6096 -0.7866 -0.0987
vn -0.9825 0.0655 -0.1742
vn -0.8637 0.4911 -0.1131
vn -0.5403 0.8357 -0.0981
vn -0.8360 -0.4808 -0.2643
vn 0.0962 0.7642 0.6378
vn 0.1436 0.9622 0.2315
vn 0.9587 0.2745 0.0746
vn -0.8139 -0.5766 -0.0716
vn -0.5399 -0.8407 -0.0409
vn -0.9805 -0.1655 -0.1061
vn -0.9662 0.2374 -0.1000
vn 0.0747 -0.9972 -0.0049
vn 0.5421 -0.8396 0.0349
vn 0.1773 -0.9828 0.0513
vn -0.2158 -0.9763 0.0145
vn -0.2714 -0.9615 -0.0438
vn -0.9756 -0.2061 -0.0759
vn -0.9945 -0.0009 -0.1051
vn -0.9306 0.3604 -0.0638
vn -0.9388 0.3256 -0.1125
vn -0.6866 0.7238 -0.0686
vn -0.7490 0.6208 0.2315
vn 0.3023 0.7455 0.5940
vn 0.9592 0.1638 0.2305
vn 0.4060 0.6679 0.6238
vn 0.4824 -0.8111 0.3307
vn 0.7639 -0.6407 0.0769
vn -0.6297 -0.7711 0.0943
vn -0.6643 -0.4413 0.6033
vn -0.5902 0.7898 0.1669
vn 0.8224 0.5616 0.0913
vn -0.0311 -0.9938 0.1067
vn -0.6615 0.1136 0.7413
vn 0.7802 -0.5796 0.2354
vn 0.9815 -0.1258 0.1443
vn 0.4428 0.5149 0.7340
vn 0.7408 -0.4630 0.4866
vn -0.2904 -0.6639 0.6892
vn -0.6968 0.4187 0.5824
vn 0.3254 -0.6450 -0.6914
vn 0.5878 -0.8067 -0.0618
vn 0.1318 -0.9912 0.0128
vn 0.9730 -0.0351 -0.2280
vn 0.8798 -0.4412 -0.1770
vn 0.4662 0.5250 -0.7121
vn 0.8738 0.4676 -0.1334
vn 0.0212 0.9947 -0.1003
vn 0.4051 0.9110 -0.0765
vn 0.2228 0.9747 0.0188
vn -0.0781 0.9968 0.0162
vn -0.4118 0.9106 -0.0336
vn -0.8822 0.4704 0.0206
vn -0.9744 -0.1002 -0.2014
vn -0.9966 0.0720 0.0402
vn -0.9542 -0.2967 0.0380
vn -0.5573 -0.5044 -0.6595
vn -0.6229 -0.7823 0.0039
vn -0.4886 -0.8725 0.0058
vn -0.4015 -0.9113 0.0915
vn -0.9448 0.3155 0.0888
vn -0.2520 -0.9659 0.0590
vn -0.7490 -0.6569 0.0862
vn 0.4130 -0.9099 -0.0394
vn 0.8670 -0.4935 -0.0691
vn 0.6645 0.7465 -0.0345
vn 0.5391 0.8411 -0.0440
vn 0.2331 0.9503 0.2062
vn -0.4290 0.9019 0.0495
vn -0.1948 0.9772 0.0850
vn -0.6915 0.7194 0.0651
vn -0.9702 -0.2114 0.1184
vn -0.9886 0.1093 0.1032
vn -0.9312 -0.3464 0.1131
vn -0.5079 -0.8609 0.0307
vn -0.0290 -0.9993 -0.0256
vn 0.6343 -0.7730 -0.0065
vn 0.9858 0.1436 -0.0871
vn 0.9886 -0.1302 -0.0757
vn 0.9049 0.4200 -0.0696
vn -0.6468 0.7596 0.0686
vn -0.2695 0.6406 0.7190
vn -0.8054 0.5835 0.1038
vn -0.9747 0.1836 0.1278
vn -0.7780 0.6113 0.1447
vn -0.9554 -0.2699 0.1198
vn -0.8121 -0.5762 0.0919
vn -0.2585 -0.9650 0.0452
vn 0.5450 -0.8324 -0.1005
vn 0.3220 -0.9466 0.0151
vn 0.8827 -0.4634 -0.0781
vn 0.8157 -0.5764 -0.0483
vn 0.9866 -0.1550 -0.0513
vn 0.9846 -0.1680 -0.0484
vn 0.5960 0.8029 0.0114
vn 0.8086 0.4395 0.3912
vn -0.5839 -0.3637 0.7258
vn -0.1983 -0.9745 0.1050
vn 0.4349 -0.5802 0.6886
vn 0.1380 0.9881 -0.0676
vn -0.3124 0.9485 -0.0518
vn -0.0411 0.9991 0.0055
vn -0.7109 0.3158 -0.6284
vn -0.9237 -0.3830 0.0010
vn -0.9787 -0.1511 -0.1390
vn -0.5426 -0.5769 -0.6106
vn 0.2252 -0.6461 -0.7293
vn -0.0576 -0.9960 -0.0678
vn 0.6370 0.7608 -0.1242
vn 0.0380 0.7599 -0.6489
vn -0.5970 0.8006 0.0523
vn -0.8954 0.4439 0.0343
vn -0.9960 0.0226 0.0866
vn -0.5439 -0.8389 -0.0199
vn 0.3324 -0.9402 -0.0744
vn 0.7199 -0.6830 -0.1236
vn 0.6376 0.7661 -0.0817
vn 0.3549 0.9348 0.0159
vn -0.1284 0.9910 0.0370
vn -0.5811 0.8118 0.0576
vn -0.9430 0.3173 0.1005
vn -0.9428 -0.3221 0.0862
vn -0.7512 -0.6523 0.1016
vn 0.1395 -0.9902 0.0006
vn 0.5270 -0.8479 -0.0576
vn 0.9642 -0.2236 -0.1429
vn 0.9861 -0.1345 -0.0975
vn 0.8965 0.4158 -0.1530
vn 0.9448 0.3172 -0.0816
vn -0.9954 0.0611 0.0742
vn -0.6562 -0.7486 0.0945
vn -0.2927 -0.9554 0.0386
vn 0.7273 -0.6818 -0.0782
vn 0.9195 -0.3798 -0.1012
vn 0.9297 0.3619 -0.0685
vn -0.6471 0.7598 0.0626
vn -0.3228 0.9441 0.0676
vn -0.9512 -0.2938 0.0942
vn -0.9476 0.2007 0.2485
vn 0.1336 -0.9903 -0.0377
vn -0.0555 -0.8693 0.4912
vn 0.9980 0.0071 0.0631
vn 0.7540 0.5906 0.2875
vn -0.7843 -0.4040 0.4708
vn -0.5515 -0.7901 0.2676
vn 0.4935 -0.8697 -0.0092
vn 0.7272 -0.4723 0.4981
vn 0.4505 -0.8812 0.1436
vn -0.9169 0.3191 0.2396
vn -0.1787 0.8766 0.4467
vn 0.3207 0.9287 0.1862
vn 0.3438 -0.7369 0.5820
vn 0.9799 0.1419 0.1403
vn -0.6347 -0.1028 0.7659
vn 0.6311 0.3112 0.7105
vn -0.6940 0.3808 -0.6110
vn -0.9812 0.1768 0.0774
vn -0.8190 0.5684 0.0787
vn -0.9701 -0.2407 -0.0316
vn -0.8519 -0.5189 -0.0715
vn 0.0194 -0.7086 -0.7054
vn 0.9299 -0.2804 -0.2381
vn 0.7752 -0.6087 -0.1688
vn -0.0393 0.9906 -0.1313
vn 0.3251 0.9365 -0.1315
vn 0.2107 0.9770 -0.0334
vn -0.2932 0.9558 0.0208
vn -0.4828 0.8756 0.0169
vn -0.3618 0.9314 -0.0396
vn -0.1053 -0.9930 -0.0527
vn -0.6783 -0.7286 -0.0953
vn 0.3728 -0.9254 -0.0685
vn 0.9759 0.0823 -0.2020
vn 0.5189 0.4573 -0.7222
vn 0.7949 0.5971 -0.1074
vn -0.5303 0.8440 0.0801
vn -0.9917 0.0304 0.1248
vn -0.8396 -0.5354 0.0923
vn -0.3655 -0.9289 0.0595
vn 0.1066 -0.9943 0.0039
vn 0.5910 -0.8065 -0.0189
vn 0.9774 0.1912 -0.0904
vn 0.7151 0.6952 -0.0732
vn 0.4750 0.8795 -0.0277
vn 0.0217 0.9996 0.0183
vn 0.3065 0.9365 0.1703
vn -0.6542 0.7545 0.0514
vn -0.9990 -0.0229 0.0381
vn -0.3612 -0.9312 0.0487
vn 0.7986 -0.6014 -0.0221
vn 0.7986 -0.6016 -0.0165
vn 0.9798 -0.1742 -0.0982
vn 0.8247 0.5655 -0.0073
vn -0.3123 0.9407 0.1325
vn -0.6497 0.7467 0.1424
vn -0.9393 0.3358 0.0706
vn -0.9589 0.1389 0.2474
vn -0.7763 -0.6267 0.0682
vn -0.8475 -0.2486 0.4691
vn -0.6873 -0.6651 0.2920
vn -0.1764 -0.8111 0.5577
vn 0.7878 -0.6132 -0.0572
vn 0.2926 -0.9561 0.0158
vn 0.9958 -0.0346 -0.0850
vn 0.9297 -0.3670 -0.0296
vn 0.6727 0.7312 0.1135
vn 0.6519 0.4486 0.6114
vn -0.7532 0.4389 0.4900
vn 0.3710 -0.9262 0.0673
vn 0.9789 0.2045 0.0031
vn 0.9911 0.1240 -0.0493
vn 0.7484 -0.6632 -0.0076
vn 0.0730 -0.7889 0.6101
vn 0.1331 0.7361 -0.6637
vn -0.3467 0.9371 -0.0412
vn 0.0986 0.9951 -0.0039
vn 0.0945 0.9955 0.0063
vn -0.7706 0.1532 -0.6187
vn -0.9602 0.2748 0.0497
vn -0.7415 0.6710 0.0027
vn -0.9600 -0.2794 0.0193
vn -0.7406 -0.6668 -0.0829
vn 0.1149 -0.7448 -0.6573
vn -0.3832 -0.9164 -0.1158
vn 0.9471 -0.2778 -0.1604
vn 0.6674 -0.7384 -0.0967
vn 0.6733 0.0996 -0.7326
vn 0.8582 0.4911 -0.1495
vn 0.5646 0.8233 -0.0577
vn 0.1793 -0.9831 -0.0377
vn 0.9762 0.1805 -0.1204
vn 0.3173 0.9467 -0.0559
vn -0.3445 0.9379 0.0416
vn -0.0777 0.8344 0.5457
vn -0.5332 0.8439 0.0596
vn -0.9200 0.3798 0.0967
vn -0.9891 -0.1262 0.0757
vn -0.8129 -0.5812 0.0380
vn -0.4349 -0.9001 0.0255
vn 0.1330 -0.9911 0.0103
vn 0.6338 -0.7713 -0.0579
vn 0.9636 -0.2437 -0.1099
vn 0.9352 0.3521 -0.0387
vn 0.8044 0.5919 -0.0510
vn 0.5897 0.8050 -0.0653
vn -0.8533 -0.5082 0.1172
vn -0.0237 -0.9997 0.0073
vn 0.8002 -0.5994 0.0198
vn 0.9389 0.3270 -0.1077
vn -0.7938 0.5972 0.1147
vn -0.3506 0.8942 0.2783
vn -0.9864 0.1267 0.1049
vn -0.9767 -0.1989 0.0808
vn -0.6585 -0.7421 0.1250
vn -0.6572 -0.7416 0.1348
vn 0.2836 -0.9579 -0.0450
vn 0.1317 -0.9497 0.2843
vn 0.4375 -0.8978 0.0504
vn 0.8946 -0.4435 -0.0551
vn 0.9878 -0.1540 -0.0244
vn 0.8090 0.5869 -0.0334
vn 0.9533 0.3013 -0.0201
vn 0.7661 0.6384 0.0740
vn 0.4021 0.7564 0.5158
vn -0.8929 0.3831 0.2367
vn -0.6111 0.6358 0.4715
vn 0.5727 -0.5620 0.5968
vn 0.9842 -0.1688 0.0541
vn -0.8187 -0.5386 0.1991
vn -0.5704 -0.3746 0.7310
vn -0.1342 -0.9732 0.1866
vn 0.4348 0.5880 0.6821
vn -0.1201 0.7148 -0.6890
vn -0.2407 0.9689 -0.0575
vn 0.1679 0.9848 -0.0455
vn 0.2907 0.9567 0.0128
vn -0.3019 -0.7081 -0.6383
vn 0.0890 -0.9878 -0.1276
vn -0.2873 -0.9566 -0.0484
vn 0.6414 -0.2324 -0.7312
vn 0.5520 -0.8149 -0.1767
vn 0.4054 -0.9088 -0.0988
vn 0.9205 -0.3865 -0.0568
vn 0.9760 0.1611 -0.1463
vn 0.5594 0.7944 -0.2365
vn 0.8043 0.5534 -0.2165
vn -0.6935 0.7201 -0.0213
vn -0.9118 0.4066 -0.0577
vn -0.7897 -0.0438 -0.6119
vn -0.7881 -0.6153 0.0172
vn -0.9960 -0.0792 0.0420
vn 0.1395 0.9898 -0.0303
vn -0.0546 0.9983 0.0186
vn 0.3053 0.9507 0.0538
vn 0.0076 0.9840 0.1778
vn -0.1998 0.9797 0.0143
vn -0.9284 0.3607 0.0892
vn -0.9234 -0.3738 0.0871
vn -0.1397 -0.9881 0.0647
vn 0.0860 -0.9963 -0.0049
vn 0.7052 -0.7050 -0.0756
vn 0.6783 0.7339 -0.0361
vn 0.9032 0.4246 0.0634
vn -0.6463 0.7595 0.0742
vn -0.3285 0.8974 0.2944
vn -0.6540 0.7536 0.0664
vn -0.7577 0.6457 0.0950
vn -0.9876 -0.0597 0.1451
vn -0.9883 0.1155 0.0992
vn -0.9811 0.1449 0.1279
vn -0.9917 -0.0670 0.1098
vn -0.6682 -0.7371 0.1013
vn -0.8161 -0.5445 0.1935
vn 0.9891 -0.1385 -0.0496
vn 0.9226 -0.3807 -0.0619
vn 0.9479 0.2942 -0.1220
vn -0.7755 -0.3041 0.5532
vn -0.8908 0.3714 0.2618
vn -0.2815 -0.9589 0.0365
vn -0.7033 -0.6867 0.1840
vn 0.7367 -0.6743 0.0515
vn 0.9888 0.1343 -0.0651
vn 0.9945 -0.0935 0.0482
vn 0.6625 0.7472 -0.0527
vn 0.9133 0.4072 -0.0067
vn 0.6920 0.7152 0.0981
vn 0.8247 -0.0141 0.5654
vn 0.2241 -0.9736 -0.0440
vn 0.3595 -0.9330 0.0158
vn -0.3344 0.6146 0.7145
vn -0.2993 -0.7340 0.6097
vn 0.9233 0.0896 0.3734
vn 0.4240 0.6549 0.6256
vn -0.4200 0.6719 0.6100
vn -0.5822 -0.3655 0.7262
vn 0.5786 -0.3893 0.7167
vn 0.9914 -0.0057 0.1310
vn 0.0286 0.9940 0.1052
vn 0.3916 0.9182 0.0599
vn -0.0227 0.9938 0.1089
vn 0.3146 0.5593 0.7670
vn -0.2509 0.5435 0.8010
vn -0.3945 0.9170 0.0593
vn -0.9914 -0.0002 0.1306
vn -0.3866 -0.9132 0.1292
vn 0.3860 -0.9141 0.1239
vn 0.9287 -0.3703 0.0221
vn 0.9998 -0.0000 0.0203
vn 0.5733 -0.8192 0.0174
vn 0.7216 -0.6742 -0.1573
vn 0.8349 -0.1219 0.5368
vn 0.5474 -0.4085 -0.7304
vn 0.0039 0.1914 -0.9815
vn -0.9934 -0.0380 -0.1079
vn 0.3398 -0.2785 -0.8983
vn -0.3284 -0.8209 -0.4672
vn -0.9752 0.0973 0.1986
vn -0.1772 0.9686 -0.1741
vn 0.5723 0.4369 -0.6940
vn -0.1225 0.5356 -0.8355
vn 0.5212 0.6828 -0.5120
vn 0.0119 0.9917 -0.1281
vn -0.0005 0.9750 -0.2223
vn -0.4520 0.7365 -0.5032
vn 0.9841 0.0301 -0.1748
vn -0.0089 0.9917 -0.1282
vn -0.9939 -0.0745 -0.0809
vn -0.1692 0.9847 -0.0412
vn -0.1550 0.9869 -0.0455
vn -0.3950 0.9184 0.0215
vn -0.7085 0.6673 -0.2297
vn -0.6774 0.6416 -0.3599
vn -0.6756 0.6402 -0.3657
vn -0.7312 0.6820 0.0146
vn -0.2005 0.9797 0.0005
vn -0.3951 0.9186 -0.0018
vn -0.0000 1.0000 0.0014
vn -0.0000 0.9964 -0.0850
vn 0.0010 0.9947 -0.1029
vn 0.1522 0.9856 -0.0743
vn 0.1650 0.9837 -0.0709
vn 0.3951 0.9186 0.0017
vn 0.5743 0.8187 -0.0003
vn 0.3951 0.9186 -0.0042
vn 0.7123 0.6708 -0.2063
vn 0.5934 0.5619 -0.5763
vn 0.7125 0.6710 -0.2049
vn 0.7319 0.6813 0.0111
vn -0.7296 -0.6837 0.0170
vn -0.7240 -0.6801 -0.1153
vn -0.9442 -0.3293 -0.0044
vn -0.7242 -0.6803 -0.1129
vn -0.0636 -0.9975 -0.0319
vn -0.1965 -0.9801 -0.0268
vn -0.3950 -0.9185 -0.0178
vn 0.0918 -0.9954 -0.0272
vn 0.1912 -0.9814 -0.0189
vn -0.0011 -0.9905 -0.1377
vn 0.4493 -0.8821 -0.1413
vn -0.5710 -0.8208 0.0163
vn -0.3950 -0.9185 0.0182
vn -0.0015 -0.9996 0.0274
vn 0.3951 -0.9185 0.0159
vn 0.8633 0.5045 0.0150
vn 0.6038 0.7901 0.1055
vn 0.0433 0.9956 0.0831
vn -0.7382 0.6746 0.0059
vn 0.4963 -0.8678 0.0253
vn -0.4926 -0.8697 0.0302
vn -0.6493 0.7514 0.1175
vn -0.8397 -0.5426 0.0231
vn -0.9946 -0.1039 0.0069
vn -0.4919 0.8651 0.0981
vn -0.4459 -0.8834 -0.1443
vn 0.7225 -0.4238 -0.5462
vn -0.3829 0.1923 0.9036
vn 0.9705 0.0057 -0.2409
vn 0.9121 0.4099 0.0038
vn 0.9138 0.4061 0.0035
vn 0.9240 0.3823 0.0037
vn 0.3280 -0.4951 0.8045
vn 0.3254 -0.4977 0.8040
vn 0.3306 -0.4995 0.8007
vn 0.6156 -0.1454 0.7745
vn -0.6749 -0.4834 -0.5576
vn 0.7694 -0.3403 -0.5406
vn -0.1645 0.8044 -0.5709
vn -0.2019 0.9776 0.0594
vn -0.3698 0.5547 -0.7454
vn -0.4106 0.5474 -0.7292
vn -0.4883 0.4883 -0.7233
vn 0.2966 0.8752 -0.3821
vn 0.2095 0.7092 0.6732
vn -0.1752 -0.6204 0.7645
vn -0.9647 -0.0265 -0.2620
vn -0.0000 -0.9807 0.1954
vn -0.6458 0.0143 0.7633
vn 0.9646 -0.0262 -0.2625
vn 0.0008 0.4284 0.9036
vn 0.6467 0.0137 0.7627
vn 0.0001 0.9537 -0.3007
vn 0.0003 -0.1998 -0.9798
vn -0.7680 -0.3450 -0.5396
vn 0.5684 -0.1585 0.8074
vn -0.6160 -0.1437 0.7745
vn 0.1620 0.8050 -0.5707
vn 0.6771 -0.4784 -0.5592
vn 0.2018 0.9776 0.0595
vn -0.9416 -0.1442 -0.3043
vn 0.8192 -0.3403 0.4616
vn -0.6649 -0.1355 0.7346
vn 0.3046 0.4227 0.8535
vn -0.2262 0.9733 -0.0385
vn 0.2378 0.0441 -0.9703
vn 0.6124 -0.7569 0.2280
vn 0.5935 -0.7686 0.2388
vn 0.5927 -0.7709 0.2332
vn -0.6362 0.7422 -0.2108
vn -0.6214 0.7392 -0.2597
vn -0.6182 0.7513 -0.2311
vn 0.8265 -0.3252 -0.4594
vn 0.6442 -0.6136 -0.4565
vn 0.7290 -0.5031 -0.4643
vn 0.4342 -0.8663 -0.2468
vn 0.3817 -0.9241 -0.0195
vn 0.4006 -0.9117 -0.0912
vn 0.3325 -0.9362 0.1139
vn 0.5097 -0.7908 0.3389
vn 0.2298 -0.9643 0.1313
vn -0.1670 -0.9027 0.3965
vn -0.4994 -0.3469 0.7938
vn 0.2034 -0.4646 0.8618
vn 0.0657 -0.4604 0.8853
vn 0.6501 -0.5604 0.5131
vn 0.5386 -0.7837 0.3092
vn 0.7517 -0.4864 0.4455
vn 0.8514 0.3734 -0.3684
vn 0.4455 -0.8944 -0.0390
vn -0.8437 0.1903 0.5020
vn -0.8952 -0.4444 -0.0332
vn 0.0106 0.9371 0.3488
vn -0.1034 0.8452 0.5243
vn 0.1728 0.9664 0.1905
vn -0.1143 0.9236 -0.3660
vn -0.3167 -0.9439 0.0936
vn -0.4356 -0.8082 0.3963
vn -0.3979 0.7766 -0.4884
vn -0.6314 0.7317 -0.2569
vn -0.3331 0.8043 -0.4921
vn 0.3397 0.4019 0.8503
vn -0.1834 -0.6690 0.7203
vn 0.9457 -0.2698 0.1815
vn 0.9737 -0.2239 -0.0425
vn 0.9470 -0.2688 0.1759
vn -0.4480 0.1752 -0.8767
vn -0.4373 0.6635 -0.6071
vn -0.4476 0.6040 -0.6594
vn 0.3277 0.2866 0.9002
vn 0.4607 -0.0000 0.8876
vn 0.0791 0.0536 0.9954
vn 0.0872 -0.0000 0.9962
vn -0.8660 -0.1833 -0.4653
vn -0.7071 -0.2301 -0.6686
vn -0.8806 -0.1770 -0.4395
vn -0.3143 -0.1378 -0.9393
vn -0.0872 -0.0000 -0.9962
vn 0.8357 -0.1885 -0.5159
vn -0.2022 0.9770 -0.0680
vn -0.8801 0.4693 -0.0719
vn 0.2292 0.8736 -0.4293
vn 0.2280 0.8740 -0.4291
vn -0.7997 0.6004 -0.0029
vn -0.6457 0.7119 -0.2760
vn -0.0664 0.6420 -0.7638
vn -0.0669 0.6409 -0.7647
vn -0.6669 0.6812 0.3019
vn 0.1097 0.0960 -0.9893
vn -0.2585 0.7547 0.6030
vn -0.8260 -0.5592 0.0708
vn 0.9962 -0.0001 -0.0871
vn 0.6174 -0.7693 0.1643
vn 0.6356 -0.7533 0.1689
vn 0.5752 -0.7982 0.1790
vn 0.6211 -0.5588 0.5495
vn 0.6746 -0.6670 0.3162
vn 0.6712 -0.6578 0.3417
vn 0.6592 -0.7216 0.2115
vn 0.5885 -0.7825 0.2032
vn 0.3943 -0.9021 0.1754
vn 0.8560 -0.1931 -0.4796
vn -0.0658 0.9972 -0.0356
vn -0.2158 -0.9764 0.0013
vn -0.6003 0.7673 -0.2256
vn -0.6116 0.7693 -0.1847
vn -0.6028 0.7641 -0.2299
vn -0.6363 0.7011 -0.3220
vn -0.6340 0.6661 -0.3929
vn -0.6151 0.5747 -0.5398
vn -0.6896 0.6404 -0.3382
vn 0.4639 0.3141 0.8284
vn -0.5163 -0.0000 0.8564
vn -0.2583 -0.1133 0.9594
vn 0.4337 -0.0000 0.9011
vn -0.7233 -0.5405 -0.4297
vn -0.4831 0.5046 0.7155
vn -0.7189 0.5455 -0.4308
vn -0.4765 -0.5127 0.7142
vn 0.6062 -0.6733 0.4233
vn 0.4401 0.5762 -0.6887
vn 0.4183 -0.5852 -0.6946
vn 0.5880 0.6847 0.4306
vn 0.9928 -0.1145 0.0358
vn -0.5959 -0.1728 0.7842
vn -0.9018 -0.4141 0.1233
vn 0.5720 0.0176 -0.8201
vn -0.5447 -0.1752 -0.8201
vn -0.1764 0.9840 -0.0248
vn 0.3609 0.1931 0.9124
vn 0.5665 -0.6427 -0.5158
vn 0.6844 -0.6583 -0.3136
vn 0.4058 -0.6691 -0.6225
vn -0.0000 -0.9229 -0.3850
vn -0.1858 -0.9729 -0.1376
vn -0.0250 -0.9895 0.1421
vn -0.0424 -0.9875 0.1519
vn -0.7889 -0.6127 0.0478
vn -0.4470 -0.8912 -0.0770
vn -0.3733 -0.9225 -0.0984
vn -0.8351 -0.5456 0.0703
vn -0.5924 -0.4301 0.6812
vn -0.5793 -0.4326 0.6908
vn -0.7799 -0.3736 0.5022
vn -0.4175 -0.4532 0.7876
vn -0.0000 -0.8398 0.5428
vn 0.1329 -0.9023 0.4100
vn 0.1764 -0.8890 0.4226
vn 0.4329 -0.8271 0.3585
vn 0.1061 -0.0235 0.9941
vn -0.0000 0.8437 0.5369
vn 0.9987 -0.0000 -0.0519
vn 0.8060 0.5306 -0.2624
vn 0.6919 0.5455 -0.4730
vn 0.8169 0.5720 -0.0737
vn 0.4183 0.8993 0.1276
vn 0.5697 0.4783 -0.6684
vn 0.2981 0.0660 -0.9523
vn -0.0873 -0.0000 -0.9962
vn 0.2523 0.0186 -0.9675
vn 0.7974 -0.5915 -0.1192
vn -0.0000 0.8067 -0.5909
vn 0.0872 -0.0000 -0.9962
vn -0.1710 0.9068 -0.3853
vn -0.0122 0.9926 -0.1208
vn -0.1666 0.8982 -0.4067
vn 0.2812 -0.0207 -0.9594
vn -0.0769 -0.4713 -0.8786
vn -0.7827 0.6123 -0.1120
vn -0.3891 0.8573 -0.3370
vn -0.4650 0.8313 -0.3044
vn -0.9391 0.2079 0.2737
vn -0.9821 -0.0803 -0.1706
vn -0.0000 0.4762 -0.8793
vn -0.5765 0.6081 0.5457
vn -0.7678 0.5155 0.3805
vn -0.5759 0.6083 0.5462
vn 0.0435 0.0096 0.9990
vn -0.7765 -0.0573 0.6276
vn -0.7044 -0.0000 0.7098
vn -0.0000 0.9435 0.3315
vn 0.1451 0.9768 0.1577
vn -0.0207 0.9930 -0.1159
vn -0.2523 0.0186 -0.9675
vn -0.0000 -0.6434 -0.7655
vn -0.2622 -0.6044 -0.7523
vn 0.2622 -0.6044 -0.7523
vn -0.4205 -0.6298 -0.6531
vn -0.3607 -0.9283 -0.0904
vn -0.3272 -0.9420 0.0744
vn -0.0000 -0.9965 0.0836
vn -0.3771 -0.9186 0.1184
vn -0.4500 -0.8142 0.3669
vn -0.2678 -0.4857 0.8321
vn -0.0000 -0.4335 0.9011
vn -0.2249 -0.4798 0.8481
vn 0.4180 -0.5586 0.7164
vn 0.4500 -0.8142 0.3669
vn 0.4502 -0.7669 0.4573
vn 0.3272 -0.9420 0.0744
vn -0.0000 -0.9986 0.0527
vn -0.2981 0.0660 -0.9523
vn -0.0000 0.4933 -0.8699
vn -0.0871 -0.0000 -0.9962
vn 0.6582 0.6436 0.3905
vn 0.6092 0.5876 0.5326
vn 0.7760 0.6251 0.0842
vn 0.3806 0.8628 -0.3327
vn 0.1652 0.9060 -0.3896
vn -0.0048 0.9857 -0.1682
vn -0.0258 0.9935 -0.1112
vn 0.3607 -0.9283 -0.0904
vn -0.0000 0.7901 -0.6130
vn -0.6263 0.3863 -0.6771
vn -0.6701 0.4851 -0.5618
vn -0.4459 0.3500 -0.8238
vn -0.1004 0.0074 -0.9949
vn -0.7860 0.5742 -0.2292
vn -0.3859 0.0854 -0.9186
vn -0.3473 0.9342 0.0818
vn 0.3859 0.0854 -0.9186
vn -0.1926 0.9723 0.1327
vn 0.1004 0.0074 -0.9949
vn -0.0000 0.9050 0.4255
vn 0.4344 0.5872 0.6830
vn 0.9416 -0.1444 -0.3042
vn -0.8191 -0.3402 0.4619
vn -0.2378 0.0441 -0.9703
vn 0.6649 -0.1352 0.7346
vn -0.3044 0.4233 0.8533
vn 0.2262 0.9733 -0.0386
vn -0.8475 0.5300 -0.0283
vn 0.2622 -0.6044 -0.7522
vn 0.4204 -0.6298 -0.6531
vn 0.3607 -0.9283 -0.0903
vn 0.3771 -0.9186 0.1184
vn 0.4500 -0.8141 0.3669
vn 0.4030 -0.4980 0.7679
vn -0.0000 -0.4336 0.9011
vn -0.4030 -0.4980 0.7679
vn -0.4501 -0.8141 0.3669
vn -0.6403 0.7150 0.2806
vn -0.1628 0.9786 -0.1261
vn -0.1466 0.9704 0.1921
vn -0.1339 0.9829 -0.1267
vn -0.0000 0.9643 0.2648
vn -0.2469 -0.0554 -0.9675
vn 0.3782 0.8647 0.3304
vn 0.3882 0.8619 0.3261
vn 0.5740 0.7850 0.2330
vn 0.9993 -0.0000 0.0371
vn -0.0000 0.7853 0.6191
vn 0.6408 0.7072 -0.2987
vn 0.6609 0.6817 -0.3137
vn 0.3882 0.7511 -0.5340
vn -0.5507 -0.1219 -0.8258
vn 0.7716 0.4492 -0.4504
vn 0.2776 0.7634 -0.5832
vn -0.0656 0.6585 -0.7497
vn 0.7964 0.0588 -0.6019
vn -0.0000 0.8657 -0.5006
vn -0.1466 0.8900 -0.4318
vn -0.2059 0.8582 -0.4702
vn -0.9973 0.0545 -0.0482
vn -0.6403 0.6205 -0.4527
vn -0.7405 0.5421 -0.3971
vn -0.9648 0.2136 0.1536
vn -0.9601 -0.0000 -0.2795
vn -0.3607 -0.9283 -0.0903
vn -0.9999 -0.0150 0.0019
vn -0.8126 -0.5477 -0.1993
vn -0.7277 -0.6612 -0.1826
vn -0.6712 -0.7213 -0.1710
vn -0.4246 -0.8883 0.1753
vn -0.4802 -0.8771 -0.0100
vn -0.6014 -0.7792 0.1764
vn -0.5067 -0.8552 0.1089
vn -0.4054 -0.8971 0.1756
vn -0.3383 -0.8512 0.4013
vn -0.3348 -0.8044 0.4908
vn -0.4233 -0.6531 0.6279
vn -0.6415 -0.3203 0.6970
vn -0.6655 -0.2996 0.6837
vn -0.7887 -0.1719 0.5902
vn -0.2209 0.8639 0.4526
vn 0.0001 0.0003 1.0000
vn -0.2836 -0.5507 0.7851
vn -0.6503 -0.5070 0.5658
vn 0.2399 0.8400 0.4867
vn -0.2478 0.9430 0.2220
vn -0.2510 0.9458 0.2061
vn -0.1864 0.8640 0.4678
vn 0.2981 0.7484 0.5926
vn 0.6250 0.7318 0.2718
vn 0.6713 0.7120 0.2060
vn 0.6671 -0.5835 0.4632
vn 0.6232 0.5920 0.5109
vn 0.5910 0.7557 -0.2822
vn 0.7547 0.6446 -0.1221
vn 0.4913 0.8707 -0.0216
vn -0.7636 -0.3410 0.5483
vn 0.4894 0.8697 -0.0640
vn 0.7546 0.5124 -0.4099
vn 0.4900 0.8372 -0.2429
vn 0.8254 0.4790 -0.2988
vn 0.2128 -0.3134 -0.9255
vn 0.7893 0.2212 -0.5728
vn 0.7410 0.1513 -0.6543
vn 0.5699 0.3756 -0.7309
vn 0.0199 0.6435 0.7652
vn 0.1471 -0.3540 -0.9236
vn 0.1958 0.6835 -0.7032
vn 0.6615 -0.4479 -0.6015
vn 0.1713 0.4341 -0.8844
vn 0.5780 -0.5056 -0.6405
vn -0.8154 -0.0000 -0.5789
vn 0.5825 0.7506 -0.3119
vn 0.3519 0.8305 -0.4317
vn 0.6454 0.7264 -0.2364
vn -0.4455 -0.8945 0.0390
vn 0.6279 -0.7429 -0.2320
vn 0.2129 0.9130 -0.3480
vn -0.1715 0.5109 0.8424
vn 0.0372 -0.9051 0.4236
vn -0.9727 -0.0713 0.2210
vn -0.9796 -0.1834 0.0817
vn -0.9643 -0.2638 -0.0247
vn 0.0695 -0.5755 0.8148
vn -0.9706 0.1779 0.1624
vn -0.6669 -0.6812 -0.3018
vn -0.5743 -0.7816 0.2435
vn -0.4973 -0.8649 -0.0683
vn -0.5490 -0.7965 0.2532
vn -0.9216 -0.1435 -0.3607
vn -0.9377 -0.1155 -0.3278
vn -0.8558 -0.2322 -0.4623
vn -0.3455 -0.9369 -0.0540
vn 0.3289 -0.8557 0.3995
vn 0.3706 -0.9174 0.1447
vn 0.3039 -0.7187 0.6254
vn 0.1863 -0.6370 0.7480
vn -0.4373 -0.6635 0.6071
vn -0.5806 -0.6169 0.5315
vn -0.6126 -0.5598 0.5579
vn -0.9468 0.0071 0.3217
vn -0.7814 -0.3401 0.5232
vn -0.8348 -0.2626 0.4839
vn -0.9583 0.0732 0.2764
vn 0.8902 -0.3904 -0.2348
vn 0.8396 -0.0000 -0.5432
vn 0.9962 -0.0000 -0.0872
vn -0.8030 0.5437 -0.2440
vn -0.0106 0.9371 0.3488
vn -0.1728 0.9664 0.1905
vn 0.1034 0.8452 0.5243
vn 0.2585 0.7547 0.6030
vn 0.6669 0.6812 0.3019
vn 0.0691 -0.0604 0.9958
vn 0.6314 0.7317 -0.2569
vn 0.7997 0.6004 -0.0029
vn 0.6457 0.7119 -0.2760
vn 0.2740 0.6667 -0.6931
vn -0.5666 0.6703 -0.4792
vn 0.8801 0.4693 -0.0719
vn 0.1223 -0.3645 -0.9232
vn -0.1627 0.8096 -0.5640
vn -0.3248 0.9370 -0.1284
vn 0.8911 0.2010 0.4068
vn 0.7513 -0.0891 -0.6540
vn 0.8806 -0.1770 -0.4395
vn 0.5586 -0.0358 -0.8286
vn -0.0966 0.0423 0.9944
vn 0.4369 0.0919 -0.8948
vn 0.1627 -0.1102 -0.9805
vn 0.4373 0.6635 -0.6071
vn 0.7527 -0.6583 0.0088
vn -0.9962 -0.0001 0.0872
vn 0.3979 0.7766 -0.4884
vn 0.3331 0.8043 -0.4921
vn -0.0807 -0.0081 0.9967
vn -0.1111 -0.7276 0.6770
vn 0.1143 0.9236 -0.3660
vn 0.0337 -0.9228 0.3839
vn 0.0360 0.0570 0.9977
vn -0.9883 0.0304 -0.1497
vn -0.0000 -1.0000 -0.0000
vn -0.7068 0.5547 -0.4389
vn -0.6286 0.1986 -0.7519
vn -0.6507 -0.4396 -0.6191
vn -0.6183 -0.5577 -0.5537
vn -0.7015 -0.7048 0.1053
vn -0.5041 -0.8587 -0.0920
vn -0.6864 -0.7159 0.1277
vn -0.1533 -0.9858 0.0682
vn -0.3690 -0.9289 -0.0317
vn -0.3014 -0.9535 0.0006
vn -0.0955 -0.9910 0.0936
vn 0.1053 -0.7376 0.6670
vn 0.0620 -0.9193 0.3887
vn 0.0814 -0.8543 0.5134
vn 0.1147 -0.6761 0.7278
vn -0.4846 -0.4606 0.7436
vn -0.2702 -0.5261 0.8063
vn -0.4748 -0.4644 0.7476
vn -0.5777 -0.4206 0.6995
vn -0.7559 -0.4712 0.4545
vn -0.8195 -0.4856 0.3043
vn -0.8608 -0.4244 0.2807
vn 0.9099 -0.3991 -0.1132
vn -0.2546 -0.8592 -0.4439
vn -0.0067 0.0305 -0.9995
vn -0.7291 0.6510 0.2113
vn -0.0990 0.9455 0.3102
vn 0.0393 0.9493 0.3119
vn 0.4700 0.8609 -0.1949
vn 0.5392 0.8338 0.1183
vn 0.4852 0.8515 -0.1988
vn 0.6713 0.7193 0.1787
vn 0.2533 -0.2215 -0.9417
vn 0.3991 -0.0000 -0.9169
vn 0.1740 0.5821 -0.7943
vn -0.5092 0.6025 -0.6146
vn 0.9839 0.1630 -0.0735
vn 0.9098 0.3792 0.1690
vn 0.9901 0.1234 -0.0665
vn 0.1801 -0.5367 -0.8244
vn -0.1623 0.8945 -0.4166
vn 0.9593 -0.0453 -0.2786
vn -0.2503 0.9631 -0.0989
vn 0.8775 0.1979 0.4368
vn 0.6500 0.3351 -0.6821
vn 0.7886 0.1673 -0.5918
vn 0.6616 0.3232 -0.6767
vn -0.8142 0.3571 -0.4577
vn 0.1742 0.9774 -0.1197
vn 0.5733 0.4068 -0.7112
vn -0.0879 -0.4411 0.8932
vn 0.3308 -0.2240 0.9167
vn 0.4434 0.6680 -0.5977
vn 0.6198 -0.5421 -0.5674
vn -0.7254 -0.4729 -0.5002
vn 0.3606 0.7936 -0.4901
vn 0.3147 0.8032 -0.5058
vn -0.1236 -0.9923 0.0108
vn 0.6226 -0.7366 -0.2642
vn -0.1686 0.9024 -0.3966
vn -0.1328 0.3958 0.9087
vn 0.2163 -0.8179 0.5331
vn -0.9890 -0.1193 -0.0879
vn 0.2242 -0.9705 0.0886
vn -0.9196 -0.2074 -0.3335
vn -0.3475 -0.9028 -0.2534
vn -0.3430 -0.9055 -0.2498
vn -0.3433 -0.8945 -0.2863
vn 0.4831 0.5046 0.7155
vn 0.7233 -0.5405 -0.4297
vn 0.7189 0.5455 -0.4308
vn -0.6062 -0.6733 0.4233
vn -0.4183 -0.5852 -0.6946
vn -0.4401 0.5762 -0.6887
vn -0.5880 0.6847 0.4306
vn 0.5937 -0.1709 0.7863
vn -0.9928 -0.1153 0.0327
vn 0.9030 -0.4104 0.1270
vn 0.5466 -0.1743 -0.8191
vn -0.5726 0.0164 -0.8197
vn 0.1740 0.9844 -0.0261
vn -0.3665 0.1941 0.9100
vn 0.4205 -0.6298 -0.6531
vn 0.4501 -0.8142 0.3669
vn 0.2678 -0.4857 0.8321
vn 0.2249 -0.4798 0.8481
vn -0.4180 -0.5586 0.7164
vn -0.4502 -0.7670 0.4573
vn -0.4501 -0.8142 0.3669
vn -0.6582 0.6436 0.3905
vn -0.6092 0.5876 0.5326
vn -0.4344 0.5872 0.6830
vn -0.7760 0.6251 0.0842
vn 0.0258 0.9935 -0.1112
vn 0.1926 0.9723 0.1327
vn 0.0048 0.9857 -0.1682
vn 0.7106 0.7013 -0.0570
vn 0.3473 0.9342 0.0818
vn 0.4163 0.9073 0.0587
vn 0.7640 0.6399 -0.0825
vn 0.0001 0.4933 -0.8699
vn 0.5741 0.3773 -0.7267
vn 0.7682 0.4012 -0.4989
vn 0.6263 0.3863 -0.6771
vn 0.4459 0.3499 -0.8238
vn -0.1652 0.9060 -0.3896
vn -0.3806 0.8628 -0.3327
vn 0.8625 -0.0001 -0.5060
vn -0.0000 -0.0728 -0.9973
vn -0.0033 -0.7443 0.6678
vn 0.0049 0.7443 0.6678
vn -0.7043 0.4367 0.5597
vn -0.8257 0.5641 -0.0045
vn 0.8294 -0.5586 0.0037
vn 0.8998 -0.0033 0.4362
vn -0.7281 -0.0024 -0.6854
vn -0.8998 -0.0032 0.4362
vn -0.6842 0.7292 -0.0093
vn -0.9397 0.3356 -0.0658
vn -0.9672 -0.2527 -0.0269
vn -0.6541 -0.7502 -0.0969
vn 0.8643 0.5030 -0.0033
vn 0.4087 0.9126 0.0058
vn -0.4068 0.9131 0.0262
vn 0.5252 0.8476 0.0760
vn 0.6163 0.7875 -0.0041
vn -0.7796 -0.1230 0.6140
vn 0.2318 -0.9726 -0.0162
vn -0.7544 0.6469 -0.1114
vn -0.4597 0.8856 -0.0666
vn -0.3490 -0.9369 -0.0192
vn -0.8963 -0.4390 -0.0628
vn -0.9546 -0.2980 -0.0041
vn -0.8492 0.5115 -0.1314
vn -0.9799 0.1679 -0.1080
vn -0.6502 -0.7510 -0.1156
vn -0.8479 -0.5249 -0.0737
vn -0.6869 0.7267 0.0052
vn -0.7117 0.7024 0.0086
vn -0.9759 -0.2166 0.0271
vn 0.8072 -0.5815 0.1016
vn 0.9585 0.2852 0.0019
vn -0.7389 0.4650 -0.4877
vn -0.5211 0.8424 -0.1372
vn -0.8920 0.4458 -0.0751
vn -0.9697 -0.2274 0.0895
vn -0.7455 -0.6600 0.0926
vn 0.0475 -0.9942 0.0963
vn 0.1962 -0.9805 -0.0107
vn 0.2576 -0.9662 0.0035
vn -0.6363 -0.7682 0.0703
vn -0.6571 -0.7537 -0.0122
vn -0.9985 -0.0356 0.0427
vn -0.9565 0.2769 0.0914
vn -0.6308 0.7754 -0.0312
vn 0.3147 0.9492 0.0021
vn -0.3392 -0.9407 -0.0070
vn -0.7099 0.7042 -0.0024
vn 0.9115 0.3821 0.1521
vn 0.9495 0.3137 0.0029
vn 0.4265 -0.9032 -0.0475
vn 0.9872 -0.1313 0.0906
vn -0.9381 -0.3350 -0.0881
vn -0.7962 0.0448 0.6034
vn 0.9311 0.3553 0.0824
vn 0.3377 -0.9412 -0.0030
vn -0.2376 -0.9712 -0.0187
vn -0.9732 0.2276 -0.0316
vn -0.9952 0.0070 -0.0972
vn -0.7633 0.6419 -0.0734
vn 0.6766 0.4773 -0.5607
vn 0.9868 0.1466 0.0681
vn 0.4959 -0.8657 0.0678
vn 0.6004 -0.7989 0.0346
vn -0.9963 0.0299 -0.0809
vn 0.7612 -0.6467 0.0487
vn 0.7284 0.6841 0.0381
vn -0.5653 0.5611 -0.6046
vn -0.8763 0.4683 0.1127
vn 0.9206 -0.3899 0.0201
vn -0.3592 0.3729 0.8555
vn -0.1295 -0.9889 0.0731
vn 0.6949 0.0873 -0.7138
vn -0.1945 -0.9805 0.0274
vn 0.0370 0.9410 0.3364
vn -0.8039 0.5934 0.0407
vn -0.8756 0.4612 0.1436
vn 0.2694 -0.9371 0.2222
vn 0.3312 -0.9426 -0.0412
vn 0.7315 -0.6765 -0.0850
vn -0.4765 0.7837 0.3984
vn -0.2961 0.9538 0.0504
vn -0.8483 0.5066 0.1544
vn -0.5043 0.6747 0.5389
vn -0.7655 0.6379 0.0844
vn 0.9952 0.0735 -0.0645
vn -0.5402 0.6142 0.5753
vn -0.4643 0.1673 0.8697
vn -0.8765 -0.4461 0.1807
vn -0.6059 -0.7801 0.1558
vn 0.4933 -0.5917 0.6376
vn -0.0132 -0.9957 0.0917
vn 0.9256 0.3727 -0.0659
vn 0.4525 -0.8917 -0.0121
vn 0.8777 0.4661 0.1115
vn -0.2473 -0.9680 0.0424
vn 0.0068 0.9956 -0.0934
vn -0.0141 0.9984 -0.0545
vn 0.6882 -0.0000 0.7255
vn 0.7220 -0.6746 -0.1537
vn 0.9835 -0.1704 -0.0607
vn -0.2503 -0.0947 -0.9635
vn -0.7087 0.6675 -0.2284
vn -0.9290 0.3695 0.0215
vn 0.5774 0.5471 -0.6060
vn -0.9998 -0.0000 0.0210
vn -0.8489 -0.4999 -0.1714
vn -0.9709 -0.0000 0.2395
vn -0.0000 -0.9997 0.0261
vn 0.3951 -0.9186 -0.0007
vn 0.0054 0.9948 0.1013
vn -0.9689 0.0246 -0.2462
vn -0.7171 0.6775 -0.1633
vn 0.7173 0.6780 -0.1605
vn -0.5688 -0.1569 0.8074
vn -0.1946 0.7131 0.6735
vn 0.1750 -0.6207 0.7642
vn 0.1147 -0.3600 -0.9259
vn -0.3138 0.8698 -0.3807
vn -0.1093 -0.3613 -0.9260
vn 0.8474 0.5301 -0.0284
vn 0.6136 -0.7596 0.2158
vn 0.6166 -0.7504 0.2379
vn 0.5339 -0.8050 0.2588
vn -0.5994 0.7646 -0.2370
vn -0.6075 0.7592 -0.2337
vn -0.6255 0.7504 -0.2137
vn 0.8578 -0.2454 -0.4516
vn 0.4438 -0.8432 -0.3036
vn -0.5724 -0.3187 0.7555
vn 0.6048 -0.5207 0.6026
vn 0.9139 -0.2870 0.2872
vn 0.4455 -0.8945 -0.0390
vn -0.8629 -0.3784 0.3351
vn -0.8952 -0.4444 -0.0331
vn 0.8574 -0.1934 -0.4769
vn 0.2363 0.9717 0.0050
vn -0.4357 -0.8082 0.3962
vn 0.1803 0.5372 0.8239
vn -0.5070 -0.5998 0.6190
vn 0.4607 -0.0000 0.8875
vn -0.3636 -0.3180 0.8756
vn -0.4369 0.0919 -0.8948
vn -0.0636 -0.0431 0.9970
vn -0.2061 -0.0904 -0.9743
vn -0.9532 -0.1344 -0.2708
vn -0.2021 0.9770 -0.0680
vn -0.8622 0.1945 0.4677
vn -0.1635 -0.0000 0.9865
vn -0.7962 0.6012 0.0676
vn -0.1883 -0.1516 0.9703
vn -0.0196 -0.0172 -0.9997
vn 0.8030 0.5437 -0.2440
vn 0.6084 -0.5376 0.5838
vn 0.5031 -0.8400 0.2032
vn 0.5727 -0.8015 0.1720
vn 0.6697 -0.7116 0.2126
vn -0.0657 0.9972 -0.0356
vn -0.8450 0.1906 0.4996
vn -0.6121 0.7535 -0.2399
vn -0.6002 0.7616 -0.2443
vn -0.6363 0.7050 -0.3132
vn -0.3809 -0.2579 0.8879
vn 0.4731 0.2075 0.8562
vn -0.0000 -0.9921 0.1258
vn -0.0000 -0.9904 0.1381
vn -0.0000 -0.9913 0.1317
vn -0.5547 -0.8321 -0.0000
vn -0.4472 -0.8944 -0.0000
vn -0.0000 -0.8682 0.4963
vn 0.4915 -0.7373 0.4635
vn 0.4964 -0.7446 0.4462
vn -0.1764 -0.9671 -0.1834
vn 0.8117 -0.5793 0.0747
vn -0.0434 0.0096 0.9990
vn -0.0000 -0.8459 -0.5334
vn 0.4084 0.4817 -0.7754
vn -0.0768 -0.4713 -0.8786
vn -0.6331 0.0467 -0.7726
vn -0.9821 -0.0803 -0.1705
vn 0.8044 -0.1780 -0.5668
vn -0.8283 0.5557 -0.0716
vn -0.1061 -0.0235 0.9941
vn -0.4141 0.6474 0.6398
vn 0.5851 0.0432 0.8098
vn 0.1666 0.9720 0.1658
vn 0.7639 0.6400 -0.0825
vn 0.1636 0.9010 -0.4019
vn -0.7640 0.6399 -0.0825
vn -0.1832 0.9634 0.1958
vn -0.2059 0.9494 0.2373
vn 0.2776 0.8863 0.3706
vn 0.7925 0.6049 -0.0779
vn -0.0000 -0.9024 -0.4310
vn 0.9753 0.2159 -0.0478
vn -0.4764 -0.0352 -0.8785
vn -0.2468 -0.0554 -0.9675
vn -0.9601 0.0001 -0.2796
vn 0.7196 -0.1593 -0.6759
vn -0.0000 0.4933 -0.8698
vn -0.8441 -0.4954 -0.2053
vn -0.5645 -0.3809 0.7323
vn -0.9590 -0.0190 0.2827
vn -0.2220 0.8635 0.4528
vn 0.6244 -0.4227 0.6568
vn 0.2292 0.7339 0.6394
vn 0.6232 0.5921 0.5110
vn -0.6223 0.5443 0.5626
vn 0.4915 0.8688 -0.0607
vn -0.1232 0.4373 -0.8908
vn 0.3385 0.8951 0.2902
vn 0.5701 0.3770 -0.7300
vn -0.4988 0.3377 -0.7982
vn 0.1957 0.6835 -0.7032
vn -0.8154 -0.0001 -0.5789
vn -0.6446 0.5639 -0.5163
vn 0.2824 0.8004 -0.5288
vn -0.6043 0.7149 0.3517
vn -0.4454 -0.8945 0.0389
vn 0.0371 -0.9051 0.4237
vn 0.3154 -0.9398 0.1316
vn -0.9700 0.1811 0.1619
vn -0.2835 0.9588 0.0197
vn -0.5167 -0.8457 -0.1334
vn 0.2933 -0.9558 -0.0228
vn -0.5124 0.2247 -0.8288
vn -0.2127 0.9746 0.0709
vn 0.9962 -0.0000 -0.0871
vn -0.0618 0.0540 0.9966
vn 0.7962 0.6012 0.0676
vn 0.3080 -0.3643 -0.8789
vn 0.2740 0.6667 -0.6932
vn -0.1628 0.8096 -0.5640
vn -0.3146 0.9376 -0.1481
vn 0.9532 -0.1345 -0.2708
vn -0.7938 -0.1790 -0.5813
vn -0.3247 0.9371 -0.1283
vn 0.0509 -0.0223 0.9985
vn -0.7412 0.6483 0.1741
vn -0.1113 -0.7276 0.6769
vn 0.0336 -0.9228 0.3838
vn 0.8250 0.1861 0.5337
vn -0.2363 0.9717 0.0050
vn -0.5199 -0.8542 -0.0000
vn -0.4789 -0.8779 -0.0000
vn -0.7012 0.7012 0.1288
vn -0.7641 0.6368 0.1029
vn -0.6202 0.7753 0.1195
vn -0.5032 -0.8475 -0.1687
vn -0.6046 0.2807 -0.7454
vn -0.2545 -0.8592 -0.4439
vn -0.5878 0.2578 -0.7668
vn 0.5086 0.8470 0.1549
vn -0.3446 0.3014 -0.8891
vn 0.8510 0.4695 0.2352
vn 0.2257 -0.2670 -0.9369
vn -0.3179 0.9473 0.0395
vn -0.8149 -0.1838 -0.5497
vn -0.2502 0.9631 -0.0989
vn 0.1742 0.9774 -0.1198
vn 0.8864 -0.3887 0.2515
vn -0.4052 0.2743 0.8721
vn -0.0878 -0.4411 0.8932
vn -0.7254 -0.4728 -0.5002
vn -0.6786 0.5936 -0.4325
vn -0.6109 0.7227 0.3233
vn 0.3048 -0.9084 0.2864
vn 0.7693 0.1735 0.6149
vn -0.7844 0.5901 0.1911
vn 0.0103 0.0822 0.9966
vn 0.0161 0.0644 0.9978
vn 0.0055 0.0881 0.9961
vn 0.4765 -0.5127 0.7142
vn 0.1832 0.9634 0.1958
vn -0.1636 0.9010 -0.4018
vn -0.7639 0.6400 -0.0825
vt 0.695252 0.407867
vt 0.692427 0.388038
vt 0.692000 0.399842
vt 0.717714 0.407921
vt 0.701499 0.433612
vt 0.703155 0.420476
vt 0.721454 0.428959
vt 0.722936 0.415378
vt 0.706304 0.375435
vt 0.712864 0.380514
vt 0.710049 0.383458
vt 0.709837 0.394856
vt 0.689077 0.402120
vt 0.706206 0.441730
vt 0.706494 0.494594
vt 0.702615 0.464368
vt 0.702306 0.481291
vt 0.713109 0.491523
vt 0.719127 0.450717
vt 0.723989 0.480827
vt 0.736123 0.489404
vt 0.727233 0.460569
vt 0.723857 0.463707
vt 0.711394 0.508430
vt 0.698818 0.483752
vt 0.729888 0.478221
vt 0.717079 0.520366
vt 0.734682 0.507149
vt 0.480385 0.342576
vt 0.513907 0.269264
vt 0.500210 0.328197
vt 0.528593 0.142741
vt 0.513375 0.287971
vt 0.727420 0.346262
vt 0.635222 0.395935
vt 0.698783 0.322120
vt 0.635191 0.500260
vt 0.623960 0.455747
vt 0.494696 0.103094
vt 0.523906 0.168472
vt 0.500660 0.138694
vt 0.465840 0.202047
vt 0.448233 0.166430
vt 0.480832 0.371818
vt 0.498662 0.348688
vt 0.718436 0.421475
vt 0.728020 0.504438
vt 0.708708 0.477092
vt 0.723022 0.488420
vt 0.710054 0.479549
vt 0.713129 0.501745
vt 0.684250 0.464505
vt 0.678768 0.407373
vt 0.720683 0.458166
vt 0.716843 0.372170
vt 0.735288 0.459411
vt 0.727801 0.427018
vt 0.739271 0.481477
vt 0.693811 0.368991
vt 0.731516 0.459673
vt 0.716887 0.448562
vt 0.334690 0.276106
vt 0.605720 0.278392
vt 0.405561 0.317768
vt 0.360767 0.312827
vt 0.334187 0.280092
vt 0.321445 0.200222
vt 0.655528 0.206277
vt 0.724458 0.392011
vt 0.712661 0.509753
vt 0.747698 0.457801
vt 0.691240 0.423335
vt 0.681860 0.511430
vt 1.003170 0.908232
vt 0.820464 0.865884
vt 0.850975 0.846383
vt 0.214543 0.825687
vt 0.010694 0.950055
vt 0.006142 0.908428
vt 0.228644 0.896360
vt 0.791375 0.852493
vt 1.006252 0.950030
vt 1.228312 0.901248
vt 0.838572 0.825833
vt 1.144294 0.868194
vt 0.149162 0.865323
vt 0.922386 0.879841
vt 0.780695 0.860209
vt 0.846855 0.824260
vt 0.266375 0.534688
vt 0.313998 0.615535
vt 0.246878 0.928814
vt 0.293333 0.548285
vt 0.267937 0.530193
vt 0.223385 0.560956
vt 0.103320 0.870841
vt 0.820470 0.749938
vt 1.220121 0.569131
vt 0.716011 0.795169
vt 0.760989 0.761171
vt 0.699773 0.394698
vt 0.679229 0.274306
vt 0.715530 0.380807
vt 0.657415 0.297748
vt 0.697283 0.421777
vt 0.595623 0.248622
vt 0.722006 0.400553
vt 0.625671 0.199947
vt 0.563920 0.190832
vt 0.709702 0.428207
vt 0.710183 0.420528
vt 0.717589 0.432551
vt 0.699379 0.375937
vt 0.714264 0.413062
vt 0.711193 0.371466
vt 0.722130 0.417545
vt 0.710597 0.402932
vt 0.698423 0.405761
vt 0.718783 0.411082
vt 0.712173 0.407386
vt 0.378083 0.505055
vt 0.378846 0.454132
vt 0.391056 0.469693
vt 0.500852 0.636820
vt 0.516716 0.564914
vt 0.516185 0.684211
vt 0.601102 0.517532
vt 0.625418 0.661703
vt 0.366942 0.382238
vt 0.326497 0.524055
vt 0.336272 0.442445
vt 0.576693 0.795929
vt 0.361629 0.534313
vt 0.803794 0.808673
vt 0.796565 0.775089
vt 0.798172 0.792222
vt 0.770808 0.771622
vt 0.789127 0.761820
vt 0.774485 0.787039
vt 0.779412 0.820487
vt 0.769804 0.805659
vt 0.784198 0.809378
vt 0.813196 0.824113
vt 0.807091 0.797139
vt 0.788251 0.836463
vt 0.794453 0.849996
vt 0.792338 0.820725
vt 0.811791 0.809981
vt 0.824099 0.834746
vt 0.769121 0.813881
vt 0.757847 0.785051
vt 0.759178 0.800938
vt 0.783883 0.739145
vt 0.757843 0.768810
vt 0.759146 0.752264
vt 0.793813 0.766583
vt 0.794094 0.749697
vt 0.785764 0.772465
vt 0.800888 0.781778
vt 0.795420 0.784691
vt 0.798301 0.800566
vt 0.753149 0.803186
vt 0.768092 0.780028
vt 0.788894 0.826419
vt 0.800746 0.864758
vt 0.831576 0.849187
vt 0.848760 0.850982
vt 0.828576 0.829680
vt 0.827709 0.817109
vt 0.817791 0.880976
vt 0.843162 0.854401
vt 0.848218 0.864250
vt 0.788388 0.838830
vt 0.797025 0.877730
vt 0.816104 0.811608
vt 0.801038 0.845221
vt 0.304108 0.793293
vt 0.354122 0.726098
vt 0.349897 0.764967
vt 0.296144 0.766234
vt 0.319816 0.792710
vt 0.235886 0.699028
vt 0.372249 0.717254
vt 0.634996 0.824638
vt 0.978410 0.767547
vt 0.890179 0.834742
vt 1.183707 0.720705
vt 0.258353 0.720468
vt 0.209558 0.742223
vt 0.221626 0.776571
vt 0.188692 0.721662
vt 0.606904 0.869113
vt 0.363684 0.757085
vt 0.815402 0.815916
vt 1.233517 0.697130
vt 0.634997 0.931916
vt 0.911008 0.889608
vt 0.780820 0.768402
vt 0.763125 0.771248
vt 0.778253 0.749722
vt 0.770409 0.797133
vt 0.770632 0.792788
vt 0.771685 0.887611
vt 0.740269 0.834248
vt 0.795493 0.793817
vt 0.859747 0.846637
vt 0.841969 0.888363
vt 0.801234 0.750236
vt 0.809452 0.771253
vt 0.822491 0.800892
vt 0.770271 0.792897
vt 0.797159 0.805614
vt 0.806390 0.776859
vt 0.813228 0.825510
vt 0.803636 0.830400
vt 0.809091 0.815424
vt 0.825089 0.816964
vt 0.825196 0.843103
vt 0.820622 0.832455
vt 0.856795 0.857594
vt 0.840144 0.875616
vt 0.807404 0.861081
vt 0.823078 0.838895
vt 0.383199 0.243347
vt 0.377184 0.252121
vt 0.386494 0.257641
vt 0.397213 0.235233
vt 0.389391 0.244512
vt 0.399763 0.251029
vt 0.371627 0.251367
vt 0.367000 0.259503
vt 0.375356 0.264291
vt 0.414231 0.227513
vt 0.404101 0.236999
vt 0.415588 0.244877
vt 0.397137 0.299101
vt 0.409586 0.298148
vt 0.408531 0.294564
vt 0.348805 0.260325
vt 0.356724 0.252122
vt 0.340257 0.277646
vt 0.361132 0.244457
vt 0.353462 0.251089
vt 0.350200 0.257397
vt 0.271475 0.600492
vt 0.269022 0.611555
vt 0.277003 0.610430
vt 0.271359 0.619203
vt 0.268648 0.632284
vt 0.277432 0.630494
vt 0.275516 0.588712
vt 0.272923 0.595796
vt 0.272064 0.582245
vt 0.271219 0.640725
vt 0.268188 0.656199
vt 0.277956 0.653559
vt 0.723508 0.450615
vt 0.710491 0.457166
vt 0.722329 0.436413
vt 0.715915 0.418762
vt 0.712311 0.405944
vt 0.699129 0.421743
vt 0.702279 0.434903
vt 0.714377 0.476219
vt 0.720233 0.444303
vt 0.726222 0.466720
vt 0.703960 0.458175
vt 0.715437 0.492276
vt 0.707543 0.473913
vt 0.729855 0.481108
vt 0.721674 0.462332
vt 0.890633 0.858606
vt 0.890353 0.860018
vt 0.890322 0.860000
vt 0.890254 0.859962
vt 0.889975 0.861298
vt 0.889400 0.860171
vt 0.890718 0.856107
vt 0.888975 0.863378
vt 0.269118 0.629893
vt 0.260630 0.632184
vt 0.267167 0.627660
vt 0.259641 0.645355
vt 0.269679 0.616184
vt 0.267736 0.614551
vt 0.264948 0.617788
vt 0.264501 0.645011
vt 0.262246 0.643747
vt 0.266861 0.639643
vt 0.264560 0.633972
vt 0.270747 0.624910
vt 0.265301 0.627865
vt 0.267564 0.616493
vt 0.270836 0.615093
vt 0.263999 0.623370
vt 0.261941 0.652934
vt 0.262564 0.621236
vt 0.252780 0.648476
vt 0.258100 0.649874
vt 0.262806 0.649488
vt 0.260918 0.640791
vt 0.260335 0.633134
vt 0.266911 0.612633
vt 0.270919 0.610038
vt 0.262526 0.600319
vt 0.268439 0.637937
vt 0.252304 0.627304
vt 1.241819 0.873165
vt 1.259756 0.833180
vt 0.793333 0.945925
vt 0.815312 0.941913
vt 0.373764 0.768736
vt 0.592184 0.872343
vt 0.372064 0.769512
vt 0.548370 0.231201
vt 0.659825 0.359422
vt 0.663921 0.355247
vt 0.721473 0.499966
vt 0.715626 0.495937
vt 0.714033 0.507984
vt 0.715991 0.507109
vt 0.715569 0.507502
vt 0.720322 0.511734
vt 0.719339 0.511776
vt 0.720580 0.501070
vt 0.720216 0.501883
vt 0.715800 0.497619
vt 0.721877 0.504893
vt 0.721772 0.509574
vt 0.722190 0.500184
vt 0.714043 0.506243
vt 0.715112 0.509892
vt 0.717553 0.511492
vt 0.725963 0.490696
vt 0.729546 0.492882
vt 0.727841 0.503080
vt 0.726727 0.498845
vt 0.730155 0.503370
vt 0.731692 0.494909
vt 0.733398 0.499340
vt 0.732696 0.491436
vt 0.727827 0.488660
vt 0.725833 0.494690
vt 0.727843 0.487955
vt 0.728440 0.489243
vt 0.732019 0.489828
vt 0.732620 0.490296
vt 0.734005 0.495862
vt 0.729933 0.502743
vt 0.731761 0.503538
vt 0.732988 0.498427
vt 0.719973 0.476979
vt 0.720883 0.483641
vt 0.720754 0.485453
vt 0.721439 0.482911
vt 0.723899 0.486803
vt 0.724281 0.478637
vt 0.724389 0.480256
vt 0.721653 0.476965
vt 0.719419 0.479793
vt 0.720126 0.480155
vt 0.720078 0.486030
vt 0.721569 0.475940
vt 0.722980 0.477332
vt 0.724249 0.478566
vt 0.725054 0.480725
vt 0.723357 0.486962
vt 0.723388 0.485340
vt 0.704347 0.427861
vt 0.708628 0.436960
vt 0.705872 0.432018
vt 0.707830 0.421881
vt 0.703881 0.431591
vt 0.710151 0.428758
vt 0.709606 0.431032
vt 0.708776 0.425238
vt 0.704615 0.434282
vt 0.705253 0.436481
vt 0.707835 0.438053
vt 0.708495 0.434772
vt 0.710599 0.434962
vt 0.706961 0.426601
vt 0.708118 0.423377
vt 0.710980 0.427526
vt 0.716067 0.415044
vt 0.714358 0.426043
vt 0.720303 0.421716
vt 0.717281 0.421852
vt 0.718719 0.428592
vt 0.714974 0.425712
vt 0.715355 0.416714
vt 0.718690 0.420184
vt 0.715381 0.429236
vt 0.715252 0.427330
vt 0.713352 0.422474
vt 0.718539 0.429421
vt 0.719227 0.425268
vt 0.720965 0.424589
vt 0.720192 0.417856
vt 0.718026 0.417473
vt 0.716041 0.416113
vt 0.714489 0.422555
vt 0.713930 0.449348
vt 0.717695 0.451302
vt 0.717458 0.443181
vt 0.715735 0.445047
vt 0.715597 0.452445
vt 0.717604 0.446699
vt 0.717227 0.448901
vt 0.718917 0.451962
vt 0.714284 0.447070
vt 0.714888 0.448711
vt 0.716144 0.451955
vt 0.716202 0.453766
vt 0.719205 0.451229
vt 0.719108 0.446729
vt 0.719605 0.446337
vt 0.798316 0.839678
vt 0.805527 0.830994
vt 0.793131 0.831243
vt 0.793395 0.832556
vt 0.802429 0.830777
vt 0.803779 0.837457
vt 0.794944 0.835754
vt 0.802353 0.831855
vt 0.800009 0.824779
vt 0.806793 0.832516
vt 0.804401 0.833419
vt 0.805132 0.827443
vt 0.802281 0.837878
vt 0.796707 0.835960
vt 0.794114 0.837561
vt 0.791354 0.832157
vt 0.818446 0.830506
vt 0.823987 0.820817
vt 0.811289 0.823428
vt 0.809633 0.821252
vt 0.816052 0.822829
vt 0.819678 0.828114
vt 0.818044 0.822007
vt 0.815857 0.815076
vt 0.822164 0.818717
vt 0.822334 0.819236
vt 0.815885 0.815103
vt 0.812855 0.828947
vt 0.811075 0.826065
vt 0.818014 0.826066
vt 0.794219 0.808706
vt 0.798193 0.811347
vt 0.799751 0.806163
vt 0.802147 0.809783
vt 0.798042 0.806375
vt 0.796718 0.801104
vt 0.801342 0.803298
vt 0.800507 0.808397
vt 0.800719 0.810392
vt 0.794772 0.808962
vt 0.794793 0.810416
vt 0.762826 0.759205
vt 0.763987 0.771797
vt 0.773052 0.760318
vt 0.770028 0.761519
vt 0.769451 0.771258
vt 0.762835 0.765961
vt 0.765105 0.764502
vt 0.766835 0.754951
vt 0.772810 0.761130
vt 0.772451 0.771691
vt 0.763498 0.769383
vt 0.761547 0.762835
vt 0.765110 0.768764
vt 0.771092 0.770982
vt 0.774160 0.762957
vt 0.770933 0.769105
vt 0.780799 0.749429
vt 0.779829 0.762459
vt 0.789952 0.758721
vt 0.786387 0.752558
vt 0.786115 0.762592
vt 0.779464 0.757851
vt 0.779444 0.752663
vt 0.785529 0.746152
vt 0.787181 0.755249
vt 0.779328 0.760921
vt 0.784571 0.761470
vt 0.786495 0.762795
vt 0.789400 0.756425
vt 0.790445 0.756206
vt 0.788508 0.748084
vt 0.778457 0.750634
vt 0.783743 0.747840
vt 0.783605 0.745643
vt 0.782653 0.779220
vt 0.784658 0.776722
vt 0.780294 0.771975
vt 0.786165 0.770733
vt 0.785327 0.774288
vt 0.786781 0.780064
vt 0.780359 0.775645
vt 0.787755 0.777033
vt 0.784849 0.769774
vt 0.785728 0.771382
vt 0.780757 0.772165
vt 0.779469 0.773612
vt 0.779739 0.778295
vt 0.710950 0.232456
vt 0.707912 0.230459
vt 0.709662 0.233222
vt 0.704865 0.242962
vt 0.705678 0.235602
vt 0.702568 0.234961
vt 0.711114 0.243130
vt 0.708102 0.237438
vt 0.703892 0.233013
vt 0.707357 0.246077
vt 0.710590 0.248938
vt 0.712909 0.242518
vt 0.713519 0.241056
vt 0.713046 0.239187
vt 0.710787 0.238708
vt 0.706418 0.239596
vt 0.706672 0.246587
vt 0.705681 0.246906
vt 0.704702 0.244930
vt 0.708673 0.258078
vt 0.706997 0.251181
vt 0.708762 0.255507
vt 0.709859 0.253538
vt 0.714879 0.249702
vt 0.715608 0.248228
vt 0.713688 0.245480
vt 0.713168 0.251261
vt 0.710008 0.245644
vt 0.709405 0.259847
vt 0.711098 0.266265
vt 0.711565 0.266162
vt 0.710379 0.259768
vt 0.713169 0.259322
vt 0.715321 0.257141
vt 0.717249 0.256357
vt 0.715774 0.252049
vt 0.717055 0.253277
vt 0.710812 0.252863
vt 0.710085 0.258274
vt 0.712947 0.266136
vt 0.714303 0.265945
vt 0.716408 0.266416
vt 0.717444 0.264171
vt 0.718620 0.263348
vt 0.718380 0.259416
vt 0.718266 0.260787
vt 0.716667 0.259217
vt 0.714979 0.259570
vt 0.712245 0.259073
vt 0.708249 0.248384
vt 0.710795 0.263626
vt 0.713229 0.264064
vt 0.720487 0.294845
vt 0.723256 0.293935
vt 0.719196 0.262995
vt 0.722695 0.290675
vt 0.671682 0.217880
vt 0.674816 0.221903
vt 0.667163 0.206225
vt 0.672845 0.216953
vt 0.672924 0.203326
vt 0.682966 0.210871
vt 0.674604 0.199460
vt 0.677718 0.208935
vt 0.669740 0.203167
vt 0.671924 0.216145
vt 0.676769 0.226032
vt 0.675266 0.217577
vt 0.678649 0.217753
vt 0.675517 0.210899
vt 0.679716 0.210515
vt 0.681119 0.208683
vt 0.674798 0.219063
vt 0.680149 0.233453
vt 0.676338 0.226219
vt 0.684503 0.228801
vt 0.684092 0.221034
vt 0.687343 0.222304
vt 0.685825 0.217532
vt 0.680820 0.206976
vt 0.682580 0.217631
vt 0.675157 0.212020
vt 0.680447 0.220883
vt 0.683401 0.237209
vt 0.679221 0.226228
vt 0.688673 0.229563
vt 0.686842 0.225522
vt 0.686532 0.230580
vt 0.682091 0.235353
vt 0.679137 0.225738
vt 0.690532 0.238863
vt 0.692875 0.237700
vt 0.692999 0.233756
vt 0.693501 0.234132
vt 0.688338 0.222615
vt 0.692681 0.232256
vt 0.691024 0.232253
vt 0.688669 0.225532
vt 0.691001 0.235940
vt 0.685395 0.235111
vt 0.688513 0.241185
vt 0.686640 0.241877
vt 0.684842 0.243067
vt 0.683590 0.241318
vt 0.683219 0.240294
vt 0.715040 0.326651
vt 0.715688 0.327588
vt 0.718255 0.328418
vt 0.718208 0.325441
vt 0.317267 0.240180
vt 0.315643 0.242561
vt 0.314106 0.244335
vt 0.307247 0.239167
vt 0.310667 0.237189
vt 0.309411 0.245510
vt 0.307305 0.239455
vt 0.308356 0.234091
vt 0.317395 0.237792
vt 0.313975 0.239609
vt 0.315014 0.240858
vt 0.311903 0.242380
vt 0.309393 0.239759
vt 0.309038 0.234616
vt 0.310406 0.229736
vt 0.311134 0.231971
vt 0.311749 0.228445
vt 0.314586 0.230786
vt 0.316268 0.233888
vt 0.319366 0.235364
vt 0.320595 0.231355
vt 0.317806 0.237437
vt 0.315482 0.235856
vt 0.311310 0.230436
vt 0.314517 0.226055
vt 0.318727 0.229835
vt 0.324753 0.224435
vt 0.323832 0.226603
vt 0.322162 0.227889
vt 0.320542 0.232488
vt 0.319114 0.233754
vt 0.310446 0.228539
vt 0.312535 0.223873
vt 0.314177 0.221965
vt 0.319871 0.228720
vt 0.317278 0.228101
vt 0.314382 0.232779
vt 0.313889 0.223581
vt 0.312150 0.234525
vt 0.314733 0.226289
vt 0.313213 0.221288
vt 0.313930 0.219064
vt 0.315488 0.216277
vt 0.324532 0.221938
vt 0.318056 0.219783
vt 0.317028 0.216591
vt 0.384385 0.145039
vt 0.321419 0.216689
vt 0.323150 0.219323
vt 0.377231 0.141325
vt 0.381685 0.135358
vt 0.386973 0.140988
vt 0.361654 0.146532
vt 0.372894 0.139154
vt 0.370820 0.141154
vt 0.378417 0.134080
vt 0.354978 0.133944
vt 0.349414 0.138724
vt 0.350663 0.144820
vt 0.360220 0.129472
vt 0.359369 0.140934
vt 0.366713 0.141313
vt 0.354668 0.129957
vt 0.356460 0.127059
vt 0.364245 0.130110
vt 0.372554 0.125257
vt 0.367890 0.134189
vt 0.374154 0.134511
vt 0.364774 0.130737
vt 0.369545 0.120689
vt 0.368864 0.118417
vt 0.367514 0.118126
vt 0.371093 0.116339
vt 0.356782 0.129568
vt 0.378209 0.117518
vt 0.368435 0.119879
vt 0.379167 0.126035
vt 0.383487 0.129634
vt 0.394717 0.122900
vt 0.383869 0.128944
vt 0.399670 0.121893
vt 0.371818 0.134662
vt 0.379465 0.126765
vt 0.373548 0.122711
vt 0.393890 0.121765
vt 0.404749 0.118340
vt 0.390909 0.126362
vt 0.398744 0.118671
vt 0.386162 0.108394
vt 0.392029 0.108249
vt 0.397752 0.109265
vt 0.630694 0.129124
vt 0.389991 0.120206
vt 0.386026 0.116977
vt 0.389746 0.109780
vt 0.401092 0.116216
vt 0.380880 0.111605
vt 0.383513 0.107907
vt 0.395529 0.101640
vt 0.384222 0.105604
vt 0.635072 0.126246
vt 0.637429 0.122722
vt 0.398912 0.112829
vt 0.404338 0.103639
vt 0.413520 0.098959
vt 0.387029 0.108159
vt 0.402849 0.102854
vt 0.388740 0.100133
vt 0.375062 0.102116
vt 0.386806 0.090364
vt 0.379455 0.098896
vt 0.399010 0.092642
vt 0.388931 0.103464
vt 0.417883 0.097632
vt 0.433927 0.092767
vt 0.421775 0.095616
vt 0.398593 0.101144
vt 0.400156 0.091337
vt 0.386990 0.095052
vt 0.387099 0.090307
vt 0.396613 0.088702
vt 0.401967 0.096265
vt 0.407528 0.098214
vt 0.409542 0.099725
vt 0.453753 0.088455
vt 0.450747 0.089445
vt 0.413169 0.090583
vt 0.422179 0.081701
vt 0.420552 0.079756
vt 0.414423 0.088027
vt 0.419412 0.090623
vt 0.407415 0.080928
vt 0.402234 0.083267
vt 0.433028 0.073890
vt 0.421793 0.076870
vt 0.404534 0.083354
vt 0.432491 0.082098
vt 0.443377 0.082774
vt 0.441791 0.086374
vt 0.436758 0.090373
vt 0.460753 0.084656
vt 0.448519 0.088122
vt 0.445781 0.080096
vt 0.442292 0.083621
vt 0.439025 0.073382
vt 0.417367 0.080723
vt 0.449040 0.073468
vt 0.455985 0.076844
vt 0.454607 0.087714
vt 0.434894 0.087902
vt 0.449195 0.070972
vt 0.462622 0.081328
vt 0.443593 0.074429
vt 0.428934 0.081450
vt 0.672778 0.148559
vt 0.677021 0.143292
vt 0.680355 0.144378
vt 0.672255 0.147978
vt 0.021991 0.848179
vt 0.012386 0.848619
vt 0.010277 0.847489
vt 0.014679 0.854355
vt 0.013820 0.850920
vt 0.023616 0.857010
vt 0.013513 0.857442
vt 0.012434 0.860116
vt 0.013352 0.859732
vt 0.002001 0.860826
vt 0.003028 0.860791
vt 0.009666 0.859744
vt 0.008244 0.856711
vt 0.016178 0.852529
vt 0.007454 0.854210
vt 0.007716 0.851132
vt 0.019514 0.849154
vt 0.007750 0.849045
vt 0.011691 0.847195
vt 0.003417 0.848762
vt 0.001870 0.856263
vt 0.000843 0.849412
vt 0.003701 0.849660
vt 0.004539 0.852376
vt 0.004364 0.859462
vt 0.994381 0.860130
vt 0.997728 0.860811
vt 0.986728 0.861291
vt 0.992026 0.860152
vt 0.983769 0.860828
vt 0.001366 0.859422
vt 0.998026 0.856148
vt 0.996998 0.853544
vt 0.983824 0.855273
vt 0.998459 0.850470
vt 1.001194 0.851856
vt 0.990011 0.853060
vt 0.999924 0.848844
vt 0.992356 0.849040
vt 0.000153 0.848449
vt 1.002387 0.850710
vt 1.000357 0.852808
vt 0.995544 0.852234
vt 1.000583 0.856621
vt 0.995564 0.855439
vt 0.004446 0.855870
vt 0.001834 0.858830
vt 0.979231 0.859902
vt 0.947692 0.852587
vt 0.989188 0.857975
vt 0.997422 0.858661
vt 0.982716 0.858264
vt 0.982609 0.851929
vt 0.987453 0.850002
vt 0.993391 0.848433
vt 0.983352 0.848682
vt 0.995413 0.849643
vt 0.987116 0.849126
vt 0.988523 0.851160
vt 0.988536 0.854795
vt 0.992619 0.858087
vt 0.987562 0.860022
vt 0.951681 0.851831
vt 0.948460 0.848132
vt 0.984212 0.848448
vt 0.950401 0.847345
vt 0.073889 0.872972
vt 0.073258 0.872836
vt 0.061199 0.877204
vt 0.082460 0.862980
vt 0.066176 0.862866
vt 0.072602 0.865102
vt 0.079051 0.856439
vt 0.080518 0.855113
vt 0.065914 0.858863
vt 0.074054 0.871267
vt 0.086885 0.866082
vt 0.069352 0.872735
vt 0.068933 0.870132
vt 0.062005 0.868936
vt 0.064658 0.859928
vt 0.066189 0.859230
vt 0.068897 0.861138
vt 0.058537 0.876161
vt 0.050228 0.879293
vt 0.047869 0.880391
vt 0.058430 0.875906
vt 0.048533 0.875458
vt 0.053081 0.867673
vt 0.054559 0.864333
vt 0.055147 0.862685
vt 0.053426 0.864715
vt 0.072270 0.863160
vt 0.055206 0.869143
vt 0.074553 0.867809
vt 0.061471 0.871266
vt 0.047042 0.872752
vt 0.037677 0.868730
vt 0.047090 0.864923
vt 0.050910 0.867584
vt 0.049896 0.875382
vt 0.045376 0.879338
vt 0.036056 0.882269
vt 0.042430 0.871257
vt 0.032528 0.876354
vt 0.045144 0.865294
vt 0.033354 0.867344
vt 0.039923 0.872732
vt 0.039508 0.879150
vt 0.031407 0.872024
vt 0.031431 0.868553
vt 0.038244 0.868235
vt 0.037237 0.870046
vt 0.034499 0.867717
vt 1.015641 0.879358
vt 0.909579 0.861605
vt 1.019645 0.882692
vt 1.020816 0.871844
vt 0.912743 0.857070
vt 1.016782 0.871455
vt 1.012706 0.877966
vt 0.908249 0.857155
vt 0.910844 0.861265
vt 0.243690 0.524697
vt 0.242326 0.527895
vt 0.243418 0.529649
vt 0.241308 0.526355
vt 0.239831 0.526891
vt 0.239638 0.525807
vt 0.239052 0.536457
vt 0.237808 0.535199
vt 0.243758 0.534736
vt 0.243264 0.536853
vt 0.242876 0.540384
vt 0.242544 0.542452
vt 0.243267 0.536520
vt 0.244264 0.531272
vt 0.237663 0.529271
vt 0.238759 0.526978
vt 0.237253 0.532922
vt 0.240408 0.537682
vt 0.242851 0.531383
vt 0.241733 0.538847
vt 0.241833 0.538380
vt 0.241068 0.532606
vt 0.238513 0.531943
vt 0.236806 0.533542
vt 0.236172 0.536667
vt 0.236366 0.539029
vt 0.239539 0.543260
vt 0.241090 0.543862
vt 0.241195 0.547011
vt 0.241653 0.546785
vt 0.240806 0.551307
vt 0.239490 0.536577
vt 0.235832 0.538253
vt 0.237377 0.541988
vt 0.235840 0.545340
vt 0.239210 0.550434
vt 0.241322 0.547086
vt 0.239091 0.552897
vt 0.239613 0.542483
vt 0.237226 0.536773
vt 0.238028 0.541282
vt 0.235970 0.542560
vt 0.234628 0.543347
vt 0.234701 0.543093
vt 0.237782 0.547967
vt 0.235817 0.551059
vt 0.239753 0.552965
vt 0.216497 0.648271
vt 0.217176 0.641505
vt 0.234279 0.547101
vt 0.237029 0.553317
vt 0.235646 0.558998
vt 0.234485 0.550400
vt 0.212622 0.642347
vt 0.215091 0.625234
vt 0.214084 0.633079
vt 0.213464 0.636066
vt 0.210867 0.644102
vt 0.214011 0.618927
vt 0.211717 0.625842
vt 0.213211 0.628647
vt 0.209714 0.625392
vt 0.207514 0.624856
vt 0.208686 0.621103
vt 0.205883 0.624824
vt 0.207247 0.633709
vt 0.205597 0.630880
vt 0.211756 0.625244
vt 0.211511 0.636500
vt 0.212296 0.637955
vt 0.204779 0.629680
vt 0.209197 0.637880
vt 0.208562 0.652846
vt 0.208950 0.650732
vt 0.206407 0.660943
vt 0.210873 0.641006
vt 0.209647 0.636351
vt 0.206593 0.635826
vt 0.204534 0.633719
vt 0.203237 0.634526
vt 0.202025 0.636856
vt 0.202804 0.640147
vt 0.204923 0.644686
vt 0.208787 0.647440
vt 0.202399 0.643156
vt 0.200127 0.643654
vt 0.200891 0.650885
vt 0.207014 0.645614
vt 0.207340 0.648336
vt 0.206103 0.659391
vt 0.204644 0.645281
vt 0.201880 0.653727
vt 0.199161 0.652593
vt 0.199947 0.647155
vt 0.196806 0.652847
vt 0.199201 0.658499
vt 0.203131 0.654475
vt 0.205990 0.655203
vt 0.202477 0.664589
vt 0.205349 0.662855
vt 0.203864 0.654483
vt 0.138874 0.792863
vt 0.133864 0.790429
vt 0.200224 0.662983
vt 0.133536 0.789488
vt 0.196444 0.654571
vt 0.138114 0.796967
vt 0.197863 0.656257
vt 0.195690 0.666539
vt 0.195229 0.668780
vt 0.191394 0.678281
vt 0.191912 0.648821
vt 0.186993 0.660497
vt 0.187306 0.658304
vt 0.193378 0.654712
vt 0.188770 0.660221
vt 0.186893 0.662453
vt 0.188840 0.665147
vt 0.191339 0.667984
vt 0.194510 0.668649
vt 0.192610 0.669243
vt 0.194679 0.664884
vt 0.193989 0.659998
vt 0.195261 0.650331
vt 0.189014 0.657688
vt 0.191241 0.659208
vt 0.189209 0.685017
vt 0.186584 0.691830
vt 0.184886 0.696568
vt 0.192411 0.675778
vt 0.190647 0.668627
vt 0.187191 0.670413
vt 0.183957 0.666660
vt 0.182847 0.671746
vt 0.182727 0.676230
vt 0.191258 0.677664
vt 0.188435 0.679611
vt 0.186756 0.687370
vt 0.185783 0.692868
vt 0.191136 0.676013
vt 0.188041 0.678886
vt 0.182852 0.680890
vt 0.184808 0.667253
vt 0.180584 0.680340
vt 0.187445 0.673300
vt 0.182462 0.683002
vt 0.182811 0.686372
vt 0.183306 0.690960
vt 0.181062 0.675977
vt 0.177255 0.684196
vt 0.177509 0.688629
vt 0.184604 0.684712
vt 0.179114 0.693682
vt 0.187617 0.687061
vt 0.184043 0.689869
vt 0.184171 0.696601
vt 0.183564 0.694797
vt 0.177992 0.683078
vt 0.172551 0.697968
vt 0.104500 0.810152
vt 0.101198 0.802912
vt 0.105575 0.806803
vt 0.000000 0.000000
vt 0.393903 0.501257
vt 0.391894 0.510114
vt 0.391406 0.505692
vt 0.633360 0.663617
vt 0.630654 0.660250
vt 0.628107 0.671099
vt 0.487811 0.603129
vt 0.486349 0.595859
vt 0.485730 0.606680
vt 0.742776 0.695307
vt 0.631525 0.764864
vt 0.631318 0.824752
vt 0.608577 0.768815
vt 0.721700 0.693325
vt 0.334585 0.303738
vt 0.334428 0.299155
vt 0.339611 0.300285
vt 0.553026 0.777146
vt 0.583699 0.778205
vt 0.639541 0.778313
vt 0.380672 0.412324
vt 0.363287 0.471675
vt 0.394605 0.423005
vt 0.346246 0.531225
vt 0.368913 0.477912
vt 0.357772 0.549127
vt 0.357366 0.465446
vt 0.352046 0.459160
vt 0.633298 0.498764
vt 0.726810 0.603105
vt 0.723583 0.580810
vt 0.617539 0.551799
vt 0.632694 0.557226
vt 0.708683 0.599737
vt 0.686729 0.670636
vt 0.696742 0.841246
vt 0.706199 0.662245
vt 0.677952 0.833745
vt 0.496354 0.884939
vt 0.315241 0.514050
vt 0.323360 0.490802
vt 0.307329 0.459238
vt 0.314861 0.458428
vt 0.323769 0.492388
vt 0.323286 0.520455
vt 0.305566 0.516536
vt 0.302792 0.503192
vt 0.303812 0.509911
vt 0.302581 0.483194
vt 0.301983 0.486347
vt 0.308916 0.503855
vt 0.306863 0.484808
vt 0.308808 0.489318
vt 0.315466 0.519324
vt 0.314324 0.511398
vt 0.315698 0.536481
vt 0.314771 0.538558
vt 0.310147 0.533619
vt 0.314439 0.523776
vt 0.310147 0.533620
vt 0.308409 0.528979
vt 0.308409 0.528978
vt 0.306788 0.493170
vt 0.301111 0.481769
vt 0.296004 0.460288
vt 0.293206 0.482199
vt 0.291585 0.457073
vt 0.291268 0.460343
vt 0.294641 0.456758
vt 0.296105 0.460119
vt 0.301248 0.481835
vt 0.302485 0.503508
vt 0.293471 0.482072
vt 0.292414 0.476248
vt 0.743583 0.489980
vt 0.719588 0.523341
vt 0.713563 0.512988
vt 0.746374 0.503019
vt 0.765493 0.568057
vt 0.712370 0.598439
vt 0.764042 0.563124
vt 0.718241 0.599649
vt 0.736613 0.459181
vt 0.708905 0.503478
vt 0.700258 0.488363
vt 0.740832 0.478493
vt 0.763463 0.554751
vt 0.693912 0.590845
vt 0.761079 0.545506
vt 0.704025 0.593992
vt 0.725381 0.411507
vt 0.693282 0.474423
vt 0.680082 0.451587
vt 0.732393 0.441785
vt 0.759839 0.530862
vt 0.661709 0.574730
vt 0.755116 0.509733
vt 0.680836 0.583169
vt 0.374410 0.774028
vt 0.622643 0.745192
vt 0.432043 0.617797
vt 0.327521 0.591819
vt 0.342181 0.517060
vt 0.396926 0.653427
vt 0.597486 0.835034
vt 0.286949 0.577344
vt 0.287510 0.575956
vt 0.288740 0.563887
vt 0.289720 0.560163
vt 0.293131 0.554141
vt 0.292798 0.567433
vt 0.294161 0.554443
vt 0.296027 0.562651
vt 0.296042 0.567203
vt 0.294130 0.582115
vt 0.293018 0.586047
vt 0.289360 0.591193
vt 0.288374 0.590369
vt 0.286875 0.581582
vt 0.290021 0.577285
vt 0.295404 0.568807
vt 0.282242 0.562375
vt 0.283153 0.557963
vt 0.282292 0.561336
vt 0.286038 0.552502
vt 0.286874 0.552767
vt 0.284032 0.573950
vt 0.288264 0.560112
vt 0.288204 0.564183
vt 0.285456 0.581090
vt 0.286420 0.577545
vt 0.281605 0.585133
vt 0.282399 0.585829
vt 0.280502 0.577310
vt 0.284460 0.579470
vt 0.280623 0.573498
vt 0.286501 0.559970
vt 0.689104 0.651642
vt 0.667806 0.488404
vt 0.596240 0.421354
vt 0.707053 0.646484
vt 0.660095 0.500582
vt 0.365821 0.301441
vt 0.364812 0.302164
vt 0.363370 0.305715
vt 0.362204 0.314692
vt 0.362986 0.316343
vt 0.374401 0.299805
vt 0.368467 0.315563
vt 0.370926 0.313388
vt 0.378060 0.303044
vt 0.379667 0.299305
vt 0.380624 0.290568
vt 0.379603 0.289190
vt 0.373665 0.290492
vt 0.376790 0.293800
vt 0.369860 0.310592
vt 0.371280 0.292582
vt 0.351227 0.381710
vt 0.340668 0.377740
vt 0.336244 0.380402
vt 0.328512 0.399134
vt 0.326327 0.391899
vt 0.324928 0.396048
vt 0.332022 0.407501
vt 0.347943 0.404493
vt 0.353224 0.401290
vt 0.363328 0.388592
vt 0.363955 0.384540
vt 0.356030 0.393578
vt 0.332022 0.407500
vt 0.324928 0.396049
vt 0.334879 0.390234
vt 0.354426 0.374999
vt 0.358193 0.376042
vt 0.354426 0.375000
vt 0.355986 0.355344
vt 0.346815 0.357202
vt 0.342983 0.359233
vt 0.334615 0.367653
vt 0.342926 0.368083
vt 0.358838 0.354864
vt 0.333555 0.370562
vt 0.337046 0.377044
vt 0.340347 0.377809
vt 0.354036 0.375060
vt 0.358470 0.372756
vt 0.366829 0.363996
vt 0.367293 0.361232
vt 0.362146 0.355501
vt 0.359938 0.368426
vt 0.340839 0.371959
vt 0.331160 0.351394
vt 0.327066 0.355333
vt 0.323631 0.357459
vt 0.315700 0.365524
vt 0.326277 0.362750
vt 0.314470 0.368128
vt 0.316406 0.373367
vt 0.318934 0.373712
vt 0.330345 0.370038
vt 0.334318 0.367620
vt 0.342658 0.359227
vt 0.343504 0.356792
vt 0.340090 0.352351
vt 0.340192 0.359544
vt 0.323351 0.370028
vt 0.337409 0.352129
vt 0.398304 0.375827
vt 0.393470 0.378690
vt 0.396121 0.372803
vt 0.762994 0.749299
vt 0.802299 0.740325
vt 0.760955 0.764338
vt 0.785959 0.657315
vt 0.786958 0.662761
vt 0.728960 0.696233
vt 0.734022 0.689560
vt 0.759996 0.777199
vt 0.812590 0.769599
vt 0.756529 0.798752
vt 0.789981 0.669256
vt 0.792186 0.678752
vt 0.712723 0.718598
vt 0.722090 0.707584
vt 0.754323 0.817525
vt 0.833316 0.812808
vt 0.746785 0.849643
vt 0.797450 0.689944
vt 0.803313 0.709482
vt 0.679480 0.753098
vt 0.700248 0.734883
vt 0.633444 0.596310
vt 0.515645 0.370259
vt 0.468389 0.534539
vt 0.372970 0.423086
vt 0.401545 0.359437
vt 0.462087 0.449644
vt 0.621913 0.501298
vt 0.360065 0.291640
vt 0.358098 0.295379
vt 0.356942 0.303165
vt 0.359426 0.292188
vt 0.367730 0.289141
vt 0.357611 0.304480
vt 0.362455 0.303196
vt 0.364651 0.301081
vt 0.371086 0.291560
vt 0.372562 0.288226
vt 0.367435 0.281305
vt 0.373563 0.280699
vt 0.372691 0.279621
vt 0.371025 0.287241
vt 0.361279 0.300202
vt 0.365295 0.283328
vt 0.709684 0.478948
vt 1.247488 0.931174
vt 1.099637 0.872659
vt 0.220405 0.904218
vt 0.804033 0.874758
vt 0.808493 0.837812
vt 0.827198 0.826350
vt 0.709581 0.443008
vt 1.225570 0.870846
vt 0.962966 0.957973
vt 0.580794 0.233663
vt 0.656430 0.312076
vt 0.715365 0.502164
vt 0.715629 0.497938
vt 0.718814 0.497122
vt 0.720257 0.496382
vt 0.717646 0.513424
vt 0.725872 0.501031
vt 0.724841 0.494835
vt 0.726957 0.503110
vt 0.720218 0.485722
vt 0.706786 0.432667
vt 0.710735 0.427752
vt 0.704593 0.427093
vt 0.704748 0.431197
vt 0.720765 0.419276
vt 0.717647 0.444502
vt 0.716867 0.443019
vt 0.793381 0.830599
vt 0.794160 0.826471
vt 0.802445 0.827721
vt 0.800374 0.824497
vt 0.810453 0.823123
vt 0.809450 0.820453
vt 0.815719 0.817367
vt 0.823178 0.824810
vt 0.818630 0.828904
vt 0.794242 0.805060
vt 0.792597 0.804888
vt 0.794370 0.804413
vt 0.796276 0.801368
vt 0.798718 0.802397
vt 0.801743 0.803388
vt 0.802212 0.805301
vt 0.774235 0.763713
vt 0.770687 0.755285
vt 0.770687 0.757166
vt 0.765426 0.757014
vt 0.764024 0.756123
vt 0.761752 0.761340
vt 0.779439 0.759324
vt 0.788939 0.750230
vt 0.778299 0.752792
vt 0.783551 0.779039
vt 0.783834 0.781134
vt 0.787946 0.774714
vt 0.712990 0.251754
vt 0.721026 0.291310
vt 0.684011 0.233555
vt 0.682171 0.228437
vt 0.318346 0.225055
vt 0.321533 0.226110
vt 0.356395 0.147832
vt 0.360056 0.138120
vt 0.387832 0.118780
vt 0.394725 0.088549
vt 0.421037 0.093470
vt 0.020410 0.856571
vt 0.002578 0.852966
vt 0.002618 0.851385
vt 1.001799 0.859832
vt 1.000144 0.860595
vt 1.001926 0.857060
vt 1.002333 0.854160
vt 1.001396 0.849272
vt 0.085291 0.860290
vt 0.036042 0.881814
vt 0.029464 0.879850
vt 0.038356 0.875667
vt 0.033537 0.881470
vt 1.019770 0.882353
vt 1.017127 0.875020
vt 1.020120 0.870770
vt 1.023712 0.873862
vt 1.023871 0.880728
vt 0.240971 0.544003
vt 0.205443 0.656625
vt 0.196869 0.657434
vt 0.176969 0.683843
vt 0.738390 0.673258
vt 0.602568 0.537832
vt 0.637990 0.545614
vt 0.531852 0.463491
vt 0.584099 0.524589
vt 0.462799 0.756266
vt 0.308388 0.486408
vt 0.323148 0.520557
vt 0.314814 0.458381
vt 0.315762 0.514875
vt 0.308341 0.484943
vt 0.307676 0.458187
vt 0.297769 0.500406
vt 0.302328 0.503737
vt 0.298162 0.501029
vt 0.545618 0.780160
vt 0.370102 0.714918
vt 0.569432 0.848351
vt 0.744931 0.691347
vt 0.738131 0.706848
vt 0.736982 0.703983
vt 0.714798 0.560966
vt 0.714203 0.553134
vt 0.723642 0.564133
vt 0.763005 0.715777
vt 0.770646 0.718990
vt 0.764262 0.693656
vt 0.731471 0.518530
vt 0.727273 0.523639
vt 0.735625 0.543529
vt 0.650954 0.509275
vt 0.649995 0.514122
vt 0.647716 0.498939
vt 0.331314 0.573510
vt 0.332660 0.576730
vt 0.335434 0.575893
vt 0.750813 0.712666
vt 0.745355 0.731891
vt 0.742858 0.724969
vt 0.719114 0.584986
vt 0.719432 0.582201
vt 0.728197 0.588300
vt 0.770892 0.739434
vt 0.777136 0.737879
vt 0.770406 0.714138
vt 0.735926 0.542003
vt 0.732752 0.552624
vt 0.740291 0.567492
vt 0.611458 0.482675
vt 0.482506 0.383044
vt 0.585275 0.532417
vt 0.677494 0.822050
vt 0.670201 0.816574
vt 0.669239 0.830710
vt 0.798319 0.727710
vt 0.805764 0.751424
vt 0.819131 0.785804
s 1
usemtl body_skin
f 168/193/216 180/194/217 179/195/218
f 170/196/219 171/197/220 169/198/221
f 173/199/222 171/197/220 172/200/223
f 172/200/223 176/201/224 174/202/225
f 176/201/224 168/193/216 178/203/226
f 168/193/216 175/204/227 178/203/226
f 167/205/228 177/206/229 168/193/216
f 169/198/221 167/205/228 180/194/217
f 173/199/222 174/202/225 175/204/227
f 175/204/227 168/193/216 177/206/229
f 176/201/224 178/203/226 174/202/225
f 179/195/218 180/194/217 167/205/228
f 193/207/230 182/208/231 194/209/232
f 184/210/233 182/208/231 183/211/234
f 189/212/235 187/213/236 186/214/237
f 183/211/234 182/208/231 190/215/238
f 189/212/235 182/208/231 193/207/230
f 190/215/238 189/212/235 186/214/237
f 183/211/234 190/215/238 186/214/237
f 182/208/231 191/216/239 181/217/240
f 186/214/237 185/218/241 183/211/234
f 189/212/235 192/219/242 188/220/243
f 181/217/240 192/219/242 193/207/230
f 191/216/239 185/218/241 187/213/236
f 188/220/243 191/216/239 187/213/236
f 195/221/244 212/222/245 211/223/246
f 212/222/245 200/224/247 198/225/248
f 202/226/249 199/227/250 201/228/251
f 202/226/249 206/229/252 207/230/253
f 202/226/249 200/224/247 204/231/254
f 205/232/255 195/221/244 209/233/256
f 195/221/244 210/234/257 209/233/256
f 208/235/258 195/221/244 197/236/259
f 207/230/253 197/236/259 196/237/260
f 199/227/250 196/237/260 198/225/248
f 203/238/261 204/231/254 208/235/258
f 208/235/258 197/236/259 206/229/252
f 208/235/258 209/233/256 210/234/257
f 200/224/247 209/233/256 204/231/254
f 211/223/246 197/236/259 195/221/244
f 211/223/246 198/225/248 196/237/260
f 213/239/262 216/240/263 215/241/264
f 217/242/265 216/240/263 214/243/266
f 218/244/267 217/242/265 214/243/266
f 219/245/268 221/246/269 217/242/265
f 221/246/269 223/247/270 222/248/271
f 222/248/271 224/249/272 225/250/273
f 224/249/272 213/239/262 225/250/273
f 213/239/262 218/244/267 214/243/266
f 223/247/270 220/251/274 219/245/268
f 213/239/262 227/252/275 225/250/273
f 221/246/269 216/240/263 217/242/265
f 222/248/271 228/253/276 221/246/269
f 233/254/277 232/255/278 231/256/279
f 233/254/277 231/256/279 234/257/280
f 237/258/281 233/254/277 234/257/280
f 236/259/282 233/254/277 237/258/281
f 235/260/283 233/254/277 236/259/282
f 233/254/277 235/260/283 232/255/278
f 232/255/278 235/260/283 229/261/284
f 235/260/283 236/259/282 229/261/284
f 236/259/282 238/262/285 239/263/286
f 229/261/284 236/259/282 239/263/286
f 239/263/286 230/264/287 229/261/284
f 238/262/285 240/265/288 239/263/286
f 231/256/279 230/264/287 240/265/288
f 242/266/289 243/267/290 241/268/291
f 245/269/292 244/270/293 242/271/289
f 245/269/292 247/272/294 244/270/293
f 246/273/295 244/274/293 247/275/294
f 249/276/296 247/275/294 248/277/297
f 248/278/297 247/272/294 245/269/292
f 242/271/289 248/278/297 245/269/292
f 242/266/289 249/276/296 248/277/297
f 241/268/291 246/273/295 249/276/296
f 251/279/298 252/280/299 250/281/300
f 255/282/301 253/283/302 254/284/303
f 255/282/301 256/285/304 253/283/302
f 257/286/305 256/285/304 255/282/301
f 259/287/306 257/286/305 255/282/301
f 258/288/307 259/287/306 255/282/301
f 255/282/301 254/284/303 258/288/307
f 251/279/298 261/289/308 259/290/306
f 251/279/298 250/281/300 261/289/308
f 250/281/300 262/291/309 261/289/308
f 260/292/310 256/285/304 257/286/305
f 253/283/302 262/291/309 252/280/299
f 265/293/311 264/294/312 263/295/313
f 266/296/314 268/297/315 267/298/316
f 267/298/316 270/299/317 269/300/318
f 268/297/315 263/295/313 270/299/317
f 264/294/312 270/299/317 263/295/313
f 264/294/312 271/301/319 269/300/318
f 271/301/319 264/294/312 266/296/314
f 271/301/319 266/296/314 267/298/316
f 269/300/318 271/301/319 267/298/316
f 272/302/320 273/303/321 279/304/322
f 275/305/323 276/306/324 272/302/320
f 276/306/324 277/307/325 282/308/326
f 278/309/327 279/304/322 282/308/326
f 279/304/322 274/310/328 272/302/320
f 279/304/322 280/311/329 282/308/326
f 272/302/320 281/312/330 273/303/321
f 282/308/326 281/312/330 276/306/324
f 286/313/331 285/314/332 284/315/333
f 284/315/333 287/316/334 286/313/331
f 287/316/334 283/317/335 294/318/336
f 294/318/336 289/319/337 288/320/338
f 283/317/335 290/321/339 289/319/337
f 290/321/339 288/320/338 289/319/337
f 292/322/340 288/320/338 291/323/341
f 292/322/340 294/318/336 293/324/342
f 285/314/332 292/322/340 291/323/341
f 290/321/339 285/314/332 291/323/341
f 286/313/331 295/325/343 285/314/332
f 287/316/334 295/325/343 286/313/331
f 293/324/342 294/318/336 288/320/338
f 311/326/344 305/327/345 306/328/346
f 305/327/345 308/329/347 307/330/348
f 311/326/344 309/331/349 305/327/345
f 306/328/346 310/332/350 311/326/344
f 307/330/348 312/333/351 306/328/346
f 309/331/349 310/332/350 312/333/351
f 316/334/352 314/335/353 313/336/354
f 315/337/355 316/334/352 317/338/356
f 318/339/357 313/336/354 319/340/358
f 317/338/356 319/340/358 320/341/359
f 315/337/355 320/341/359 314/335/353
f 322/342/360 334/343/361 333/344/362
f 324/345/363 325/346/364 323/347/365
f 328/348/366 325/346/364 327/349/367
f 327/349/367 331/350/368 329/351/225
f 331/350/368 322/342/360 332/352/369
f 322/342/360 330/353/370 332/352/369
f 325/346/364 322/342/360 321/354/371
f 334/343/361 325/346/364 321/354/371
f 328/348/366 329/351/225 330/353/370
f 330/353/370 322/342/360 326/355/372
f 331/350/368 332/352/369 329/351/225
f 333/344/362 334/343/361 321/354/371
f 338/356/373 336/357/374 337/358/375
f 340/359/376 344/360/377 343/361/378
f 337/358/375 347/362/379 342/363/380
f 337/358/375 342/363/380 340/359/376
f 342/363/380 341/364/381 340/359/376
f 336/357/374 346/365/382 335/366/383
f 340/359/376 339/367/384 337/358/375
f 341/364/381 345/368/385 344/360/377
f 335/366/383 345/368/385 347/362/379
f 346/365/382 339/367/384 343/361/378
f 345/368/385 343/361/378 344/360/377
f 365/369/386 349/370/387 366/371/388
f 358/372/389 365/369/386 350/373/390
f 353/374/391 352/375/392 349/370/387
f 354/376/393 352/375/392 353/374/391
f 358/377/389 362/378/394 356/379/395
f 360/380/396 349/370/387 361/381/397
f 359/382/398 349/370/387 365/369/386
f 361/381/397 358/372/389 356/383/395
f 353/374/391 361/381/397 356/383/395
f 352/375/392 364/384/399 351/385/400
f 356/379/395 355/386/401 353/387/391
f 358/372/389 363/388/402 357/389/403
f 351/385/400 363/388/402 350/373/390
f 362/378/394 354/376/393 355/386/401
f 363/388/402 362/378/394 357/389/403
f 352/375/392 366/371/388 349/370/387
f 366/371/388 350/373/390 365/369/386
f 367/390/404 369/391/405 378/392/406
f 368/393/407 370/394/408 369/391/405
f 369/391/405 372/395/409 371/396/410
f 382/397/411 372/395/409 370/394/408
f 382/397/411 375/398/412 373/399/413
f 377/400/414 375/398/412 374/401/415
f 378/392/406 376/402/416 377/400/414
f 378/392/406 371/396/410 379/403/417
f 375/398/412 376/402/416 372/395/409
f 377/400/414 367/390/404 378/392/406
f 368/393/407 382/397/411 370/394/408
f 381/404/418 374/401/415 382/397/411
f 380/405/419 377/400/414 374/401/415
f 383/406/420 393/407/421 387/408/422
f 390/409/423 383/406/420 387/408/422
f 387/408/422 388/410/424 390/409/423
f 391/411/425 389/412/426 392/413/427
f 391/411/425 392/413/427 393/407/421
f 393/407/421 392/413/427 394/414/428
f 387/408/422 394/414/428 388/410/424
f 385/415/429 390/409/423 391/411/425
f 393/407/421 385/415/429 391/411/425
f 389/412/426 388/410/424 394/414/428
f 397/416/430 396/417/431 395/418/432
f 400/419/433 399/420/433 398/421/433
f 403/422/434 401/423/435 402/424/434
f 405/425/436 406/426/437 404/427/438
f 408/428/439 409/429/439 407/430/439
f 411/431/439 410/432/439 412/433/439
f 413/434/439 415/435/439 414/436/439
f 417/437/440 418/438/440 416/439/440
f 420/440/441 421/441/442 419/442/443
f 422/443/439 424/444/439 423/445/439
f 426/446/444 425/447/445 427/448/446
f 428/449/447 431/450/448 429/451/449
f 433/452/450 431/450/448 428/449/447
f 435/453/451 434/454/452 433/452/450
f 429/451/449 435/453/451 433/452/450
f 429/451/449 434/454/452 435/453/451
f 431/450/448 432/455/453 434/454/452
f 438/456/454 436/457/455 439/458/456
f 437/459/457 438/456/454 440/460/458
f 437/459/457 440/460/458 441/461/459
f 440/460/458 439/458/456 442/462/460
f 441/461/459 442/462/460 443/463/461
f 443/463/461 442/462/460 436/457/455
f 437/459/457 443/463/461 436/457/455
f 444/464/462 446/465/463 445/466/464
f 444/464/462 445/466/464 448/467/465
f 447/468/466 446/465/467 445/466/468
f 451/469/469 445/466/468 448/467/470
f 450/470/471 451/469/469 448/467/470
f 449/471/472 444/464/462 448/467/465
f 454/472/473 452/473/474 453/474/473
f 455/475/475 457/476/476 456/477/477
f 457/476/476 455/475/475 456/477/477
f 460/478/478 459/479/479 458/480/479
f 461/481/480 466/482/481 462/483/482
f 462/483/482 466/482/481 479/484/483
f 462/483/482 463/485/484 477/486/485
f 462/483/482 479/484/483 463/485/484
f 463/485/484 479/484/483 464/487/486
f 469/488/487 478/489/488 470/490/489
f 469/488/487 471/491/490 467/492/491
f 465/493/492 467/492/491 471/491/490
f 471/491/490 472/494/493 465/493/492
f 472/494/493 464/487/486 465/493/492
f 475/495/494 464/487/486 472/494/493
f 475/495/494 463/485/484 464/487/486
f 474/496/495 477/486/485 475/495/494
f 474/496/495 476/497/496 478/489/488
f 462/483/482 477/486/485 474/496/495
f 474/496/495 468/498/497 462/483/482
f 473/499/498 470/490/489 478/489/488
f 475/495/494 477/486/485 463/485/484
f 475/495/494 473/499/498 476/497/496
f 471/491/490 470/490/489 473/499/498
f 501/500/499 500/501/500 499/502/501
f 499/502/501 500/501/500 497/503/502
f 504/504/503 502/505/504 503/506/503
f 516/507/505 515/508/506 513/509/507
f 525/510/508 527/511/509 518/512/510
f 519/513/511 520/514/512 521/515/513
f 518/512/510 521/515/513 522/516/514
f 522/516/514 521/515/513 525/510/508
f 525/510/508 521/515/513 524/517/515
f 524/517/515 523/518/516 526/519/517
f 525/510/508 524/517/515 527/511/509
f 524/517/515 526/519/517 519/513/511
f 527/511/509 519/513/511 518/512/510
f 535/520/518 536/521/519 534/522/520
f 528/523/521 529/524/522 537/525/523
f 539/526/524 545/527/525 540/528/526
f 545/527/525 541/529/527 540/528/526
f 540/528/526 542/530/528 539/526/524
f 540/528/526 543/531/529 544/532/530
f 542/530/528 544/532/530 546/533/531
f 544/532/530 543/531/529 545/527/525
f 545/527/525 543/531/529 547/534/532
f 549/535/533 550/536/534 551/537/535
f 552/538/536 550/536/534 553/539/537
f 553/539/537 554/540/538 552/538/536
f 557/541/539 556/542/540 555/543/541
f 567/544/542 566/545/543 560/546/544
f 566/545/543 561/547/545 562/548/546
f 560/546/544 566/545/543 562/548/546
f 560/546/544 562/548/546 563/549/547
f 563/549/547 562/548/546 564/550/548
f 563/549/547 566/545/543 567/544/542
f 564/550/548 565/551/549 566/545/543
f 566/545/543 565/551/549 561/547/545
f 568/552/550 569/553/551 577/554/552
f 569/553/551 568/552/550 570/555/553
f 571/556/554 570/555/553 572/557/555
f 572/557/555 573/558/556 571/556/554
f 573/558/556 572/557/555 575/559/557
f 575/559/557 572/557/555 574/560/558
f 580/561/559 584/562/560 579/563/561
f 581/564/562 579/563/561 578/565/563
f 580/561/559 579/563/561 582/566/564
f 582/566/564 581/564/562 583/567/565
f 585/568/566 582/566/564 584/562/560
f 584/562/560 583/567/565 578/565/563
f 587/569/567 597/570/568 588/571/569
f 589/572/570 588/571/569 590/573/571
f 594/574/572 593/575/573 592/576/574
f 602/577/575 605/578/576 603/579/577
f 599/580/578 604/581/579 598/582/580
f 598/582/580 605/578/576 602/577/575
f 600/583/581 598/582/580 601/584/582
f 601/584/582 602/577/575 603/579/577
f 599/580/578 601/584/582 604/581/579
f 604/581/579 603/579/577 605/578/576
f 607/585/583 608/586/584 606/587/585
f 609/588/586 608/586/584 607/585/583
f 609/588/586 610/589/587 608/586/584
f 611/590/588 612/591/589 610/589/587
f 614/592/590 615/593/591 612/591/589
f 615/593/591 614/592/590 616/594/592
f 615/593/591 616/594/592 606/587/585
f 624/595/593 622/596/594 620/597/595
f 618/598/596 617/599/597 619/600/598
f 620/597/595 619/600/598 624/595/593
f 623/601/599 619/600/598 621/602/600
f 621/602/600 620/597/595 622/596/594
f 617/599/597 622/596/594 624/595/593
f 623/601/599 621/602/600 617/599/597
f 625/603/601 633/604/602 627/605/603
f 627/605/603 626/606/604 628/607/605
f 629/608/606 628/607/605 630/609/607
f 636/610/608 639/611/609 634/612/610
f 635/613/611 636/610/608 634/612/610
f 641/614/612 637/615/613 642/616/614
f 636/610/608 635/613/611 638/617/615
f 639/611/609 638/617/615 640/618/616
f 640/618/616 642/616/614 635/613/611
f 634/612/610 640/618/616 635/613/611
f 649/619/617 650/620/618 648/621/619
f 651/622/620 652/623/621 650/620/618
f 643/624/622 653/625/623 652/623/621
f 657/626/624 658/627/625 654/628/626
f 661/629/627 660/630/628 655/631/629
f 661/629/627 655/631/629 656/632/630
f 654/628/626 661/629/627 656/632/630
f 659/633/631 654/628/626 658/627/625
f 654/628/626 659/633/631 661/629/627
f 666/634/632 667/635/633 664/636/634
f 672/637/635 671/638/636 669/639/637
f 673/640/638 674/641/639 676/642/640
f 673/640/638 676/642/640 675/643/641
f 676/642/640 677/644/642 678/645/643
f 679/646/644 676/642/640 678/645/643
f 687/647/645 688/648/646 690/649/647
f 690/649/647 688/648/646 689/650/648
f 692/651/649 691/652/650 695/653/651
f 696/654/652 700/655/653 693/656/654
f 699/657/655 691/652/650 692/651/649
f 694/658/656 693/656/654 699/657/655
f 695/653/651 694/658/656 692/651/649
f 696/654/652 694/658/656 697/659/657
f 697/659/657 695/653/651 698/660/658
f 700/655/653 697/659/657 699/657/655
f 699/657/655 698/660/658 691/652/650
f 703/661/659 701/662/660 702/663/661
f 702/663/661 704/664/662 703/661/659
f 706/665/663 704/664/662 705/666/664
f 715/667/665 713/668/666 720/669/667
f 718/670/668 721/671/669 716/672/670
f 714/673/671 713/668/666 715/667/665
f 717/674/672 718/670/668 714/673/671
f 718/670/668 717/674/672 719/675/673
f 719/675/673 717/674/672 720/669/667
f 719/675/673 720/669/667 713/668/666
f 721/671/669 719/675/673 714/673/671
f 722/676/674 724/677/675 725/678/676
f 726/679/677 725/678/676 724/677/675
f 725/678/676 726/679/677 727/680/678
f 728/681/679 727/680/678 726/679/677
f 732/682/680 730/683/681 731/684/682
f 735/685/683 738/686/684 734/687/685
f 736/688/686 737/689/687 734/687/685
f 737/689/687 736/688/686 738/686/684
f 738/686/684 736/688/686 739/690/688
f 740/691/689 738/686/684 739/690/688
f 744/692/690 746/693/691 747/694/692
f 746/693/691 748/695/693 747/694/692
f 748/695/693 749/696/694 741/697/695
f 760/698/696 759/699/697 761/700/698
f 756/701/699 762/702/700 757/703/701
f 763/704/702 761/700/698 762/702/700
f 764/705/703 758/706/704 759/699/697
f 756/701/699 769/707/705 762/702/700
f 770/708/706 762/702/700 769/707/705
f 763/704/702 771/709/707 761/700/698
f 771/709/707 772/710/708 761/700/698
f 773/711/709 774/712/710 759/699/697
f 758/706/704 765/713/711 775/714/712
f 776/715/713 766/716/714 758/706/704
f 776/715/713 767/717/715 768/718/716
f 768/718/716 767/717/715 777/719/717
f 756/701/699 768/718/716 777/719/717
f 769/707/705 778/720/718 770/708/706
f 771/709/707 780/721/719 772/710/708
f 772/710/708 780/721/719 781/722/720
f 774/712/710 773/711/709 782/723/721
f 774/712/710 782/723/721 783/724/722
f 783/724/722 784/725/723 774/712/710
f 786/726/724 776/715/713 775/714/712
f 787/727/725 767/717/715 786/726/724
f 777/719/717 767/717/715 795/728/726
f 778/720/718 788/729/727 797/730/728
f 778/720/718 797/730/728 770/708/706
f 780/721/719 789/731/729 790/732/730
f 781/722/720 780/721/719 790/732/730
f 792/733/731 782/723/721 791/734/732
f 782/723/721 792/733/731 783/724/722
f 793/735/733 784/725/723 783/724/722
f 786/726/724 775/714/712 794/736/734
f 788/729/727 796/737/735 797/730/728
f 797/730/728 796/737/735 807/738/736
f 789/731/729 810/739/737 798/740/738
f 799/741/739 790/732/730 798/740/738
f 800/742/740 791/734/732 790/732/730
f 792/733/731 800/742/740 801/743/741
f 792/733/731 802/744/742 783/724/722
f 783/724/722 802/744/742 803/745/743
f 793/735/733 803/745/743 804/746/744
f 794/736/734 785/747/745 793/735/733
f 786/726/724 805/748/746 787/727/725
f 802/744/742 792/733/731 801/743/741
f 804/746/744 803/745/743 808/749/747
f 808/749/747 794/736/734 804/746/744
f 805/748/746 806/750/748 787/727/725
f 806/750/748 795/728/726 787/727/725
f 806/750/748 796/737/735 795/728/726
f 796/737/735 806/750/748 810/739/737
f 810/739/737 807/738/736 796/737/735
f 806/750/748 813/751/749 810/739/737
f 798/740/738 813/751/749 799/741/739
f 800/742/740 811/752/750 801/743/741
f 801/743/741 812/753/751 802/744/742
f 808/749/747 803/745/743 802/744/742
f 808/749/747 806/750/748 805/748/746
f 805/748/746 794/736/734 808/749/747
f 814/754/752 827/755/753 816/756/754
f 817/757/755 820/758/756 816/756/754
f 823/759/757 819/760/758 820/758/756
f 825/761/759 818/762/760 819/760/758
f 816/756/754 826/763/761 814/754/752
f 826/763/761 832/764/762 814/754/752
f 817/757/755 834/765/763 820/758/756
f 828/766/764 821/767/765 834/765/766
f 822/768/767 821/767/765 828/766/764
f 822/768/767 823/759/757 820/758/756
f 825/761/759 819/760/758 829/769/768
f 831/770/769 826/763/761 818/762/760
f 843/771/770 815/772/771 832/764/762
f 828/766/764 834/765/766 835/773/772
f 822/768/767 836/774/773 837/775/774
f 823/759/757 839/776/775 824/777/776
f 839/776/775 829/769/768 824/777/776
f 840/778/777 825/761/759 829/769/768
f 830/779/778 825/761/759 849/780/779
f 832/764/762 826/763/761 831/770/769
f 844/781/780 827/755/753 843/771/770
f 827/755/753 844/781/780 845/782/781
f 836/774/773 854/783/782 837/775/774
f 839/776/775 847/784/783 840/778/777
f 840/778/777 847/784/783 848/785/784
f 860/786/785 831/770/769 841/787/786
f 860/786/785 832/764/762 831/770/769
f 865/788/787 854/783/782 835/773/772
f 854/783/782 836/774/773 835/773/772
f 837/775/774 855/789/788 856/790/789
f 856/790/789 862/791/790 838/792/791
f 862/791/790 857/793/792 838/792/793
f 857/793/792 858/794/794 846/795/795
f 848/785/784 847/784/783 863/796/796
f 859/797/797 849/780/779 848/785/784
f 865/788/787 835/773/772 853/798/798
f 858/794/794 857/793/792 863/796/796
f 859/797/797 848/785/784 864/799/799
f 853/798/798 844/781/780 851/800/800
f 855/789/788 865/788/787 853/798/798
f 856/790/789 855/789/788 862/791/790
f 857/793/792 862/791/790 863/796/796
f 864/799/799 833/801/801 842/802/802
f 842/802/802 860/786/785 864/799/799
f 861/803/803 833/801/801 864/799/799
f 866/804/804 868/805/805 851/800/800
f 868/805/805 855/789/788 851/800/800
f 868/805/805 867/806/806 862/791/790
f 862/791/790 867/806/806 863/796/796
f 867/806/806 864/799/799 863/796/796
f 869/807/807 871/808/808 870/809/809
f 874/810/810 873/811/811 875/812/812
f 871/808/808 875/812/812 870/809/809
f 876/813/813 874/810/810 875/812/812
f 877/814/814 873/811/811 874/810/810
f 879/815/815 870/809/809 872/816/816
f 879/815/815 869/807/807 870/809/809
f 886/817/817 881/818/818 875/812/819
f 881/818/818 889/819/820 875/812/819
f 876/813/813 882/820/821 874/810/810
f 883/821/822 878/822/823 877/814/814
f 891/823/824 878/822/823 883/821/822
f 878/822/823 884/824/825 873/811/811
f 884/824/825 894/825/826 872/816/816
f 894/825/826 879/815/815 872/816/816
f 880/826/827 879/815/815 896/827/828
f 885/828/829 886/817/817 871/808/808
f 886/817/817 887/829/830 881/818/818
f 889/819/820 899/830/831 882/820/821
f 892/831/832 878/822/823 891/823/824
f 884/824/825 895/832/833 894/825/826
f 896/827/828 879/815/815 895/832/833
f 896/827/828 903/833/834 904/834/835
f 917/835/836 897/836/837 904/834/835
f 886/817/817 905/837/838 887/829/830
f 899/830/831 890/838/839 882/820/821
f 883/821/822 890/838/839 900/839/840
f 900/839/840 901/840/841 891/823/824
f 892/831/832 891/823/824 901/840/841
f 917/835/836 905/837/838 897/836/837
f 885/828/829 897/836/837 905/837/838
f 918/841/842 905/837/838 917/835/836
f 887/829/830 918/841/842 914/842/843
f 887/829/830 914/842/843 898/843/844
f 907/844/845 888/845/846 906/846/847
f 907/844/845 919/847/848 899/830/831
f 908/848/849 890/838/839 919/847/848
f 900/839/840 908/848/849 915/849/850
f 916/850/851 903/833/834 896/827/828
f 910/851/852 909/852/853 915/849/850
f 913/853/854 918/841/842 904/834/835
f 906/846/847 914/842/843 907/844/845
f 911/854/855 910/851/852 915/849/850
f 911/854/855 916/850/851 912/855/856
f 920/856/857 908/848/849 907/844/845
f 920/856/857 922/857/858 908/848/849
f 922/857/858 921/858/859 911/854/855
f 924/859/860 934/860/861 923/861/862
f 923/861/862 934/860/861 935/862/863
f 929/863/864 926/864/865 927/865/866
f 931/866/867 925/867/868 926/864/865
f 923/861/862 935/862/863 936/868/869
f 923/861/862 936/868/869 924/859/860
f 937/869/870 938/870/871 926/864/865
f 932/871/872 939/872/873 933/873/874
f 940/874/875 925/867/868 933/873/874
f 934/860/861 924/859/860 940/874/875
f 929/863/864 943/875/876 954/876/877
f 937/869/870 929/863/864 944/877/878
f 938/870/871 937/869/870 955/878/879
f 945/879/880 930/880/881 938/870/882
f 947/881/883 931/866/867 946/882/884
f 931/866/867 947/881/883 932/871/872
f 948/883/885 940/874/875 933/873/874
f 934/860/861 940/874/875 949/884/886
f 952/885/887 953/886/888 951/887/889
f 941/888/890 936/868/869 935/862/863
f 957/889/891 941/888/890 953/886/888
f 958/890/892 943/875/876 957/889/891
f 954/876/877 943/875/876 958/890/892
f 956/891/893 949/884/886 940/874/875
f 949/884/886 972/892/894 950/893/895
f 950/893/895 972/892/894 951/887/889
f 952/885/887 951/887/889 968/894/896
f 952/885/887 968/894/896 953/886/888
f 968/894/896 957/889/891 953/886/888
f 961/895/897 962/896/898 947/881/883
f 963/897/899 947/881/883 962/896/898
f 972/892/894 967/898/900 968/894/896
f 957/889/891 968/894/896 969/899/901
f 971/900/902 969/899/901 970/901/903
f 972/892/894 956/891/893 966/902/904
f 970/901/903 969/899/901 968/894/896
f 959/903/905 970/901/903 973/904/906
f 973/904/906 974/905/907 960/906/908
f 974/905/907 963/897/899 962/896/898
f 962/896/898 961/895/897 974/905/907
f 976/907/909 975/908/910 973/904/906
f 975/908/910 974/905/907 973/904/906
f 974/905/907 975/908/910 963/897/899
f 963/897/899 967/898/900 964/909/911
f 977/910/912 978/911/913 982/912/914
f 982/912/914 978/911/913 990/913/915
f 983/914/916 981/915/917 982/912/914
f 985/916/918 980/917/919 981/915/917
f 987/918/920 979/919/921 980/917/919
f 977/910/912 996/920/922 978/911/913
f 1016/921/923 1005/922/924 978/911/913
f 990/913/915 991/923/925 982/912/914
f 983/914/916 992/924/926 984/925/927
f 985/916/918 986/926/928 980/917/919
f 986/926/928 994/927/929 980/917/919
f 994/927/929 987/918/920 980/917/919
f 988/928/930 995/929/931 979/919/921
f 989/930/932 996/920/922 982/912/914
f 996/920/922 977/910/912 982/912/933
f 1003/931/934 1004/932/935 1016/921/923
f 991/923/925 990/913/915 1005/922/924
f 992/924/926 983/914/916 997/933/936
f 1000/934/937 994/927/929 1012/935/938
f 988/928/930 1001/936/939 1002/937/940
f 989/930/932 995/929/931 1002/937/940
f 999/938/941 998/939/942 1009/940/943
f 1011/941/944 1012/935/938 1010/942/945
f 1001/936/939 1000/934/937 1013/943/946
f 1002/937/940 1013/943/946 1027/944/947
f 1014/945/948 1002/937/949 1027/944/947
f 1014/945/948 1015/946/950 1002/937/949
f 996/920/922 1015/946/950 1016/921/923
f 1003/931/934 1022/947/951 1004/932/935
f 1005/922/924 1004/932/935 1017/948/952
f 1024/949/953 997/933/936 1030/950/954
f 1019/951/955 1009/940/943 1008/952/956
f 1000/934/937 1012/935/938 1025/953/957
f 1021/954/958 1013/943/946 1000/934/937
f 1015/946/950 1014/945/948 1022/947/951
f 1003/931/934 1028/955/959 1022/947/951
f 1030/950/954 1018/956/960 1024/949/953
f 1009/940/943 1019/951/955 1020/957/961
f 1027/944/947 1021/954/958 1026/958/962
f 1014/945/948 1026/958/962 1022/947/951
f 1024/949/953 1018/956/960 1017/948/952
f 1031/959/963 1007/960/964 1024/949/953
f 1031/959/963 1020/957/961 1019/951/955
f 1021/954/958 1022/947/951 1026/958/962
f 1029/961/965 1024/949/953 1004/932/935
f 1032/962/966 1031/959/963 1024/949/953
f 1031/959/963 1032/962/966 1020/957/961
f 1020/957/961 1033/963/967 1025/953/957
f 1033/963/967 1023/964/968 1025/953/957
f 1023/964/968 1022/947/951 1025/953/957
f 1036/965/969 1044/966/970 1043/967/971
f 1036/965/969 1046/968/972 1045/969/973
f 1034/970/974 1047/971/975 1046/968/972
f 1034/970/974 1035/972/976 1049/973/977
f 1049/973/977 1035/972/976 1048/974/978
f 1035/972/976 1050/975/979 1048/974/978
f 1035/972/976 1051/976/980 1050/975/979
f 1040/977/981 1038/978/982 1052/979/983
f 1038/978/982 1041/980/984 1052/979/983
f 1041/980/984 1037/981/985 1053/982/986
f 1037/981/985 1042/983/987 1054/984/988
f 1047/971/975 1034/970/974 1049/973/977
f 1040/977/981 1052/979/983 1058/985/989
f 1053/982/986 1054/984/990 1060/986/991
f 1042/983/987 1043/967/971 1054/984/988
f 1043/967/971 1044/966/970 1061/987/992
f 1044/966/970 1045/969/973 1061/987/992
f 1045/969/973 1046/968/972 1062/988/993
f 1047/971/975 1049/973/977 1064/989/994
f 1065/990/995 1048/991/978 1055/992/996
f 1048/991/978 1056/993/997 1066/994/998
f 1057/995/999 1050/975/979 1051/976/980
f 1058/996/989 1059/997/1000 1068/998/1001
f 1060/999/991 1059/997/1000 1041/1000/984
f 1069/1001/1002 1059/997/1000 1060/999/991
f 1060/999/991 1054/1002/990 1071/1003/1003
f 1054/984/990 1061/987/992 1072/1004/1004
f 1061/1005/992 1062/1006/993 1074/1007/1005
f 1062/1006/993 1063/1008/1006 1075/1009/1007
f 1063/1010/1006 1064/989/994 1076/1011/1008
f 1077/1012/1009 1089/1013/1010 1066/994/998
f 1067/1014/1011 1056/993/997 1057/1015/999
f 1067/1014/1011 1068/998/1012 1078/1016/1013
f 1069/1001/1002 1079/1017/1014 1068/998/1012
f 1070/1018/1015 1069/1001/1002 1060/999/991
f 1071/1003/1003 1072/1019/1004 1080/1020/1016
f 1072/1019/1004 1073/1021/1017 1082/1022/1018
f 1073/1021/1017 1074/1007/1019 1083/1023/1020
f 1074/1007/1019 1075/1009/1021 1084/1024/1022
f 1075/1009/1021 1076/1025/1008 1084/1024/1022
f 1076/1025/1008 1065/990/995 1085/1026/1023
f 1066/994/998 1089/1013/1010 1086/1027/1024
f 1066/994/998 1078/1016/1013 1077/1012/1009
f 1066/994/998 1086/1027/1024 1085/1026/1023
f 1068/998/1012 1089/1013/1010 1077/1012/1009
f 1079/1017/1014 1089/1013/1010 1068/998/1012
f 1070/1018/1015 1088/1028/1025 1079/1017/1014
f 1081/1029/1026 1088/1028/1025 1070/1018/1015
f 1084/1024/1022 1087/1030/1027 1083/1023/1020
f 1084/1024/1022 1086/1027/1024 1087/1030/1027
f 1076/1025/1008 1086/1027/1024 1084/1024/1022
f 1085/1026/1023 1086/1027/1024 1076/1025/1008
f 1079/1017/1014 1088/1028/1025 1089/1013/1010
f 1090/1031/1028 1104/1032/1029 1103/1033/1030
f 1095/1034/1031 1097/1035/1032 1096/1036/1033
f 1094/1037/1034 1093/1038/1035 1098/1039/1036
f 1102/1040/1037 1091/1041/1038 1090/1031/1028
f 1104/1032/1029 1095/1034/1031 1106/1042/1039
f 1095/1034/1031 1107/1043/1040 1106/1042/1039
f 1095/1034/1031 1096/1036/1033 1107/1043/1040
f 1096/1036/1033 1097/1035/1032 1108/1044/1041
f 1094/1037/1034 1109/1045/1042 1097/1035/1032
f 1098/1039/1036 1093/1038/1035 1110/1046/1043
f 1093/1038/1035 1099/1047/1044 1110/1046/1043
f 1102/1040/1037 1090/1031/1028 1132/1048/1045
f 1132/1048/1045 1103/1033/1030 1122/1049/1046
f 1105/1050/1047 1122/1049/1046 1103/1033/1030
f 1103/1033/1030 1111/1051/1048 1105/1050/1047
f 1104/1032/1029 1106/1042/1039 1111/1051/1048
f 1106/1042/1039 1107/1043/1040 1111/1051/1048
f 1107/1043/1040 1108/1044/1041 1112/1052/1049
f 1108/1044/1041 1097/1035/1032 1114/1053/1050
f 1097/1035/1032 1115/1054/1051 1114/1053/1050
f 1097/1035/1032 1109/1045/1042 1115/1054/1051
f 1098/1039/1036 1110/1046/1043 1117/1055/1052
f 1110/1046/1043 1099/1047/1044 1118/1056/1053
f 1099/1047/1044 1100/1057/1054 1120/1058/1055
f 1100/1057/1054 1101/1059/1056 1121/1060/1057
f 1101/1059/1056 1102/1040/1037 1121/1060/1057
f 1113/1061/1058 1112/1052/1049 1108/1044/1041
f 1127/1062/1059 1114/1053/1050 1115/1054/1051
f 1127/1062/1059 1115/1054/1051 1116/1063/1060
f 1118/1056/1053 1117/1055/1052 1110/1046/1043
f 1119/1064/1061 1118/1056/1053 1099/1047/1044
f 1120/1058/1055 1119/1064/1062 1099/1047/1044
f 1121/1060/1057 1132/1048/1045 1131/1065/1063
f 1105/1050/1047 1125/1066/1064 1124/1067/1065
f 1113/1061/1058 1126/1068/1066 1136/1069/1067
f 1127/1062/1059 1126/1068/1066 1114/1053/1050
f 1116/1063/1060 1128/1070/1068 1139/1071/1069
f 1118/1056/1053 1128/1070/1068 1117/1055/1052
f 1119/1064/1062 1120/1058/1055 1141/1072/1070
f 1131/1065/1063 1120/1058/1055 1121/1060/1057
f 1143/1073/1071 1131/1065/1063 1132/1048/1045
f 1137/1074/1072 1127/1062/1059 1138/1075/1073
f 1130/1076/1074 1140/1077/1075 1129/1078/1076
f 1135/1079/1077 1133/1080/1078 1123/1081/1079
f 1129/1082/1076 1145/1083/1080 1138/1084/1073
f 1142/1085/1081 1145/1083/1080 1129/1082/1076
f 1138/1084/1073 1145/1083/1080 1146/1086/1082
f 1123/1081/1079 1144/1087/1083 1142/1085/1081
f 1150/1088/1084 1152/1089/1085 1151/1090/1086
f 1150/1088/1084 1153/1091/1087 1152/1089/1085
f 1150/1088/1084 1154/1092/1088 1153/1091/1087
f 1149/1093/1089 1158/1094/1090 1157/1095/1091
f 1150/1088/1084 1147/1096/1092 1163/1097/1093
f 1163/1097/1093 1147/1096/1092 1161/1098/1094
f 1168/1099/1095 1161/1098/1094 1147/1096/1092
f 1169/1100/1096 1147/1096/1092 1148/1101/1097
f 1149/1093/1089 1156/1102/1098 1155/1103/1099
f 1156/1102/1098 1149/1093/1089 1164/1104/1100
f 1149/1093/1089 1157/1095/1091 1164/1104/1100
f 1159/1105/1101 1160/1106/1102 1165/1107/1103
f 1148/1101/1097 1151/1090/1086 1170/1108/1104
f 1151/1090/1086 1152/1089/1085 1171/1109/1105
f 1152/1089/1085 1153/1091/1087 1171/1109/1105
f 1153/1091/1087 1154/1092/1088 1172/1110/1106
f 1154/1092/1088 1155/1103/1099 1172/1110/1106
f 1155/1103/1099 1156/1102/1098 1173/1111/1107
f 1156/1102/1098 1164/1104/1100 1174/1112/1108
f 1164/1104/1100 1157/1095/1091 1175/1113/1109
f 1159/1105/1101 1165/1107/1103 1177/1114/1110
f 1165/1107/1103 1163/1097/1093 1178/1115/1111
f 1178/1115/1111 1161/1098/1094 1166/1116/1112
f 1166/1116/1112 1162/1117/1113 1167/1118/1114
f 1170/1108/1115 1169/1100/1096 1148/1101/1097
f 1171/1109/1105 1172/1110/1106 1181/1119/1116
f 1173/1111/1107 1172/1110/1106 1155/1103/1099
f 1173/1111/1107 1174/1112/1108 1183/1120/1117
f 1175/1113/1109 1174/1112/1108 1164/1104/1100
f 1175/1113/1109 1176/1121/1118 1185/1122/1119
f 1177/1114/1110 1176/1121/1120 1158/1094/1090
f 1177/1114/1110 1178/1115/1111 1187/1123/1121
f 1162/1117/1113 1180/1124/1122 1179/1125/1123
f 1168/1099/1095 1170/1108/1115 1180/1124/1122
f 1170/1108/1124 1181/1119/1116 1190/1126/1125
f 1181/1119/1116 1182/1127/1126 1191/1128/1127
f 1183/1120/1117 1182/1127/1126 1172/1110/1106
f 1192/1129/1128 1182/1127/1126 1183/1120/1117
f 1193/1130/1129 1183/1120/1117 1174/1112/1108
f 1185/1122/1130 1184/1131/1131 1175/1113/1109
f 1185/1122/1130 1186/1132/1132 1196/1133/1133
f 1187/1123/1121 1166/1116/1112 1199/1134/1134
f 1179/1125/1123 1200/1135/1135 1199/1134/1134
f 1179/1125/1123 1188/1136/1136 1200/1135/1135
f 1193/1130/1129 1184/1131/1131 1194/1137/1137
f 1196/1133/1133 1198/1138/1138 1197/1139/1139
f 1198/1138/1138 1187/1123/1121 1197/1139/1139
f 1195/1140/1140 1201/1141/1141 1194/1137/1137
f 1201/1141/1141 1188/1136/1136 1192/1129/1128
f 1194/1137/1137 1201/1141/1141 1192/1129/1128
f 1199/1134/1134 1200/1135/1135 1197/1139/1139
f 1215/1142/1142 1216/1143/1143 1202/1144/1144
f 1202/1144/1144 1216/1143/1143 1217/1145/1145
f 1205/1146/1146 1207/1147/1147 1206/1148/1148
f 1205/1146/1146 1208/1149/1149 1207/1147/1147
f 1205/1146/1146 1209/1150/1150 1208/1149/1149
f 1209/1150/1150 1204/1151/1151 1210/1152/1152
f 1204/1151/1151 1212/1153/1153 1211/1154/1154
f 1203/1155/1155 1215/1142/1142 1213/1156/1156
f 1214/1157/1157 1202/1144/1144 1217/1145/1145
f 1216/1143/1143 1205/1146/1146 1206/1148/1148
f 1210/1152/1152 1204/1151/1151 1219/1158/1158
f 1204/1151/1151 1211/1154/1154 1219/1158/1158
f 1212/1153/1153 1203/1155/1155 1220/1159/1159
f 1203/1155/1155 1213/1156/1156 1220/1159/1159
f 1215/1142/1142 1202/1144/1144 1214/1157/1157
f 1233/1160/1160 1218/1161/1161 1223/1162/1162
f 1217/1145/1145 1224/1163/1163 1218/1161/1161
f 1216/1143/1143 1206/1148/1148 1224/1163/1163
f 1206/1148/1148 1225/1164/1164 1224/1163/1163
f 1206/1148/1148 1207/1147/1147 1225/1164/1164
f 1207/1147/1147 1208/1149/1149 1225/1164/1164
f 1208/1149/1149 1209/1150/1150 1226/1165/1165
f 1209/1150/1150 1227/1166/1166 1226/1165/1165
f 1209/1150/1150 1210/1152/1152 1228/1167/1167
f 1210/1152/1152 1219/1158/1158 1229/1168/1168
f 1219/1158/1158 1211/1154/1154 1230/1169/1169
f 1211/1154/1154 1212/1153/1153 1230/1169/1169
f 1212/1153/1153 1220/1159/1159 1231/1170/1170
f 1220/1159/1159 1213/1156/1156 1221/1171/1171
f 1213/1156/1156 1214/1157/1157 1221/1171/1172
f 1217/1145/1145 1221/1171/1173 1214/1157/1157
f 1226/1165/1165 1227/1166/1166 1238/1172/1174
f 1228/1167/1167 1229/1168/1168 1239/1173/1175
f 1230/1169/1169 1231/1170/1170 1241/1174/1176
f 1221/1171/1173 1232/1175/1177 1220/1159/1159
f 1218/1161/1161 1235/1176/1178 1234/1177/1179
f 1237/1178/1180 1235/1176/1178 1225/1164/1164
f 1237/1178/1180 1238/1172/1174 1245/1179/1181
f 1238/1172/1174 1239/1173/1182 1246/1180/1183
f 1239/1173/1175 1240/1181/1184 1248/1182/1185
f 1240/1181/1186 1241/1174/1176 1250/1183/1187
f 1241/1174/1176 1242/1184/1188 1250/1183/1187
f 1243/1185/1189 1242/1184/1190 1232/1175/1177
f 1252/1186/1191 1242/1184/1190 1243/1185/1189
f 1233/1160/1160 1243/1185/1189 1221/1171/1173
f 1222/1187/1192 1243/1185/1189 1233/1160/1160
f 1236/1188/1193 1254/1189/1194 1234/1177/1179
f 1252/1186/1191 1255/1190/1195 1251/1191/1196
f 1246/1180/1197 1254/1189/1194 1236/1188/1193
f 1246/1180/1197 1256/1192/1198 1254/1189/1194
f 1247/1193/1199 1256/1192/1198 1246/1180/1197
f 1251/1191/1196 1255/1190/1195 1247/1193/1199
f 1252/1186/1191 1253/1194/1200 1255/1190/1195
f 1258/1195/1201 1273/1196/1202 1257/1197/1203
f 1257/1197/1203 1273/1196/1202 1279/1198/1204
f 1263/1199/1205 1264/1200/1206 1276/1201/1207
f 1263/1199/1205 1259/1202/1208 1264/1200/1206
f 1259/1202/1208 1266/1203/1209 1265/1204/1210
f 1259/1202/1208 1267/1205/1211 1266/1203/1209
f 1259/1202/1208 1268/1206/1212 1267/1205/1211
f 1259/1202/1208 1270/1207/1213 1269/1208/1214
f 1259/1202/1208 1258/1195/1201 1270/1207/1213
f 1270/1207/1213 1257/1197/1203 1279/1198/1204
f 1258/1195/1201 1274/1209/1215 1273/1196/1202
f 1258/1195/1201 1261/1210/1216 1274/1209/1215
f 1260/1211/1217 1275/1212/1218 1262/1213/1219
f 1263/1199/1205 1276/1201/1207 1275/1212/1218
f 1258/1195/1201 1257/1197/1203 1270/1207/1213
f 1279/1198/1220 1271/1214/1221 1280/1215/1222
f 1281/1216/1223 1280/1215/1222 1271/1214/1221
f 1273/1196/1202 1274/1209/1215 1272/1217/1224
f 1274/1209/1215 1261/1210/1216 1284/1218/1225
f 1261/1210/1216 1262/1213/1219 1284/1218/1225
f 1262/1213/1219 1275/1212/1218 1285/1219/1226
f 1276/1201/1207 1264/1200/1206 1287/1220/1227
f 1264/1200/1206 1265/1204/1210 1289/1221/1228
f 1265/1204/1210 1267/1205/1211 1290/1222/1229
f 1269/1208/1214 1278/1223/1230 1291/1224/1231
f 1269/1208/1214 1270/1207/1213 1278/1223/1230
f 1271/1214/1221 1293/1225/1232 1282/1226/1233
f 1283/1227/1234 1284/1218/1225 1294/1228/1235
f 1295/1229/1236 1294/1228/1237 1284/1218/1238
f 1285/1219/1239 1286/1230/1240 1296/1231/1241
f 1287/1220/1227 1286/1230/1240 1276/1201/1207
f 1290/1222/1229 1277/1232/1242 1299/1233/1243
f 1291/1224/1244 1277/1232/1242 1268/1206/1212
f 1303/1234/1245 1302/1235/1246 1294/1228/1235
f 1296/1231/1241 1295/1229/1236 1285/1219/1239
f 1288/1236/1247 1297/1237/1248 1296/1231/1241
f 1290/1222/1229 1299/1233/1243 1306/1238/1249
f 1300/1239/1250 1299/1233/1243 1277/1232/1242
f 1307/1240/1251 1299/1233/1243 1300/1239/1250
f 1292/1241/1252 1301/1242/1253 1291/1224/1244
f 1292/1241/1252 1309/1243/1254 1308/1244/1255
f 1298/1245/1256 1306/1238/1249 1305/1246/1257
f 1301/1242/1253 1308/1244/1255 1309/1243/1254
f 1302/1235/1246 1310/1247/1258 1281/1216/1223
f 1297/1237/1248 1312/1248/1259 1302/1235/1246
f 1307/1240/1251 1311/1249/1260 1305/1246/1257
f 1309/1243/1254 1311/1249/1260 1307/1240/1251
f 1302/1235/1246 1312/1248/1259 1310/1247/1258
f 1305/1246/1257 1312/1248/1259 1297/1237/1248
f 1681/1250/1261 1679/1250/1262 1691/1250/1263
f 1681/1250/1261 1680/1250/1264 1682/1250/1265
f 1685/1250/1266 1681/1250/1261 1683/1250/1267
f 1688/1250/1268 1724/1250/1269 1687/1250/1270
f 1684/1250/1271 1690/1250/1272 1679/1250/1262
f 1722/1250/1273 1680/1250/1264 1691/1250/1263
f 1682/1250/1265 1680/1250/1264 1692/1250/1274
f 1682/1250/1265 1693/1250/1275 1694/1250/1276
f 1695/1250/1277 1682/1250/1265 1692/1250/1274
f 1715/1250/440 1716/1250/440 1723/1250/440
f 1695/1250/1278 1696/1250/1279 1693/1250/1280
f 1701/1250/1281 1699/1250/1282 1698/1250/1283
f 1734/1250/1284 1699/1250/1282 1735/1250/1285
f 1703/1250/1286 1733/1250/1287 1735/1250/1288
f 1699/1250/1282 1703/1250/1289 1735/1250/1285
f 1702/1250/1290 1703/1250/1289 1704/1250/1291
f 1701/1250/1281 1703/1250/1289 1699/1250/1282
f 1705/1250/1292 1701/1250/1281 1706/1250/1293
f 1709/1250/1294 1705/1250/1292 1708/1250/1295
f 1712/1250/1296 1709/1250/1297 1710/1250/1298
f 1710/1250/1299 1707/1250/1300 1711/1250/1301
f 1710/1250/1302 1690/1250/1272 1684/1250/1271
f 1684/1250/1271 1712/1250/1303 1710/1250/1304
f 1712/1250/1303 1683/1250/1267 1713/1250/1305
f 1713/1250/1306 1709/1250/1297 1712/1250/1296
f 1683/1250/1267 1714/1250/1305 1713/1250/1305
f 1709/1250/1294 1704/1250/1291 1705/1250/1292
f 1714/1250/1305 1683/1250/1267 1715/1250/1305
f 1714/1250/1307 1702/1250/1308 1709/1250/1297
f 1702/1250/1308 1715/1250/1309 1716/1250/1310
f 1683/1250/1267 1716/1250/1311 1715/1250/1312
f 1716/1250/1313 1696/1250/1314 1702/1250/1315
f 1694/1250/1316 1683/1250/1267 1682/1250/1265
f 1717/1250/1317 1722/1250/1273 1690/1250/1272
f 1718/1250/1318 1707/1250/1319 1719/1250/1320
f 1719/1250/1321 1721/1250/1322 1718/1250/1323
f 1721/1250/1322 1697/1250/1324 1723/1250/1325
f 1700/1250/1326 1698/1250/1283 1697/1250/1327
f 1722/1250/1273 1718/1250/1328 1721/1250/1329
f 1721/1250/1330 1692/1250/1274 1722/1250/1273
f 1695/1250/1277 1692/1250/1274 1723/1250/1331
f 1726/1250/1332 1724/1250/1269 1689/1250/1333
f 1725/1250/1334 1727/1250/1335 1726/1250/1332
f 1726/1250/1332 1728/1250/1336 1724/1250/1269
f 1687/1250/1270 1728/1250/1336 1729/1250/1337
f 1686/1250/1338 1729/1250/1337 1730/1250/1339
f 1730/1250/1340 1731/1250/1341 1686/1250/1338
f 1727/1250/1335 1731/1250/1341 1730/1250/1340
f 1689/1250/1333 1724/1250/1269 1688/1250/1268
f 1719/1250/1342 1708/1250/1343 1736/1250/1344
f 1699/1250/1282 1734/1250/1284 1698/1250/1283
f 1697/1250/1327 1733/1250/1287 1696/1250/1345
f 170/196/219 169/198/221 176/201/224
f 169/198/221 180/194/217 176/201/224
f 170/196/219 172/200/223 171/197/220
f 173/199/222 177/206/229 171/197/220
f 172/200/223 170/196/219 176/201/224
f 176/201/224 180/194/217 168/193/216
f 167/205/228 171/197/220 177/206/229
f 169/198/221 171/197/220 167/205/228
f 173/199/222 172/200/223 174/202/225
f 177/206/229 173/199/222 175/204/227
f 175/204/227 174/202/225 178/203/226
f 179/195/218 167/205/228 168/193/216
f 185/218/241 184/210/233 183/211/234
f 189/212/235 188/220/243 187/213/236
f 189/212/235 190/215/238 182/208/231
f 182/208/231 184/210/233 191/216/239
f 186/214/237 187/213/236 185/218/241
f 189/212/235 193/207/230 192/219/242
f 181/217/240 191/216/239 192/219/242
f 191/216/239 184/210/233 185/218/241
f 188/220/243 192/219/242 191/216/239
f 182/208/231 181/217/240 194/209/232
f 194/209/232 181/217/240 193/207/230
f 201/228/251 199/227/250 200/224/247
f 199/227/250 198/225/248 200/224/247
f 202/226/249 207/230/253 199/227/250
f 202/226/249 203/238/261 206/229/252
f 202/226/249 201/228/251 200/224/247
f 200/224/247 212/222/245 205/232/255
f 205/232/255 212/222/245 195/221/244
f 195/221/244 208/235/258 210/234/257
f 207/230/253 206/229/252 197/236/259
f 199/227/250 207/230/253 196/237/260
f 203/238/261 202/226/249 204/231/254
f 206/229/252 203/238/261 208/235/258
f 208/235/258 204/231/254 209/233/256
f 200/224/247 205/232/255 209/233/256
f 211/223/246 196/237/260 197/236/259
f 211/223/246 212/222/245 198/225/248
f 213/239/262 214/243/266 216/240/263
f 218/244/267 219/245/268 217/242/265
f 219/245/268 220/251/274 221/246/269
f 221/246/269 220/251/274 223/247/270
f 222/248/271 223/247/270 224/249/272
f 224/249/272 226/1506/1850 213/239/262
f 213/239/262 226/1506/1850 218/244/267
f 219/245/268 218/244/267 224/249/272
f 218/244/267 226/1506/1850 224/249/272
f 224/249/272 223/247/270 219/245/268
f 213/239/262 215/241/264 227/252/275
f 227/252/275 215/241/264 228/253/276
f 215/241/264 216/240/263 228/253/276
f 221/246/269 228/253/276 216/240/263
f 222/248/271 227/252/275 228/253/276
f 222/248/271 225/250/273 227/252/275
f 230/264/287 232/255/278 229/261/284
f 232/255/278 230/264/287 231/256/279
f 236/259/282 237/258/281 238/262/285
f 239/263/286 240/265/288 230/264/287
f 231/256/279 240/265/288 238/262/285
f 238/262/285 234/257/280 231/256/279
f 234/257/280 238/262/285 237/258/281
f 242/266/289 244/274/293 243/267/290
f 246/273/295 243/267/290 244/274/293
f 249/276/296 246/273/295 247/275/294
f 242/266/289 241/268/291 249/276/296
f 241/268/291 243/267/290 246/273/295
f 251/279/298 254/1507/303 252/280/299
f 253/283/302 252/280/299 254/284/303
f 251/279/298 258/1508/307 254/1507/303
f 258/1508/307 251/279/298 259/290/306
f 260/1509/310 257/286/305 259/287/306
f 259/290/306 261/289/308 260/292/310
f 250/281/300 252/280/299 262/291/309
f 260/292/310 261/289/308 262/291/309
f 260/292/310 262/291/309 253/283/302
f 253/283/302 256/285/304 260/292/310
f 265/293/311 266/296/314 264/294/312
f 266/296/314 265/293/311 268/297/315
f 267/298/316 268/297/315 270/299/317
f 268/297/315 265/293/311 263/295/313
f 264/294/312 269/300/318 270/299/317
f 272/302/320 274/310/328 275/305/323
f 276/306/324 275/305/323 277/307/325
f 277/307/325 278/309/327 282/308/326
f 279/304/322 278/309/327 274/310/328
f 275/305/323 274/310/328 277/307/325
f 277/307/325 274/310/328 278/309/327
f 279/304/322 273/303/321 280/311/329
f 280/311/329 273/303/321 281/312/330
f 272/302/320 276/306/324 281/312/330
f 282/308/326 280/311/329 281/312/330
f 283/317/335 284/315/333 285/314/332
f 284/315/333 283/317/335 287/316/334
f 294/318/336 283/317/335 289/319/337
f 283/317/335 285/314/332 290/321/339
f 290/321/339 291/323/341 288/320/338
f 292/322/340 293/324/342 288/320/338
f 292/322/340 295/325/343 294/318/336
f 285/314/332 295/325/343 292/322/340
f 287/316/334 294/318/336 295/325/343
f 305/327/345 309/331/349 308/329/347
f 311/326/344 310/332/350 309/331/349
f 306/328/346 312/333/351 310/332/350
f 306/328/346 305/327/345 307/330/348
f 307/330/348 308/329/347 312/333/351
f 308/329/347 309/331/349 312/333/351
f 314/335/353 320/341/359 313/336/354
f 316/334/352 315/337/355 314/335/353
f 317/338/356 316/334/352 318/339/357
f 318/339/357 316/334/352 313/336/354
f 317/338/356 318/339/357 319/340/358
f 320/341/359 319/340/358 313/336/354
f 315/337/355 317/338/356 320/341/359
f 324/345/363 323/347/365 331/350/368
f 323/347/365 334/343/361 331/350/368
f 324/345/363 327/349/367 325/346/364
f 328/348/366 326/355/372 325/346/364
f 327/349/367 324/345/363 331/350/368
f 331/350/368 334/343/361 322/342/360
f 325/346/364 326/355/372 322/342/360
f 334/343/361 323/347/365 325/346/364
f 328/348/366 327/349/367 329/351/225
f 326/355/372 328/348/366 330/353/370
f 330/353/370 329/351/225 332/352/369
f 333/344/362 321/354/371 322/342/360
f 336/357/374 348/1510/1851 347/362/379
f 339/367/384 338/356/373 337/358/375
f 340/359/376 341/364/381 344/360/377
f 337/358/375 336/357/374 347/362/379
f 341/364/381 342/363/380 347/362/379
f 336/357/374 338/356/373 346/365/382
f 340/359/376 343/361/378 339/367/384
f 341/364/381 347/362/379 345/368/385
f 335/366/383 346/365/382 345/368/385
f 346/365/382 338/356/373 339/367/384
f 345/368/385 346/365/382 343/361/378
f 336/357/374 335/366/383 348/1510/1851
f 348/1510/1851 335/366/383 347/362/379
f 355/386/401 354/376/393 353/374/391
f 358/377/389 357/389/403 362/378/394
f 359/382/398 365/369/386 358/372/389
f 360/380/396 353/374/391 349/370/387
f 359/382/398 361/381/397 349/370/387
f 361/381/397 359/382/398 358/372/389
f 353/374/391 360/380/396 361/381/397
f 352/375/392 354/376/393 364/384/399
f 356/379/395 362/378/394 355/386/401
f 358/372/389 350/373/390 363/388/402
f 351/385/400 364/384/399 363/388/402
f 362/378/394 364/384/399 354/376/393
f 363/388/402 364/384/399 362/378/394
f 352/375/392 351/385/400 366/371/388
f 366/371/388 351/385/400 350/373/390
f 367/390/404 368/393/407 369/391/405
f 369/391/405 370/394/408 372/395/409
f 382/397/411 373/399/413 372/395/409
f 382/397/411 374/401/415 375/398/412
f 377/400/414 376/402/416 375/398/412
f 378/392/406 379/403/417 376/402/416
f 378/392/406 369/391/405 371/396/410
f 379/403/417 371/396/410 376/402/416
f 371/396/410 372/395/409 376/402/416
f 372/395/409 373/399/413 375/398/412
f 377/400/414 380/405/419 367/390/404
f 368/393/407 367/390/404 381/404/418
f 367/390/404 380/405/419 381/404/418
f 368/393/407 381/404/418 382/397/411
f 381/404/418 380/405/419 374/401/415
f 383/406/420 384/1511/1852 393/407/421
f 384/1511/1852 383/406/420 385/415/429
f 383/406/420 386/1512/1853 385/415/429
f 390/409/423 386/1512/1853 383/406/420
f 390/409/423 388/410/424 389/412/426
f 391/411/425 390/409/423 389/412/426
f 387/408/422 393/407/421 394/414/428
f 385/415/429 386/1512/1853 390/409/423
f 393/407/421 384/1511/1852 385/415/429
f 394/414/428 392/413/427 389/412/426
f 395/418/432 396/417/431 397/416/430
f 398/421/433 399/420/433 400/419/433
f 402/424/434 401/423/435 403/422/434
f 404/427/438 406/426/437 405/425/436
f 407/430/439 409/429/439 408/428/439
f 411/431/439 412/433/439 410/432/439
f 413/434/439 414/436/439 415/435/439
f 418/438/440 417/437/440 416/439/440
f 421/441/442 420/440/441 419/442/443
f 422/443/439 423/445/439 424/444/439
f 425/447/445 426/446/444 427/448/446
f 428/449/447 429/451/449 433/452/450
f 429/451/449 431/450/448 430/1513/1854
f 433/452/450 432/455/453 431/450/448
f 433/452/450 434/454/452 432/455/453
f 429/451/449 430/1513/1854 434/454/452
f 430/1513/1854 431/450/448 434/454/452
f 436/457/455 442/462/460 439/458/456
f 438/456/454 437/459/457 436/457/455
f 440/460/458 438/456/454 439/458/456
f 441/461/459 440/460/458 442/462/460
f 437/459/457 441/461/459 443/463/461
f 450/470/471 445/466/1855 446/465/463
f 449/471/472 445/466/1856 446/465/467
f 450/470/471 448/467/470 445/466/1855
f 451/469/469 447/468/466 445/466/468
f 449/471/472 448/467/465 445/466/1856
f 449/471/472 446/465/467 447/468/466
f 449/471/472 447/468/466 451/469/469
f 450/470/471 446/465/463 444/464/462
f 449/471/472 450/470/471 444/464/462
f 452/473/474 454/472/473 453/474/473
f 458/480/479 459/479/479 460/478/478
f 464/487/486 479/484/483 466/482/481
f 465/493/492 464/487/486 467/492/491
f 467/492/491 464/487/486 466/482/481
f 461/481/480 467/492/491 466/482/481
f 468/498/497 467/492/491 461/481/480
f 469/488/487 468/498/497 478/489/488
f 469/488/487 467/492/491 468/498/497
f 471/491/490 469/488/487 470/490/489
f 472/494/493 471/491/490 473/499/498
f 475/495/494 472/494/493 473/499/498
f 476/497/496 474/496/495 475/495/494
f 468/498/497 474/496/495 478/489/488
f 468/498/497 461/481/480 462/483/482
f 476/497/496 473/499/498 478/489/488
f 497/503/502 500/501/500 501/1514/499
f 501/1514/499 498/1515/1857 497/503/502
f 498/1515/1857 501/500/499 499/502/501
f 499/502/501 497/503/502 498/1515/1857
f 502/505/504 504/504/503 503/506/503
f 517/1516/1858 516/507/505 513/509/507
f 514/1517/1859 517/1516/1858 513/509/507
f 517/1516/1858 514/1517/1859 515/508/506
f 515/508/506 516/507/505 517/1516/1858
f 514/1517/1859 513/509/507 515/508/506
f 522/516/514 525/510/508 518/512/510
f 519/513/511 526/519/517 520/514/512
f 520/514/512 526/519/517 523/518/516
f 518/512/510 519/513/511 521/515/513
f 521/515/513 520/514/512 523/518/516
f 524/517/515 521/515/513 523/518/516
f 527/511/509 524/517/515 519/513/511
f 528/523/521 530/1518/1860 529/524/522
f 530/1518/1860 528/523/521 531/1519/1861
f 531/1519/1861 532/1520/1862 530/1518/1860
f 531/1519/1861 533/1521/1863 532/1520/1862
f 534/522/520 532/1520/1862 533/1521/1863
f 533/1521/1863 535/520/518 534/522/520
f 535/520/518 537/525/523 536/521/519
f 538/1522/1864 536/521/519 537/525/523
f 537/525/523 529/524/522 538/1522/1864
f 539/526/524 542/530/528 546/533/531
f 545/527/525 547/534/532 541/529/527
f 547/534/532 543/531/529 541/529/527
f 540/528/526 541/529/527 543/531/529
f 542/530/528 540/528/526 544/532/530
f 546/533/531 544/532/530 545/527/525
f 539/526/524 546/533/531 545/527/525
f 559/1523/1865 548/1524/1866 558/1525/1867
f 548/1524/1866 549/535/533 558/1525/1867
f 549/535/533 548/1524/1866 550/536/534
f 552/538/536 551/537/535 550/536/534
f 553/539/537 555/543/541 554/540/538
f 555/543/541 556/542/540 554/540/538
f 557/541/539 558/1525/1867 556/542/540
f 557/541/539 559/1523/1865 558/1525/1867
f 563/549/547 567/544/542 560/546/544
f 564/550/548 562/548/546 561/547/545
f 564/550/548 561/547/545 565/551/549
f 563/549/547 564/550/548 566/545/543
f 576/1526/1868 568/552/550 577/554/552
f 571/556/554 569/553/551 570/555/553
f 574/560/558 576/1526/1868 575/559/557
f 577/554/552 575/559/557 576/1526/1868
f 581/564/562 578/565/563 583/567/565
f 585/568/566 586/1527/1869 580/561/559
f 579/563/561 584/562/560 578/565/563
f 581/564/562 582/566/564 579/563/561
f 585/568/566 580/561/559 582/566/564
f 584/562/560 582/566/564 583/567/565
f 584/562/560 586/1527/1869 585/568/566
f 580/561/559 586/1527/1869 584/562/560
f 589/572/570 587/569/567 588/571/569
f 590/573/571 591/1528/1870 589/572/570
f 591/1528/1870 590/573/571 592/576/574
f 593/575/573 591/1528/1870 592/576/574
f 594/574/572 596/1529/1871 593/575/573
f 594/574/572 595/1530/1872 596/1529/1871
f 587/569/567 596/1529/1871 595/1530/1872
f 595/1530/1872 597/570/568 587/569/567
f 598/582/580 600/583/581 599/580/578
f 602/577/575 601/584/582 598/582/580
f 599/580/578 600/583/581 601/584/582
f 604/581/579 601/584/582 603/579/577
f 605/578/576 598/582/580 604/581/579
f 616/594/592 607/585/583 606/587/585
f 610/589/587 609/588/586 611/590/588
f 612/591/589 611/590/588 613/1531/1873
f 613/1531/1873 614/592/590 612/591/589
f 624/595/593 619/600/598 617/599/597
f 621/602/600 619/600/598 620/597/595
f 623/601/599 618/598/596 619/600/598
f 622/596/594 617/599/597 621/602/600
f 617/599/597 618/598/596 623/601/599
f 627/605/603 633/604/602 626/606/604
f 628/607/605 629/608/606 627/605/603
f 629/608/606 630/609/607 631/1532/1874
f 631/1532/1874 632/1533/1875 629/608/606
f 632/1533/1875 631/1532/1874 633/604/602
f 633/604/602 625/603/601 632/1533/1875
f 635/613/611 642/616/614 637/615/613
f 638/617/615 635/613/611 637/615/613
f 639/611/609 636/610/608 638/617/615
f 640/618/616 638/617/615 637/615/613
f 640/618/616 637/615/613 641/614/612
f 634/612/610 639/611/609 640/618/616
f 640/618/616 641/614/612 642/616/614
f 643/624/622 644/1534/1876 653/625/623
f 645/1535/1877 653/625/623 644/1534/1876
f 645/1535/1877 644/1534/1876 646/1536/1878
f 647/1537/1879 645/1535/1877 646/1536/1878
f 646/1536/1878 648/621/619 647/1537/1879
f 646/1536/1878 649/619/617 648/621/619
f 650/620/618 649/619/617 651/622/620
f 651/622/620 643/624/622 652/623/621
f 657/626/624 654/628/626 656/632/630
f 658/627/625 657/626/624 656/632/630
f 656/632/630 655/631/629 660/630/628
f 659/633/631 656/632/630 660/630/628
f 658/627/625 656/632/630 659/633/631
f 661/629/627 659/633/631 660/630/628
f 671/638/636 672/637/635 662/1538/1880
f 663/1539/1881 671/638/636 662/1538/1880
f 664/636/634 663/1539/1881 662/1538/1880
f 662/1538/1880 665/1540/1882 664/636/634
f 664/636/634 665/1540/1882 666/634/632
f 666/634/632 668/1541/1883 667/635/633
f 669/639/637 667/635/633 668/1541/1883
f 668/1541/1883 670/1542/1884 669/639/637
f 670/1542/1884 672/637/635 669/639/637
f 675/643/641 679/646/644 680/1543/1885
f 680/1543/1885 673/640/638 675/643/641
f 673/640/638 677/644/642 674/641/639
f 676/642/640 674/641/639 677/644/642
f 679/646/644 675/643/641 676/642/640
f 680/1543/1885 679/646/644 678/645/643
f 673/640/638 678/645/643 677/644/642
f 673/640/638 680/1543/1885 678/645/643
f 682/1544/1886 690/649/647 689/650/648
f 689/650/648 681/1545/1887 682/1544/1886
f 681/1545/1887 683/1546/1888 682/1544/1886
f 683/1546/1888 681/1545/1887 684/1547/1889
f 684/1547/1889 685/1548/1890 683/1546/1888
f 684/1547/1889 686/1549/1891 685/1548/1890
f 687/647/645 685/1548/1890 686/1549/1891
f 687/647/645 686/1549/1891 688/648/646
f 691/652/650 698/660/658 695/653/651
f 694/658/656 699/657/655 692/651/649
f 696/654/652 693/656/654 694/658/656
f 697/659/657 694/658/656 695/653/651
f 697/659/657 700/655/653 696/654/652
f 699/657/655 697/659/657 698/660/658
f 693/656/654 700/655/653 699/657/655
f 704/664/662 702/663/661 705/666/664
f 706/665/663 707/1550/1892 704/664/662
f 707/1550/1892 706/665/663 708/1551/1893
f 709/1552/1894 707/1550/1892 708/1551/1893
f 710/1553/1895 709/1552/1894 708/1551/1893
f 710/1553/1895 708/1551/1893 711/1554/1896
f 711/1554/1896 712/1555/1897 710/1553/1895
f 712/1555/1897 711/1554/1896 701/662/660
f 701/662/660 703/661/659 712/1555/1897
f 718/670/668 716/672/670 714/673/671
f 717/674/672 714/673/671 715/667/665
f 715/667/665 720/669/667 717/674/672
f 719/675/673 721/671/669 718/670/668
f 713/668/666 714/673/671 719/675/673
f 716/672/670 721/671/669 714/673/671
f 722/676/674 723/1556/1898 724/677/675
f 729/1557/1899 727/680/678 728/681/679
f 728/681/679 730/683/681 729/1557/1899
f 730/683/681 728/681/679 731/684/682
f 732/682/680 733/1558/1900 730/683/681
f 732/682/680 722/676/674 733/1558/1900
f 732/682/680 723/1556/1898 722/676/674
f 739/690/688 736/688/686 740/691/689
f 740/691/689 734/687/685 738/686/684
f 737/689/687 735/685/683 734/687/685
f 736/688/686 734/687/685 740/691/689
f 738/686/684 735/685/683 737/689/687
f 749/696/694 743/1559/1901 741/697/695
f 742/1560/1902 741/697/695 743/1559/1901
f 743/1559/1901 744/692/690 742/1560/1902
f 744/692/690 743/1559/1901 745/1561/1903
f 744/692/690 745/1561/1903 746/693/691
f 748/695/693 746/693/691 749/696/694
f 757/703/701 766/716/714 756/701/699
f 761/700/698 757/703/701 762/702/700
f 759/699/697 757/703/701 761/700/698
f 758/706/704 757/703/701 759/699/697
f 764/705/703 765/713/711 758/706/704
f 758/706/704 766/716/714 757/703/701
f 766/716/714 768/718/716 756/701/699
f 762/702/700 770/708/706 763/704/702
f 761/700/698 772/710/708 760/698/696
f 760/698/696 773/711/709 759/699/697
f 759/699/697 774/712/710 764/705/703
f 776/715/713 758/706/704 775/714/712
f 768/718/716 766/716/714 776/715/713
f 767/717/715 776/715/713 786/726/724
f 756/701/699 777/719/717 769/707/705
f 770/708/706 779/1562/1904 763/704/702
f 763/704/702 780/721/719 771/709/707
f 772/710/708 781/722/720 773/711/709
f 773/711/709 760/698/696 772/710/708
f 774/712/710 784/725/1905 764/705/703
f 764/705/703 784/725/723 765/713/711
f 765/713/711 785/747/745 775/714/712
f 795/728/726 767/717/715 787/727/725
f 777/719/717 788/729/727 778/720/718
f 778/720/718 769/707/705 777/719/717
f 770/708/706 797/730/728 779/1562/1904
f 779/1562/1904 789/731/729 780/721/719
f 780/721/719 763/704/702 779/1562/1904
f 781/722/720 791/734/732 782/723/721
f 782/723/721 773/711/709 781/722/720
f 784/725/723 793/735/733 785/747/745
f 785/747/745 765/713/711 784/725/723
f 785/747/745 794/736/734 775/714/712
f 794/736/734 805/748/746 786/726/724
f 777/719/717 795/728/726 788/729/727
f 797/730/728 810/739/737 789/731/729
f 789/731/729 779/1562/1904 797/730/728
f 789/731/729 798/740/738 790/732/730
f 791/734/732 781/722/720 790/732/730
f 791/734/732 800/742/740 792/733/731
f 783/724/722 803/745/743 793/735/733
f 793/735/733 804/746/744 794/736/734
f 796/737/735 788/729/727 795/728/726
f 810/739/737 797/730/728 807/738/736
f 811/752/750 790/732/730 799/741/739
f 800/742/740 790/732/730 811/752/750
f 798/740/738 810/739/737 813/751/749
f 799/741/739 813/751/749 811/752/750
f 813/751/749 812/753/751 811/752/750
f 811/752/750 812/753/751 801/743/741
f 812/753/751 808/749/747 802/744/742
f 812/753/751 809/1563/1906 808/749/747
f 808/749/747 809/1563/1906 806/750/748
f 809/1563/1906 812/753/751 806/750/748
f 806/750/748 812/753/751 813/751/749
f 814/754/752 815/772/771 827/755/753
f 816/756/754 827/755/753 817/757/755
f 820/758/756 819/760/758 816/756/754
f 816/756/754 819/760/758 818/762/760
f 821/767/765 822/768/767 820/758/756
f 823/759/757 824/777/776 819/760/758
f 815/772/771 814/754/752 832/764/762
f 820/758/756 834/765/766 821/767/765
f 824/777/776 829/769/768 819/760/758
f 825/761/759 830/779/778 818/762/760
f 818/762/760 826/763/761 816/756/754
f 815/772/771 843/771/770 827/755/753
f 817/757/755 845/782/781 834/765/763
f 828/766/764 836/774/773 822/768/767
f 822/768/767 837/775/774 823/759/757
f 830/779/778 841/787/786 831/770/769
f 831/770/769 818/762/760 830/779/778
f 843/771/770 832/764/762 860/786/785
f 860/786/785 842/802/802 843/771/770
f 833/801/801 843/771/770 842/802/802
f 845/782/781 817/757/755 827/755/753
f 835/773/772 834/765/763 845/782/781
f 845/782/781 852/1564/1907 835/773/772
f 836/774/773 828/766/764 835/773/772
f 838/792/1908 823/759/757 837/775/774
f 839/776/775 823/759/757 838/792/1909
f 838/792/1909 846/795/795 839/776/775
f 840/778/777 829/769/768 839/776/775
f 847/784/783 839/776/775 846/795/795
f 840/778/777 848/785/784 849/780/779
f 849/780/779 825/761/759 840/778/777
f 849/780/779 850/1565/1910 841/787/786
f 841/787/786 830/779/778 849/780/779
f 851/800/800 843/771/770 833/801/801
f 843/771/770 851/800/800 844/781/780
f 852/1564/1907 845/782/781 844/781/780
f 852/1564/1907 853/798/798 835/773/772
f 854/783/782 855/789/788 837/775/774
f 837/775/774 856/790/789 838/792/1908
f 838/792/1909 857/793/792 846/795/795
f 846/795/795 858/794/794 847/784/783
f 849/780/779 859/797/797 850/1565/1910
f 850/1565/1910 859/797/797 841/787/786
f 833/801/801 861/803/803 851/800/800
f 861/803/803 866/804/804 851/800/800
f 853/798/798 852/1564/1907 844/781/780
f 855/789/788 854/783/782 865/788/787
f 863/796/796 847/784/783 858/794/794
f 859/797/797 864/799/799 860/786/785
f 860/786/785 841/787/786 859/797/797
f 853/798/798 851/800/800 855/789/788
f 863/796/796 864/799/799 848/785/784
f 867/806/806 866/804/804 861/803/803
f 868/805/805 866/804/804 867/806/806
f 855/789/788 868/805/805 862/791/790
f 864/799/799 867/806/806 861/803/803
f 869/807/807 880/826/827 871/808/808
f 875/812/812 873/811/811 870/809/809
f 870/809/809 873/811/811 872/816/816
f 877/814/814 878/822/823 873/811/811
f 879/815/815 880/826/827 869/807/807
f 871/808/808 886/817/817 875/812/812
f 875/812/812 889/819/820 876/813/813
f 873/811/811 884/824/825 872/816/816
f 897/836/837 880/826/827 896/827/828
f 896/827/828 904/834/835 897/836/837
f 880/826/827 897/836/837 885/828/829
f 885/828/829 871/808/808 880/826/827
f 881/818/818 888/845/846 889/819/820
f 882/820/821 876/813/813 889/819/820
f 882/820/821 890/838/839 877/814/814
f 877/814/814 874/810/810 882/820/821
f 878/822/823 892/831/832 884/824/825
f 894/825/826 895/832/833 879/815/815
f 885/828/829 905/837/838 886/817/817
f 887/829/830 898/843/844 888/845/846
f 888/845/846 881/818/818 887/829/830
f 899/830/831 889/819/820 888/845/846
f 883/821/822 877/814/814 890/838/839
f 883/821/822 900/839/840 891/823/824
f 892/831/832 910/851/852 893/1566/1911
f 893/1566/1911 884/824/825 892/831/832
f 895/832/833 884/824/825 893/1566/1911
f 895/832/833 902/1567/1912 896/827/828
f 905/837/838 918/841/842 887/829/830
f 898/843/844 906/846/847 888/845/846
f 888/845/846 907/844/845 899/830/831
f 899/830/831 919/847/848 890/838/839
f 890/838/839 908/848/849 900/839/840
f 900/839/840 915/849/850 901/840/841
f 901/840/841 909/852/853 910/851/852
f 910/851/852 892/831/832 901/840/841
f 910/851/852 911/854/855 893/1566/1911
f 893/1566/1911 912/855/856 902/1567/1912
f 902/1567/1912 895/832/833 893/1566/1911
f 902/1567/1912 916/850/851 896/827/828
f 903/833/834 913/853/854 904/834/835
f 906/846/847 898/843/844 914/842/843
f 909/852/853 901/840/841 915/849/850
f 912/855/856 893/1566/1911 911/854/855
f 916/850/851 902/1567/1912 912/855/856
f 903/833/834 921/858/859 913/853/854
f 904/834/835 918/841/842 917/835/836
f 919/847/848 907/844/845 908/848/849
f 916/850/851 921/858/859 903/833/834
f 921/858/859 920/856/857 913/853/854
f 922/857/858 920/856/857 921/858/859
f 918/841/842 913/853/854 914/842/843
f 914/842/843 913/853/854 920/856/857
f 914/842/843 920/856/857 907/844/845
f 908/848/849 922/857/858 915/849/850
f 915/849/850 922/857/858 911/854/855
f 911/854/855 921/858/859 916/850/851
f 928/1568/1913 925/867/868 924/859/860
f 927/865/866 925/867/868 928/1568/1913
f 926/864/865 925/867/868 927/865/866
f 930/880/881 931/866/867 926/864/865
f 931/866/867 932/871/872 925/867/868
f 932/871/872 933/873/874 925/867/868
f 935/862/863 934/860/861 949/884/886
f 949/884/886 950/893/895 935/862/863
f 924/859/860 936/868/869 928/1568/1913
f 928/1568/1913 942/1569/1914 927/865/866
f 929/863/864 927/865/866 942/1569/1914
f 929/863/864 937/869/870 926/864/865
f 926/864/865 938/870/882 930/880/881
f 925/867/868 940/874/875 924/859/860
f 950/893/895 951/887/889 953/886/888
f 953/886/888 935/862/863 950/893/895
f 936/868/869 941/888/890 942/1569/1914
f 942/1569/1914 928/1568/1913 936/868/869
f 942/1569/1914 943/875/876 929/863/864
f 930/880/881 945/879/880 946/882/884
f 930/880/881 946/882/884 931/866/867
f 939/872/873 948/883/885 933/873/874
f 935/862/863 953/886/888 941/888/890
f 941/888/890 957/889/891 943/875/876
f 943/875/876 942/1569/1914 941/888/890
f 944/877/1915 929/863/1916 954/876/877
f 955/878/879 937/869/870 944/877/1915
f 945/879/880 938/870/882 955/878/879
f 939/872/873 932/871/872 947/881/883
f 939/872/873 965/1570/1917 948/883/885
f 948/883/885 956/891/893 940/874/875
f 972/892/894 968/894/896 951/887/889
f 957/889/891 971/900/902 958/890/892
f 958/890/892 959/903/905 954/876/877
f 954/876/877 959/903/905 944/877/1915
f 944/877/1915 973/904/906 955/878/879
f 955/878/879 960/906/908 945/879/880
f 961/895/897 946/882/884 945/879/880
f 947/881/883 946/882/884 961/895/897
f 947/881/883 963/897/899 965/1570/1917
f 965/1570/1917 939/872/873 947/881/883
f 965/1570/1917 966/902/904 956/891/893
f 956/891/893 948/883/885 965/1570/1917
f 956/891/893 972/892/894 949/884/886
f 967/898/900 976/907/909 968/894/896
f 971/900/902 957/889/891 969/899/901
f 971/900/902 970/901/903 959/903/905
f 959/903/905 958/890/892 971/900/902
f 973/904/906 944/877/1915 959/903/905
f 960/906/908 955/878/879 973/904/906
f 960/906/908 974/905/907 961/895/897
f 961/895/897 945/879/880 960/906/908
f 964/909/911 965/1570/1917 963/897/899
f 966/902/904 965/1570/1917 964/909/911
f 964/909/911 972/892/894 966/902/904
f 967/898/900 975/908/910 976/907/909
f 968/894/896 976/907/909 970/901/903
f 970/901/903 976/907/909 973/904/906
f 963/897/899 975/908/910 967/898/900
f 964/909/911 967/898/900 972/892/894
f 980/917/919 982/912/914 981/915/917
f 979/919/921 982/912/914 980/917/919
f 983/914/916 984/925/927 981/915/917
f 987/918/920 988/928/930 979/919/921
f 979/919/921 989/930/932 982/912/914
f 982/912/914 991/923/925 983/914/916
f 981/915/917 993/1571/1918 985/916/918
f 979/919/921 995/929/931 989/930/932
f 996/920/922 1016/921/923 978/911/913
f 1016/921/923 1004/932/935 1005/922/924
f 1005/922/924 990/913/915 978/911/913
f 991/923/925 997/933/936 983/914/916
f 993/1571/1918 981/915/917 984/925/927
f 993/1571/1918 998/939/942 985/916/918
f 985/916/918 999/938/941 986/926/928
f 1010/942/945 986/926/928 999/938/941
f 986/926/928 1010/942/945 994/927/929
f 994/927/929 1000/934/937 987/918/920
f 987/918/920 1001/936/939 988/928/930
f 988/928/930 1002/937/940 995/929/931
f 1006/1572/1919 991/923/925 1005/922/924
f 1006/1572/1919 1018/956/960 997/933/936
f 997/933/936 991/923/925 1006/1572/1919
f 997/933/936 1007/960/964 992/924/926
f 992/924/926 1008/952/956 993/1571/1918
f 993/1571/1918 984/925/927 992/924/926
f 993/1571/1918 1008/952/956 998/939/942
f 999/938/941 985/916/918 998/939/942
f 999/938/941 1011/941/944 1010/942/945
f 1012/935/938 994/927/929 1010/942/945
f 1001/936/939 987/918/920 1000/934/937
f 1001/936/939 1013/943/946 1002/937/940
f 1002/937/940 1015/946/950 989/930/932
f 989/930/932 1015/946/950 996/920/922
f 1015/946/950 1028/955/959 1016/921/923
f 1003/931/934 1016/921/923 1028/955/959
f 1005/922/924 1017/948/952 1006/1572/1919
f 1018/956/960 1030/950/954 997/933/936
f 997/933/936 1024/949/953 1007/960/964
f 1008/952/956 992/924/926 1007/960/964
f 1009/940/943 998/939/942 1008/952/956
f 999/938/941 1009/940/943 1011/941/944
f 1011/941/944 1025/953/957 1012/935/938
f 1023/964/968 1029/961/965 1004/932/935
f 1022/947/951 1023/964/968 1004/932/935
f 1018/956/960 1006/1572/1919 1017/948/952
f 1031/959/963 1008/952/956 1007/960/964
f 1019/951/955 1008/952/956 1031/959/963
f 1020/957/961 1011/941/944 1009/940/943
f 1025/953/957 1011/941/944 1020/957/961
f 1021/954/958 1000/934/937 1025/953/957
f 1027/944/947 1013/943/946 1021/954/958
f 1027/944/947 1026/958/962 1014/945/948
f 1028/955/959 1015/946/950 1022/947/951
f 1017/948/952 1004/932/935 1024/949/953
f 1021/954/958 1025/953/957 1022/947/951
f 1023/964/968 1032/962/966 1029/961/965
f 1033/963/967 1032/962/966 1023/964/968
f 1024/949/953 1029/961/965 1032/962/966
f 1032/962/966 1033/963/967 1020/957/961
f 1035/972/976 1039/1573/1920 1051/976/980
f 1034/970/974 1039/1573/1920 1035/972/976
f 1039/1573/1920 1037/981/985 1038/978/982
f 1034/970/974 1037/981/985 1039/1573/1920
f 1036/965/969 1037/981/985 1034/970/974
f 1039/1573/1920 1038/978/982 1040/977/981
f 1038/978/982 1037/981/985 1041/980/984
f 1042/983/987 1037/981/985 1036/965/969
f 1044/966/970 1036/965/969 1045/969/973
f 1046/968/972 1036/965/969 1034/970/974
f 1039/1573/1920 1040/977/981 1051/976/980
f 1037/981/985 1054/984/990 1053/982/986
f 1036/965/969 1043/967/971 1042/983/987
f 1040/977/981 1057/995/999 1051/976/980
f 1059/1574/1000 1052/979/983 1041/980/984
f 1053/982/986 1060/1575/991 1041/980/984
f 1063/1010/1006 1046/968/972 1047/971/975
f 1064/989/994 1049/973/977 1048/974/978
f 1048/991/978 1065/990/995 1064/1576/994
f 1048/991/978 1066/994/998 1055/992/996
f 1048/991/978 1050/1577/979 1056/993/997
f 1057/1015/999 1056/993/997 1050/1577/979
f 1057/1015/999 1040/1578/981 1058/996/989
f 1058/996/989 1067/1014/1011 1057/1015/999
f 1058/996/989 1052/1579/983 1059/997/1000
f 1054/984/990 1043/967/971 1061/987/992
f 1061/987/992 1045/969/973 1062/988/993
f 1062/988/993 1046/968/972 1063/1010/1006
f 1063/1010/1006 1047/971/975 1064/989/994
f 1067/1014/1011 1078/1016/1013 1056/993/997
f 1067/1014/1011 1058/996/1921 1068/998/1012
f 1068/998/1012 1059/997/1000 1069/1001/1002
f 1070/1018/1015 1079/1017/1014 1069/1001/1002
f 1070/1018/1015 1060/999/991 1071/1003/1003
f 1071/1003/1003 1054/1002/990 1072/1019/1004
f 1072/1019/1004 1061/1580/992 1073/1021/1017
f 1073/1021/1017 1061/1005/992 1074/1007/1019
f 1074/1007/1019 1062/1006/1922 1075/1009/1021
f 1075/1009/1021 1063/1008/1006 1076/1025/1008
f 1076/1025/1008 1064/1576/994 1065/990/995
f 1085/1026/1023 1065/990/995 1055/992/996
f 1066/994/998 1085/1026/1023 1055/992/996
f 1066/994/998 1056/993/997 1078/1016/1013
f 1070/1018/1015 1071/1003/1003 1080/1020/1923
f 1080/1020/1923 1072/1019/1924 1081/1029/1026
f 1081/1029/1026 1072/1019/1004 1082/1022/1018
f 1082/1022/1018 1073/1021/1017 1083/1023/1020
f 1083/1023/1020 1074/1007/1019 1084/1024/1022
f 1077/1012/1009 1078/1016/1013 1068/998/1012
f 1070/1018/1015 1080/1020/1923 1081/1029/1026
f 1081/1029/1026 1082/1022/1018 1087/1030/1027
f 1082/1022/1018 1083/1023/1020 1087/1030/1027
f 1087/1030/1027 1086/1027/1024 1088/1028/1025
f 1088/1028/1025 1086/1027/1024 1089/1013/1010
f 1081/1029/1026 1087/1030/1027 1088/1028/1025
f 1091/1041/1038 1104/1032/1029 1090/1031/1028
f 1091/1041/1038 1092/1581/1925 1095/1034/1031
f 1095/1034/1031 1092/1581/1925 1094/1037/1034
f 1094/1037/1034 1092/1581/1925 1093/1038/1035
f 1104/1032/1029 1091/1041/1038 1095/1034/1031
f 1095/1034/1031 1094/1037/1034 1097/1035/1032
f 1093/1038/1035 1092/1581/1925 1099/1047/1044
f 1099/1047/1044 1092/1581/1925 1100/1057/1054
f 1101/1059/1056 1092/1581/1925 1091/1041/1038
f 1101/1059/1056 1091/1041/1038 1102/1040/1037
f 1094/1037/1034 1098/1039/1036 1109/1045/1042
f 1132/1048/1045 1090/1031/1028 1103/1033/1030
f 1103/1033/1030 1104/1032/1029 1111/1051/1048
f 1107/1043/1040 1096/1036/1033 1108/1044/1041
f 1109/1045/1042 1116/1063/1060 1115/1054/1051
f 1098/1039/1036 1116/1063/1926 1109/1045/1042
f 1100/1057/1054 1092/1581/1925 1101/1059/1056
f 1123/1582/1079 1122/1049/1046 1105/1050/1047
f 1123/1582/1079 1105/1050/1047 1124/1067/1927
f 1111/1051/1048 1107/1043/1040 1112/1052/1928
f 1113/1061/1058 1108/1044/1041 1114/1053/1050
f 1114/1053/1050 1126/1068/1066 1113/1061/1058
f 1116/1063/1060 1098/1039/1036 1117/1055/1052
f 1120/1058/1055 1100/1057/1054 1121/1060/1057
f 1121/1060/1057 1102/1040/1037 1132/1048/1045
f 1105/1050/1047 1111/1051/1048 1125/1066/1064
f 1125/1066/1064 1111/1051/1048 1112/1052/1928
f 1112/1052/1928 1135/1583/1929 1125/1066/1064
f 1113/1061/1058 1136/1069/1067 1112/1052/1049
f 1127/1062/1059 1137/1074/1072 1126/1068/1066
f 1116/1063/1060 1138/1075/1073 1127/1062/1059
f 1116/1063/1060 1117/1055/1052 1128/1070/1068
f 1118/1056/1053 1129/1078/1930 1128/1070/1068
f 1129/1078/1076 1118/1056/1931 1130/1076/1074
f 1119/1064/1061 1130/1076/1932 1118/1056/1053
f 1130/1076/1074 1119/1064/1062 1140/1077/1075
f 1141/1072/1070 1120/1058/1055 1142/1584/1081
f 1131/1065/1063 1142/1584/1081 1120/1058/1055
f 1122/1049/1046 1143/1073/1071 1132/1048/1045
f 1143/1073/1071 1122/1049/1046 1123/1582/1079
f 1123/1582/1079 1124/1067/1927 1134/1585/1933
f 1124/1067/1927 1125/1066/1934 1134/1585/1933
f 1134/1585/1933 1125/1066/1935 1135/1583/1936
f 1135/1583/1077 1112/1052/1049 1136/1069/1067
f 1136/1069/1067 1126/1068/1066 1137/1074/1072
f 1138/1075/1073 1116/1063/1060 1139/1071/1069
f 1139/1071/1069 1128/1070/1068 1129/1078/1930
f 1140/1077/1075 1119/1064/1062 1141/1072/1070
f 1142/1584/1081 1131/1065/1063 1143/1073/1071
f 1123/1081/1079 1133/1080/1078 1144/1087/1083
f 1134/1586/1933 1135/1079/1936 1123/1081/1079
f 1135/1583/1077 1136/1069/1067 1137/1074/1072
f 1137/1587/1072 1138/1084/1073 1135/1079/1077
f 1139/1588/1069 1129/1082/1930 1138/1084/1073
f 1129/1082/1076 1140/1589/1075 1142/1085/1081
f 1140/1077/1075 1141/1072/1070 1142/1584/1081
f 1143/1590/1071 1123/1081/1079 1142/1085/1081
f 1144/1087/1083 1133/1080/1078 1145/1083/1080
f 1145/1083/1080 1133/1080/1078 1146/1086/1082
f 1135/1079/1077 1146/1086/1082 1133/1080/1078
f 1135/1079/1077 1138/1084/1073 1146/1086/1082
f 1142/1085/1081 1144/1087/1083 1145/1083/1080
f 1148/1101/1097 1147/1096/1092 1150/1088/1084
f 1160/1106/1102 1149/1093/1089 1150/1088/1084
f 1151/1090/1086 1148/1101/1097 1150/1088/1084
f 1150/1088/1084 1149/1093/1089 1154/1092/1088
f 1155/1103/1099 1154/1092/1088 1149/1093/1089
f 1159/1105/1101 1158/1094/1090 1160/1106/1102
f 1158/1094/1090 1149/1093/1089 1160/1106/1102
f 1160/1106/1102 1150/1088/1084 1163/1097/1093
f 1162/1117/1113 1161/1098/1094 1168/1099/1095
f 1168/1099/1095 1147/1096/1092 1169/1100/1096
f 1160/1106/1102 1163/1097/1093 1165/1107/1103
f 1158/1094/1090 1176/1121/1120 1157/1095/1091
f 1177/1114/1110 1158/1094/1090 1159/1105/1101
f 1178/1115/1111 1163/1097/1093 1161/1098/1094
f 1166/1116/1112 1161/1098/1094 1162/1117/1113
f 1170/1108/1124 1151/1090/1086 1171/1109/1105
f 1171/1109/1105 1153/1091/1087 1172/1110/1106
f 1173/1111/1107 1183/1120/1117 1172/1110/1106
f 1173/1111/1107 1156/1102/1098 1174/1112/1108
f 1175/1113/1109 1184/1131/1131 1174/1112/1108
f 1175/1113/1109 1157/1095/1091 1176/1121/1118
f 1177/1114/1110 1186/1132/1132 1176/1121/1120
f 1177/1114/1110 1165/1107/1103 1178/1115/1111
f 1167/1118/1114 1179/1125/1123 1199/1134/1134
f 1167/1118/1114 1162/1117/1113 1179/1125/1123
f 1162/1117/1113 1168/1099/1095 1180/1124/1122
f 1168/1099/1095 1169/1100/1096 1170/1108/1115
f 1180/1124/1122 1170/1108/1124 1189/1591/1937
f 1170/1108/1124 1171/1109/1105 1181/1119/1116
f 1181/1119/1116 1172/1110/1106 1182/1127/1126
f 1192/1129/1128 1183/1120/1117 1193/1130/1129
f 1193/1130/1129 1174/1112/1108 1184/1131/1131
f 1185/1122/1130 1194/1137/1137 1184/1131/1131
f 1185/1122/1130 1176/1121/1120 1186/1132/1132
f 1186/1132/1132 1177/1114/1110 1187/1123/1121
f 1187/1123/1121 1198/1138/1138 1186/1132/1132
f 1187/1123/1121 1178/1115/1111 1166/1116/1112
f 1199/1134/1134 1166/1116/1112 1167/1118/1114
f 1189/1591/1937 1179/1125/1123 1180/1124/1122
f 1189/1591/1937 1170/1108/1124 1190/1126/1125
f 1190/1126/1125 1179/1125/1123 1189/1591/1937
f 1190/1126/1125 1181/1119/1116 1191/1128/1127
f 1191/1128/1127 1182/1127/1126 1192/1129/1128
f 1194/1137/1137 1185/1122/1130 1195/1140/1140
f 1195/1140/1140 1185/1122/1130 1196/1133/1133
f 1196/1133/1133 1186/1132/1132 1198/1138/1138
f 1199/1134/1134 1197/1139/1139 1187/1123/1121
f 1190/1126/1125 1192/1129/1128 1179/1125/1123
f 1190/1126/1125 1191/1128/1127 1192/1129/1128
f 1192/1129/1128 1193/1130/1129 1194/1137/1137
f 1195/1140/1140 1196/1133/1133 1197/1139/1139
f 1200/1135/1135 1188/1136/1136 1201/1141/1141
f 1179/1125/1123 1192/1129/1128 1188/1136/1136
f 1195/1140/1140 1197/1139/1139 1201/1141/1141
f 1197/1139/1139 1200/1135/1135 1201/1141/1141
f 1215/1142/1142 1205/1146/1146 1216/1143/1143
f 1204/1151/1151 1205/1146/1146 1203/1155/1155
f 1203/1155/1155 1205/1146/1146 1215/1142/1142
f 1209/1150/1150 1205/1146/1146 1204/1151/1151
f 1204/1151/1151 1203/1155/1155 1212/1153/1153
f 1213/1156/1156 1215/1142/1142 1214/1157/1157
f 1233/1160/1160 1217/1145/1145 1218/1161/1161
f 1217/1145/1145 1216/1143/1143 1224/1163/1163
f 1208/1149/1149 1226/1165/1165 1225/1164/1164
f 1217/1145/1145 1233/1160/1160 1221/1171/1173
f 1222/1187/1192 1233/1160/1160 1223/1162/1162
f 1225/1164/1164 1235/1176/1178 1224/1163/1163
f 1237/1178/1180 1225/1164/1164 1226/1165/1165
f 1227/1166/1166 1209/1150/1150 1228/1167/1167
f 1228/1167/1167 1239/1173/1175 1227/1166/1166
f 1228/1167/1167 1210/1152/1152 1229/1168/1168
f 1229/1168/1168 1219/1158/1158 1230/1169/1169
f 1230/1169/1169 1240/1181/1186 1229/1168/1168
f 1230/1169/1169 1212/1153/1153 1231/1170/1170
f 1231/1170/1170 1220/1159/1159 1232/1175/1177
f 1232/1175/1177 1242/1184/1938 1231/1170/1170
f 1221/1171/1173 1243/1185/1189 1232/1175/1177
f 1222/1187/1192 1234/1177/1179 1252/1186/1191
f 1222/1187/1192 1223/1162/1162 1234/1177/1179
f 1223/1162/1162 1218/1161/1161 1234/1177/1179
f 1218/1161/1161 1224/1163/1163 1235/1176/1178
f 1237/1178/1180 1236/1188/1193 1235/1176/1178
f 1237/1178/1180 1226/1165/1165 1238/1172/1174
f 1238/1172/1174 1227/1166/1166 1239/1173/1182
f 1239/1173/1175 1229/1168/1168 1240/1181/1184
f 1240/1181/1186 1230/1169/1169 1241/1174/1176
f 1241/1174/1176 1231/1170/1170 1242/1184/1188
f 1252/1186/1191 1234/1177/1179 1253/1194/1200
f 1234/1177/1179 1254/1189/1194 1253/1194/1200
f 1234/1177/1179 1235/1176/1178 1244/1592/1939
f 1244/1592/1939 1235/1176/1178 1236/1188/1193
f 1236/1188/1193 1237/1178/1180 1245/1179/1940
f 1245/1179/1940 1238/1172/1941 1246/1180/1197
f 1246/1180/1197 1239/1173/1942 1247/1193/1199
f 1247/1193/1199 1239/1173/1175 1248/1182/1185
f 1248/1182/1185 1240/1181/1184 1249/1593/1943
f 1249/1593/1943 1240/1181/1184 1250/1183/1187
f 1250/1183/1187 1251/1191/1196 1249/1593/1943
f 1250/1183/1187 1242/1184/1188 1251/1191/1196
f 1251/1191/1196 1242/1184/1190 1252/1186/1191
f 1252/1186/1191 1243/1185/1189 1222/1187/1192
f 1244/1592/1939 1236/1188/1193 1234/1177/1179
f 1245/1179/1940 1246/1180/1197 1236/1188/1193
f 1248/1182/1185 1251/1191/1196 1247/1193/1199
f 1248/1182/1185 1249/1593/1943 1251/1191/1196
f 1253/1194/1200 1254/1189/1194 1255/1190/1195
f 1255/1190/1195 1254/1189/1194 1256/1192/1198
f 1247/1193/1199 1255/1190/1195 1256/1192/1198
f 1260/1211/1217 1258/1195/1201 1263/1199/1205
f 1263/1199/1205 1258/1195/1201 1259/1202/1208
f 1261/1210/1216 1258/1195/1201 1260/1211/1217
f 1261/1210/1216 1260/1211/1217 1262/1213/1219
f 1275/1212/1218 1260/1211/1217 1263/1199/1205
f 1264/1200/1206 1259/1202/1208 1265/1204/1210
f 1268/1206/1212 1259/1202/1208 1269/1208/1214
f 1271/1214/1221 1279/1198/1220 1272/1217/1224
f 1279/1198/1220 1273/1196/1202 1272/1217/1224
f 1267/1205/1211 1268/1206/1212 1277/1232/1242
f 1274/1209/1215 1283/1227/1234 1272/1217/1224
f 1262/1213/1219 1285/1219/1239 1284/1218/1225
f 1286/1230/1240 1275/1212/1218 1276/1201/1207
f 1264/1200/1206 1289/1221/1944 1287/1220/1227
f 1265/1204/1210 1266/1203/1209 1267/1205/1211
f 1269/1208/1214 1291/1224/1945 1268/1206/1212
f 1270/1207/1213 1279/1198/1204 1278/1223/1230
f 1292/1241/1252 1279/1198/1204 1280/1215/1222
f 1281/1216/1223 1271/1214/1221 1282/1226/1233
f 1271/1214/1221 1272/1217/1224 1293/1225/1232
f 1293/1225/1232 1272/1217/1224 1283/1227/1234
f 1283/1227/1234 1274/1209/1215 1284/1218/1225
f 1295/1229/1236 1284/1218/1225 1285/1219/1239
f 1285/1219/1239 1275/1212/1218 1286/1230/1240
f 1287/1220/1227 1288/1236/1247 1286/1230/1240
f 1288/1236/1247 1287/1220/1227 1289/1221/1944
f 1289/1221/1946 1265/1204/1210 1290/1222/1229
f 1290/1222/1229 1267/1205/1211 1277/1232/1242
f 1291/1224/1244 1300/1239/1250 1277/1232/1242
f 1278/1223/1230 1292/1241/1947 1291/1224/1231
f 1279/1198/1204 1292/1241/1252 1278/1223/1230
f 1293/1225/1232 1283/1227/1234 1294/1228/1235
f 1295/1229/1236 1303/1234/1245 1294/1228/1237
f 1296/1231/1241 1286/1230/1240 1288/1236/1247
f 1304/1594/1948 1288/1236/1247 1298/1245/1256
f 1288/1236/1247 1289/1221/1944 1298/1245/1256
f 1298/1245/1256 1289/1221/1946 1290/1222/1229
f 1290/1222/1229 1306/1238/1249 1298/1245/1256
f 1300/1239/1250 1291/1224/1244 1301/1242/1253
f 1292/1241/1252 1308/1244/1255 1301/1242/1253
f 1309/1243/1254 1292/1241/1252 1280/1215/1222
f 1309/1243/1254 1280/1215/1222 1281/1216/1223
f 1309/1243/1254 1310/1247/1258 1311/1249/1260
f 1309/1243/1254 1281/1216/1223 1310/1247/1258
f 1293/1225/1232 1294/1228/1235 1302/1235/1246
f 1295/1229/1236 1302/1235/1246 1303/1234/1245
f 1297/1237/1248 1288/1236/1247 1304/1594/1948
f 1298/1245/1256 1305/1246/1257 1304/1594/1948
f 1306/1238/1249 1299/1233/1243 1307/1240/1251
f 1307/1240/1251 1300/1239/1250 1301/1242/1253
f 1282/1226/1233 1302/1235/1246 1281/1216/1223
f 1282/1226/1233 1293/1225/1232 1302/1235/1246
f 1302/1235/1246 1296/1231/1241 1297/1237/1248
f 1302/1235/1246 1295/1229/1236 1296/1231/1241
f 1297/1237/1248 1304/1594/1948 1305/1246/1257
f 1305/1246/1257 1306/1238/1249 1307/1240/1251
f 1307/1240/1251 1301/1242/1253 1309/1243/1254
f 1312/1248/1259 1311/1249/1260 1310/1247/1258
f 1305/1246/1257 1311/1249/1260 1312/1248/1259
f 1725/1250/1334 1732/1250/1949 1678/1250/1950
f 1679/1250/1262 1681/1250/1261 1725/1250/1334
f 1679/1250/1262 1725/1250/1334 1689/1250/1333
f 1691/1250/1263 1680/1250/1264 1681/1250/1261
f 1683/1250/1267 1681/1250/1261 1682/1250/1265
f 1683/1250/1267 1684/1250/1271 1685/1250/1266
f 1684/1250/1271 1688/1250/1268 1685/1250/1266
f 1685/1250/1266 1686/1250/1338 1681/1250/1261
f 1686/1250/1338 1685/1250/1266 1687/1250/1270
f 1687/1250/1270 1685/1250/1266 1688/1250/1268
f 1684/1250/1271 1679/1250/1262 1688/1250/1268
f 1679/1250/1262 1689/1250/1333 1688/1250/1268
f 1679/1250/1262 1690/1250/1272 1691/1250/1263
f 1690/1250/1272 1722/1250/1273 1691/1250/1263
f 1722/1250/1273 1692/1250/1274 1680/1250/1264
f 1695/1250/1277 1693/1250/1275 1682/1250/1265
f 1696/1250/1279 1694/1250/1951 1693/1250/1280
f 1716/1250/440 1694/1250/440 1693/1250/440
f 1693/1250/440 1695/1250/440 1716/1250/440
f 1695/1250/440 1723/1250/440 1716/1250/440
f 1723/1250/440 1721/1250/440 1714/1250/440
f 1721/1250/440 1718/1250/440 1712/1250/440
f 1714/1250/440 1721/1250/440 1713/1250/440
f 1718/1250/440 1717/1250/440 1711/1250/440
f 1711/1250/440 1710/1250/440 1718/1250/440
f 1710/1250/440 1712/1250/440 1718/1250/440
f 1712/1250/440 1713/1250/440 1721/1250/440
f 1714/1250/440 1715/1250/440 1723/1250/440
f 1695/1250/1278 1697/1250/1952 1696/1250/1279
f 1698/1250/1283 1700/1250/1326 1701/1250/1281
f 1702/1250/1290 1733/1250/1953 1703/1250/1289
f 1704/1250/1291 1709/1250/1294 1702/1250/1290
f 1701/1250/1281 1704/1250/1291 1703/1250/1289
f 1704/1250/1291 1701/1250/1281 1705/1250/1292
f 1700/1250/1326 1720/1250/1954 1701/1250/1281
f 1720/1250/1954 1706/1250/1293 1701/1250/1281
f 1706/1250/1293 1720/1250/1954 1736/1250/1344
f 1710/1250/1299 1709/1250/1955 1707/1250/1300
f 1710/1250/1302 1711/1250/1956 1690/1250/1272
f 1712/1250/1303 1684/1250/1271 1683/1250/1267
f 1709/1250/1297 1713/1250/1306 1714/1250/1307
f 1714/1250/1307 1715/1250/1309 1702/1250/1308
f 1716/1250/1313 1694/1250/1957 1696/1250/1314
f 1694/1250/1316 1716/1250/1311 1683/1250/1267
f 1711/1250/1956 1717/1250/1958 1690/1250/1272
f 1717/1250/1959 1711/1250/1960 1707/1250/1319
f 1717/1250/1317 1718/1250/1328 1722/1250/1273
f 1718/1250/1318 1717/1250/1959 1707/1250/1319
f 1721/1250/1322 1719/1250/1321 1697/1250/1324
f 1719/1250/1342 1720/1250/1954 1700/1250/1326
f 1719/1250/1342 1700/1250/1326 1697/1250/1327
f 1721/1250/1330 1723/1250/1961 1692/1250/1274
f 1697/1250/1324 1695/1250/1962 1723/1250/1325
f 1725/1250/1334 1726/1250/1332 1689/1250/1333
f 1725/1250/1334 1678/1250/1950 1727/1250/1335
f 1687/1250/1270 1724/1250/1269 1728/1250/1336
f 1686/1250/1338 1687/1250/1270 1729/1250/1337
f 1731/1250/1341 1727/1250/1335 1678/1250/1950
f 1732/1250/1963 1725/1250/1334 1681/1250/1261
f 1686/1250/1338 1731/1250/1341 1681/1250/1261
f 1731/1250/1341 1732/1250/1963 1681/1250/1261
f 1705/1250/1292 1706/1250/1293 1708/1250/1343
f 1706/1250/1293 1736/1250/1344 1708/1250/1343
f 1720/1250/1954 1719/1250/1342 1736/1250/1344
f 1719/1250/1342 1707/1250/1964 1708/1250/1343
f 1707/1250/1964 1709/1250/1965 1708/1250/1343
f 1733/1250/1287 1702/1250/1966 1696/1250/1345
f 1697/1250/1327 1698/1250/1283 1734/1250/1284
f 1697/1250/1327 1734/1250/1284 1733/1250/1287
f 1734/1250/1284 1735/1250/1288 1733/1250/1287
usemtl barrel_dark
f 298/1251/439 296/1252/439 297/1253/439
f 299/1254/1346 301/1255/1347 300/1256/1348
f 303/1257/1349 304/1258/1350 302/1259/1351
f 480/1260/1352 483/1261/1353 481/1262/1354
f 483/1261/1353 484/1263/1355 481/1262/1354
f 481/1262/1354 485/1264/1356 480/1260/1352
f 483/1261/1353 485/1264/1356 484/1263/1355
f 486/1265/1357 487/1266/1358 488/1267/1359
f 487/1266/1358 486/1265/1357 488/1267/1359
f 496/1268/1360 495/1269/1361 493/1270/1362
f 511/1271/1363 512/1272/1364 510/1273/1365
f 507/1274/1366 509/1275/1367 508/1276/1368
f 511/1271/1363 506/1277/1369 505/1278/1370
f 508/1276/1368 509/1275/1367 512/1272/1364
f 507/1274/1366 512/1272/1364 505/1278/1370
f 511/1271/1363 509/1275/1367 506/1277/1369
f 509/1275/1367 510/1273/1365 512/1272/1364
f 506/1277/1369 507/1274/1366 505/1278/1370
f 751/1279/1371 752/1280/1372 750/1281/1373
f 754/1282/1374 753/1283/1375 751/1279/1371
f 755/1284/1376 751/1279/1371 750/1281/1373
f 752/1280/1372 755/1284/1376 750/1281/1373
f 753/1283/1375 755/1284/1376 752/1280/1372
f 1314/1285/1377 1315/1286/1378 1313/1287/1379
f 1313/1287/1379 1315/1286/1378 1317/1288/1380
f 1314/1285/1377 1317/1288/1381 1316/1289/1382
f 1319/1290/1383 1322/1291/1384 1320/1292/1385
f 1321/1293/1386 1324/1294/1387 1325/1295/1388
f 1329/1296/1389 1331/1297/1390 1330/1298/1391
f 1329/1296/1392 1333/1299/1393 1332/1300/1394
f 1333/1299/1395 1334/1301/1396 1335/1302/1397
f 1334/1301/1398 1336/1303/1398 1335/1302/1398
f 1334/1301/1399 1338/1304/1400 1337/1305/1401
f 1339/1306/1402 1334/1301/1396 1329/1296/1403
f 1329/1296/1404 1340/1307/1404 1339/1306/1404
s 0
f 1344/1306/1405 1340/1307/440 1342/1307/1406
f 1341/1308/1407 1342/1307/440 1340/1307/1408
s 1
f 1343/1309/1409 1344/1306/1410 1342/1307/1411
f 1343/1309/1412 1345/1310/1412 1346/1311/1412
s 0
f 1345/1310/1413 1348/1312/433 1346/1311/1414
s 1
f 1347/1298/1415 1343/1309/1416 1346/1311/1417
s 0
f 1330/1298/1418 1346/1311/433 1348/1312/1419
s 1
f 1329/1296/1420 1348/1312/1421 1341/1308/1422
f 1349/1313/1423 1347/1298/1424 1350/1297/1425
s 0
f 1331/1297/1426 1347/1298/433 1330/1298/1427
f 1332/1300/1428 1350/1297/433 1331/1297/1429
s 1
f 1349/1313/1430 1351/1300/1431 1352/1299/1432
s 0
f 1351/1300/1433 1333/1299/440 1352/1299/1434
f 1335/1302/1435 1352/1299/440 1333/1299/1436
s 1
f 1349/1313/1437 1353/1302/1437 1354/1303/1437
f 1353/1302/433 1336/1303/1438 1354/1303/1439
f 1354/1303/1440 1343/1309/1416 1349/1313/1441
f 1337/1305/433 1354/1303/1442 1336/1303/1443
f 1343/1309/1444 1355/1305/1444 1356/1304/1444
s 0
f 1355/1305/1445 1338/1304/440 1356/1304/1434
s 1
f 1344/1306/1410 1343/1309/1409 1356/1304/1446
s 0
f 1339/1306/1447 1356/1304/440 1338/1304/1448
s 1
f 1364/1314/1449 1362/1315/1450 1357/1316/1451
f 1357/1316/1452 1361/1317/1453 1360/1318/1454
f 1361/1317/1455 1362/1315/1456 1363/1319/1457
s 0
f 1363/1319/1458 1367/1317/440 1361/1317/1459
s 1
f 1366/1319/1460 1368/1320/1460 1367/1317/1460
f 1368/1320/1461 1369/1321/1462 1370/1322/1463
f 1374/1318/1464 1372/1323/1465 1373/1324/1466
f 1368/1320/1467 1374/1318/1467 1367/1317/1467
s 0
f 1360/1318/1468 1373/1324/433 1358/1324/1469
f 1374/1318/1470 1361/1317/433 1367/1317/1471
s 1
f 1396/1325/1472 1399/1326/1473 1398/1327/1474
f 1399/1326/1473 1397/1328/1475 1401/1329/1476
f 1396/1325/1472 1401/1329/1476 1397/1328/1475
f 1403/1330/1477 1401/1329/1476 1402/1331/1478
f 1403/1330/1477 1402/1331/1478 1396/1325/1472
f 1398/1327/1474 1400/1332/1479 1403/1330/1477
f 1404/1333/1472 1407/1334/1473 1406/1335/1474
f 1407/1334/1473 1405/1336/1475 1409/1337/1476
f 1404/1333/1472 1409/1337/1476 1405/1336/1475
f 1411/1338/1477 1409/1337/1476 1410/1339/1478
f 1411/1338/1477 1410/1339/1478 1404/1333/1472
f 1406/1335/1474 1408/1340/1479 1411/1338/1477
f 1412/1341/1472 1415/1342/1473 1414/1343/1474
f 1415/1342/1473 1413/1344/1475 1417/1345/1476
f 1412/1341/1472 1417/1345/1476 1413/1344/1475
f 1419/1346/1477 1417/1345/1476 1418/1347/1478
f 1419/1346/1477 1418/1347/1478 1412/1341/1472
f 1414/1343/1474 1416/1348/1479 1419/1346/1477
f 1423/1349/1480 1420/1350/1481 1421/1351/1482
f 1424/1352/1483 1421/1351/1482 1425/1353/1484
f 1426/1354/1485 1424/1352/1483 1425/1353/1484
f 1426/1354/1485 1423/1349/1480 1424/1352/1483
f 1421/1351/1482 1426/1354/1485 1425/1353/1484
f 1422/1355/1486 1421/1351/1482 1420/1350/1481
f 1445/1356/1487 1427/1357/1488 1428/1358/1489
f 1427/1357/1490 1429/1359/1490 1428/1358/1490
f 1431/1360/1491 1427/1357/1492 1430/1361/1493
f 1430/1361/1494 1432/1362/1495 1431/1360/1496
f 1432/1362/1495 1430/1361/1494 1433/1363/1497
f 1430/1361/1498 1434/1364/1499 1433/1363/1500
f 1434/1364/1499 1430/1361/1498 1435/1365/1501
f 1430/1361/1502 1436/1366/1502 1435/1365/1502
f 1436/1366/1503 1427/1357/1492 1437/1367/1504
f 1427/1357/1505 1438/1368/1505 1437/1367/1505
s 0
f 1441/1367/1506 1438/1368/433 1440/1368/1429
f 1439/1369/1507 1440/1368/440 1438/1368/1508
s 1
f 1442/1369/1509 1446/1370/1510 1440/1368/1511
f 1446/1370/1512 1441/1367/1512 1440/1368/1512
f 1446/1370/1510 1442/1369/1509 1443/1356/1513
s 0
f 1442/1369/1514 1445/1356/440 1443/1356/1515
f 1428/1358/1516 1443/1356/440 1445/1356/1434
s 1
f 1427/1357/1488 1445/1356/1487 1439/1369/1517
f 1446/1370/1518 1444/1358/1518 1447/1359/1518
s 0
f 1429/1359/1519 1444/1358/440 1428/1358/1434
s 1
f 1448/1360/1520 1446/1370/1521 1447/1359/1522
s 0
f 1431/1360/1523 1447/1359/440 1429/1359/1524
s 1
f 1449/1371/1525 1448/1360/1526 1450/1362/1527
s 0
f 1448/1360/1528 1432/1362/440 1450/1362/1529
f 1433/1363/1530 1450/1362/440 1432/1362/1434
s 1
f 1449/1371/1531 1451/1363/1532 1452/1364/1533
s 0
f 1451/1363/1534 1434/1364/433 1452/1364/1429
f 1435/1365/1535 1452/1364/433 1434/1364/1536
s 1
f 1449/1371/1537 1453/1365/1537 1454/1366/1537
s 0
f 1453/1365/1519 1436/1366/440 1454/1366/1434
s 1
f 1454/1366/1538 1446/1370/1521 1449/1371/1539
s 0
f 1437/1367/1540 1454/1366/440 1436/1366/1434
s 1
f 1455/1372/1541 1457/1373/1542 1456/1374/1543
f 1457/1373/1542 1455/1372/1541 1458/1375/1544
f 1455/1372/1545 1459/1376/1545 1458/1375/1545
f 1459/1376/1546 1460/1377/1547 1461/1378/1548
f 1460/1377/1549 1462/1379/1549 1461/1378/1549
f 1460/1377/1550 1464/1380/1551 1463/1381/1552
f 1460/1377/1553 1466/1382/1554 1465/1383/1555
f 1467/1384/1556 1460/1377/1547 1455/1372/1557
s 0
f 1470/1383/1558 1466/1382/440 1468/1382/1434
f 1467/1384/1559 1468/1382/440 1466/1382/1560
s 1
f 1469/1385/1561 1470/1383/1562 1468/1382/1563
f 1469/1385/1564 1471/1384/1564 1472/1386/1564
s 0
f 1471/1384/1514 1474/1386/440 1472/1386/1434
s 1
f 1472/1386/1565 1475/1387/1566 1469/1385/1567
s 0
f 1456/1374/1516 1472/1386/440 1474/1386/1434
s 1
f 1455/1372/1568 1474/1386/1568 1467/1384/1568
f 1475/1387/1569 1473/1374/1569 1476/1373/1569
s 0
f 1457/1373/1519 1473/1374/440 1456/1374/1434
s 1
f 1477/1375/1570 1475/1387/1571 1476/1373/1572
s 0
f 1458/1375/1573 1476/1373/440 1457/1373/1434
s 1
f 1475/1387/1571 1477/1375/1570 1478/1376/1574
s 0
f 1477/1375/1575 1459/1376/440 1478/1376/1434
f 1461/1378/1530 1478/1376/440 1459/1376/1434
s 1
f 1475/1387/1576 1479/1378/1576 1480/1379/1576
s 0
f 1479/1378/1577 1462/1379/440 1480/1379/1434
s 1
f 1480/1379/1578 1469/1385/1567 1475/1387/1566
s 0
f 1463/1381/1579 1480/1379/440 1462/1379/1434
s 1
f 1469/1385/1580 1481/1381/1580 1482/1380/1580
s 0
f 1481/1381/1519 1464/1380/440 1482/1380/1434
s 1
f 1470/1383/1562 1469/1385/1561 1482/1380/1581
s 0
f 1465/1383/1540 1482/1380/440 1464/1380/1434
s 1
f 1484/1388/1582 1485/1389/1583 1486/1390/1584
f 1485/1389/1583 1483/1391/1585 1487/1392/1586
f 1487/1392/1587 1484/1388/1582 1486/1390/1584
f 1486/1390/1584 1485/1389/1583 1487/1392/1588
f 1488/1393/1541 1490/1394/1542 1489/1395/1589
f 1488/1393/1541 1489/1395/1589 1492/1396/1590
f 1488/1393/1591 1492/1396/1591 1491/1397/1591
f 1493/1398/1547 1491/1397/1556 1495/1399/1592
f 1493/1398/1553 1495/1399/1593 1494/1400/1555
f 1493/1398/1553 1494/1400/1555 1497/1401/1594
f 1493/1398/1550 1497/1401/1595 1496/1402/1552
f 1493/1398/1550 1496/1402/1552 1499/1403/1596
f 1493/1398/1597 1499/1403/1597 1498/1404/1597
f 1493/1398/1547 1515/1405/1546 1488/1393/1557
s 0
f 1502/1404/1577 1499/1403/440 1500/1403/1434
f 1499/1403/1434 1503/1402/1579 1500/1403/440
s 1
f 1501/1406/1598 1502/1404/1598 1500/1403/1598
f 1501/1406/1599 1503/1402/1600 1504/1407/1601
f 1504/1407/1602 1503/1402/1602 1505/1401/1602
s 0
f 1503/1402/1519 1497/1401/440 1505/1401/1434
f 1497/1401/1434 1506/1400/1603 1505/1401/440
s 1
f 1504/1407/1604 1506/1400/1605 1507/1399/1606
s 0
f 1506/1400/1506 1495/1399/433 1507/1399/1429
f 1495/1399/1607 1508/1397/1608 1507/1399/433
s 1
f 1504/1407/1609 1508/1397/1610 1509/1396/1611
s 0
f 1508/1397/1612 1492/1396/440 1509/1396/1613
s 1
f 1504/1407/1609 1509/1396/1611 1510/1395/1614
s 0
f 1492/1396/1615 1510/1395/1616 1509/1396/440
s 1
f 1504/1407/1617 1510/1395/1617 1511/1394/1617
s 0
f 1490/1394/1519 1510/1395/440 1489/1395/1434
s 1
f 1501/1406/1599 1511/1394/1618 1512/1408/1619
s 0
f 1490/1394/1434 1512/1408/1573 1511/1394/440
s 1
f 1501/1406/1620 1512/1408/1621 1513/1405/1622
s 0
f 1512/1408/1623 1515/1405/440 1513/1405/1624
s 1
f 1488/1393/1625 1515/1405/1625 1514/1408/1625
s 0
f 1515/1405/1434 1502/1404/1530 1513/1405/440
s 1
f 1501/1406/1620 1513/1405/1622 1502/1404/1626
f 1516/1409/1627 1518/1410/1628 1517/1411/1629
f 1519/1412/1630 1517/1411/1631 1521/1413/1632
f 1519/1412/1633 1521/1413/1633 1520/1414/1633
f 1516/1409/1634 1522/1415/1635 1524/1416/1636
f 1516/1409/1637 1524/1416/1637 1523/1417/1637
f 1516/1409/1638 1526/1418/1639 1525/1419/1640
f 1529/1419/1641 1526/1418/1642 1527/1418/1643
s 0
f 1526/1418/1644 1530/1417/1645 1527/1418/433
s 1
f 1528/1420/1646 1529/1419/1647 1527/1418/1648
f 1528/1420/1649 1530/1417/1650 1531/1416/1651
s 0
f 1530/1417/1652 1524/1416/433 1531/1416/1653
s 1
f 1519/1412/1654 1531/1416/1655 1532/1421/1656
f 1524/1416/1657 1532/1421/1658 1531/1416/433
f 1519/1412/1659 1533/1422/1660 1534/1423/1661
f 1534/1423/1662 1533/1422/1663 1535/1413/1664
f 1533/1422/1665 1521/1413/433 1535/1413/1666
f 1534/1423/1662 1535/1413/1664 1536/1411/1667
s 0
f 1521/1413/1668 1536/1411/1669 1535/1413/440
s 1
f 1534/1423/1670 1536/1411/1670 1537/1410/1670
s 0
f 1518/1410/1671 1536/1411/440 1517/1411/1672
s 1
f 1534/1423/1673 1538/1424/1674 1528/1420/1675
s 0
f 1518/1410/1676 1538/1424/1677 1537/1410/433
s 1
f 1528/1420/1678 1538/1424/1678 1539/1425/1678
s 0
f 1538/1424/1679 1541/1425/433 1539/1425/1680
s 1
f 1516/1409/1681 1541/1425/1682 1540/1426/1683
f 1541/1425/1684 1529/1419/1685 1539/1425/433
f 1542/1427/1686 1544/1428/1686 1543/1429/1686
f 1542/1427/1687 1547/1430/1688 1545/1431/1689
f 1542/1427/1690 1568/1432/1691 1544/1428/1692
f 1545/1431/1693 1547/1430/1693 1546/1433/1693
f 1545/1431/1694 1549/1434/1695 1548/1435/1696
f 1545/1431/1694 1548/1435/1696 1551/1436/1697
f 1545/1431/1698 1551/1436/1698 1550/1437/1698
f 1542/1427/1687 1550/1437/1699 1553/1438/1700
f 1542/1427/1701 1553/1438/1702 1552/1439/1703
f 1542/1427/1701 1552/1439/1703 1569/1440/1704
s 0
f 1556/1439/1705 1553/1438/440 1554/1438/1706
f 1553/1438/1707 1557/1437/1708 1554/1438/440
s 1
f 1555/1441/1709 1556/1439/1710 1554/1438/1711
f 1555/1441/1709 1554/1438/1711 1557/1437/1712
f 1555/1441/1713 1557/1437/1713 1558/1436/1713
s 0
f 1557/1437/1714 1551/1436/433 1558/1436/1429
s 1
f 1555/1441/1715 1559/1435/1716 1560/1442/1717
s 0
f 1551/1436/1718 1559/1435/1719 1558/1436/440
s 1
f 1560/1442/1720 1559/1435/1720 1561/1434/1720
s 0
f 1559/1435/1721 1549/1434/440 1561/1434/1722
f 1549/1434/1723 1562/1433/1724 1561/1434/440
s 1
f 1560/1442/1725 1562/1433/1726 1563/1430/1727
s 0
f 1562/1433/1728 1547/1430/433 1563/1430/1429
s 1
f 1560/1442/1725 1563/1430/1727 1564/1429/1729
s 0
f 1547/1430/1434 1564/1429/1730 1563/1430/440
s 1
f 1560/1442/1731 1564/1429/1731 1565/1428/1731
s 0
f 1544/1428/1732 1564/1429/433 1543/1429/1733
s 1
f 1555/1441/1715 1565/1428/1734 1566/1432/1735
f 1544/1428/1736 1566/1432/1737 1565/1428/433
f 1555/1441/1738 1566/1432/1738 1567/1440/1738
f 1566/1432/1739 1569/1440/433 1567/1440/1740
f 1542/1427/1690 1569/1440/1741 1568/1432/1691
s 0
f 1569/1440/1742 1556/1439/1743 1567/1440/433
s 1
f 1582/1443/1744 1584/1444/1745 1583/1445/1746
f 1582/1443/1747 1587/1446/1748 1585/1447/1749
f 1585/1447/1750 1587/1446/1751 1586/1448/1752
f 1585/1447/1750 1586/1448/1752 1589/1449/1753
f 1585/1447/1754 1589/1449/1755 1588/1450/1756
f 1585/1447/1754 1588/1450/1756 1591/1451/1757
f 1585/1447/1758 1591/1451/1759 1590/1452/1760
f 1585/1447/1758 1590/1452/1760 1593/1453/1761
f 1585/1447/1762 1593/1453/1762 1592/1454/1762
f 1582/1443/1747 1592/1454/1763 1609/1455/1764
s 0
f 1596/1454/1765 1593/1453/440 1594/1453/1766
f 1593/1453/1434 1597/1452/1767 1594/1453/440
s 1
f 1595/1456/1768 1596/1454/1769 1594/1453/1770
f 1595/1456/1771 1597/1452/1772 1598/1457/1773
f 1598/1457/1774 1597/1452/1774 1599/1451/1774
s 0
f 1597/1452/1775 1591/1451/440 1599/1451/1776
f 1591/1451/1777 1600/1450/1778 1599/1451/440
s 1
f 1598/1457/1779 1600/1450/1780 1601/1449/1781
s 0
f 1600/1450/1782 1589/1449/440 1601/1449/1783
s 1
f 1598/1457/1779 1601/1449/1781 1602/1448/1784
s 0
f 1589/1449/1785 1602/1448/1786 1601/1449/440
s 1
f 1598/1457/1787 1602/1448/1788 1603/1446/1789
s 0
f 1602/1448/1790 1587/1446/440 1603/1446/1791
s 1
f 1598/1457/1787 1603/1446/1789 1604/1445/1792
s 0
f 1587/1446/1793 1604/1445/1794 1603/1446/433
s 1
f 1598/1457/1795 1604/1445/1795 1605/1444/1795
s 0
f 1584/1444/1796 1604/1445/440 1583/1445/1797
s 1
f 1595/1456/1771 1605/1444/1798 1606/1458/1799
s 0
f 1584/1444/1800 1606/1458/1801 1605/1444/433
s 1
f 1595/1456/1802 1606/1458/1802 1607/1455/1802
s 0
f 1606/1458/1803 1609/1455/433 1607/1455/1804
s 1
f 1582/1443/1805 1609/1455/1805 1608/1458/1805
s 0
f 1609/1455/1806 1596/1454/1807 1607/1455/433
s 1
f 1616/1459/1808 1618/1460/1809 1617/1461/1810
f 1622/1462/1811 1619/1463/1812 1621/1464/1813
f 1619/1463/1812 1624/1465/1814 1625/1466/1815
f 1624/1465/1814 1626/1467/1816 1625/1466/1815
f 1619/1463/1812 1626/1467/1816 1621/1464/1813
f 1623/1468/1817 1621/1464/1813 1626/1467/1816
f 1630/1469/1811 1627/1470/1812 1629/1471/1813
f 1627/1470/1812 1632/1472/1814 1633/1473/1815
f 1632/1472/1814 1634/1474/1816 1633/1473/1815
f 1627/1470/1812 1634/1474/1816 1629/1471/1813
f 1631/1475/1817 1629/1471/1813 1634/1474/1816
f 1638/1476/1811 1635/1477/1812 1637/1478/1813
f 1635/1477/1812 1640/1479/1814 1641/1480/1815
f 1640/1479/1814 1642/1481/1816 1641/1480/1815
f 1635/1477/1812 1642/1481/1816 1637/1478/1813
f 1639/1482/1817 1637/1478/1813 1642/1481/1816
f 1643/1483/1818 1645/1484/1819 1647/1485/1820
f 1648/1486/1821 1645/1484/1819 1646/1487/1822
f 1645/1484/1819 1649/1488/1823 1646/1487/1822
f 1645/1484/1819 1644/1489/1824 1649/1488/1823
f 1647/1485/1820 1644/1489/1824 1643/1483/1818
f 1650/1490/1541 1651/1491/1543 1654/1492/1825
f 1650/1490/1541 1652/1493/1542 1651/1491/1543
f 1655/1494/1547 1653/1495/1556 1657/1496/1592
f 1650/1490/1591 1654/1492/1591 1653/1495/1591
f 1655/1494/1826 1657/1496/1826 1656/1497/1826
f 1655/1494/1827 1659/1498/1828 1658/1499/1551
f 1655/1494/1547 1677/1500/1546 1650/1490/1557
f 1655/1494/1829 1661/1501/1830 1660/1502/1831
s 0
f 1664/1502/1577 1661/1501/440 1662/1501/1434
f 1661/1501/1434 1665/1499/1579 1662/1501/440
s 1
f 1663/1503/1832 1662/1501/1833 1665/1499/1834
f 1663/1503/1832 1664/1502/1835 1662/1501/1833
f 1663/1503/1580 1665/1499/1580 1666/1498/1580
s 0
f 1665/1499/1519 1659/1498/440 1666/1498/1434
s 1
f 1663/1503/1836 1667/1497/1837 1668/1504/1838
s 0
f 1659/1498/1434 1667/1497/1603 1666/1498/440
s 1
f 1668/1504/1839 1667/1497/1840 1669/1496/1841
s 0
f 1667/1497/1558 1657/1496/440 1669/1496/1515
s 1
f 1668/1504/1839 1669/1496/1841 1670/1495/1842
s 0
f 1657/1496/1560 1670/1495/1843 1669/1496/440
s 1
f 1668/1504/1844 1670/1495/1845 1671/1492/1846
s 0
f 1670/1495/1514 1654/1492/440 1671/1492/1434
s 1
f 1668/1504/1844 1671/1492/1846 1672/1491/1847
s 0
f 1654/1492/1434 1672/1491/1516 1671/1492/440
s 1
f 1668/1504/1569 1672/1491/1569 1673/1493/1569
s 0
f 1652/1493/1519 1672/1491/440 1651/1491/1434
s 1
f 1668/1504/1838 1674/1505/1848 1663/1503/1836
s 0
f 1652/1493/1434 1674/1505/1573 1673/1493/440
s 1
f 1663/1503/1849 1674/1505/1849 1675/1500/1849
s 0
f 1674/1505/1575 1677/1500/440 1675/1500/1434
s 1
f 1650/1490/1545 1677/1500/1545 1676/1505/1545
s 0
f 1677/1500/1434 1664/1502/1530 1675/1500/440
s 1
f 298/1251/439 297/1253/439 296/1252/439
f 301/1255/1347 299/1254/1346 300/1256/1348
f 304/1258/1350 303/1257/1349 302/1259/1351
f 480/1260/1352 482/1595/1967 483/1261/1353
f 481/1262/1354 484/1263/1355 485/1264/1356
f 482/1595/1967 480/1260/1352 485/1264/1356
f 483/1261/1353 482/1595/1967 485/1264/1356
f 491/1596/1968 490/1597/1969 489/1598/1970
f 492/1599/1971 489/1598/1970 490/1597/1969
f 490/1597/1969 491/1596/1968 492/1599/1971
f 491/1596/1968 489/1598/1970 492/1599/1971
f 493/1270/1362 495/1269/1361 494/1600/1972
f 493/1270/1362 494/1600/1972 496/1268/1360
f 494/1600/1972 495/1269/1361 496/1268/1360
f 511/1271/1363 505/1278/1370 512/1272/1364
f 507/1274/1366 506/1277/1369 509/1275/1367
f 507/1274/1366 508/1276/1368 512/1272/1364
f 511/1271/1363 510/1273/1365 509/1275/1367
f 751/1279/1371 753/1283/1375 752/1280/1372
f 755/1284/1376 754/1282/1374 751/1279/1371
f 753/1283/1375 754/1282/1374 755/1284/1376
f 1314/1285/1377 1316/1289/1382 1315/1286/1378
f 1314/1285/1377 1313/1287/1379 1317/1288/1381
f 1316/1289/1382 1317/1288/1973 1315/1286/1378
f 1320/1292/1385 1318/1601/1974 1319/1290/1383
f 1319/1290/1383 1323/1602/1975 1322/1291/1384
f 1322/1291/1384 1321/1603/1976 1320/1292/1385
f 1325/1295/1388 1326/1604/1977 1327/1605/1978
f 1327/1605/1978 1328/1606/1979 1325/1295/1388
f 1328/1606/1979 1321/1293/1386 1325/1295/1388
f 1330/1298/1391 1348/1312/1980 1329/1296/1389
f 1332/1300/1394 1331/1297/1981 1329/1296/1392
f 1333/1299/1395 1329/1296/1403 1334/1301/1396
f 1337/1305/1401 1336/1303/1982 1334/1301/1399
f 1339/1306/1402 1338/1304/1983 1334/1301/1396
f 1341/1308/1422 1340/1307/1984 1329/1296/1420
s 0
f 1344/1306/440 1339/1306/1985 1340/1307/1986
f 1341/1308/440 1345/1310/1987 1342/1307/1988
s 1
f 1342/1307/1411 1345/1310/1989 1343/1309/1409
s 0
f 1345/1310/433 1341/1308/1990 1348/1312/1991
s 1
f 1347/1298/1415 1349/1313/1441 1343/1309/1416
s 0
f 1330/1298/433 1347/1298/1419 1346/1311/1992
f 1331/1297/433 1350/1297/1993 1347/1298/1994
s 1
f 1350/1297/1425 1351/1300/1995 1349/1313/1423
s 0
f 1332/1300/433 1351/1300/1429 1350/1297/1996
f 1351/1300/440 1332/1300/1560 1333/1299/1997
s 1
f 1352/1299/1432 1353/1302/1998 1349/1313/1430
s 0
f 1335/1302/440 1353/1302/1999 1352/1299/2000
s 1
f 1353/1302/433 1335/1302/2001 1336/1303/1438
f 1354/1303/1440 1355/1305/2002 1343/1309/1416
f 1337/1305/433 1355/1305/2003 1354/1303/1442
s 0
f 1355/1305/440 1337/1305/1560 1338/1304/2004
f 1339/1306/440 1344/1306/1707 1356/1304/2005
s 1
f 1360/1318/1454 1358/1324/2006 1357/1316/1452
f 1359/1607/2007 1365/1608/2008 1357/1316/1451
f 1365/1608/2008 1364/1314/1449 1357/1316/1451
f 1361/1317/1455 1357/1316/2009 1362/1315/1456
s 0
f 1363/1319/440 1366/1319/2010 1367/1317/2011
s 1
f 1370/1322/1463 1371/1609/2012 1372/1323/2013
f 1372/1323/2013 1368/1320/1461 1370/1322/1463
f 1374/1318/1464 1368/1320/2014 1372/1323/1465
s 0
f 1360/1318/433 1374/1318/1469 1373/1324/2015
f 1374/1318/433 1360/1318/1471 1361/1317/2016
s 1
f 1377/1610/2017 1376/1611/2018 1375/1612/2019
f 1375/1612/2019 1376/1611/2018 1377/1610/2017
f 1379/1613/2020 1378/1614/2020 1380/1615/2021
f 1378/1614/2020 1379/1613/2020 1380/1615/2021
f 1383/1616/2022 1382/1617/2023 1381/1618/2024
f 1381/1618/2024 1382/1617/2023 1383/1616/2022
f 1386/1619/439 1385/1620/439 1384/1621/439
f 1385/1620/439 1386/1619/439 1384/1621/439
f 1387/1622/433 1389/1623/433 1388/1624/433
f 1389/1623/433 1387/1622/433 1388/1624/433
f 1391/1625/439 1390/1626/439 1392/1627/439
f 1391/1625/439 1392/1627/439 1390/1626/439
f 1394/1628/439 1395/1629/439 1393/1630/439
f 1395/1629/439 1394/1628/439 1393/1630/439
f 1396/1325/1472 1397/1328/1475 1399/1326/1473
f 1401/1329/1476 1400/1332/1479 1399/1326/1473
f 1396/1325/1472 1402/1331/1478 1401/1329/1476
f 1403/1330/1477 1400/1332/1479 1401/1329/1476
f 1396/1325/1472 1398/1327/1474 1403/1330/1477
f 1398/1327/1474 1399/1326/1473 1400/1332/1479
f 1404/1333/1472 1405/1336/1475 1407/1334/1473
f 1409/1337/1476 1408/1340/1479 1407/1334/1473
f 1404/1333/1472 1410/1339/1478 1409/1337/1476
f 1411/1338/1477 1408/1340/1479 1409/1337/1476
f 1404/1333/1472 1406/1335/1474 1411/1338/1477
f 1406/1335/1474 1407/1334/1473 1408/1340/1479
f 1412/1341/1472 1413/1344/1475 1415/1342/1473
f 1417/1345/1476 1416/1348/1479 1415/1342/1473
f 1412/1341/1472 1418/1347/1478 1417/1345/1476
f 1419/1346/1477 1416/1348/1479 1417/1345/1476
f 1412/1341/1472 1414/1343/1474 1419/1346/1477
f 1414/1343/1474 1415/1342/1473 1416/1348/1479
f 1423/1349/1480 1422/1355/1486 1420/1350/1481
f 1424/1352/1483 1423/1349/1480 1421/1351/1482
f 1423/1349/1480 1426/1354/1485 1422/1355/1486
f 1422/1355/1486 1426/1354/1485 1421/1351/1482
f 1431/1360/1491 1429/1359/2025 1427/1357/1492
f 1436/1366/1503 1430/1361/1493 1427/1357/1492
f 1439/1369/1517 1438/1368/2026 1427/1357/1488
s 0
f 1441/1367/433 1437/1367/1429 1438/1368/2027
f 1439/1369/440 1442/1369/1508 1440/1368/2028
f 1442/1369/440 1439/1369/1434 1445/1356/1577
s 1
f 1443/1356/1513 1444/1358/2029 1446/1370/1510
s 0
f 1428/1358/440 1444/1358/1434 1443/1356/1579
f 1429/1359/440 1447/1359/1434 1444/1358/1434
s 1
f 1448/1360/1520 1449/1371/1539 1446/1370/1521
s 0
f 1431/1360/440 1448/1360/2030 1447/1359/2031
f 1448/1360/440 1431/1360/2032 1432/1362/2033
s 1
f 1450/1362/1527 1451/1363/2034 1449/1371/1525
s 0
f 1433/1363/440 1451/1363/1560 1450/1362/1559
f 1451/1363/433 1433/1363/1429 1434/1364/2035
s 1
f 1452/1364/1533 1453/1365/2036 1449/1371/1531
s 0
f 1435/1365/433 1453/1365/1536 1452/1364/2037
f 1453/1365/440 1435/1365/1434 1436/1366/1434
s 1
f 1454/1366/1538 1441/1367/2038 1446/1370/1521
s 0
f 1437/1367/440 1441/1367/1434 1454/1366/1573
s 1
f 1456/1374/1543 1474/1386/1825 1455/1372/1541
f 1459/1376/1546 1455/1372/1557 1460/1377/1547
f 1463/1381/1552 1462/1379/1596 1460/1377/1550
f 1465/1383/1555 1464/1380/1594 1460/1377/1553
f 1467/1384/1556 1466/1382/1592 1460/1377/1547
s 0
f 1470/1383/440 1465/1383/1434 1466/1382/1575
f 1467/1384/440 1471/1384/1434 1468/1382/1530
s 1
f 1468/1382/1563 1471/1384/2039 1469/1385/1561
s 0
f 1471/1384/440 1467/1384/1434 1474/1386/1577
s 1
f 1472/1386/1565 1473/1374/2040 1475/1387/1566
s 0
f 1456/1374/440 1473/1374/1434 1472/1386/1579
f 1457/1373/440 1476/1373/1434 1473/1374/1434
f 1458/1375/440 1477/1375/1434 1476/1373/1540
f 1477/1375/440 1458/1375/1434 1459/1376/1558
s 1
f 1478/1376/1574 1479/1378/2041 1475/1387/1571
s 0
f 1461/1378/440 1479/1378/1560 1478/1376/1559
f 1479/1378/440 1461/1378/1434 1462/1379/1514
s 1
f 1480/1379/1578 1481/1381/2042 1469/1385/1567
s 0
f 1463/1381/440 1481/1381/1434 1480/1379/1516
f 1481/1381/440 1463/1381/1434 1464/1380/1434
f 1465/1383/440 1470/1383/1434 1482/1380/1573
s 1
f 1484/1388/1582 1483/1391/1585 1485/1389/1583
f 1487/1392/1587 1483/1391/1585 1484/1388/1582
f 1488/1393/1541 1514/1408/1544 1490/1394/1542
f 1493/1398/1547 1488/1393/1557 1491/1397/1556
f 1493/1398/1547 1498/1404/1548 1515/1405/1546
s 0
f 1502/1404/440 1498/1404/1434 1499/1403/1514
f 1499/1403/1516 1496/1402/440 1503/1402/1434
s 1
f 1501/1406/1599 1500/1403/2043 1503/1402/1600
s 0
f 1503/1402/440 1496/1402/1434 1497/1401/1434
s 1
f 1504/1407/1604 1505/1401/2044 1506/1400/1605
s 0
f 1497/1401/1573 1494/1400/440 1506/1400/1434
f 1506/1400/433 1494/1400/1429 1495/1399/2027
s 1
f 1504/1407/1609 1507/1399/2045 1508/1397/1610
s 0
f 1495/1399/2046 1491/1397/433 1508/1397/1607
f 1508/1397/440 1491/1397/1613 1492/1396/2047
f 1492/1396/2048 1489/1395/440 1510/1395/1615
f 1490/1394/440 1511/1394/1434 1510/1395/1434
s 1
f 1501/1406/1599 1504/1407/1601 1511/1394/1618
s 0
f 1490/1394/2049 1514/1408/440 1512/1408/1434
f 1512/1408/440 1514/1408/2050 1515/1405/2051
f 1515/1405/2052 1498/1404/440 1502/1404/1560
s 1
f 1519/1412/1630 1516/1409/1634 1517/1411/1631
f 1516/1409/1627 1540/1426/2053 1518/1410/1628
f 1516/1409/1634 1519/1412/1630 1522/1415/1635
f 1516/1409/1638 1523/1417/2054 1526/1418/1639
f 1516/1409/1681 1525/1419/2055 1541/1425/1682
f 1529/1419/1641 1525/1419/2056 1526/1418/1642
s 0
f 1526/1418/2057 1523/1417/433 1530/1417/1644
s 1
f 1528/1420/1649 1527/1418/2058 1530/1417/1650
s 0
f 1530/1417/433 1523/1417/2059 1524/1416/2060
s 1
f 1519/1412/1654 1528/1420/1675 1531/1416/1655
f 1524/1416/1657 1522/1415/2061 1532/1421/1658
f 1532/1421/1656 1522/1415/2062 1519/1412/1654
f 1519/1412/1659 1520/1414/2063 1533/1422/1660
f 1533/1422/1665 1520/1414/2064 1521/1413/433
s 0
f 1521/1413/2065 1517/1411/440 1536/1411/2066
f 1518/1410/440 1537/1410/2067 1536/1411/2068
s 1
f 1534/1423/1673 1537/1410/2069 1538/1424/1674
s 0
f 1518/1410/2070 1540/1426/433 1538/1424/2071
f 1538/1424/433 1540/1426/2072 1541/1425/2073
s 1
f 1541/1425/1684 1525/1419/2074 1529/1419/1685
f 1528/1420/1646 1539/1425/2075 1529/1419/1647
f 1519/1412/1654 1534/1423/1673 1528/1420/1675
f 1542/1427/1687 1543/1429/2076 1547/1430/1688
f 1545/1431/1694 1546/1433/2077 1549/1434/1695
f 1542/1427/1687 1545/1431/1689 1550/1437/1699
s 0
f 1556/1439/440 1552/1439/1706 1553/1438/2078
f 1553/1438/2079 1550/1437/440 1557/1437/2080
f 1557/1437/433 1550/1437/1429 1551/1436/2081
s 1
f 1555/1441/1715 1558/1436/2082 1559/1435/1716
s 0
f 1551/1436/2083 1548/1435/440 1559/1435/2084
f 1559/1435/440 1548/1435/2085 1549/1434/2086
s 1
f 1560/1442/1725 1561/1434/2087 1562/1433/1726
s 0
f 1549/1434/2088 1546/1433/440 1562/1433/2089
f 1562/1433/433 1546/1433/1429 1547/1430/2090
f 1547/1430/1767 1543/1429/440 1564/1429/1434
f 1544/1428/433 1565/1428/1733 1564/1429/2091
s 1
f 1555/1441/1715 1560/1442/1717 1565/1428/1734
f 1544/1428/1736 1568/1432/2092 1566/1432/1737
f 1566/1432/1739 1568/1432/2093 1569/1440/433
s 0
f 1569/1440/2094 1552/1439/440 1556/1439/1742
s 1
f 1555/1441/1709 1567/1440/2095 1556/1439/1710
f 1571/1631/2096 1570/1632/2096 1572/1633/2097
f 1570/1632/2096 1571/1631/2096 1572/1633/2097
f 1573/1634/2098 1575/1635/2099 1574/1636/2100
f 1574/1636/2100 1575/1635/2099 1573/1634/2098
f 1578/1637/440 1577/1638/440 1576/1639/440
f 1577/1638/440 1578/1637/440 1576/1639/440
f 1579/1640/439 1581/1641/439 1580/1642/439
f 1581/1641/439 1579/1640/439 1580/1642/439
f 1582/1443/1747 1583/1445/2101 1587/1446/1748
f 1582/1443/1744 1608/1458/2102 1584/1444/1745
f 1582/1443/1747 1585/1447/1749 1592/1454/1763
s 0
f 1596/1454/440 1592/1454/2103 1593/1453/2104
f 1593/1453/1730 1590/1452/440 1597/1452/1434
s 1
f 1595/1456/1771 1594/1453/2105 1597/1452/1772
s 0
f 1597/1452/440 1590/1452/1776 1591/1451/2106
s 1
f 1598/1457/1779 1599/1451/2107 1600/1450/1780
s 0
f 1591/1451/2108 1588/1450/440 1600/1450/1777
f 1600/1450/440 1588/1450/1783 1589/1449/2109
f 1589/1449/2110 1586/1448/440 1602/1448/2111
f 1602/1448/440 1586/1448/2112 1587/1446/2113
f 1587/1446/2114 1583/1445/433 1604/1445/2115
f 1584/1444/440 1605/1444/2116 1604/1445/2117
s 1
f 1595/1456/1771 1598/1457/1773 1605/1444/1798
s 0
f 1584/1444/2118 1608/1458/433 1606/1458/1800
f 1606/1458/433 1608/1458/1804 1609/1455/2119
f 1609/1455/2120 1592/1454/433 1596/1454/1806
s 1
f 1595/1456/1768 1607/1455/2121 1596/1454/1769
f 1611/1643/1742 1610/1644/1742 1612/1645/1742
f 1610/1644/1742 1611/1643/1742 1612/1645/1742
f 1613/1646/2122 1614/1647/2123 1615/1648/2124
f 1614/1647/2123 1613/1646/2122 1615/1648/2124
f 1618/1460/1809 1616/1459/1808 1617/1461/1810
f 1622/1462/1811 1620/1649/2125 1619/1463/1812
f 1623/1468/1817 1624/1465/1814 1622/1462/1811
f 1622/1462/1811 1624/1465/1814 1620/1649/2125
f 1619/1463/1812 1620/1649/2125 1624/1465/1814
f 1624/1465/1814 1623/1468/1817 1626/1467/1816
f 1625/1466/1815 1626/1467/1816 1619/1463/1812
f 1623/1468/1817 1622/1462/1811 1621/1464/1813
f 1630/1469/1811 1628/1650/2125 1627/1470/1812
f 1631/1475/1817 1632/1472/1814 1630/1469/1811
f 1630/1469/1811 1632/1472/1814 1628/1650/2125
f 1627/1470/1812 1628/1650/2125 1632/1472/1814
f 1632/1472/1814 1631/1475/1817 1634/1474/1816
f 1633/1473/1815 1634/1474/1816 1627/1470/1812
f 1631/1475/1817 1630/1469/1811 1629/1471/1813
f 1638/1476/1811 1636/1651/2125 1635/1477/1812
f 1639/1482/1817 1640/1479/1814 1638/1476/1811
f 1638/1476/1811 1640/1479/1814 1636/1651/2125
f 1635/1477/1812 1636/1651/2125 1640/1479/1814
f 1640/1479/1814 1639/1482/1817 1642/1481/1816
f 1641/1480/1815 1642/1481/1816 1635/1477/1812
f 1639/1482/1817 1638/1476/1811 1637/1478/1813
f 1643/1483/1818 1644/1489/1824 1645/1484/1819
f 1648/1486/1821 1647/1485/1820 1645/1484/1819
f 1648/1486/1821 1646/1487/1822 1649/1488/1823
f 1647/1485/1820 1648/1486/1821 1649/1488/1823
f 1647/1485/1820 1649/1488/1823 1644/1489/1824
f 1650/1490/1541 1676/1505/1544 1652/1493/1542
f 1655/1494/1547 1650/1490/1557 1653/1495/1556
f 1655/1494/1827 1656/1497/1594 1659/1498/1828
f 1655/1494/1829 1658/1499/1596 1661/1501/1830
f 1655/1494/1547 1660/1502/1548 1677/1500/1546
s 0
f 1664/1502/440 1660/1502/1434 1661/1501/1514
f 1661/1501/1516 1658/1499/440 1665/1499/1434
f 1665/1499/440 1658/1499/1434 1659/1498/1434
s 1
f 1663/1503/1836 1666/1498/2126 1667/1497/1837
s 0
f 1659/1498/1573 1656/1497/440 1667/1497/1434
f 1667/1497/440 1656/1497/1434 1657/1496/1575
f 1657/1496/1530 1653/1495/440 1670/1495/1434
f 1670/1495/440 1653/1495/1434 1654/1492/1577
f 1654/1492/1579 1651/1491/440 1672/1491/1434
f 1652/1493/440 1673/1493/1434 1672/1491/1434
s 1
f 1668/1504/1838 1673/1493/2127 1674/1505/1848
s 0
f 1652/1493/1603 1676/1505/440 1674/1505/1434
f 1674/1505/440 1676/1505/1434 1677/1500/1558
f 1677/1500/1559 1660/1502/440 1664/1502/1560
s 1
f 1663/1503/1832 1675/1500/2128 1664/1502/1835
o ltread
v -0.754974 1.296553 -0.804579
v -0.694491 1.330242 -0.767599
v -0.808131 1.295174 0.175581
v -0.755448 1.235924 0.103213
v -0.690909 1.207298 -0.807273
v -0.546166 1.301241 -0.890878
v -0.468842 1.367378 -0.760754
v -0.573210 1.329475 -0.754162
v -0.585680 1.310688 -0.553421
v -0.402558 1.433430 -1.332200
v -0.527134 1.452718 -0.752083
v -0.629801 1.367535 -0.555483
v -0.641764 1.390507 -0.392801
v -0.657108 1.304298 -0.645591
v -0.604908 1.399996 -0.712587
v -0.605682 1.393393 -0.896511
v -0.644738 1.258050 -0.760848
v -0.730977 1.270972 -1.360986
v -0.658803 1.204041 -1.356408
v -0.464950 1.333438 -1.339750
v -0.487746 1.441720 -1.341235
v -0.674835 1.309306 -0.474843
v -0.611270 1.310575 -0.379122
v -0.525501 1.378714 0.028690
v -0.639742 1.411171 -0.194870
v -0.547638 1.457123 0.009515
v -0.695755 1.397682 0.111309
v -0.885890 1.338933 0.352881
v -1.255105 1.174586 0.693413
v -1.267106 1.194027 0.887693
v -1.487071 0.988839 1.027601
v -1.422947 0.979819 1.021388
v -1.248794 1.076256 0.914666
v -1.125914 1.164270 0.864093
v -1.124181 1.202278 0.852838
v -1.161746 1.230692 0.849993
v -1.104800 1.247468 0.811338
v -1.088654 1.272353 0.476067
v -0.837621 1.286914 0.399010
v -0.836293 1.294706 0.746854
v -0.891903 1.285976 0.930826
v -0.886319 1.345501 0.861774
v -0.875625 1.376316 1.037705
v -0.867714 1.357204 0.511223
v -0.781817 1.369510 0.347689
v -1.117118 1.236327 1.326361
v -0.906957 1.285589 1.202796
v -0.825127 1.318452 1.051065
v -0.926546 1.256035 1.040205
v -1.069138 1.145763 0.709785
v -1.107580 1.180868 0.725308
v -1.056197 1.150509 0.565168
v -1.058872 1.237787 0.747869
v -1.087716 1.192829 0.536573
v -0.915653 1.261128 1.009495
v -0.934137 1.256435 1.088202
v -0.983670 1.267898 1.145820
v -0.987159 1.302898 1.146071
v -0.965379 1.329552 1.097168
v -0.976781 1.319763 1.081078
v -0.971985 1.318279 1.034402
v -0.972194 1.273088 0.973419
v -0.941899 1.256593 0.975569
v -1.123090 1.146256 1.374969
v -1.165141 1.182538 1.363024
v -1.173666 1.153629 1.810253
v -1.194618 1.199584 1.797901
v -1.090229 1.218996 1.384768
v -0.750206 1.325749 0.320933
v -0.716694 1.303890 0.026978
v -0.681507 1.363388 -0.057268
v -0.775034 1.226740 0.041185
v -0.773208 1.280921 0.069299
v -0.852703 1.210937 -0.152890
v -0.899607 1.279877 -0.156345
v -0.828616 1.308229 0.034208
v -1.031331 1.193383 -0.122476
v -1.096140 1.197945 0.157933
v -1.033221 1.133499 0.247561
v -1.033795 1.220593 0.376988
v -0.637456 1.303072 0.116963
v -0.701459 1.302415 -0.137998
v -0.645655 1.324851 -0.217096
v -0.688033 1.307588 -0.304063
v -1.330532 1.095444 0.659701
v -1.509418 1.022952 0.883965
v -1.522777 0.986948 1.048586
v -1.513566 0.959997 0.936842
v -1.456030 0.943808 0.887145
v -1.334081 1.071784 0.382529
v -1.479234 1.019289 0.566228
v -1.177844 1.124268 0.608232
v -1.041589 1.207704 0.526357
v -0.951779 1.186274 0.352077
v -1.433934 0.969858 0.550507
v -0.918220 1.374628 1.766288
v -0.946392 1.334550 1.801319
v -0.889838 1.294512 1.388289
v -0.900149 1.312178 1.785418
v -0.930179 1.352860 1.229204
v -1.701471 1.201060 1.521633
v -1.657434 1.166042 1.537246
v -1.879845 1.111645 2.117252
v -1.852236 1.071735 2.119344
v -1.698476 1.239088 2.203606
v -1.673269 1.200265 2.205977
v -1.871271 1.081393 2.441304
v -1.872102 1.062461 2.439844
v -1.907164 1.113393 2.438052
v -1.908525 1.115802 2.428296
v -1.507436 1.020712 0.882519
v -1.541128 0.992904 0.884543
v -1.469055 0.962109 0.579741
v -1.481304 1.020813 0.566829
v -1.334485 1.069296 0.323455
v -1.334289 1.069829 0.383390
v -1.448141 0.973230 0.569367
v -1.458311 0.948946 0.887293
v -1.512876 0.942479 0.939284
v -1.662283 1.200691 2.231372
v -1.699956 1.242731 2.213603
v -1.693221 1.247706 2.214615
v -1.707625 1.259354 2.235365
v -1.711794 1.252673 2.318243
v -1.672584 1.210234 2.318433
v -1.678616 1.189698 2.306612
v -1.670041 1.190706 2.207584
v -1.710025 1.252770 2.203457
v -1.670721 1.198355 2.216436
v -1.860700 1.054434 2.424923
v -1.846503 1.060212 2.122447
v -1.886497 1.125138 2.117374
v -1.921319 1.128940 2.422700
v -1.874513 1.049990 2.431986
v -1.876435 1.078486 2.439720
v -1.902856 1.117332 2.431410
v -1.910221 1.117954 2.438003
v -1.874015 1.064504 2.438593
v -1.906261 1.133667 2.397884
v -1.225051 1.537909 2.103065
v -1.243490 1.561942 1.997614
v -1.196142 1.478078 2.020136
v -1.259695 1.435299 1.999803
v -1.518318 1.283816 2.148585
v -1.580919 1.289517 2.184417
v -1.560824 1.347798 2.143813
v -1.268854 1.539472 1.980179
v -1.223510 1.502751 1.995062
v -1.658205 1.198979 2.230653
v -1.665322 1.188018 2.299809
v -1.655744 1.206493 2.346251
v -1.693469 1.282052 2.331872
v -1.699180 1.261527 2.228953
v -1.685809 1.239223 2.320709
v -1.748758 1.135147 2.259562
v -1.793613 1.157521 2.308666
v -1.861380 1.055980 2.428167
v -1.843005 1.054983 2.138097
v -1.850881 1.072526 2.119153
v -1.652421 1.168733 1.530415
v -1.665437 1.133894 1.553663
v -1.672617 1.200481 2.205132
v -1.663702 1.183876 2.214182
v -1.686536 1.199412 2.320370
v -1.715682 1.247077 2.304091
v -1.698761 1.238285 2.202590
v -1.701922 1.201661 1.524814
v -1.694155 1.249457 1.747850
v -1.893302 1.130238 2.136729
v -1.878058 1.112911 2.116710
v -1.899382 1.125691 2.428505
v -1.912208 1.140987 2.442368
v -1.713352 1.252276 2.204287
v -1.845666 1.076159 2.118202
v -1.974789 0.980449 2.232389
v -1.874763 1.040161 2.455125
v -2.020013 1.035927 2.230821
v -2.001760 1.018549 1.886389
v -2.004079 1.045360 1.899592
v -1.893519 1.123644 2.125097
v -1.874160 1.115308 2.116025
v -1.919696 1.126355 2.422359
v -1.875882 1.051180 2.432942
v -1.845488 1.054290 2.130277
v -1.968721 0.973390 1.877259
v -1.933818 1.131290 2.447936
v -1.700555 1.243520 2.213841
v -1.670164 1.197961 2.216570
v -1.983118 0.985810 2.231294
v -2.012912 1.031309 2.228542
v -1.992981 1.024730 1.889868
v -1.962611 0.979519 1.891475
v -1.878401 1.112367 2.117187
v -1.848688 1.074383 2.119069
vn -0.9773 0.2102 -0.0277
vn -0.6073 0.7858 0.1172
vn -0.7792 0.0487 -0.6248
vn 0.9235 -0.1917 0.3324
vn -0.2435 0.1960 0.9499
vn 0.4441 -0.6531 0.6135
vn -0.1253 -0.9902 0.0612
vn 0.5147 -0.8225 0.2420
vn 0.7455 -0.6614 0.0822
vn -0.3627 -0.9264 -0.1013
vn 0.0368 -0.9993 -0.0062
vn 0.7852 0.3679 -0.4981
vn 0.8949 -0.3182 0.3128
vn -0.8948 0.4411 -0.0692
vn -0.7639 0.6438 -0.0441
vn -0.2279 0.9734 -0.0215
vn -0.8607 0.4767 -0.1786
vn -0.7985 -0.5915 -0.1120
vn -0.9937 0.0275 -0.1088
vn 0.0831 0.9635 0.2546
vn 0.5837 -0.5179 -0.6254
vn -0.1355 0.7403 -0.6585
vn -0.0250 -0.8022 -0.5965
vn -0.8557 -0.5109 -0.0817
vn -0.1183 -0.9929 -0.0088
vn 0.4260 0.8731 0.2371
vn -0.5353 0.8133 -0.2281
vn -0.3171 0.9445 0.0856
vn -0.9912 0.0941 -0.0936
vn -0.9278 -0.0453 -0.3704
vn -0.4971 0.8503 -0.1727
vn -0.6184 0.6993 -0.3584
vn -0.5096 0.8600 -0.0273
vn -0.5635 -0.1250 0.8166
vn 0.3882 0.5837 0.7131
vn 0.2703 -0.9379 0.2173
vn -0.2074 0.9714 0.1161
vn 0.5727 0.7362 0.3606
vn 0.8608 -0.1072 0.4975
vn 0.5972 -0.6546 0.4635
vn 0.8254 -0.5644 0.0138
vn 0.9487 -0.3039 0.0874
vn 0.6705 -0.7068 -0.2257
vn -0.3566 0.9050 -0.2321
vn -0.4635 0.8303 -0.3094
vn -0.5965 0.8020 -0.0309
vn -0.2049 0.9783 -0.0300
vn 0.2964 0.9441 0.1444
vn -0.1255 0.9921 0.0087
vn -0.4445 0.8943 0.0516
vn 0.8376 0.3957 0.3767
vn -0.6992 0.6329 -0.3324
vn -0.5868 -0.5247 -0.6167
vn 0.4362 -0.8990 0.0394
vn 0.5426 -0.8120 0.2152
vn -0.5411 -0.6528 0.5301
vn -0.1057 -0.9844 0.1406
vn 0.4641 -0.8807 0.0942
vn -0.9650 -0.1530 0.2132
vn 0.3456 -0.6030 -0.7190
vn -0.2337 0.2432 -0.9414
vn 0.5176 -0.8529 0.0683
vn -0.7740 -0.1944 -0.6026
vn -0.5202 0.8471 -0.1088
vn -0.4624 -0.7186 0.5194
vn -0.8443 -0.1591 -0.5116
vn -0.3835 0.5230 0.7611
vn 0.1428 -0.9585 -0.2468
vn 0.0865 -0.4556 0.8860
vn 0.8474 -0.2486 0.4691
vn 0.5414 -0.8393 0.0492
vn -0.9323 0.3616 -0.0002
vn -0.7616 -0.5608 -0.3248
vn -0.7370 -0.6757 0.0175
vn -0.9098 0.3838 -0.1577
vn -0.3399 0.8720 -0.3521
vn -0.7587 -0.2092 -0.6170
vn -0.8108 -0.5844 -0.0328
vn -0.1086 -0.8007 -0.5891
vn -0.6760 0.7369 -0.0031
vn 0.5509 -0.8344 0.0164
vn 0.4045 -0.9121 0.0665
vn -0.6644 -0.7340 0.1408
vn -0.2990 0.2253 -0.9273
vn -0.4235 0.9037 -0.0626
vn 0.7599 -0.6495 0.0274
vn 0.8573 0.5119 -0.0547
vn 0.7818 -0.6099 0.1301
vn 0.2911 -0.9175 0.2711
vn -0.3063 -0.9297 0.2047
vn 0.4542 -0.8743 -0.1710
vn 0.0699 -0.8351 -0.5457
vn 0.1345 0.9251 0.3551
vn -0.4322 0.8894 0.1489
vn -0.5181 -0.0000 0.8553
vn 0.5279 -0.8480 0.0475
vn 0.5476 -0.5973 0.5860
vn 0.3829 0.0867 -0.9197
vn -0.7526 -0.5630 -0.3414
vn 0.1398 -0.2513 -0.9578
vn 0.3210 0.1787 -0.9301
vn -0.3921 -0.8659 -0.3106
vn -0.8982 -0.1915 -0.3957
vn 0.8796 0.4756 -0.0071
vn -0.6078 0.7544 0.2478
vn -0.9517 0.1899 0.2412
vn 0.4215 -0.8975 -0.1300
vn 0.0869 -0.9952 -0.0456
vn 0.7284 -0.5137 0.4534
vn 0.9277 -0.3491 -0.1326
vn 0.0504 -0.5093 0.8591
vn 0.9063 0.1703 -0.3867
vn 0.7724 0.1561 -0.6156
vn -0.6876 0.5224 -0.5042
vn 0.6458 0.6219 -0.4430
vn 0.4093 0.8870 -0.2138
vn 0.5762 0.5167 -0.6332
vn -0.8076 0.0056 0.5897
vn -0.0123 0.8853 0.4649
vn 0.1256 -0.2357 0.9637
vn 0.2318 -0.7020 0.6734
vn 0.8292 0.5584 -0.0259
vn 0.8608 0.4978 0.1063
vn 0.5967 -0.7394 0.3118
vn 0.2399 0.8875 -0.3934
vn -0.2895 0.7688 -0.5701
vn -0.6348 0.4356 0.6382
vn 0.1603 -0.8102 -0.5638
vn -0.7477 0.3582 -0.5592
vn -0.6266 0.7114 -0.3182
vn -0.0880 -0.3925 -0.9156
vn -0.2647 -0.4084 -0.8736
vn 0.2434 -0.9461 0.2138
vn 0.5780 -0.8046 -0.1363
vn -0.8775 -0.3021 0.3724
vn -0.0130 -0.5435 0.8393
vn 0.5451 0.5489 0.6337
vn 0.9452 -0.2765 -0.1739
vn 0.2201 -0.4538 0.8635
vn 0.6215 0.0926 0.7779
vn 0.6027 -0.7459 0.2835
vn 0.2682 -0.9616 -0.0590
vn -0.6707 -0.6621 -0.3343
vn 0.6579 -0.5708 -0.4914
vn 0.8801 0.4748 0.0040
vn 0.8031 -0.5850 0.1128
vn 0.4786 0.8628 -0.1629
vn 0.7213 0.6922 0.0243
vn -0.5380 0.8191 -0.1988
vn -0.8233 -0.5443 -0.1612
vn 0.8006 -0.0544 0.5967
vn -0.5299 0.2359 0.8146
vn -0.1962 0.9799 0.0352
vn -0.6292 0.5743 0.5237
vn -0.7507 0.6480 -0.1287
vn -0.0885 -0.7211 -0.6871
vn -0.9368 0.2727 0.2192
vn 0.0566 -0.9687 0.2416
vn 0.3976 -0.3854 0.8327
vn 0.2280 0.8781 -0.4206
vn -0.3547 0.6063 -0.7117
vn -0.2293 0.9500 -0.2119
vn 0.7191 -0.6822 -0.1320
vn 0.5923 -0.8051 -0.0311
vn -0.2598 0.5739 0.7767
vn 0.8984 0.4072 0.1647
vn 0.5728 0.8037 0.1612
vn -0.5491 0.3305 -0.7676
vn -0.2174 -0.1652 -0.9620
vn -0.8342 -0.5500 -0.0400
vn -0.2094 -0.1748 -0.9621
vn 0.6779 0.4945 -0.5440
vn 0.6732 0.4996 -0.5452
vn 0.7192 0.2768 0.6373
vn 0.3754 0.2003 -0.9050
vn -0.5292 0.5543 -0.6424
vn -0.7637 -0.5463 -0.3441
vn 0.8299 0.5578 -0.0100
vn 0.8389 0.5442 -0.0080
vn -0.1512 -0.0694 0.9861
vn -0.6506 -0.7428 0.1580
vn 0.7762 0.3779 -0.5047
vn -0.4003 -0.3660 0.8401
vn 0.3045 -0.9525 -0.0039
vn 0.3698 0.8572 0.3584
vn -0.3802 0.9233 -0.0549
vn -0.2442 0.9690 0.0364
vn 0.6723 0.0913 -0.7346
vn -0.8630 -0.3942 -0.3159
vn 0.9045 -0.2005 -0.3764
vn -0.8348 -0.5491 -0.0402
vt 0.258689 0.463339
vt 0.261965 0.482580
vt 0.258898 0.448929
vt 0.252928 0.479485
vt 0.244866 0.518334
vt 0.242327 0.514149
vt 0.251530 0.469574
vt 0.254426 0.486184
vt 0.255585 0.500574
vt 0.256074 0.490776
vt 0.253893 0.498020
vt 0.261036 0.488365
vt 0.250595 0.562266
vt 0.259127 0.504677
vt 0.259230 0.522578
vt 0.263348 0.504267
vt 0.260642 0.491220
vt 0.256108 0.485335
vt 0.258793 0.495112
vt 0.259162 0.476595
vt 0.257587 0.479282
vt 0.263504 0.479120
vt 0.255090 0.450364
vt 0.254685 0.492956
vt 0.252795 0.506177
vt 0.258913 0.564717
vt 0.258285 0.546026
vt 0.253198 0.530411
vt 0.248339 0.429625
vt 0.242352 0.460772
vt 0.248887 0.431244
vt 0.223415 0.342296
vt 0.191804 0.308262
vt 0.013328 0.127356
vt 0.021536 0.130118
vt 0.998560 0.193173
vt 0.964945 0.164107
vt 0.967088 0.155451
vt 0.222477 0.452862
vt 0.228390 0.484295
vt 0.234595 0.474211
vt 0.242354 0.541866
vt 0.226181 0.643457
vt 0.162799 0.818220
vt 0.212555 0.716210
vt 0.227279 0.525862
vt 0.240926 0.693435
vt 0.206700 0.797288
vt 0.216905 0.831633
vt 0.255036 0.572795
vt 0.256115 0.565503
vt 1.125157 0.927637
vt 1.090645 0.920970
vt 0.861850 0.742393
vt 0.863809 0.739848
vt 1.116673 0.907693
vt 0.971963 0.817059
vt 1.013195 0.891361
vt 1.050424 0.858702
vt 0.176915 0.720752
vt 0.202468 0.468297
vt 0.166652 0.757825
vt 0.215285 0.462020
vt 0.219829 0.456795
vt 0.230244 0.451041
vt 0.150973 0.775418
vt 0.072584 0.868118
vt 0.016655 0.892429
vt 0.092056 0.891654
vt 0.176572 0.869427
vt 0.183287 0.849914
vt 0.194646 0.723299
vt 0.846817 0.641716
vt 0.798682 0.616649
vt 0.865222 0.646183
vt 0.803539 0.618396
vt 0.243955 0.558377
vt 0.243676 0.551066
vt 0.252602 0.515698
vt 0.251954 0.513287
vt 0.249788 0.528030
vt 0.254287 0.527527
vt 0.253145 0.498445
vt 0.250170 0.433749
vt 0.253309 0.501941
vt 0.214498 0.396045
vt 0.096886 0.122331
vt 0.121579 0.321166
vt 0.074092 0.175111
vt 0.039537 0.154315
vt 0.023912 0.206968
vt 0.005996 0.159557
vt 0.207974 0.290921
vt 0.212033 0.224797
vt 0.196116 0.245064
vt 0.231933 0.316035
vt 0.183567 0.452442
vt 0.233929 0.478021
vt 0.236052 0.440996
vt 0.242030 0.504461
vt 0.246568 0.468677
vt 0.966591 0.935769
vt 0.787477 0.754293
vt 1.081498 0.929330
vt 0.980874 0.934154
vt 0.789894 0.733920
vt 0.880651 0.855593
vt 0.800147 0.751125
vt 1.049747 0.905364
vt 0.759586 0.368523
vt 0.761369 0.432449
vt 0.745619 0.367392
vt 0.232046 0.317229
vt 0.186373 0.227836
vt 0.211821 0.224348
vt 0.231468 0.316756
vt 0.097301 0.122250
vt 0.078870 0.120376
vt 0.191771 0.239152
vt 0.074112 0.175019
vt 0.761685 0.501649
vt 0.761312 0.499984
vt 0.760376 0.505066
vt 0.761924 0.495385
vt 0.754399 0.493534
vt 0.761207 0.496327
vt 0.752726 0.491750
vt 0.752506 0.496087
vt 0.754383 0.496336
vt 0.761701 0.463706
vt 0.760518 0.462203
vt 0.768311 0.466123
vt 0.769205 0.464629
vt 0.761878 0.463758
vt 0.767170 0.466054
vt 0.768897 0.466066
vt 0.727260 0.638430
vt 0.727805 0.632319
vt 0.753277 0.508908
vt 0.760911 0.501256
vt 0.752714 0.496852
vt 0.747002 0.531539
vt 0.753575 0.523017
vt 0.756307 0.536579
vt 0.762346 0.506077
vt 0.742962 0.624863
vt 0.757217 0.503813
vt 0.760350 0.511810
vt 0.734712 0.637883
vt 0.738915 0.642786
vt 0.760547 0.501713
vt 0.761089 0.480294
vt 0.764183 0.477868
vt 0.769170 0.437520
vt 0.767433 0.434636
vt 0.759678 0.365542
vt 0.760436 0.494688
vt 0.762301 0.496039
vt 0.744724 0.422439
vt 0.755138 0.492595
vt 0.746071 0.364108
vt 0.761778 0.463964
vt 0.768754 0.466508
vt 0.759966 0.465560
vt 0.752724 0.491711
vt 0.755374 0.497415
vt 0.759463 0.434475
vt 0.762846 0.370256
vt 0.764937 0.418125
vt 0.771820 0.419754
vt 0.770337 0.465335
vt 0.761629 0.431113
vt 0.762740 0.367840
vt 0.759870 0.428570
vt 0.768860 0.434762
vt 0.773072 0.366049
vt 0.760215 0.461260
vt 0.769156 0.464468
vt 0.760808 0.460850
vt 0.765167 0.364040
vt 0.773389 0.367075
vt 0.765099 0.417497
vt 0.765153 0.364506
vt 0.761634 0.430776
vt 0.767399 0.433088
vt 0.203462 0.478566
vt 0.118465 0.810739
vt 1.003977 0.847957
vt 0.247391 0.512382
vt 0.256502 0.463942
vt 0.034273 0.136939
vt 0.767182 0.434508
vt 0.755159 0.492697
vt 0.760428 0.494772
vt 0.768283 0.466058
vt 0.767218 0.465961
vt 0.762293 0.464049
vt 0.042767 0.139576
vt 0.755596 0.501720
vt 0.768491 0.434928
vt 0.761653 0.463622
vt 0.760301 0.432131
vt 0.760273 0.461592
vt 0.734222 0.642367
vt 0.761117 0.432342
vt 0.767369 0.433363
vt 0.771393 0.419857
s 1
usemtl treads
f 1737/1652/2129 1752/1653/2130 1754/1654/2131
f 1753/1655/2132 1739/1656/2133 1740/1657/2134
f 1741/1658/2135 1740/1657/2134 1739/1656/2133
f 1737/1652/2129 1741/1658/2135 1739/1656/2133
f 1742/1659/2136 1743/1660/2137 1744/1661/2138
f 1744/1661/2138 1743/1660/2137 1745/1662/2139
f 1746/1663/2140 1760/1664/2141 1743/1660/2137
f 1749/1665/2142 1761/1666/2143 1747/1667/2144
f 1751/1668/2145 1750/1669/2146 1748/1670/2147
f 1750/1669/2146 1745/1662/2139 1748/1670/2147
f 1747/1667/2144 1752/1653/2130 1751/1668/2145
f 1750/1669/2146 1751/1668/2145 1744/1661/2138
f 1742/1659/2136 1738/1671/2148 1753/1655/2132
f 1753/1655/2132 1740/1657/2134 1741/1658/2135
f 1752/1653/2130 1738/1671/2148 1742/1659/2136
f 1752/1653/2130 1737/1652/2129 1738/1671/2148
f 1743/1660/2137 1756/1672/2149 1746/1663/2140
f 1752/1653/2130 1757/1673/2150 1754/1654/2131
f 1756/1672/2149 1741/1658/2135 1755/1674/2151
f 1741/1658/2135 1737/1652/2129 1754/1654/2131
f 1750/1669/2146 1744/1661/2138 1745/1662/2139
f 1758/1675/2152 1748/1670/2147 1745/1662/2139
f 1758/1675/2152 1745/1662/2139 1759/1676/2153
f 1745/1662/2139 1760/1664/2141 1759/1676/2153
f 1749/1665/2142 1758/1675/2152 1759/1676/2153
f 1761/1666/2143 1762/1677/2154 1747/1667/2144
f 1762/1677/2154 1761/1666/2143 1763/1678/2155
f 1764/1679/2156 1763/1678/2155 1814/1680/2157
f 1816/1681/2158 1774/1682/2159 1764/1679/2156
f 1765/1683/2160 1766/1684/2161 1774/1682/2159
f 1823/1685/2162 1767/1686/2163 1766/1684/2161
f 1768/1687/2164 1767/1688/2163 1823/1689/2162
f 1766/1684/2161 1772/1690/2165 1773/1691/2166
f 1829/1692/2167 1775/1693/2168 1764/1679/2156
f 1776/1694/2169 1784/1695/2170 1777/1696/2171
f 1777/1696/2171 1789/1697/2172 1778/1698/2173
f 1778/1698/2173 1789/1697/2172 1797/1699/2174
f 1778/1698/2173 1779/1700/2175 1781/1701/2176
f 1781/1701/2176 1780/1702/2177 1778/1698/2173
f 1779/1703/2175 1795/1704/2178 1804/1705/2179
f 1782/1706/2180 1795/1704/2178 1794/1707/2181
f 1792/1708/2182 1783/1709/2183 1804/1705/2179
f 1783/1709/2183 1792/1708/2182 1784/1710/2170
f 1799/1711/2184 1786/1712/2185 1791/1713/2186
f 1787/1714/2187 1788/1715/2188 1786/1712/2185
f 1788/1715/2188 1789/1697/2172 1777/1696/2171
f 1777/1696/2171 1786/1712/2185 1788/1715/2188
f 1788/1715/2188 1790/1716/2189 1789/1697/2172
f 1784/1695/2170 1785/1717/2190 1791/1713/2186
f 1793/1718/2191 1782/1719/2180 1794/1720/2181
f 1795/1721/2178 1779/1700/2175 1796/1722/2192
f 1798/1723/2193 1787/1714/2187 1799/1711/2184
f 1787/1714/2187 1797/1699/2174 1789/1697/2172
f 1801/1724/2194 1803/1725/2195 1782/1706/2180
f 1800/1726/2196 1804/1705/2179 1802/1727/2197
f 1805/1728/2198 1817/1729/2199 1760/1664/2141
f 1746/1663/2140 1762/1677/2154 1760/1664/2141
f 1819/1730/2200 1759/1676/2153 1818/1731/2201
f 1818/1731/2201 1760/1664/2141 1806/1732/2202
f 1807/1733/2203 1818/1731/2201 1806/1732/2202
f 1812/1734/2204 1813/1735/2205 1814/1680/2157
f 1807/1733/2203 1763/1678/2155 1761/1666/2143
f 1806/1732/2202 1817/1729/2199 1763/1678/2155
f 1819/1730/2200 1807/1733/2203 1761/1666/2143
f 1761/1666/2143 1820/1736/2206 1819/1730/2200
f 1820/1736/2206 1759/1676/2153 1819/1730/2200
f 1820/1736/2206 1749/1665/2142 1759/1676/2153
f 1749/1665/2142 1820/1736/2206 1761/1666/2143
f 1828/1737/2207 1765/1683/2160 1774/1682/2159
f 1766/1684/2161 1822/1738/2208 1823/1685/2162
f 1769/1739/2209 1825/1740/2210 1828/1737/2207
f 1824/1741/2211 1768/1742/2164 1823/1743/2162
f 1821/1744/2212 1827/1745/2213 1822/1738/2208
f 1821/1744/2212 1831/1746/2214 1826/1747/2215
f 1828/1737/2207 1770/1748/2216 1769/1739/2209
f 1830/1749/2217 1829/1692/2167 1828/1737/2207
f 1816/1681/2158 1815/1750/2218 1830/1749/2217
f 1830/1749/2217 1815/1750/2218 1808/1751/2219
f 1808/1751/2219 1815/1750/2218 1810/1752/2220
f 1808/1751/2219 1817/1729/2199 1830/1749/2217
f 1775/1693/2168 1817/1729/2199 1805/1728/2198
f 1829/1692/2167 1773/1691/2166 1770/1748/2216
f 1829/1692/2167 1774/1682/2159 1773/1691/2166
f 1779/1753/2175 1832/1754/2221 1781/1755/2176
f 1836/1756/2222 1832/1754/2221 1779/1753/2175
f 1833/1757/2223 1832/1754/2221 1836/1756/2222
f 1834/1758/2224 1835/1759/2225 1833/1757/2223
f 1783/1709/2183 1784/1760/2170 1834/1758/2224
f 1784/1760/2170 1835/1759/2225 1834/1758/2224
f 1838/1761/2226 1839/1762/2227 1837/1763/2228
f 1851/1764/2229 1849/1765/2230 1850/1766/2231
f 1852/1767/2232 1851/1764/2229 1850/1766/2231
f 1847/1768/2233 1850/1766/2231 1848/1769/2234
f 1853/1770/2235 1849/1765/2230 1851/1764/2229
f 1854/1771/2236 1849/1765/2230 1853/1770/2235
f 1862/1772/2237 1856/1773/2238 1861/1774/2239
f 1863/1775/2240 1857/1776/2241 1865/1777/2242
f 1863/1775/2240 1864/1778/2243 1857/1776/2241
f 1859/1779/2244 1858/1780/2245 1864/1778/2243
f 1858/1780/2245 1857/1776/2241 1864/1778/2243
f 1873/1781/2246 1869/1782/2247 1874/1783/2248
f 1874/1783/2248 1869/1782/2247 1870/1784/2249
f 1872/1785/2250 1871/1786/2251 1866/1787/2252
f 1877/1788/2253 1883/1789/2254 1888/1790/2255
f 1885/1791/2256 1889/1792/2257 1882/1793/2258
f 1882/1793/2258 1881/1794/2259 1885/1791/2256
f 1885/1791/2256 1881/1794/2259 1880/1795/2260
f 1886/1796/2261 1885/1791/2256 1879/1797/2262
f 1889/1792/2257 1890/1798/2263 1888/1790/2255
f 1887/1799/2264 1890/1798/2263 1886/1796/2261
f 1876/1800/2265 1887/1799/2264 1878/1801/2266
f 1900/1802/2267 1892/1803/2268 1891/1804/2269
f 1894/1805/2270 1895/1806/2271 1896/1807/2272
f 1896/1807/2272 1898/1808/2273 1899/1809/2274
f 1904/1810/2275 1902/1811/2276 1903/1812/2277
f 1907/1813/2278 1893/1814/2279 1908/1815/2280
f 1909/1816/2281 1892/1803/2268 1901/1817/2282
f 1901/1817/2282 1892/1803/2268 1900/1802/2267
f 1905/1818/2283 1909/1816/2281 1904/1810/2275
f 1899/1809/2274 1891/1804/2269 1897/1819/2284
f 1913/1820/2285 1911/1821/2286 1912/1822/2287
f 1917/1823/2288 1915/1824/2289 1916/1825/2290
f 1911/1821/2286 1920/1826/2291 1912/1822/2287
f 1921/1827/2292 1920/1826/2291 1911/1821/2286
f 1922/1828/2293 1919/1829/2294 1918/1830/2295
f 1916/1825/2290 1915/1824/2289 1922/1828/2293
f 1915/1824/2289 1914/1831/2296 1913/1820/2285
f 1928/1832/2297 1926/1833/2298 1927/1834/2299
f 1929/1835/2300 1928/1832/2297 1927/1834/2299
f 1930/1836/2301 1928/1832/2297 1929/1835/2300
f 1741/1658/2135 1754/1654/2131 1755/1674/2151
f 1738/1671/2148 1737/1652/2129 1739/1656/2133
f 1753/1655/2132 1738/1671/2148 1739/1656/2133
f 1747/1667/2144 1762/1677/2154 1746/1663/2140
f 1751/1668/2145 1749/1665/2142 1747/1667/2144
f 1751/1668/2145 1748/1670/2147 1749/1665/2142
f 1748/1670/2147 1758/1675/2152 1749/1665/2142
f 1752/1653/2130 1744/1661/2138 1751/1668/2145
f 1752/1653/2130 1742/1659/2136 1744/1661/2138
f 1742/1659/2136 1753/1655/2132 1741/1658/2135
f 1757/1673/2150 1747/1667/2144 1746/1663/2140
f 1752/1653/2130 1747/1667/2144 1757/1673/2150
f 1754/1654/2131 1757/1673/2150 1755/1674/2151
f 1746/1663/2140 1756/1672/2149 1757/1673/2150
f 1756/1672/2149 1755/1674/2151 1757/1673/2150
f 1756/1672/2149 1742/1659/2136 1741/1658/2135
f 1742/1659/2136 1756/1672/2149 1743/1660/2137
f 1745/1662/2139 1743/1660/2137 1760/1664/2141
f 1762/1677/2154 1763/1678/2155 1781/1701/2176
f 1781/1701/2176 1763/1678/2155 1764/1679/2156
f 1773/1691/2166 1772/1690/2165 1771/1837/2302
f 1774/1682/2159 1766/1684/2161 1773/1691/2166
f 1764/1679/2156 1774/1682/2159 1829/1692/2167
f 1776/1694/2169 1775/1693/2168 1784/1695/2170
f 1777/1696/2171 1784/1695/2170 1786/1712/2185
f 1778/1698/2173 1797/1699/2174 1779/1700/2175
f 1781/1701/2176 1764/1679/2156 1780/1702/2177
f 1804/1705/2179 1795/1704/2178 1782/1706/2180
f 1785/1717/2190 1784/1695/2170 1792/1838/2182
f 1791/1713/2186 1786/1712/2185 1784/1695/2170
f 1787/1714/2187 1790/1716/2189 1788/1715/2188
f 1787/1714/2187 1789/1697/2172 1790/1716/2189
f 1799/1711/2184 1787/1714/2187 1786/1712/2185
f 1793/1839/2191 1800/1726/2196 1782/1706/2180
f 1796/1722/2192 1779/1700/2175 1797/1699/2174
f 1797/1699/2174 1787/1714/2187 1798/1723/2193
f 1800/1726/2196 1801/1724/2194 1782/1706/2180
f 1792/1708/2182 1800/1726/2196 1793/1839/2191
f 1801/1724/2194 1800/1726/2196 1802/1727/2197
f 1804/1705/2179 1782/1706/2180 1803/1725/2195
f 1801/1724/2194 1802/1727/2197 1803/1725/2195
f 1804/1705/2179 1803/1725/2195 1802/1727/2197
f 1800/1726/2196 1792/1708/2182 1804/1705/2179
f 1775/1693/2168 1805/1728/2198 1784/1695/2170
f 1781/1701/2176 1784/1695/2170 1805/1728/2198
f 1760/1664/2141 1762/1677/2154 1805/1728/2198
f 1762/1677/2154 1781/1701/2176 1805/1728/2198
f 1818/1731/2201 1759/1676/2153 1760/1664/2141
f 1806/1732/2202 1760/1664/2141 1817/1729/2199
f 1817/1729/2199 1808/1751/2219 1809/1840/2303
f 1813/1735/2205 1811/1841/2304 1810/1752/2220
f 1812/1734/2204 1811/1841/2304 1813/1735/2205
f 1815/1750/2218 1814/1680/2157 1813/1735/2205
f 1816/1681/2158 1814/1680/2157 1815/1750/2218
f 1816/1681/2158 1764/1679/2156 1814/1680/2157
f 1814/1680/2157 1763/1678/2155 1812/1734/2204
f 1809/1840/2303 1812/1734/2204 1763/1678/2155
f 1763/1678/2155 1817/1729/2199 1809/1840/2303
f 1763/1678/2155 1807/1733/2203 1806/1732/2202
f 1819/1730/2200 1818/1731/2201 1807/1733/2203
f 1816/1681/2158 1828/1737/2207 1774/1682/2159
f 1765/1683/2160 1821/1744/2212 1822/1738/2208
f 1769/1739/2209 1768/1742/2164 1825/1740/2210
f 1824/1741/2211 1825/1740/2210 1768/1742/2164
f 1821/1744/2212 1826/1747/2215 1827/1745/2213
f 1821/1744/2212 1825/1740/2210 1831/1746/2214
f 1828/1737/2207 1821/1744/2212 1765/1683/2160
f 1828/1737/2207 1825/1740/2210 1821/1744/2212
f 1828/1737/2207 1829/1692/2167 1770/1748/2216
f 1816/1681/2158 1830/1749/2217 1828/1737/2207
f 1810/1752/2220 1815/1750/2218 1813/1735/2205
f 1775/1693/2168 1830/1749/2217 1817/1729/2199
f 1830/1749/2217 1775/1693/2168 1829/1692/2167
f 1770/1748/2216 1773/1691/2166 1771/1837/2302
f 1824/1842/2211 1823/1685/2162 1822/1738/2208
f 1766/1684/2161 1765/1683/2160 1822/1738/2208
f 1784/1760/2170 1781/1755/2176 1832/1754/2221
f 1835/1759/2225 1784/1760/2170 1832/1754/2221
f 1833/1757/2223 1835/1759/2225 1832/1754/2221
f 1836/1756/2222 1804/1705/2179 1783/1709/2183
f 1836/1756/2222 1779/1703/2175 1804/1705/2179
f 1838/1761/2226 1840/1843/2305 1839/1762/2227
f 1841/1844/2306 1838/1761/2226 1837/1763/2228
f 1841/1844/2306 1842/1845/2307 1838/1761/2226
f 1844/1846/2308 1843/1847/2308 1845/1848/2308
f 1855/1849/2309 1847/1768/2233 1848/1769/2234
f 1848/1769/2234 1850/1766/2231 1849/1765/2230
f 1855/1849/2309 1848/1769/2234 1849/1765/2230
f 1852/1767/2232 1853/1770/2235 1851/1764/2229
f 1854/1771/2236 1855/1849/2309 1849/1765/2230
f 1863/1775/2240 1858/1780/2310 1856/1773/2238
f 1862/1772/2237 1863/1775/2240 1856/1773/2238
f 1861/1774/2239 1860/1850/2311 1862/1772/2237
f 1865/1777/2242 1858/1780/2310 1863/1775/2240
f 1867/1851/2312 1866/1787/2252 1870/1784/2249
f 1869/1782/2247 1873/1781/2246 1872/1852/2313
f 1866/1787/2252 1874/1783/2248 1870/1784/2249
f 1868/1853/2314 1869/1782/2247 1875/1854/2315
f 1872/1852/2313 1875/1854/2315 1869/1782/2247
f 1866/1787/2252 1871/1786/2251 1874/1783/2248
f 1878/1801/2266 1877/1788/2253 1876/1800/2265
f 1878/1801/2266 1886/1796/2261 1879/1797/2262
f 1883/1789/2254 1877/1788/2253 1884/1855/2316
f 1878/1801/2266 1884/1855/2316 1877/1788/2253
f 1878/1801/2266 1879/1797/2262 1884/1855/2316
f 1888/1790/2255 1883/1789/2254 1882/1793/2258
f 1888/1790/2255 1882/1793/2258 1889/1792/2257
f 1879/1797/2262 1885/1791/2256 1880/1795/2260
f 1888/1790/2255 1890/1798/2263 1887/1799/2264
f 1876/1800/2265 1877/1788/2253 1888/1790/2255
f 1876/1800/2265 1888/1790/2255 1887/1799/2264
f 1878/1801/2266 1887/1799/2264 1886/1796/2261
f 1899/1809/2274 1900/1802/2267 1891/1804/2269
f 1892/1803/2268 1908/1815/2280 1893/1814/2279
f 1897/1819/2284 1894/1805/2270 1896/1807/2272
f 1904/1810/2275 1909/1816/2281 1902/1811/2276
f 1905/1818/2283 1903/1812/2277 1906/1856/2317
f 1892/1803/2268 1909/1816/2281 1908/1815/2280
f 1904/1810/2275 1903/1812/2277 1905/1818/2283
f 1905/1818/2283 1908/1815/2280 1909/1816/2281
f 1908/1815/2280 1905/1818/2283 1907/1813/2278
f 1891/1804/2269 1893/1814/2279 1897/1819/2284
f 1894/1805/2270 1897/1819/2284 1893/1814/2279
f 1891/1804/2269 1892/1803/2268 1893/1814/2279
f 1896/1807/2272 1899/1809/2274 1897/1819/2284
f 1910/1857/2318 1920/1826/2291 1921/1827/2292
f 1917/1823/2288 1914/1831/2296 1915/1824/2289
f 1912/1822/2287 1920/1826/2291 1919/1829/2294
f 1922/1828/2293 1912/1822/2287 1919/1829/2294
f 1922/1828/2293 1913/1820/2285 1912/1822/2287
f 1918/1830/2295 1916/1825/2290 1922/1828/2293
f 1922/1828/2293 1915/1824/2289 1913/1820/2285
f 1928/1832/2297 1925/1858/2319 1926/1833/2298
o rtread
v 1.507475 1.020438 0.883516
v 1.540783 0.992630 0.884178
v 1.442815 0.965990 0.564131
v 1.333656 1.069689 0.323112
v 1.485374 1.018183 0.571169
v 1.334294 1.069821 0.383393
v 1.488508 1.016333 0.643938
v 1.456090 0.968248 0.648795
v 1.458311 0.948946 0.887291
v 1.506716 0.934940 0.939978
v 1.847275 1.054914 2.129192
v 1.846919 1.075395 2.118491
v 1.968590 0.972573 1.875280
v 1.984030 0.976841 2.235509
v 1.993455 1.024375 1.887358
v 1.874181 1.115286 2.116058
v 1.893599 1.121816 2.124403
v 1.919782 1.126820 2.422045
v 1.875283 1.049742 2.434569
v 2.019777 1.028939 2.232077
v 2.001168 1.052387 1.917160
v 1.934104 1.131075 2.448045
v 1.662527 1.201327 2.223545
v 1.691904 1.243402 2.213458
v 1.706609 1.259355 2.235493
v 1.700477 1.251813 2.306128
v 1.673672 1.190739 2.323467
v 1.665142 1.189651 2.212289
v 1.710024 1.252786 2.203433
v 1.707605 1.223327 2.316470
v 1.852504 1.055968 2.339191
v 1.847449 1.057024 2.123119
v 1.886614 1.125165 2.117424
v 1.921315 1.129045 2.422343
v 1.874781 1.050664 2.431841
v 1.898396 1.113675 2.439269
v 1.904119 1.118095 2.428207
v 1.910233 1.117936 2.438000
v 1.875597 1.067124 2.441062
v 1.871229 1.073249 2.434949
v 1.906043 1.133479 2.398581
v 0.660932 1.200927 -1.355566
v 0.693220 1.204086 -0.869014
v 0.749784 1.303675 -0.764516
v 0.756956 1.263898 -1.074210
v 0.689561 1.327055 -0.764199
v 0.806357 1.297666 0.178263
v 0.757287 1.233485 0.094321
v 0.548963 1.301066 -0.888071
v 0.418280 1.377029 -1.335993
v 0.517950 1.329851 -0.775004
v 0.642847 1.361827 -0.672713
v 0.654795 1.303170 -0.642326
v 0.600434 1.397443 -0.896342
v 0.638175 1.246682 -0.788190
v 0.522636 1.453573 -0.755733
v 0.407754 1.441731 -1.332713
v 0.717494 1.283438 -1.361597
v 0.524423 1.420668 -1.344959
v 0.609201 1.319227 -0.554085
v 0.674929 1.307170 -0.474788
v 0.615627 1.311798 -0.385270
v 0.636449 1.402082 -0.388457
v 0.549709 1.459817 0.001050
v 0.681779 1.368252 -0.046621
v 0.871414 1.354649 0.437149
v 0.781079 1.332417 0.593862
v 1.226887 1.209136 0.644885
v 1.267347 1.194747 0.887921
v 1.161746 1.230691 0.849992
v 1.466556 1.046484 1.016876
v 1.485196 0.986031 1.031309
v 1.502803 0.964302 1.051148
v 1.258044 1.067435 0.922035
v 1.118468 1.184456 0.855813
v 1.104783 1.246165 0.815686
v 0.885079 1.336261 0.351566
v 0.847372 1.272501 0.364859
v 0.707249 1.345653 0.269718
v 0.815824 1.274040 0.644374
v 0.893129 1.287781 0.930017
v 0.885504 1.345580 0.856887
v 0.878375 1.376367 1.064882
v 1.068794 1.262406 1.307488
v 0.904786 1.286553 1.209306
v 0.836098 1.311853 1.068075
v 0.915885 1.261447 1.009297
v 0.941275 1.256117 0.975851
v 1.076783 1.148231 0.723474
v 1.055597 1.149686 0.569933
v 1.057113 1.236797 0.739534
v 1.110085 1.192587 0.714416
v 1.088500 1.194892 0.535957
v 0.926325 1.255697 1.040221
v 0.933623 1.255315 1.087882
v 0.983444 1.268605 1.146430
v 0.988171 1.303000 1.145634
v 0.970099 1.327242 1.114189
v 0.974393 1.320503 1.082028
v 0.973037 1.319447 1.034622
v 0.971348 1.273241 0.972786
v 1.169306 1.196210 1.373354
v 1.134985 1.149793 1.374916
v 1.174752 1.157823 1.831191
v 1.196545 1.200269 1.766532
v 1.088454 1.182683 1.408853
v 0.524933 1.385266 0.032974
v 0.609043 1.313082 -0.216072
v 0.623667 1.313588 -0.046444
v 0.775024 1.227517 0.042354
v 0.770868 1.275144 0.070485
v 0.697621 1.396585 0.112566
v 0.850593 1.210140 -0.148594
v 0.899269 1.280258 -0.155377
v 1.040126 1.174749 -0.088389
v 1.014203 1.220944 -0.131423
v 1.040669 1.132309 0.246000
v 1.030832 1.254956 0.370886
v 1.086181 1.208928 0.230001
v 0.819673 1.300881 0.047096
v 0.633737 1.302735 0.114003
v 0.718236 1.308761 0.027472
v 0.705643 1.308256 -0.138166
v 0.665315 1.377139 -0.219174
v 0.689824 1.307153 -0.304459
v 1.188607 1.106768 0.710279
v 1.311041 1.083665 0.680748
v 1.511154 1.025633 0.881229
v 1.455551 0.943192 0.888694
v 1.513163 0.961289 0.936473
v 1.422007 0.969155 0.539017
v 1.334071 1.071781 0.382526
v 1.472723 1.024183 0.553122
v 1.132818 1.142324 0.528126
v 1.048147 1.230639 0.552611
v 0.982266 1.180286 0.383153
v 1.455691 0.967514 0.649145
v 0.891705 1.318816 1.783465
v 0.944441 1.334661 1.797946
v 0.957924 1.366964 1.798646
v 0.888292 1.289498 1.383289
v 0.929471 1.352797 1.231595
v 1.263438 1.550828 2.090408
v 1.210543 1.500794 2.094936
v 1.216954 1.487973 1.984725
v 1.262207 1.432283 2.000586
v 1.566394 1.278754 2.182477
v 1.318575 1.518754 1.995275
v 1.248556 1.535185 1.980966
v 1.713879 1.259178 2.303895
v 1.581283 1.318187 2.171560
v 1.655327 1.206262 2.355363
v 1.698352 1.261939 2.228184
v 1.658063 1.196528 2.235309
v 1.669902 1.214721 2.318025
v 1.670608 1.182856 2.277289
v 1.787104 1.165571 2.309226
v 1.854572 1.058468 2.455543
v 1.902065 1.119568 2.426140
v 1.862532 1.057314 2.425263
v 1.843305 1.051670 2.141698
v 1.850855 1.072549 2.119162
v 1.672273 1.156085 1.532782
v 1.676589 1.195893 2.204092
v 1.688478 1.199834 2.319295
v 1.713337 1.255205 2.306425
v 1.711864 1.252374 2.204392
v 1.698826 1.238241 2.202592
v 1.698952 1.203185 1.536504
v 1.768555 1.188881 1.625823
v 1.868688 1.121054 2.119173
v 1.912278 1.141669 2.423189
v 1.906110 1.134040 2.397594
v 1.697894 1.252040 1.697714
v 1.644336 1.149460 1.571809
v 1.913237 1.122919 2.436431
v 1.899617 1.113541 2.437209
v 1.876539 1.068455 2.431056
v 1.878799 1.071687 2.440643
v 1.982593 0.986165 2.231246
v 2.013506 1.030910 2.228611
v 1.992834 1.024837 1.889975
v 1.879637 1.111549 2.117567
v 1.847262 1.075258 2.118011
v 1.962849 0.979329 1.890995
v 1.657378 1.166201 1.539632
v 1.705079 1.198798 1.524691
v 1.879817 1.111665 2.117260
v 1.852349 1.071657 2.119312
v 1.698606 1.239031 2.202160
v 1.673160 1.200366 2.206207
vn 0.6182 -0.7787 0.1075
vn 0.9587 0.1495 0.2420
vn 0.6062 0.7414 0.2878
vn 0.7996 -0.4924 -0.3439
vn -0.3123 0.1846 -0.9319
vn -0.8537 0.5207 0.0079
vn -0.7617 0.6460 0.0492
vn 0.6969 -0.6106 -0.3762
vn -0.1986 -0.9770 -0.0772
vn -0.9741 -0.1693 0.1500
vn -0.9072 -0.2071 -0.3663
vn -0.5873 -0.8092 -0.0179
vn -0.7193 -0.6840 -0.1219
vn 0.5557 0.6418 -0.5284
vn -0.1689 0.9036 -0.3936
vn 0.2150 0.9552 -0.2036
vn -0.5320 0.8321 0.1569
vn 0.2482 0.5194 0.8177
vn 0.2733 -0.7610 0.5884
vn -0.0516 -0.9534 0.2974
vn 0.9399 0.2356 0.2471
vn -0.1083 0.3152 0.9428
vn 0.2396 0.3837 0.8918
vn 0.8533 0.3528 0.3838
vn -0.9548 -0.2872 0.0761
vn -0.5768 0.3037 -0.7583
vn -0.6034 0.5151 -0.6087
vn -0.5912 0.6825 -0.4297
vn -0.7361 -0.4442 0.5108
vn 0.8081 -0.0435 0.5874
vn -0.0211 -0.4878 0.8727
vn -0.3010 -0.9535 0.0178
vn -0.2345 -0.9721 0.0007
vn 0.2126 0.9761 0.0455
vn -0.0136 0.8908 0.4543
vn 0.3522 0.9345 -0.0520
vn 0.2173 0.1958 0.9563
vn 0.1787 -0.9820 0.0614
vn 0.9411 0.3381 0.0036
vn -0.2362 0.9117 0.3361
vn -0.5192 -0.8288 0.2086
vn 0.0695 -0.7996 -0.5965
vn -0.3739 -0.9237 0.0832
vn -0.9249 -0.1760 0.3371
vn -0.7111 -0.3944 -0.5821
vn 0.8122 0.5810 -0.0529
vn 0.9357 0.2345 -0.2637
vn 0.2754 0.9611 -0.0188
vn 0.8011 -0.5970 0.0418
vn 0.5946 0.8012 0.0675
vn -0.8512 -0.4187 0.3164
vn 0.2330 0.6833 -0.6920
vn -0.6329 0.5851 -0.5071
vn 0.7286 0.1556 -0.6671
vn 0.9920 -0.1101 -0.0622
vn 0.7757 -0.6308 0.0212
vn 0.0810 -0.9930 -0.0855
vn 0.1739 -0.9847 -0.0112
vn -0.1927 -0.9810 -0.0202
vn 0.8251 -0.5612 -0.0647
vn -0.3394 0.9227 0.1829
vn -0.9458 0.3243 -0.0155
vn -0.0316 0.9984 0.0470
vn -0.7961 -0.0522 0.6029
vn 0.6695 0.5544 -0.4944
vn 0.8604 0.4483 -0.2424
vn 0.2973 0.9540 0.0394
vn 0.7235 0.6644 0.1874
vn -0.7978 -0.1042 0.5939
vn 0.4796 -0.6350 0.6056
vn -0.8448 -0.3862 0.3703
vn 0.2181 0.9729 0.0767
vn -0.5578 0.7577 0.3387
vn 0.4885 0.8724 -0.0185
vn -0.7303 0.1564 0.6650
vn -0.8432 -0.5366 0.0338
vn -0.6724 -0.5993 0.4344
vn -0.6680 -0.7423 0.0515
vn -0.5176 -0.8507 -0.0914
vn -0.5416 -0.8404 -0.0182
vn -0.0988 0.9951 0.0051
vn 0.7687 0.5751 -0.2800
vn 0.1973 0.9334 0.2998
vn 0.8688 0.0983 -0.4854
vn 0.5145 0.8573 -0.0190
vn 0.9437 0.1002 -0.3152
vn 0.5835 -0.5850 0.5634
vn 0.2588 -0.9389 0.2270
vn -0.3489 -0.6352 -0.6890
vn 0.2202 0.2216 -0.9500
vn 0.9910 0.0650 0.1171
vn 0.2309 0.9332 -0.2754
vn -0.5178 -0.8543 0.0449
vn -0.4232 -0.9058 -0.0201
vn 0.7565 -0.1763 -0.6297
vn 0.2171 -0.9449 -0.2452
vn 0.5113 0.8563 -0.0730
vn 0.5935 0.8047 -0.0117
vn 0.5106 -0.6850 0.5197
vn -0.0035 -0.2060 0.9786
vn -0.8639 -0.4388 0.2472
vn 0.5711 0.6619 0.4855
vn -0.5286 -0.8364 0.1445
vn -0.1320 -0.9912 -0.0067
vn 0.6788 -0.5726 -0.4597
vn -0.0386 -0.8379 -0.5445
vn 0.5344 0.4889 -0.6895
vn 0.4690 0.1562 -0.8693
vn 0.3195 0.8821 -0.3461
vn 0.9659 0.2466 0.0783
vn 0.3626 -0.9085 0.2080
vn -0.0611 -0.9754 0.2118
vn -0.3053 0.2670 -0.9141
vn 0.5867 0.7511 -0.3027
vn 0.8230 -0.5621 -0.0823
vn 0.9378 0.3180 -0.1393
vn 0.8287 -0.5539 -0.0811
vn 0.9315 0.3605 -0.0484
vn 0.0115 -0.3029 -0.9530
vn -0.4198 -0.8615 -0.2857
vn 0.6926 0.7213 0.0048
vn -0.6191 -0.7839 0.0475
vn -0.4131 -0.9081 0.0687
vn -0.6847 -0.7270 0.0513
vn -0.8252 0.5512 -0.1232
vn -0.5607 -0.8244 0.0774
vn 0.2320 -0.8861 -0.4013
vn -0.4426 -0.8834 -0.1541
vn -0.7413 -0.3666 0.5622
vn 0.5070 0.6099 0.6091
vn 0.4477 0.8688 0.2117
vn 0.3906 -0.5237 0.7571
vn -0.5667 -0.7703 0.2922
vn -0.9930 -0.0987 0.0645
vn -0.8973 0.0016 0.4415
vn -0.4014 0.9053 -0.1391
vn 0.0747 -0.4763 0.8761
vn 0.4363 0.8965 -0.0772
vn -0.1364 0.9145 0.3810
vn 0.4218 0.7518 0.5069
vn 0.6475 0.3266 -0.6885
vn 0.5633 0.5830 -0.5855
vn 0.4172 -0.1142 -0.9016
vn -0.1655 -0.8551 -0.4914
vn -0.7257 -0.4844 0.4886
vn 0.6816 -0.7246 0.1019
vn 0.1386 0.8740 0.4658
vn -0.0816 -0.4770 0.8751
vn 0.6516 0.4743 0.5920
vn 0.8186 -0.3331 0.4679
vn -0.4626 -0.7164 -0.5223
vn -0.8907 -0.1152 -0.4397
vn -0.8791 0.4766 0.0098
vn -0.4384 0.8915 -0.1138
vn 0.6596 0.5620 0.4991
vn -0.0809 -0.4883 0.8689
vn 0.9563 0.2450 -0.1594
vn 0.8386 -0.2543 -0.4817
vn 0.9122 -0.3970 -0.1015
vn -0.3481 -0.9368 -0.0337
vn -0.6156 -0.7240 0.3112
vn 0.3096 -0.9436 0.1174
vn 0.8225 -0.5676 -0.0367
vn 0.2293 -0.1479 -0.9621
vn 0.2101 -0.1600 -0.9645
vn -0.6371 0.5405 -0.5494
vn -0.6257 0.5515 -0.5516
vn 0.7518 -0.5634 -0.3427
vn -0.3772 0.1517 -0.9136
vn -0.1089 -0.2781 -0.9544
vn -0.8247 0.5655 -0.0109
vn -0.8357 0.5491 -0.0084
vn 0.5406 0.5387 -0.6462
vn -0.5430 0.8094 -0.2237
vn 0.9535 0.2795 0.1126
vn -0.4204 0.8417 0.3389
vn -0.9318 -0.1892 0.3098
vn -0.8049 0.5614 -0.1922
vn -0.3988 -0.7101 0.5803
vn 0.8309 -0.5492 0.0895
vn 0.3769 0.9250 -0.0482
vn -0.6237 -0.7797 0.0552
vn 0.7367 -0.6010 -0.3100
vn -0.7578 0.6522 0.0192
vn -0.9951 -0.0953 0.0275
vn 0.3309 0.7069 -0.6251
vn 0.0009 0.0813 0.9967
vn 0.8212 -0.5695 -0.0362
vn 0.7651 -0.5431 -0.3459
vt 0.085086 0.560747
vt 0.105244 0.571089
vt 0.110299 0.567730
vt 0.176092 0.478411
vt 0.216063 0.401440
vt 0.215186 0.401544
vt 0.165408 0.494748
vt 0.169833 0.452256
vt 0.093558 0.520269
vt 0.153710 0.468329
vt 0.851026 0.735140
vt 0.895443 0.753968
vt 0.853067 0.731826
vt 0.886312 0.769741
vt 0.848486 0.745611
vt 0.847432 0.747655
vt 0.831440 0.731445
vt 0.830880 0.732525
vt 0.835634 0.715747
vt 0.861107 0.734673
vt 0.858654 0.746321
vt 0.810115 0.705777
vt 0.808922 0.712472
vt 0.806064 0.715632
vt 0.812854 0.707941
vt 0.814562 0.709579
vt 0.809035 0.721932
vt 0.809244 0.725597
vt 0.835486 0.715981
vt 0.830583 0.728454
vt 0.833845 0.716727
vt 0.838626 0.718181
vt 0.851245 0.732541
vt 0.830615 0.731827
vt 0.830410 0.731129
vt 0.847013 0.747258
vt 0.307353 0.255713
vt 0.285528 0.302566
vt 0.293776 0.309820
vt 0.298667 0.303646
vt 0.299225 0.291254
vt 0.284308 0.315592
vt 0.303387 0.286727
vt 0.343217 0.237939
vt 0.301697 0.299040
vt 0.314133 0.285554
vt 0.304165 0.295446
vt 0.314551 0.294786
vt 0.303135 0.286982
vt 0.304312 0.304604
vt 0.294894 0.292894
vt 0.302552 0.310958
vt 0.306906 0.301254
vt 0.285864 0.323210
vt 0.286667 0.320011
vt 0.300088 0.292954
vt 0.304880 0.284908
vt 0.308151 0.276275
vt 0.312625 0.262594
vt 0.306371 0.278696
vt 0.346224 0.249340
vt 0.391146 0.202274
vt 0.342190 0.247531
vt 0.340465 0.235537
vt 0.231271 0.361690
vt 0.281379 0.297079
vt 0.324674 0.261295
vt 0.064319 0.600035
vt 0.047796 0.591685
vt 0.051326 0.589717
vt 0.215113 0.225865
vt 0.244234 0.271442
vt 0.263819 0.245249
vt 0.182055 0.411844
vt 0.270469 0.279345
vt 0.368563 0.179884
vt 0.314990 0.237924
vt 0.627797 0.200804
vt 0.489283 0.134085
vt 0.610176 0.114620
vt 0.589408 0.233845
vt 0.454089 0.179886
vt 0.738913 0.415662
vt 0.679233 0.268089
vt 0.645359 0.250587
vt 0.805157 0.519647
vt 0.561921 0.086489
vt 0.230740 0.230131
vt 0.250524 0.261872
vt 0.257450 0.281522
vt 0.243818 0.260792
vt 0.312987 0.221855
vt 0.645478 0.130718
vt 0.682265 0.174419
vt 0.701241 0.245831
vt 0.813168 0.489075
vt 0.628112 0.221052
vt 0.585854 0.181988
vt 0.533689 0.109146
vt 0.791651 0.578265
vt 0.785789 0.471795
vt 0.789678 0.583377
vt 0.324658 0.231943
vt 0.317796 0.250076
vt 0.269835 0.321341
vt 0.284053 0.291531
vt 0.290710 0.309489
vt 0.275916 0.324827
vt 0.305702 0.278976
vt 0.269367 0.320320
vt 0.261692 0.301071
vt 0.273733 0.273026
vt 0.305304 0.261213
vt 0.333705 0.258660
vt 0.316118 0.255424
vt 0.323176 0.263622
vt 0.311526 0.267502
vt 0.317018 0.274945
vt 0.186878 0.410584
vt 0.197410 0.324565
vt 0.111071 0.566667
vt 0.153641 0.468388
vt 0.093352 0.520589
vt 0.174753 0.443524
vt 0.215343 0.402615
vt 0.107315 0.380244
vt 0.240814 0.306031
vt 0.297410 0.258628
vt 0.740477 0.497082
vt 0.738879 0.518010
vt 0.678697 0.336345
vt 0.743877 0.516201
vt 0.697025 0.289277
vt 0.736972 0.638502
vt 0.739750 0.638022
vt 0.732133 0.649894
vt 0.805916 0.703070
vt 0.739122 0.666867
vt 0.735641 0.651935
vt 0.805302 0.715933
vt 0.791470 0.708287
vt 0.806762 0.722342
vt 0.795273 0.702097
vt 0.811984 0.707360
vt 0.749106 0.645032
vt 0.808872 0.706098
vt 0.821716 0.719887
vt 0.832971 0.713717
vt 0.828035 0.730762
vt 0.830501 0.728196
vt 0.885768 0.773758
vt 0.881364 0.766139
vt 0.814070 0.711772
vt 0.854682 0.784316
vt 0.808083 0.717450
vt 0.810613 0.707833
vt 0.847153 0.746069
vt 0.878479 0.794301
vt 0.830602 0.731900
vt 0.849676 0.730073
vt 0.814922 0.705691
vt 0.834437 0.715578
vt 0.858950 0.746527
vt 0.894511 0.752599
vt 0.892614 0.767150
vt 0.848695 0.745763
vt 0.851237 0.735238
vt 0.847537 0.745359
vt 0.884786 0.773512
vt 0.880834 0.797294
vt 0.810803 0.721514
vt 0.813881 0.712180
vt 0.892593 0.767125
vt 0.806904 0.723163
vt 0.830564 0.728544
vt 0.834451 0.716266
vt 0.833997 0.717168
vt 0.831005 0.726683
vt 0.301827 0.251869
vt 0.083671 0.567985
vt 0.181209 0.471396
vt 0.720046 0.379210
vt 0.850312 0.734379
vt 0.810781 0.721474
vt 0.809191 0.725559
vt 0.882340 0.798252
vt 0.830705 0.728882
vt 0.831025 0.726930
vt 0.833466 0.717847
vt 0.861412 0.734989
vt 0.850222 0.734853
s 1
usemtl treads
f 1940/1859/2320 1932/1860/2321 1931/1861/2322
f 1935/1862/2323 1932/1860/2321 1940/1859/2320
f 1934/1863/2324 1936/1864/2325 1935/1862/2323
f 1931/1861/2322 1935/1862/2323 1937/1865/2326
f 1936/1864/2325 1934/1863/2324 1933/1866/2327
f 1940/1859/2320 1939/1867/2328 1938/1868/2329
f 1942/1869/2330 1943/1870/2331 1941/1871/2332
f 1951/1872/2333 1946/1873/2334 1947/1874/2335
f 1948/1875/2336 1952/1876/2337 1947/1874/2335
f 1941/1871/2332 1943/1870/2331 1949/1877/2338
f 1952/1876/2337 1949/1877/2338 1944/1878/2339
f 1950/1879/2340 1951/1872/2333 1952/1876/2337
f 1957/1880/2341 1960/1881/2342 1956/1882/2343
f 1957/1880/2344 1953/1883/2344 1958/1884/2344
f 1958/1884/2345 1954/1885/2346 1959/1886/2347
f 1965/1887/2348 1968/1888/2349 1969/1889/2350
f 1965/1887/2348 1961/1890/2351 1962/1891/2352
f 1971/1892/2353 1964/1893/2354 1963/1894/2355
f 1977/1895/2356 1973/1896/2357 1974/1897/2358
f 1976/1898/2359 1977/1895/2356 1974/1897/2358
f 1973/1896/2357 1979/1899/2360 1972/1900/2361
f 1981/1901/2362 2037/1902/2363 1980/1903/2364
f 1993/1904/2365 1982/1905/2366 1986/1906/2367
f 1993/1904/2365 1991/1907/2368 1982/1905/2366
f 1984/1908/2369 1986/1906/2367 1982/1905/2366
f 1984/1908/2369 1982/1905/2366 1979/1899/2360
f 1977/1895/2356 1976/1898/2359 1985/1909/2370
f 1976/1898/2359 1984/1908/2369 1979/1899/2360
f 1986/1906/2367 1989/1910/2371 1987/1911/2372
f 1989/1910/2371 1974/1897/2358 1988/1912/2373
f 1972/1900/2361 1988/1912/2373 1975/1913/2374
f 1972/1900/2361 1975/1913/2374 1973/1896/2357
f 1981/1901/2362 1983/1914/2375 1990/1915/2376
f 1992/1916/2377 1981/1901/2362 1990/1915/2376
f 1992/1916/2377 1990/1915/2376 1991/1907/2368
f 2038/1917/2378 1992/1916/2377 2055/1918/2379
f 1994/1919/2380 1993/1904/2365 1986/1906/2367
f 1997/1920/2381 1996/1921/2382 2009/1922/2383
f 1998/1923/2384 2048/1924/2385 2007/1925/2386
f 2001/1926/2387 2002/1927/2388 2003/1928/2389
f 2005/1929/2390 2000/1930/2391 2006/1931/2392
f 2000/1930/2391 1999/1932/2393 2006/1931/2392
f 2006/1931/2392 1998/1923/2384 2065/1933/2394
f 2010/1934/2395 1997/1920/2381 2008/1935/2396
f 2010/1934/2395 2016/1936/2397 1997/1920/2381
f 2011/1937/2398 2017/1938/2399 2016/1936/2397
f 2013/1939/2400 2012/1940/2401 1996/1921/2382
f 2014/1941/2402 2027/1942/2403 2028/1943/2404
f 2027/1942/2403 2014/1941/2402 2032/1944/2405
f 2018/1945/2406 2017/1938/2399 2019/1946/2407
f 2019/1946/2407 2011/1937/2398 2020/1947/2408
f 2023/1948/2409 2022/1949/2410 2019/1946/2407
f 2021/1950/2411 2020/1947/2408 2011/1937/2398
f 2021/1950/2411 2022/1949/2410 2023/1948/2409
f 2023/1948/2409 2020/1947/2408 2021/1950/2411
f 2024/1951/2412 2016/1936/2397 2017/1938/2399
f 2016/1936/2397 2024/1951/2412 2025/1952/2413
f 2026/1953/2414 2032/1944/2405 2033/1954/2415
f 2029/1955/2416 2013/1939/2400 2028/1943/2404
f 2030/1956/2417 2013/1939/2400 2029/1955/2416
f 2031/1957/2418 2022/1949/2410 2030/1956/2417
f 2030/1956/2417 2021/1950/2411 2013/1939/2400
f 2032/1944/2405 2034/1958/2419 2033/1954/2415
f 2036/1959/2420 2034/1958/2419 2035/1960/2421
f 2026/1953/2414 2033/1954/2415 2025/1952/2413
f 2051/1961/2422 2009/1922/2383 2037/1902/2363
f 2009/1922/2383 1994/1919/2380 2037/1902/2363
f 2039/1962/2423 2051/1961/2422 2037/1902/2363
f 2045/1963/2424 2043/1964/2425 2044/1965/2426
f 2046/1966/2427 2050/1967/2428 2049/1968/2429
f 2047/1969/2430 2049/1968/2429 2066/1970/2431
f 2066/1970/2431 2049/1968/2429 2048/1924/2385
f 2045/1963/2424 2049/1968/2429 2047/1969/2430
f 2049/1968/2429 2050/1967/2428 2048/1924/2385
f 2050/1967/2428 2041/1971/2432 2042/1972/2433
f 2051/1961/2422 2052/1973/2434 2042/1972/2433
f 2051/1961/2422 2039/1962/2423 2052/1973/2434
f 2042/1972/2433 2052/1973/2434 1995/1974/2435
f 2039/1962/2423 2053/1975/2436 1995/1974/2435
f 1994/1919/2380 2054/1976/2437 1993/1904/2365
f 1993/1904/2365 2054/1976/2437 2055/1918/2379
f 2038/1917/2378 2055/1918/2379 2054/1976/2437
f 2057/1977/2438 2056/1978/2439 1998/1923/2384
f 2001/1926/2387 2003/1928/2389 2058/1979/2440
f 2057/1977/2438 2067/1980/2441 2059/1981/2442
f 2057/1977/2438 2061/1982/2443 2067/1980/2441
f 2062/1983/2444 2061/1982/2443 2057/1977/2438
f 2062/1983/2444 2057/1977/2438 2058/1979/2440
f 2057/1977/2438 2059/1981/2442 2056/1978/2439
f 2059/1981/2442 2004/1984/2445 2056/1978/2439
f 2064/1985/2446 2005/1929/2390 2065/1933/2394
f 2064/1985/2446 2065/1933/2394 2008/1935/2396
f 2043/1964/2425 2045/1963/2424 2047/1969/2430
f 2051/1961/2422 2040/1986/2447 2066/1970/2431
f 2009/1922/2383 2051/1961/2422 2008/1935/2396
f 2008/1935/2396 2051/1961/2422 2066/1970/2431
f 1999/1932/2393 2058/1979/2440 1998/1923/2384
f 2058/1979/2440 2057/1977/2438 1998/1923/2384
f 2068/1987/2448 2013/1939/2400 1997/1920/2381
f 2070/1988/2449 2072/1989/2450 2013/1939/2400
f 2070/1988/2449 2069/1990/2451 2072/1989/2450
f 2016/1936/2397 2068/1987/2448 1997/1920/2381
f 2015/1991/2452 2014/1941/2402 2072/1989/2450
f 2072/1989/2450 2014/1941/2402 2013/1939/2400
f 2075/1992/2453 2074/1993/2454 2079/1994/2455
f 2082/1995/2456 2074/1993/2454 2075/1992/2453
f 2078/1996/2457 2073/1997/2458 2080/1998/2459
f 2080/1998/2459 2081/1999/2460 2078/1996/2457
f 2080/1998/2459 2083/2000/2461 2081/1999/2460
f 2077/2001/2462 2081/1999/2460 2084/2002/2463
f 2084/2002/2463 2082/1995/2456 2076/2003/2464
f 2081/1999/2460 2083/2000/2461 2084/2002/2463
f 2085/2004/2465 2080/1998/2459 2082/1995/2456
f 2082/1995/2456 2073/1997/2458 2074/1993/2454
f 2087/2005/2466 2088/2006/2467 2102/2007/2468
f 2089/2008/2469 2102/2007/2468 2088/2006/2467
f 2093/2009/2470 2105/2010/2471 2094/2011/2472
f 2087/2005/2466 2104/2012/2473 2096/2013/2474
f 2087/2005/2466 2096/2013/2474 2095/2014/2475
f 2102/2007/2468 2101/2015/2476 2100/2016/2477
f 2102/2007/2468 2103/2017/2478 2101/2015/2476
f 2091/2018/2479 2086/2019/2480 2105/2010/2471
f 2090/2020/2481 2089/2008/2469 2088/2006/2467
f 2105/2010/2471 2093/2009/2470 2091/2018/2479
f 2111/2021/2482 2115/2022/2483 2112/2023/2484
f 2113/2024/2485 2115/2022/2483 2114/2025/2486
f 2118/2026/2487 2116/2027/2488 2117/2028/2489
f 2120/2029/2490 2117/2028/2489 2116/2027/2488
f 2120/2029/2490 2116/2027/2488 2121/2030/2491
f 1933/1866/2327 1935/1862/2323 1940/1859/2320
f 1934/1863/2324 1935/1862/2323 1933/1866/2327
f 1931/1861/2322 1932/1860/2321 1935/1862/2323
f 1933/1866/2327 1940/1859/2320 1938/1868/2329
f 1951/1872/2333 1950/1879/2340 1945/2031/2492
f 1951/1872/2333 1945/2031/2492 1946/1873/2334
f 1949/1877/2338 1943/1870/2331 1944/1878/2339
f 1948/1875/2336 1949/1877/2338 1952/1876/2337
f 1944/1878/2339 1950/1879/2340 1952/1876/2337
f 1947/1874/2335 1952/1876/2337 1951/1872/2333
f 1955/2032/2493 1959/1886/2347 1954/1885/2346
f 1955/2032/2494 1956/1882/2343 1960/1881/2342
f 1967/2033/2495 1968/1888/2349 1964/1893/2354
f 1965/1887/2348 1964/1893/2354 1968/1888/2349
f 1965/1887/2348 1969/1889/2350 1970/2034/2496
f 1967/2033/2497 1970/2035/2497 1966/2036/2497
f 1964/1893/2354 1971/1892/2353 1967/2033/2495
f 1970/2034/2496 1961/1890/2351 1965/1887/2348
f 1973/1896/2357 1975/1913/2374 1974/1897/2358
f 1973/1896/2357 1977/1895/2356 1978/2037/2498
f 1973/1896/2357 1978/2037/2498 1985/1909/2370
f 1979/1899/2360 1982/1905/2366 1981/1901/2362
f 1980/1903/2364 2037/1902/2363 1987/1911/2372
f 1987/1911/2372 1994/1919/2380 1986/1906/2367
f 1990/1915/2376 1982/1905/2366 1991/1907/2368
f 1982/1905/2366 1990/1915/2376 1983/1914/2375
f 1981/1901/2362 1982/1905/2366 1983/1914/2375
f 1979/1899/2360 1985/1909/2370 1976/1898/2359
f 1979/1899/2360 1973/1896/2357 1985/1909/2370
f 1978/2037/2498 1977/1895/2356 1985/1909/2370
f 1984/1908/2369 1976/1898/2359 1974/1897/2358
f 1984/1908/2369 1989/1910/2371 1986/1906/2367
f 1980/1903/2364 1979/1899/2360 1981/1901/2362
f 1989/1910/2371 1984/1908/2369 1974/1897/2358
f 1975/1913/2374 1988/1912/2373 1974/1897/2358
f 1972/1900/2361 1980/1903/2364 1988/1912/2373
f 1987/1911/2372 1989/1910/2371 1980/1903/2364
f 1989/1910/2371 1988/1912/2373 1980/1903/2364
f 1972/1900/2361 1979/1899/2360 1980/1903/2364
f 1981/1901/2362 1992/1916/2377 2037/1902/2363
f 1992/1916/2377 1993/1904/2365 2055/1918/2379
f 1993/1904/2365 1992/1916/2377 1991/1907/2368
f 1995/1974/2435 1994/1919/2380 2042/1972/2433
f 1996/1921/2382 2007/1925/2386 2042/1972/2433
f 1996/1921/2382 2042/1972/2433 1994/1919/2380
f 1997/1920/2381 2013/1939/2400 1996/1921/2382
f 2050/1967/2428 2042/1972/2433 2007/1925/2386
f 2007/1925/2386 2048/1924/2385 2050/1967/2428
f 2006/1931/2392 1999/1932/2393 1998/1923/2384
f 2007/1925/2386 2008/1935/2396 2065/1933/2394
f 2065/1933/2394 1998/1923/2384 2007/1925/2386
f 1997/1920/2381 2009/1922/2383 2008/1935/2396
f 2010/1934/2395 2011/1937/2398 2016/1936/2397
f 2011/1937/2398 2012/1940/2401 2021/1950/2411
f 2012/1940/2401 2013/1939/2400 2021/1950/2411
f 2015/1991/2452 2036/1959/2420 2014/1941/2402
f 2015/1991/2452 2016/1936/2397 2036/1959/2420
f 2025/1952/2413 2036/1959/2420 2016/1936/2397
f 2019/1946/2407 2017/1938/2399 2011/1937/2398
f 2020/1947/2408 2023/1948/2409 2019/1946/2407
f 2031/1957/2418 2018/1945/2406 2019/1946/2407
f 2026/1953/2414 2027/1942/2403 2032/1944/2405
f 2031/1957/2418 2019/1946/2407 2022/1949/2410
f 2013/1939/2400 2014/1941/2402 2028/1943/2404
f 2030/1956/2417 2022/1949/2410 2021/1950/2411
f 2014/1941/2402 2035/1960/2421 2032/1944/2405
f 2035/1960/2421 2034/1958/2419 2032/1944/2405
f 2014/1941/2402 2036/1959/2420 2035/1960/2421
f 2033/1954/2415 2034/1958/2419 2036/1959/2420
f 2025/1952/2413 2033/1954/2415 2036/1959/2420
f 2009/1922/2383 1996/1921/2382 1994/1919/2380
f 1987/1911/2372 2037/1902/2363 1994/1919/2380
f 1992/1916/2377 2038/1917/2378 2037/1902/2363
f 2039/1962/2423 2038/1917/2378 2053/1975/2436
f 2038/1917/2378 2039/1962/2423 2037/1902/2363
f 2041/1971/2432 2040/1986/2447 2051/1961/2422
f 2044/1965/2426 2046/1966/2427 2045/1963/2424
f 2046/1966/2427 2044/1965/2426 2050/1967/2428
f 2045/1963/2424 2046/1966/2427 2049/1968/2429
f 2042/1972/2433 2041/1971/2432 2051/1961/2422
f 1994/1919/2380 1995/1974/2435 2054/1976/2437
f 2054/1976/2437 1995/1974/2435 2053/1975/2436
f 2039/1962/2423 1995/1974/2435 2052/1973/2434
f 2038/1917/2378 2054/1976/2437 2053/1975/2436
f 1998/1923/2384 2064/1985/2446 2048/1924/2385
f 2064/1985/2446 1998/1923/2384 2056/1978/2439
f 1999/1932/2393 2001/1926/2387 2058/1979/2440
f 2059/1981/2442 2003/1928/2389 2004/1984/2445
f 2060/2038/2499 2003/1928/2389 2059/1981/2442
f 2063/2039/2500 2062/1983/2444 2058/1979/2440
f 2064/1985/2446 2056/1978/2439 2005/1929/2390
f 2048/1924/2385 2064/1985/2446 2066/1970/2431
f 2047/1969/2430 2066/1970/2431 2040/1986/2447
f 2040/1986/2447 2043/1964/2425 2047/1969/2430
f 2066/1970/2431 2064/1985/2446 2008/1935/2396
f 2065/1933/2394 2005/1929/2390 2006/1931/2392
f 2056/1978/2439 2004/1984/2445 2005/1929/2390
f 2058/1979/2440 2003/1928/2389 2060/2038/2499
f 2068/1987/2448 2070/1988/2449 2013/1939/2400
f 2069/1990/2451 2070/1988/2449 2068/1987/2448
f 2071/2040/2501 2069/1990/2451 2068/1987/2448
f 2016/1936/2397 2071/2040/2501 2068/1987/2448
f 2015/1991/2452 2071/2040/2501 2016/1936/2397
f 2073/1997/2458 2078/1996/2457 2079/1994/2455
f 2074/1993/2454 2073/1997/2458 2079/1994/2455
f 2076/2003/2464 2082/1995/2456 2075/1992/2453
f 2077/2001/2462 2084/2002/2463 2076/2003/2464
f 2082/1995/2456 2084/2002/2463 2085/2004/2465
f 2073/1997/2458 2082/1995/2456 2080/1998/2459
f 2095/2014/2475 2086/2019/2480 2087/2005/2466
f 2091/2018/2479 2093/2009/2470 2092/2041/2502
f 2098/2042/2503 2097/2043/2504 2104/2012/2473
f 2104/2012/2473 2099/2044/2505 2098/2042/2503
f 2101/2015/2476 2099/2044/2505 2100/2016/2477
f 2089/2008/2469 2103/2017/2478 2102/2007/2468
f 2087/2005/2466 2102/2007/2468 2104/2012/2473
f 2096/2013/2474 2104/2012/2473 2097/2043/2504
f 2104/2012/2473 2102/2007/2468 2100/2016/2477
f 2100/2016/2477 2099/2044/2505 2104/2012/2473
f 2091/2018/2479 2088/2006/2467 2086/2019/2480
f 2088/2006/2467 2091/2018/2479 2090/2020/2481
f 2087/2005/2466 2086/2019/2480 2088/2006/2467
f 2094/2011/2472 2105/2010/2471 2086/2019/2480
f 2106/2045/2506 2107/2046/2506 2109/2047/2506
f 2111/2021/2482 2110/2048/2507 2115/2022/2483
f 2113/2024/2485 2112/2023/2484 2115/2022/2483
f 2118/2026/2487 2119/2049/2508 2116/2027/2488
o turret
v -0.353902 1.897881 -0.568181
v -0.355759 1.900496 -1.736039
v 0.373634 1.847647 -0.563181
v 0.384369 1.848460 -1.741454
v 0.109146 1.849575 -2.593667
v -0.109064 1.847276 -2.593658
v -0.354505 1.799231 -0.569775
v -0.090529 1.849079 -0.109740
v 0.090501 1.847779 -0.109730
v -0.354997 1.796305 -1.740892
v -0.826053 1.416725 -0.585928
v 0.898131 1.417732 0.154337
v 0.813436 1.413401 -0.606839
v 0.308897 1.415388 -2.709640
v 0.305172 1.418537 -3.331289
v 0.308196 1.625472 -2.712808
v -0.305680 1.418956 -3.330732
v -0.308197 1.415359 -2.712805
v -0.739969 1.415389 -1.741103
v -0.897599 1.417768 0.155290
v -0.300557 1.419261 0.545679
v -0.300051 1.622351 0.545778
v -0.898130 1.623099 0.154338
v -0.308896 1.625443 -2.709643
v -0.305162 1.622296 -3.331292
v -0.739220 1.625468 -1.744378
v -0.813414 1.627438 -0.606871
v 0.826053 1.624105 -0.585928
v 0.739969 1.625442 -1.741101
v 0.305697 1.621867 -3.330728
v 0.897599 1.623062 0.155290
v 0.300557 1.621569 0.545679
v 0.300051 1.418480 0.545778
v -0.293257 1.621541 1.396605
v 0.292680 1.621747 1.397452
v 0.293160 1.419255 1.396635
v -0.292738 1.419103 1.397431
v 0.739220 1.415362 -1.744379
v -0.288063 1.647539 -3.313719
v -0.245382 1.643697 -3.313719
v -0.285611 1.615600 -3.092424
v -0.252084 1.676773 -3.108106
v -0.245553 1.614910 -3.093871
v -0.266811 1.617396 -3.123964
v -0.273183 1.682182 -3.313719
v -0.219674 1.680863 -3.306178
v -0.199098 1.695205 -3.306178
v -0.212997 1.617517 -2.930989
v -0.212580 1.617519 -2.904763
v -0.192111 1.617609 -2.907362
v -0.200098 1.663457 -2.941960
v -0.220267 1.682407 -2.930945
v -0.192551 1.685325 -2.940889
v -0.201494 1.666373 -3.306178
v -0.202983 1.701425 -3.306178
v -0.174042 1.663918 -3.306179
v -0.154872 1.624643 -2.903219
v -0.212437 1.629981 -2.890688
v -0.157743 1.699081 -2.942392
v -0.182782 1.631191 -2.929059
v -0.159396 1.699224 -3.306178
v 0.266460 1.683459 -3.313719
v 0.246737 1.645218 -3.313719
v 0.283586 1.639768 -3.313719
v 0.293517 1.620957 -3.089067
v 0.256174 1.617893 -3.123526
v 0.254798 1.674988 -3.103627
v 0.246370 1.614859 -3.091398
v 0.215723 1.691926 -3.306178
v 0.193420 1.688958 -3.306178
v 0.197136 1.621356 -2.923656
v 0.212578 1.617519 -2.904763
v 0.192112 1.617609 -2.907364
v 0.190307 1.677787 -2.939113
v 0.216462 1.685951 -2.925494
v 0.205407 1.664745 -3.306178
v 0.186699 1.712191 -3.306178
v 0.156442 1.679900 -3.306178
v 0.198946 1.671050 -3.306178
v 0.203088 1.698802 -2.942054
v 0.201597 1.624735 -2.894280
v 0.162049 1.624662 -2.895093
v 0.178788 1.629971 -2.928590
v 0.159443 1.696772 -2.940098
v -0.558803 1.432986 -2.438237
v -0.280314 1.703733 -2.558507
v -0.215619 1.370165 -3.947246
v -0.206308 1.155796 -2.574975
v 0.257400 1.134557 -2.569281
v 0.558767 1.432957 -2.438226
v 0.199524 1.641618 -2.570951
v 0.216174 1.372398 -3.947321
v -0.653385 1.472478 -1.793079
v 0.370448 1.520415 -3.384569
v 0.653497 1.568115 -1.792990
v -0.653664 1.568353 -1.793416
v 0.653782 1.472716 -1.793335
v -0.370449 1.520415 -3.384569
v -0.239295 1.902501 -1.918618
v -0.165564 1.902502 -2.154521
v -0.152200 1.902502 -1.918249
v -0.195774 1.902503 -1.092564
v -0.239351 1.904184 -1.343964
v -0.152199 1.900822 -1.343964
v -0.239351 1.900822 -1.383994
v -0.195775 1.902503 -1.635395
v -0.152199 1.904184 -1.383994
v -0.098329 1.862546 -1.864660
v -0.242269 1.888694 -1.864661
v -0.098850 1.955721 -1.864660
v -0.098329 1.862545 -1.770462
v -0.242270 1.888694 -1.770462
v -0.098850 1.955721 -1.770462
v -0.098329 1.862546 -1.676263
v -0.242270 1.888694 -1.676263
v -0.098850 1.955721 -1.676263
v 0.098329 1.862545 -1.864659
v 0.242269 1.888695 -1.864660
v 0.098850 1.955721 -1.864660
v 0.098329 1.862545 -1.770462
v 0.242270 1.888694 -1.770461
v 0.098850 1.955721 -1.770462
v 0.098329 1.862546 -1.676263
v 0.242270 1.888694 -1.676265
v 0.098850 1.955721 -1.676263
v 0.239351 1.900822 -1.112370
v 0.195775 1.902503 -1.363771
v 0.152199 1.904184 -1.112370
v 0.239350 1.900822 -1.383994
v 0.195775 1.902503 -1.635395
v 0.152199 1.904184 -1.383994
v 0.509004 1.580781 -2.363971
v 0.497888 1.580781 -2.491982
v 0.436714 1.580781 -2.491193
v 0.341743 1.580781 -3.225610
v 0.330819 1.580781 -3.047028
v 0.390497 1.580781 -3.047301
v 0.420632 1.594149 -2.689958
v 0.314091 1.567793 -2.790493
v 0.432924 1.580781 -2.829673
v 0.465440 1.580781 -2.660651
v 0.460243 1.580781 -2.522316
v 0.360110 1.580781 -2.659862
v 0.333926 1.580781 -2.877856
v 0.363292 1.580781 -3.015113
v 0.423042 1.580781 -2.878128
v 0.370061 1.621449 -2.119192
v 0.512169 1.621449 -2.119699
v 0.389968 1.621449 -2.328629
v 0.110675 1.589743 -2.291827
v 0.239279 1.591160 -2.291827
v 0.131641 1.731408 -2.291827
v 0.110675 1.589743 -2.417425
v 0.239279 1.591160 -2.417425
v 0.131641 1.731407 -2.417425
v 0.110675 1.589743 -2.543022
v 0.239279 1.591159 -2.543021
v 0.131640 1.731408 -2.543021
v 0.110675 1.589743 -2.668620
v 0.239279 1.591160 -2.668621
v 0.131641 1.731408 -2.668621
v 0.110675 1.589743 -2.794218
v 0.239278 1.591160 -2.794218
v 0.131641 1.731407 -2.794218
v 0.036074 1.821282 -3.523589
v 0.154065 1.783262 -3.521300
v 0.036074 1.745242 -3.519006
v 0.036075 1.821282 -3.445096
v 0.154064 1.783262 -3.442802
v 0.036075 1.745242 -3.440513
v 0.036075 1.821281 -3.366595
v 0.154065 1.783262 -3.364303
v 0.036075 1.745242 -3.362012
v 0.237360 1.588601 -3.316433
v 0.475866 1.550042 -3.471221
v 0.346871 1.615847 -3.471874
v 0.353352 1.557557 -3.329475
v 0.339092 1.615367 -3.640292
v 0.467465 1.550060 -3.640741
v 0.264393 1.544655 -4.046135
v 0.172652 1.605883 -4.076875
v 0.280184 1.538341 -4.049380
v 0.488049 1.495289 -3.620311
v 0.279812 1.452237 -4.049200
v 0.490074 1.482233 -3.608679
v 0.507367 1.558951 -3.527093
v 0.498305 1.452236 -3.493121
v 0.337366 1.626268 -3.541812
v 0.481789 1.544368 -3.495665
v 0.510246 1.548557 -3.556463
v 0.369659 1.604677 -2.035194
v 0.561125 1.636736 -1.890408
v 0.527811 1.621450 -2.086915
v 0.239295 1.902501 -1.918619
v 0.165563 1.902501 -2.154523
v 0.152200 1.902501 -1.918250
v 0.110675 1.589743 -2.166230
v 0.239279 1.591160 -2.166230
v 0.131641 1.731407 -2.166230
v 0.016206 1.872251 -1.197577
v -0.016206 1.872251 -1.197577
v -0.099864 1.878425 -1.149673
v -0.116069 1.882012 -1.121835
v -0.000001 1.818065 -1.064897
v -0.116069 1.894358 -1.026027
v -0.099864 1.897946 -0.998188
v -0.016206 1.904119 -0.950285
v 0.016206 1.904119 -0.950285
v 0.099863 1.897946 -0.998188
v 0.116069 1.894358 -1.026027
v 0.116069 1.882012 -1.121835
v 0.116069 1.894358 -1.026027
v 0.099863 1.897946 -0.998188
v 0.116069 1.882012 -1.121835
v 0.099863 1.878425 -1.149673
v 0.016206 1.872251 -1.197577
v 0.099863 1.878425 -1.149673
v -0.016206 1.872251 -1.197577
v -0.099864 1.878425 -1.149673
v -0.000000 1.958305 -1.082963
v -0.116069 1.882012 -1.121835
v -0.116069 1.894358 -1.026027
v -0.099864 1.897946 -0.998188
v -0.016206 1.904119 -0.950285
v 0.016206 1.904119 -0.950285
v 0.746548 1.568303 -0.772259
v 0.733766 1.552202 -0.926468
v 0.713004 1.513898 -0.794688
v 0.746548 1.536101 -1.335509
v 0.713004 1.590506 -1.313080
v 0.733766 1.552202 -1.181298
v 0.746548 1.536101 -1.197530
v 0.713004 1.590506 -1.175101
v 0.733766 1.552202 -1.043320
v 0.746548 1.536101 -1.059552
v 0.713004 1.590506 -1.037123
v 0.733766 1.552202 -0.905341
v -0.110675 1.589743 -2.166230
v -0.239278 1.591160 -2.166230
v -0.131641 1.731407 -2.166230
v -0.110675 1.589743 -2.291827
v -0.239279 1.591160 -2.291827
v -0.131641 1.731408 -2.291827
v -0.110675 1.589743 -2.417425
v -0.239278 1.591160 -2.417425
v -0.131641 1.731407 -2.417425
v -0.110675 1.589743 -2.543021
v -0.239279 1.591159 -2.543020
v -0.131641 1.731408 -2.543021
v -0.110675 1.589743 -2.668620
v -0.239278 1.591160 -2.668620
v -0.131641 1.731407 -2.668620
v -0.110675 1.589743 -2.794218
v -0.239278 1.591160 -2.794218
v -0.131641 1.731407 -2.794218
v -0.336999 1.374285 -3.556529
v -0.509619 1.451787 -3.541810
v -0.365342 1.369910 -3.495619
v -0.475867 1.550042 -3.471221
v -0.346871 1.615847 -3.471874
v -0.237337 1.588516 -3.316458
v -0.353352 1.557557 -3.329475
v -0.339092 1.375213 -3.640292
v -0.467465 1.440519 -3.640741
v -0.172757 1.384581 -4.076531
v -0.264469 1.445984 -4.045987
v -0.339093 1.615366 -3.640292
v -0.172727 1.605982 -4.076912
v -0.264394 1.544654 -4.046134
v -0.467465 1.550060 -3.640742
v -0.279292 1.482293 -4.069470
v -0.488050 1.495289 -3.620309
v -0.274246 1.535797 -4.043672
v -0.507368 1.431627 -3.556528
v -0.490075 1.508346 -3.474943
v -0.498305 1.538341 -3.590501
v -0.487418 1.549832 -3.590501
v -0.487605 1.550201 -3.493121
v -0.337369 1.626269 -3.541812
v -0.036075 1.821282 -3.523588
v -0.154065 1.783261 -3.521299
v -0.036074 1.745242 -3.519006
v -0.036075 1.821282 -3.445095
v -0.154067 1.783262 -3.442805
v -0.036075 1.745242 -3.440513
v -0.036075 1.821282 -3.366591
v -0.154065 1.783261 -3.364302
v -0.036074 1.745242 -3.362010
v -0.188620 1.726772 -4.186981
v -0.314718 1.818792 -3.767096
v -0.271013 1.818792 -3.442903
v 0.342963 1.689930 -3.783556
v 0.302658 1.650477 -3.931953
v 0.323490 1.423093 -3.855255
v 0.201827 1.539467 -4.303196
v 0.245682 1.490302 -4.141730
v 0.245649 1.607297 -4.141849
v 0.246375 1.547813 -4.139171
v 0.294307 1.648613 -3.962702
v 0.294339 1.468786 -3.962584
v 0.340438 1.610168 -3.527093
v 0.337962 1.532601 -3.745068
v 0.342912 1.687735 -3.745068
v 0.342913 1.532601 -3.350752
v 0.340437 1.610168 -3.568728
v 0.337963 1.687735 -3.350752
v 0.188620 1.726772 -4.186981
v 0.314718 1.818792 -3.767096
v 0.271013 1.818792 -3.442903
v -0.342965 1.689930 -3.783556
v -0.302658 1.650476 -3.931953
v -0.323489 1.423095 -3.855256
v -0.201827 1.539467 -4.303197
v -0.245681 1.490303 -4.141730
v -0.245649 1.607298 -4.141849
v -0.246375 1.547812 -4.139172
v -0.294307 1.648613 -3.962702
v -0.294339 1.468786 -3.962584
v -0.340438 1.610168 -3.527093
v -0.337964 1.532601 -3.745068
v -0.342914 1.687734 -3.745069
v -0.509004 1.580781 -2.363971
v -0.497888 1.580781 -2.491982
v -0.436714 1.580781 -2.491193
v -0.341743 1.580781 -3.225610
v -0.330818 1.580781 -3.047029
v -0.390497 1.580781 -3.047301
v -0.420629 1.594148 -2.689958
v -0.432924 1.580781 -2.829673
v -0.314092 1.567794 -2.790494
v -0.465439 1.580781 -2.660652
v -0.460244 1.580781 -2.522318
v -0.360109 1.580781 -2.659862
v -0.333926 1.580781 -2.877856
v -0.363290 1.580781 -3.015114
v -0.423042 1.580781 -2.878129
v -0.370061 1.621449 -2.119192
v -0.512169 1.621449 -2.119699
v -0.389968 1.621449 -2.328629
v -0.369659 1.604677 -2.035197
v -0.561123 1.636736 -1.890407
v -0.527811 1.621450 -2.086915
v -0.164012 1.686821 -4.189403
v -0.368108 1.821945 -3.356350
v -0.187306 1.677813 -4.223461
v -0.193692 1.612405 -4.400887
v -0.172382 1.676829 -4.270378
v -0.133474 1.527972 -4.555510
v 0.172382 1.676829 -4.270378
v -0.279666 1.518881 -4.253348
v 0.279058 1.518385 -4.250711
v 0.134565 1.528160 -4.554497
v 0.164012 1.686821 -4.189403
v 0.187306 1.677813 -4.223462
v 0.185237 1.607825 -4.424650
v 0.366790 1.824955 -3.361686
v -0.370761 1.300340 -3.346425
v 0.372927 1.302862 -3.356550
v 0.160785 1.411789 -4.268426
v -0.160721 1.414847 -4.283237
v -0.237362 1.401977 -3.316432
v -0.346872 1.374731 -3.471874
v -0.475866 1.440536 -3.471221
v -0.353352 1.433021 -3.329475
v -0.603867 1.535381 -1.331160
v -0.802833 1.506110 -1.345025
v -0.800071 1.506110 -1.800835
v -0.599660 1.506110 -2.038576
v -0.604006 1.468113 -1.349419
v 0.346872 1.374731 -3.471874
v 0.237339 1.402064 -3.316456
v 0.353352 1.433021 -3.329475
v 0.475866 1.440536 -3.471221
v 0.339092 1.375213 -3.640292
v 0.172730 1.384597 -4.076911
v 0.264394 1.445924 -4.046135
v 0.467465 1.440519 -3.640741
v 0.487605 1.440377 -3.590502
v 0.337369 1.364310 -3.541811
v 0.487418 1.440746 -3.493121
v 0.603876 1.535783 -1.331447
v 0.800674 1.514056 -1.343635
v 0.599626 1.506368 -2.038635
v 0.801084 1.498668 -1.798857
v 0.604006 1.468115 -1.349412
v 0.087837 1.835980 -3.700457
v -0.081573 1.758396 -3.486436
v -0.075984 1.822827 -3.903179
v 0.076424 1.818498 -3.906880
v 0.078952 1.756904 -3.486846
v -0.072612 1.867174 -3.709653
v 0.138947 1.853111 -3.843764
v -0.139802 1.857066 -3.833441
v 0.177218 1.758217 -3.840415
v 0.167008 1.759186 -3.475910
v -0.167892 1.759530 -3.476506
v -0.176786 1.758067 -3.844230
v 0.366051 1.374204 -3.524447
v 0.122313 1.380306 -4.083191
v 0.215591 1.381526 -3.322936
v 0.531794 1.495716 -3.513737
v 0.280366 1.495374 -4.089519
v 0.121740 1.610945 -4.084004
v 0.366940 1.615405 -3.527678
v 0.215269 1.608904 -3.322733
v 0.374785 1.495144 -3.317433
v -0.362362 1.452237 -3.331290
v -0.501271 1.495288 -3.488316
v -0.362362 1.538341 -3.331291
v 0.501272 1.495291 -3.488319
v 0.362362 1.452237 -3.331290
v 0.362362 1.538341 -3.331290
v -0.137544 1.401777 -4.229703
v -0.210742 1.348408 -3.360054
v 0.212268 1.335837 -3.958073
v 0.168163 1.413928 -4.211536
v -0.229963 1.371501 -3.990889
v -0.214186 1.497973 -3.353330
v 0.213906 1.346819 -3.363205
v 0.208453 1.498147 -3.351569
v 0.147644 1.404288 -3.929499
v 0.172693 1.420710 -3.864589
v 0.196828 1.436529 -3.931119
v 0.130001 1.370771 -3.548700
v 0.227495 1.374548 -3.547409
v 0.224845 1.463510 -3.531535
v 0.137675 1.487327 -3.550309
v 0.126867 1.482453 -3.845693
v 0.159233 1.353061 -3.844140
v 0.240951 1.418114 -3.843616
v -0.172695 1.420710 -3.864590
v -0.154183 1.402202 -3.933042
v -0.193706 1.441724 -3.928483
v -0.097762 1.435608 -3.545877
v -0.220419 1.366961 -3.541417
v -0.223907 1.465640 -3.550125
v -0.107174 1.438071 -3.842385
v -0.193629 1.347501 -3.846795
v -0.205964 1.482950 -3.844398
v 0.191496 1.457123 -3.913644
v 0.123498 1.410792 -3.900689
v 0.197529 1.378419 -3.900516
v 0.177916 1.476976 -3.498031
v 0.122347 1.403716 -3.484872
v 0.209305 1.404429 -3.468574
v -0.195515 1.407407 -3.921821
v -0.131568 1.389993 -3.905284
v -0.180882 1.471183 -3.900450
v -0.205228 1.458788 -3.478029
v -0.118467 1.408183 -3.487351
v -0.195220 1.385593 -3.475794
v 0.158751 1.489901 -3.693038
v 0.118881 1.372193 -3.693513
v 0.240749 1.396448 -3.699091
v -0.099171 1.401911 -3.694175
v -0.241596 1.394993 -3.698987
v -0.187615 1.485322 -3.693169
v -0.121490 1.379334 -4.083459
v -0.280334 1.495214 -4.089547
v -0.531794 1.494858 -3.513739
v -0.366832 1.375208 -3.526008
v -0.122639 1.610005 -4.083817
v -0.366241 1.616462 -3.526288
v -0.374782 1.495436 -3.317431
v -0.215201 1.608880 -3.322711
v -0.215645 1.381504 -3.322957
v 0.647842 1.516846 -1.322905
v 0.242280 1.523371 -1.912317
v -0.647687 1.517251 -1.322196
v -0.243760 1.523410 -1.912374
v -0.253568 1.550718 -3.073225
v -0.244977 1.315128 -1.900406
v -0.003136 1.367838 -3.109600
v 0.251557 1.556095 -3.116272
v 0.245196 1.315439 -1.900306
v -0.649091 1.516122 0.179201
v 0.648623 1.514379 0.179819
v 0.647360 1.321208 0.047893
v 0.646638 1.321526 -1.322678
v 0.002934 1.287859 0.174475
v -0.002940 1.132210 0.049116
v 0.000576 1.144773 -1.960719
v -0.647491 1.321816 0.048433
v -0.646239 1.320095 -1.321877
v 0.912106 1.468556 -0.469316
v 0.918289 1.469103 -0.621038
v 0.821212 1.480277 -0.715954
v 0.255325 1.499071 -3.141314
v 0.256550 1.499071 -3.744889
v 0.610300 1.499072 -3.182714
v -0.255325 1.499071 -3.141314
v -0.256551 1.499071 -3.744889
v -0.610299 1.499072 -3.182712
v -0.036075 1.821282 -3.602092
v -0.154067 1.783262 -3.599802
v -0.036075 1.745242 -3.597510
v 0.036075 1.821282 -3.602093
v 0.154064 1.783262 -3.599799
v 0.036075 1.745242 -3.597510
v -0.340438 1.610168 -3.315495
v -0.337963 1.532601 -3.533470
v -0.342912 1.687735 -3.533470
v 0.092218 1.678042 -4.178664
v 0.197574 1.690913 -3.720561
v -0.198361 1.690577 -3.722253
v -0.092200 1.678507 -4.178525
v 0.126400 1.851561 -3.847965
v -0.130210 1.850103 -3.840115
v 0.585745 1.506111 -1.347350
v 0.590713 1.506110 -2.039027
v 0.999048 1.506111 -1.415541
v -0.585745 1.506110 -1.347350
v -0.590713 1.506110 -2.039027
v -0.999048 1.506111 -1.415541
v -0.733766 1.552202 -1.340406
v -0.733766 1.508113 -1.201338
v -0.733766 1.596291 -1.201338
v -0.746548 1.536101 -1.197530
v -0.733766 1.552202 -1.043320
v -0.713004 1.590506 -1.175101
v -0.746548 1.536101 -1.059552
v -0.733766 1.552202 -0.905341
v -0.713004 1.590506 -1.037123
v -0.610136 1.644616 -1.778274
v -0.480554 1.635874 -1.704939
v -0.481836 1.653357 -1.702720
v -0.609495 1.635874 -1.702721
v -0.481195 1.644616 -1.778274
v -0.610777 1.653357 -1.704940
v -0.545666 1.644616 -1.666608
v -0.546947 1.635874 -1.815496
v -0.544384 1.653357 -1.815496
v 0.064470 1.973395 -1.456294
v -0.065112 1.964654 -1.382959
v -0.063830 1.982136 -1.380740
v 0.063830 1.964654 -1.380740
v -0.064471 1.973395 -1.456294
v 0.065111 1.982136 -1.382960
v 0.000000 1.973395 -1.344628
v 0.001281 1.964654 -1.493516
v -0.001281 1.982136 -1.493516
v 0.610136 1.644616 -1.778274
v 0.480554 1.635874 -1.704939
v 0.481836 1.653357 -1.702720
v 0.609495 1.635874 -1.702721
v 0.481195 1.644616 -1.778274
v 0.610777 1.653357 -1.704940
v 0.544384 1.635874 -1.666608
v 0.545666 1.644616 -1.815496
v 0.546947 1.653357 -1.666608
v -0.079045 1.908493 -1.291432
v 0.133720 1.908493 -1.409647
v -0.007157 1.941950 -1.566093
v -0.100419 1.988347 -1.432379
v 0.068451 1.987876 -1.338990
v 0.079638 1.987088 -1.468937
v -0.018053 1.986565 -1.505967
v -0.023559 1.986168 -1.329341
v 0.000000 1.988705 -1.418529
v 0.434470 1.579714 -1.825903
v 0.465495 1.658839 -1.797600
v 0.550553 1.579714 -1.590917
v 0.657084 1.579714 -1.820250
v 0.469873 1.658571 -1.678727
v 0.631020 1.658283 -1.782634
v 0.608238 1.659954 -1.663513
v 0.545666 1.659925 -1.740509
v 0.557652 1.658182 -1.838399
v -0.457392 1.579714 -1.841344
v -0.692229 1.612767 -1.785492
v -0.548737 1.658852 -1.836875
v -0.452603 1.659381 -1.759846
v -0.472018 1.641282 -1.650063
v -0.641388 1.659202 -1.725542
v -0.545666 1.659925 -1.740509
v -0.544094 1.657146 -1.645985
vn -0.9853 0.0011 0.1709
vn 0.7005 -0.6818 -0.2107
vn 0.7019 -0.7040 0.1082
vn -0.5332 0.0020 -0.8460
vn 0.2864 -0.0068 -0.9581
vn -0.5621 0.0137 0.8269
vn 0.6985 0.7057 0.1189
vn -0.9687 0.0010 -0.2484
vn 0.7039 0.6795 -0.2069
vn 0.3206 0.0210 0.9470
vn 0.4878 -0.8306 0.2687
vn -0.4902 -0.8290 0.2691
vn -0.7180 -0.6930 -0.0654
vn 0.7212 0.6699 -0.1764
vn 0.6807 -0.7300 -0.0610
vn 0.7208 -0.6695 -0.1793
vn 0.6387 0.7570 -0.1379
vn 0.6382 -0.7569 -0.1406
vn 0.5772 0.5758 -0.5791
vn 0.5748 -0.5762 -0.5811
vn -0.7180 0.6054 0.3435
vn -0.6807 0.7301 -0.0610
vn -0.7212 -0.6699 -0.1764
vn -0.7208 0.6695 -0.1793
vn -0.6387 -0.7570 -0.1379
vn -0.6383 0.7569 -0.1406
vn -0.5772 -0.5758 -0.5791
vn 0.7179 0.6930 -0.0654
vn -0.5748 0.5762 -0.5811
vn 0.4902 0.8290 0.2692
vn 0.5759 -0.5780 0.5782
vn -0.4878 0.8306 0.2686
vn 0.5736 0.5775 0.5809
vn 0.7180 -0.6054 0.3435
vn 0.7152 0.6075 0.3456
vn -0.5736 -0.5775 0.5809
vn -0.5760 0.5779 0.5781
vn -0.7152 -0.6075 0.3456
vn 0.2933 0.8313 0.4721
vn 0.8245 0.2081 0.5262
vn 0.5684 -0.7836 -0.2507
vn 0.8670 -0.4603 -0.1909
vn -0.8976 -0.4397 -0.0303
vn -0.1620 0.9859 0.0426
vn 0.3275 -0.6266 -0.7072
vn -0.7211 0.5235 0.4538
vn -0.9995 0.0319 -0.0066
vn 0.8297 0.1728 0.5308
vn -0.4162 -0.4442 -0.7934
vn 0.7245 0.6206 0.2998
vn 0.4944 0.8688 -0.0260
vn 0.3914 -0.9199 -0.0246
vn 0.1536 -0.9853 -0.0753
vn 0.3934 -0.8342 -0.3864
vn -0.8727 0.4837 -0.0658
vn 0.4789 0.8203 0.3127
vn -0.5276 0.3850 0.7572
vn 0.8314 0.2835 0.4778
vn 0.8446 0.5354 -0.0036
vn 0.7165 0.0999 0.6904
vn -0.7737 -0.6046 -0.1890
vn 0.8016 -0.5828 -0.1333
vn -0.7909 0.2265 0.5684
vn -0.2938 0.8570 0.4234
vn -0.9227 -0.3854 -0.0096
vn 0.0175 0.9944 0.1046
vn 0.5184 0.6418 0.5652
vn 0.0530 -0.9978 -0.0395
vn 0.7764 0.6299 0.0208
vn -0.6842 0.2021 0.7007
vn 0.6933 0.1726 0.6997
vn -0.8155 0.5193 0.2553
vn -0.8750 0.4840 0.0073
vn 0.6223 0.4028 0.6713
vn -0.0873 -0.7686 -0.6338
vn 0.7114 0.5932 0.3768
vn -0.6090 0.4040 0.6826
vn -0.7045 0.5844 0.4026
vn 0.7496 -0.6492 -0.1292
vn 0.2271 0.9725 -0.0514
vn -0.9550 -0.2690 -0.1249
vn 0.4330 -0.8067 0.4022
vn 0.2633 0.8833 0.3879
vn -0.7390 -0.0210 0.6734
vn 0.0883 -0.0404 -0.9953
vn 0.7408 0.0997 0.6642
vn -0.4774 0.7859 0.3931
vn -0.2794 -0.8706 0.4049
vn 0.6273 0.5773 0.5228
vn -0.6272 -0.5774 0.5227
vn 0.6297 -0.5773 0.5198
vn 0.4514 -0.0000 -0.8923
vn -0.6296 0.5774 0.5198
vn -0.4508 -0.0000 -0.8926
vn -0.6155 0.6188 0.4880
vn 0.6158 0.6226 0.4829
vn -0.0615 0.9825 -0.1756
vn -0.1076 0.9769 -0.1848
vn 0.0270 0.9431 -0.3313
vn -0.5338 0.2525 -0.8070
vn -0.2746 0.9054 -0.3239
vn -0.0039 0.1123 0.9937
vn 0.8271 -0.3581 0.4333
vn -0.0000 0.1232 0.9924
vn -0.4209 0.7793 -0.4643
vn -0.3927 -0.1945 -0.8989
vn -0.8321 -0.3567 0.4247
vn 0.4262 0.7771 -0.4630
vn 0.3975 -0.1939 -0.8969
vn -0.0000 0.9925 -0.1225
vn 0.2351 0.9673 -0.0951
vn 0.4899 0.2129 -0.8454
vn -0.0263 0.9469 -0.3204
vn 0.3154 0.8953 -0.3147
vn -0.6174 -0.5994 0.5094
vn 0.4498 -0.7634 -0.4636
vn 0.6288 -0.5981 0.4969
vn -0.4409 -0.7396 -0.5085
vn 0.2532 -0.5117 -0.8210
vn -0.3350 0.3486 0.8754
vn -0.8580 0.2307 -0.4589
vn 0.8479 -0.0891 0.5226
vn 0.1251 -0.6362 -0.7613
vn 0.8827 -0.0101 0.4698
vn 0.7646 -0.0066 0.6445
vn 0.1223 0.8211 -0.5575
vn 0.8511 -0.0154 -0.5247
vn -0.2532 -0.5119 -0.8209
vn -0.8480 -0.0885 0.5225
vn 0.8580 0.2305 -0.4589
vn 0.3352 0.3480 0.8755
vn 0.2924 0.5263 -0.7984
vn -0.3034 -0.3668 0.8794
vn 0.7403 0.2216 0.6347
vn -0.6347 -0.2365 -0.7357
vn -0.8744 -0.4372 -0.2103
vn -0.8752 -0.4376 -0.2063
vn -0.8822 -0.4259 -0.2011
vn -0.1133 -0.6397 -0.7602
vn -0.8843 0.0253 0.4662
vn -0.8456 -0.0659 -0.5298
vn -0.1373 0.8167 -0.5605
vn -0.7658 -0.0123 0.6430
vn 0.9654 0.2295 -0.1241
vn 0.6220 -0.2390 0.7456
vn -0.4210 -0.0486 -0.9058
vn -0.5506 -0.2440 0.7983
vn -0.5567 0.8261 0.0874
vn 0.6551 -0.1213 -0.7457
vn 0.7005 -0.4686 -0.5382
vn -0.5506 -0.1069 0.8279
vn -0.6823 -0.4532 -0.5736
vn 0.4348 0.7172 -0.5445
vn 0.5552 -0.1044 0.8251
vn -0.4423 0.7643 -0.4692
vn -0.1644 -0.9863 0.0102
vn 0.6843 -0.0011 -0.7292
vn 0.9927 0.0028 0.1202
vn 0.5821 0.0016 0.8131
vn -0.6169 -0.6907 0.3774
vn -0.5427 0.7102 -0.4484
vn -0.5420 -0.7124 -0.4458
vn -0.1657 0.9861 0.0123
vn -0.6166 0.6907 0.3779
vn -0.6084 0.1035 -0.7868
vn 0.7612 -0.6300 -0.1537
vn -0.8487 -0.1027 -0.5188
vn -0.5674 -0.5955 0.5687
vn 0.5601 0.5976 0.5737
vn 0.5959 -0.5823 0.5530
vn 0.4313 0.1278 -0.8931
vn -0.5750 0.5972 0.5592
vn 0.7441 0.6226 0.2425
vn 0.7041 -0.7071 -0.0649
vn -0.5862 0.8043 -0.0977
vn -1.0000 0.0030 -0.0001
vn -1.0000 0.0030 -0.0000
vn -1.0000 0.0032 -0.0000
vn 0.6901 0.7229 0.0352
vn -0.0000 -0.0000 -0.0000
vn 0.6043 -0.3502 0.7157
vn 0.3310 0.6706 -0.6638
vn 0.0916 0.9029 0.4200
vn -0.8387 -0.1051 -0.5343
vn -0.7614 -0.3325 0.5565
vn 0.4775 -0.7075 -0.5210
vn 0.6893 -0.4916 -0.5322
vn -0.5655 -0.3224 -0.7591
vn -0.1196 0.8655 -0.4864
vn -0.4563 0.6735 0.5816
vn 0.8499 -0.1054 0.5163
vn -0.4184 -0.6597 0.6243
vn 0.0002 -1.0000 -0.0003
vn -0.0000 -1.0000 -0.0000
vn 0.9983 0.0485 0.0337
vn -0.6842 -0.0003 -0.7292
vn 0.1643 -0.9863 0.0122
vn -0.9927 -0.0029 0.1203
vn -0.5821 0.0005 0.8131
vn 0.5433 -0.7109 -0.4467
vn 0.1640 0.9864 0.0118
vn 0.5399 0.7115 -0.4497
vn 0.6178 0.6890 0.3789
vn -0.7319 0.6426 -0.2265
vn 0.6006 0.4170 0.6821
vn 0.7319 0.6432 -0.2251
vn -0.7846 0.5793 -0.2210
vn 0.7802 0.5851 -0.2214
vn 0.8150 -0.4662 -0.3441
vn 0.5686 -0.6497 -0.5046
vn 0.8085 -0.5447 -0.2227
vn 0.7088 -0.6138 0.3478
vn 0.0021 -0.9802 -0.1980
vn -0.6002 0.4197 0.6809
vn 0.0019 -0.3939 0.9192
vn -0.0291 -0.7179 -0.6956
vn -0.8090 -0.5429 -0.2254
vn -0.0016 -0.9152 0.4029
vn -0.7087 -0.6112 0.3522
vn -0.8142 -0.4698 -0.3412
vn -0.0000 -0.0000 1.0000
vn 0.9997 -0.0250 -0.0000
vn 0.9997 -0.0252 -0.0000
vn 0.0004 -1.0000 -0.0000
vn -0.5001 0.8546 0.1401
vn 0.4557 -0.2181 -0.8630
vn -0.4574 -0.2135 -0.8632
vn 0.6936 -0.2971 0.6562
vn -0.6943 -0.3064 0.6512
vn -1.0000 -0.0000 -0.0000
vn 0.0002 1.0000 -0.0000
vn -0.0004 1.0000 -0.0000
vn 0.9999 -0.0144 -0.0000
vn 0.9999 -0.0143 -0.0000
vn -0.8479 0.0891 0.5227
vn -0.2532 0.5117 -0.8210
vn 0.8580 -0.2306 -0.4590
vn 0.3350 -0.3486 0.8754
vn -0.3033 0.3670 0.8794
vn 0.2929 -0.5256 -0.7987
vn 0.7404 -0.2216 0.6346
vn -0.0000 -0.7628 -0.6467
vn -0.0000 -0.7682 -0.6402
vn -0.0000 -0.7606 -0.6493
vn -0.0437 0.1749 0.9836
vn -0.0231 0.1849 0.9825
vn -0.0338 0.2701 0.9622
vn -0.0000 -0.9353 -0.3539
vn -0.1200 -0.9241 -0.3627
vn 0.1200 -0.9241 -0.3627
vn -0.2601 -0.9046 -0.3377
vn -0.4272 -0.8942 -0.1335
vn -0.5004 -0.8486 0.1714
vn -0.4272 -0.8312 0.3558
vn -0.4739 -0.8458 0.2451
vn -0.0000 -0.8150 0.5794
vn 0.1200 -0.8020 0.5852
vn -0.1200 -0.8020 0.5852
vn 0.2601 -0.7895 0.5560
vn 0.4272 -0.8312 0.3558
vn -0.2980 0.0660 -0.9523
vn -0.0000 -0.0000 -1.0000
vn -0.0872 -0.0000 -0.9962
vn -0.0000 0.4933 -0.8698
vn -0.0871 -0.0000 -0.9962
vn 0.5004 0.8644 -0.0493
vn 0.4272 0.8942 0.1334
vn 0.4739 0.8803 0.0227
vn 0.3035 0.8051 -0.5097
vn 0.4272 0.8312 -0.3558
vn 0.3538 0.8192 -0.4513
vn 0.2980 0.0660 -0.9523
vn 0.2523 0.0186 -0.9675
vn 0.5004 -0.8644 0.0493
vn 0.4272 -0.8943 -0.1335
vn 0.4739 -0.8803 -0.0227
vn -0.1969 0.7972 -0.5707
vn -0.0000 0.7997 -0.6004
vn -0.1200 0.8020 -0.5852
vn 0.0872 -0.0000 -0.9962
vn -0.1004 0.0074 -0.9949
vn -0.4272 0.8312 -0.3558
vn -0.3859 0.0854 -0.9186
vn -0.4739 0.8803 0.0227
vn -0.5004 0.8644 -0.0493
vn -0.5202 0.8470 -0.1091
vn -0.0000 0.4762 -0.8793
vn -0.4272 0.8942 0.1334
vn 0.3859 0.0854 -0.9186
vn -0.1200 0.9241 0.3628
vn -0.0000 0.9353 0.3539
vn -0.2601 0.9046 0.3377
vn 0.1004 0.0074 -0.9949
vn 0.1200 0.9241 0.3628
vn -0.2523 0.0186 -0.9675
vn -0.4106 -0.5474 0.7292
vn -0.3698 -0.5547 0.7454
vn -0.4883 -0.4883 0.7233
vn 0.9285 -0.3714 -0.0000
vn 0.7809 -0.6247 -0.0000
vn 0.8682 -0.4961 -0.0000
vn 0.2532 0.5119 -0.8209
vn 0.8480 0.0885 0.5225
vn -0.8580 -0.2306 -0.4589
vn -0.3352 -0.3480 0.8755
vn 0.3033 -0.3669 0.8794
vn -0.2917 0.5258 -0.7990
vn -0.7404 0.2216 0.6346
vn 0.6353 -0.2369 -0.7350
vn 0.3034 0.3668 0.8794
vn -0.2924 -0.5263 -0.7984
vn 0.6347 0.2365 -0.7357
vn -0.7403 -0.2216 0.6347
vn 0.2877 0.7372 0.6113
vn 0.2915 0.7288 0.6195
vn 0.4822 0.6630 0.5726
vn -0.9998 -0.0179 -0.0000
vn -0.9998 -0.0180 -0.0000
vn -0.9994 -0.0214 0.0286
vn -0.9981 -0.0233 0.0575
vn -0.9993 -0.0232 0.0285
vn 1.0000 0.0036 -0.0000
vn 1.0000 0.0054 -0.0000
vn -0.1187 0.2373 -0.9642
vn -0.1925 0.1925 -0.9623
vn -0.0803 0.3212 -0.9436
vn -0.0000 -0.4462 -0.8950
vn -0.0000 -0.4051 -0.9143
vn -0.0000 -0.4409 -0.8976
vn -0.4249 -0.0647 -0.9029
vn -0.3155 -0.0669 -0.9466
vn -0.3504 -0.0657 -0.9343
vn -0.1865 0.3091 -0.9326
vn -0.2808 0.2968 -0.9127
vn -0.0000 0.3328 -0.9430
vn -0.0000 -0.9894 0.1449
vn -0.0000 -0.9891 0.1471
vn 0.9459 0.2956 0.1341
vn 0.7975 0.5483 0.2519
vn -0.1551 0.1891 0.9696
vn -0.1925 0.1919 0.9624
vn -0.0000 0.1876 0.9822
vn 0.3927 0.2549 -0.8836
vn 0.3938 0.2444 -0.8861
vn 0.6930 0.1987 -0.6930
vn -0.0000 -0.8144 0.5803
vn -0.0000 -0.7972 0.6037
vn -0.0000 -0.7901 0.6130
vn -0.6024 -0.6544 -0.4570
vn -0.5983 -0.6503 -0.4682
vn -0.8047 -0.2827 0.5220
vn -0.8062 -0.2835 0.5193
vn -0.7947 -0.2795 0.5388
vn -0.0000 0.4702 0.8826
vn -0.0000 0.4866 0.8736
vn -0.8096 0.2305 0.5398
vn -0.8027 0.2371 0.5473
vn 0.8219 -0.2413 0.5161
vn 0.8191 -0.2411 0.5205
vn 0.8214 -0.2436 0.5158
vn -0.5983 0.6503 0.4682
vn -0.6024 0.6544 0.4570
vn -0.8062 0.2835 -0.5193
vn -0.8047 0.2827 -0.5220
vn -0.7947 0.2795 -0.5388
vn -0.8869 0.4221 -0.1876
vn -0.1179 -0.2048 -0.9717
vn -0.5356 -0.4306 0.7264
vn 0.5024 0.5769 0.6440
vn 0.8744 -0.4830 0.0461
vn -0.1406 0.8955 -0.4222
vn 0.5942 0.7056 -0.3861
vn 0.0166 0.9998 0.0119
vn -0.1515 0.8104 0.5660
vn 0.0624 0.6258 -0.7775
vn 0.7548 -0.4523 -0.4751
vn -0.7363 -0.4472 -0.5078
vn 0.0200 -0.3929 0.9194
vn -0.6946 0.5525 0.4608
vn 0.6067 0.6167 0.5016
vn 0.6404 0.7501 -0.1652
vn -0.0014 1.0000 -0.0054
vn -0.5523 0.7710 -0.3171
vn -0.9459 -0.2496 -0.2073
vn -0.0840 0.6153 -0.7838
vn 0.5762 -0.5552 -0.5998
vn 0.5390 -0.0399 0.8413
vn 0.7710 0.6331 -0.0692
vn -0.2161 0.2468 0.9447
vn 0.0009 1.0000 0.0095
vn -0.6485 0.6223 0.4385
vn -0.6980 0.1997 0.6877
vn -0.5302 0.2625 0.8062
vn -0.2331 -0.5959 -0.7685
vn -0.0809 -0.0207 -0.9965
vn 0.0577 0.9823 -0.1781
vn -0.2351 0.9673 -0.0951
vn 0.1026 0.9768 -0.1881
vn -0.7324 0.1428 -0.6658
vn -0.7194 0.1448 -0.6794
vn -0.7001 0.1409 -0.7001
vn -0.0000 1.0000 -0.0000
vn -0.7153 -0.6974 -0.0457
vn -0.6450 0.6928 -0.3225
vn -0.6452 0.6924 -0.3229
vn -0.6514 0.6857 -0.3249
vn -0.0663 0.7055 -0.7057
vn -0.0665 0.6292 -0.7744
vn -0.0828 0.7448 -0.6621
vn 0.6152 -0.6924 0.3770
vn -0.6213 -0.6295 -0.4665
vn 0.4949 0.8621 0.1088
vn 1.0000 -0.0000 -0.0000
vn -0.8762 -0.4819 -0.0000
vn -0.8716 -0.4903 -0.0000
vn -0.8480 -0.5300 -0.0000
vn -0.6351 0.2360 -0.7355
vn 0.2601 -0.9046 -0.3377
vn -0.5202 -0.8470 0.1092
vn -0.2601 -0.7895 0.5560
vn 0.5202 -0.8470 0.1092
vn 0.5202 0.8470 -0.1091
vn 0.2601 0.7895 -0.5560
vn -0.2601 0.7895 -0.5560
vn -0.2981 0.0660 -0.9523
vn 0.2981 0.0660 -0.9523
vn 0.2601 0.9046 0.3377
vn -0.6097 -0.3049 0.7317
vn -0.5571 -0.3714 0.7428
vn -0.5121 -0.3841 0.7682
vn 0.0111 0.0885 0.9960
vn 0.0172 0.1378 0.9903
vn 0.0116 0.0932 0.9956
vt 0.752206 0.725050
vt 0.742827 0.583992
vt 0.715830 0.553503
vt 0.758681 0.633336
vt 0.755183 0.616360
vt 0.654158 0.730962
vt 0.727024 0.545821
vt 0.763329 0.671209
vt 0.748469 0.580015
vt 0.650104 0.593617
vt 0.785618 0.632968
vt 0.773949 0.582648
vt 0.761906 0.504750
vt 0.816931 0.781423
vt 0.809888 0.702597
vt 0.845774 0.754159
vt 0.910571 0.912782
vt 0.970779 0.745385
vt 1.250869 0.577429
vt 1.193981 0.534803
vt 0.753497 0.530244
vt 0.749609 0.514540
vt 0.756578 0.430779
vt 0.734255 0.447443
vt 0.788805 0.264913
vt 0.685227 0.322292
vt 0.258269 0.177570
vt 0.795158 0.715377
vt 0.343985 0.229074
vt 0.776511 0.640579
vt 0.782811 0.628907
vt 0.765253 0.589796
vt 0.775569 0.634611
vt 0.802031 0.689962
vt 0.791213 0.698755
vt 0.773863 0.589508
vt 0.766882 0.594936
vt 0.196166 0.528683
vt 0.762768 0.523195
vt 1.258290 0.169931
vt 0.413822 0.216135
vt 0.405107 0.180581
vt 0.397261 0.183564
vt 0.346820 0.258586
vt 0.353639 0.245050
vt 0.359347 0.261374
vt 0.523649 0.233725
vt 0.536124 0.246988
vt 0.351272 0.286754
vt 0.566210 0.197275
vt 0.558020 0.185875
vt 0.518946 0.258233
vt 0.350911 0.298692
vt 0.344767 0.289894
vt 0.339362 0.304006
vt 0.539187 0.203866
vt 0.351357 0.304521
vt 0.512744 0.292428
vt 0.570508 0.221562
vt 0.566704 0.223409
vt 0.345533 0.321808
vt 0.236128 0.674304
vt 0.244143 0.646494
vt 0.259335 0.571052
vt 0.240016 0.657450
vt 0.263960 0.661780
vt 0.263560 0.557455
vt 0.269852 0.571512
vt 0.281182 0.818450
vt 0.276405 0.541446
vt 0.280894 0.549675
vt 0.218366 0.831465
vt 0.205492 0.843899
vt 0.285819 0.798275
vt 0.282853 0.539640
vt 0.228883 0.845317
vt 0.245901 0.803982
vt 0.311169 0.800088
vt 0.240741 0.849062
vt 0.322580 0.781944
vt 0.279300 0.536252
vt 0.289826 0.537948
vt 0.285408 0.520128
vt 0.860719 0.355237
vt 0.688288 0.436902
vt 0.752334 0.326080
vt 0.251834 0.297517
vt 0.919730 0.798571
vt 0.797108 0.809084
vt 0.943635 0.598213
vt 0.821369 0.764959
vt 0.752900 0.445081
vt 0.834310 0.752706
vt 0.221374 0.562448
vt 0.742741 0.452595
vt 1.219950 0.568903
vt 1.285142 0.174743
vt 0.311705 0.189678
vt 0.388395 0.280024
vt 0.290906 0.602346
vt 0.294835 0.359722
vt 0.294478 0.354519
vt 0.281683 0.364591
vt 0.292820 0.358493
vt 0.257645 0.425628
vt 0.276015 0.430558
vt 0.273155 0.360236
vt 0.276744 0.336481
vt 0.263314 0.403903
vt 0.277750 0.432353
vt 0.275543 0.435395
vt 0.270108 0.411511
vt 0.233952 0.163208
vt 0.249498 0.398784
vt 0.182661 0.526178
vt 0.260369 0.345946
vt 0.252476 0.195048
vt 0.273942 0.159125
vt 0.294652 0.164393
vt 0.234793 0.201380
vt 0.754731 0.499563
vt 0.743797 0.421763
vt 0.746696 0.421860
vt 0.760199 0.494899
vt 0.750831 0.466911
vt 0.198737 0.511040
vt 0.190767 0.493666
vt 0.205442 0.564196
vt 0.196350 0.552908
vt 0.242459 0.439241
vt 0.212850 0.483909
vt 0.217770 0.529949
vt 0.239321 0.411822
vt 0.204403 0.505034
vt 0.207126 0.562745
vt 0.213359 0.545520
vt 0.806402 0.717061
vt 0.842698 0.778925
vt 0.819259 0.744400
vt 0.813230 0.711590
vt 0.843877 0.775158
vt 0.312724 0.449539
vt 0.308528 0.454723
vt 0.312844 0.399311
vt 0.325329 0.391707
vt 0.329898 0.407184
vt 0.304198 0.432262
vt 0.290494 0.458364
vt 0.339443 0.350906
vt 0.314929 0.362288
vt 0.304302 0.458883
vt 0.299531 0.499613
vt 0.324916 0.383614
vt 0.204087 0.503377
vt 0.249955 0.440407
vt 0.219238 0.566716
vt 0.211777 0.566275
vt 0.191004 0.480108
vt 0.269995 0.419139
vt 0.241625 0.399070
vt 0.250472 0.539296
vt 0.253668 0.528318
vt 0.257497 0.341901
vt 0.228539 0.418558
vt 0.254158 0.308031
vt 0.220035 0.226985
vt 0.232818 0.493322
vt 0.190079 0.461572
vt 0.245913 0.401901
vt 0.284527 0.251918
vt 0.226327 0.453987
vt 0.215413 0.446044
vt 0.232154 0.431754
vt 0.230597 0.412444
vt 0.234750 0.435065
vt 0.243660 0.416113
vt 0.251668 0.307124
vt 0.256759 0.329948
vt 0.266799 0.312261
vt 0.216045 0.448501
vt 0.242235 0.424807
vt 0.230034 0.447642
vt 0.239654 0.407912
vt 0.219865 0.422694
vt 0.233748 0.420574
vt 0.253025 0.322938
vt 0.257910 0.313156
vt 0.264926 0.319456
vt 0.256421 0.270551
vt 0.242295 0.291184
vt 0.241249 0.266359
vt 0.226893 0.440331
vt 0.228069 0.411455
vt 0.240551 0.429101
vt 0.254383 0.286882
vt 0.249575 0.314968
vt 0.266279 0.304129
vt 0.276255 0.315190
vt 0.255885 0.207346
vt 0.313198 0.184782
vt 0.303596 0.173044
vt 0.253169 0.336176
vt 0.324857 0.249157
vt 0.283769 0.357177
vt 0.321679 0.259456
vt 0.755040 0.493225
vt 0.790885 0.670910
vt 0.809964 0.720687
vt 0.765410 0.533488
vt 0.799124 0.677881
vt 0.829774 0.645902
vt 1.215046 0.620352
vt 0.828790 0.701376
vt 0.801801 0.664899
vt 0.823146 0.571787
vt 0.763384 0.549577
vt 0.784276 0.604682
vt 1.152076 0.322888
vt 0.771917 0.481510
vt 0.793214 0.596328
vt 0.772053 0.539944
vt 0.794456 0.511607
vt 0.159805 0.328470
vt 0.810289 0.717603
vt 0.807912 0.712191
vt 0.807813 0.712127
vt 0.302938 0.130628
vt 0.278938 0.287633
vt 0.450091 0.085701
vt 0.314587 0.399729
vt 0.329014 0.373937
vt 0.325682 0.411404
vt 0.303334 0.471421
vt 0.305750 0.434119
vt 0.316917 0.444431
vt 0.341888 0.221193
vt 0.340386 0.268868
vt 0.304321 0.237501
vt 0.323079 0.382178
vt 0.280338 0.415688
vt 0.290080 0.374690
vt 0.278765 0.468780
vt 0.311174 0.336665
vt 0.833311 0.770992
vt 0.809083 0.714724
vt 0.841979 0.771938
vt 0.756925 0.497901
vt 0.744764 0.436497
vt 0.747407 0.425676
vt 0.712426 0.598228
vt 0.697003 0.588922
vt 0.709608 0.576540
vt 0.734032 0.605435
vt 0.737518 0.600628
vt 0.731548 0.591437
vt 0.722210 0.611666
vt 0.714986 0.581142
vt 0.711200 0.617694
vt 0.726236 0.612229
vt 0.719354 0.584113
vt 0.716007 0.617975
vt 0.729681 0.612658
vt 0.723133 0.586614
vt 0.720143 0.618138
vt 0.883943 0.852693
vt 0.857882 0.829286
vt 0.870122 0.841859
vt 0.226266 0.625924
vt 0.203474 0.714501
vt 0.198283 0.729269
vt 0.961393 0.883872
vt 0.895581 0.860002
vt 0.921477 0.873764
vt 0.185412 0.762854
vt 0.135675 0.838944
vt 0.135378 0.838150
vt 0.799581 0.753071
vt 0.813037 0.792724
vt 0.814971 0.787401
vt 0.779813 0.675844
vt 0.750290 0.701978
vt 0.793754 0.722687
vt 0.781926 0.691832
vt 0.743456 0.723088
vt 0.800476 0.748009
vt 0.785766 0.718259
vt 0.730710 0.756098
vt 0.813397 0.786644
vt 0.795574 0.770490
vt 0.699255 0.810789
vt 0.847313 0.847329
vt 0.864101 0.890780
vt 0.573970 0.875681
vt 0.996477 0.908278
vt 0.306644 0.481227
vt 0.309496 0.440017
vt 0.321667 0.451444
vt 0.310717 0.493432
vt 0.314178 0.447493
vt 0.327608 0.460103
vt 0.315882 0.508935
vt 0.320185 0.457236
vt 0.335039 0.471293
vt 0.250921 0.540381
vt 0.249569 0.551221
vt 0.227939 0.582864
vt 0.228386 0.579944
vt 0.254575 0.515569
vt 0.255367 0.448817
vt 0.236559 0.544791
vt 0.226110 0.575967
vt 0.209585 0.569684
vt 0.220680 0.555388
vt 0.227714 0.578653
vt 0.250605 0.541098
vt 0.231881 0.568913
vt 0.808623 0.768588
vt 0.814244 0.784385
vt 0.799856 0.748475
vt 0.712498 0.714688
vt 0.726313 0.693437
vt 0.730103 0.714985
vt 0.778487 0.665252
vt 0.754541 0.687522
vt 0.789644 0.705117
vt 0.746892 0.631245
vt 0.744139 0.629675
vt 0.745180 0.635380
vt 0.741814 0.615323
vt 0.741498 0.612805
vt 0.742624 0.616385
vt 0.742032 0.613615
vt 0.746072 0.634515
vt 0.745158 0.629537
vt 0.748398 0.647807
vt 0.748839 0.650668
vt 0.748654 0.651861
vt 0.743494 0.633117
vt 0.748063 0.649476
vt 0.802200 0.705104
vt 0.801610 0.714188
vt 0.799379 0.711291
vt 0.807696 0.730357
vt 0.805344 0.737236
vt 0.811898 0.736739
vt 0.804701 0.722640
vt 0.802343 0.728576
vt 0.808331 0.728288
vt 0.802173 0.715824
vt 0.799843 0.720984
vt 0.805350 0.720850
vt 0.757407 0.566977
vt 0.734167 0.576708
vt 0.749941 0.525733
vt 0.754400 0.557226
vt 0.726799 0.568752
vt 0.745754 0.508505
vt 0.749925 0.542482
vt 0.716086 0.556788
vt 0.739699 0.483532
vt 0.742571 0.517821
vt 0.699290 0.537265
vt 0.730206 0.444987
vt 0.728320 0.469728
vt 0.670203 0.502199
vt 0.713357 0.381667
vt 0.690285 0.356597
vt 0.614791 0.437448
vt 0.676844 0.279165
vt 0.253977 0.195217
vt 0.293640 0.178362
vt 0.258145 0.210120
vt 0.331098 0.240474
vt 0.326312 0.248146
vt 0.333687 0.188240
vt 0.332288 0.189924
vt 0.257706 0.233903
vt 0.269303 0.305972
vt 0.287143 0.205763
vt 0.256148 0.323398
vt 0.315129 0.269864
vt 0.284391 0.316343
vt 0.286440 0.344366
vt 0.315665 0.224015
vt 0.320678 0.201532
vt 0.320228 0.177915
vt 0.300932 0.179569
vt 0.323034 0.208597
vt 0.325980 0.248127
vt 0.332516 0.190681
vt 0.319456 0.401782
vt 0.335482 0.373482
vt 0.331524 0.414812
vt 0.325560 0.404489
vt 0.343506 0.373082
vt 0.338730 0.419399
vt 0.333409 0.408189
vt 0.353693 0.373086
vt 0.347796 0.425216
vt 0.370591 0.326142
vt 0.340923 0.327722
vt 0.298981 0.358261
vt 0.236630 0.469578
vt 0.265362 0.476818
vt 0.267877 0.505130
vt 0.251635 0.435009
vt 0.259785 0.425811
vt 0.264029 0.444190
vt 0.256805 0.443928
vt 0.243261 0.453504
vt 0.265713 0.470379
vt 0.266833 0.511223
vt 0.252371 0.526729
vt 0.244722 0.493150
vt 0.263576 0.588365
vt 0.251154 0.535309
vt 0.227148 0.563530
vt 0.290208 0.515715
vt 0.302841 0.559044
vt 0.279669 0.439003
vt 0.304806 0.311695
vt 0.276592 0.275498
vt 0.320231 0.297571
vt 0.278545 0.339087
vt 0.275527 0.321381
vt 0.289448 0.331939
vt 0.275857 0.296381
vt 0.283437 0.322105
vt 0.302153 0.316490
vt 0.318633 0.260260
vt 0.322512 0.292149
vt 0.295234 0.269874
vt 0.717881 0.350491
vt 0.725364 0.381983
vt 0.721459 0.365749
vt 0.369425 0.165554
vt 0.469999 0.120960
vt 0.492090 0.118777
vt 0.661160 0.202842
vt 0.679447 0.236798
vt 0.691663 0.271543
vt 0.700224 0.288724
vt 0.714884 0.339280
vt 0.708275 0.316273
vt 0.543184 0.123252
vt 0.635482 0.171605
vt 0.635527 0.170728
vt 0.727973 0.443240
vt 0.737687 0.482336
vt 0.731002 0.445119
vt 0.181709 0.689186
vt 0.242129 0.462826
vt 0.194770 0.590275
vt 0.748961 0.482502
vt 0.753198 0.487348
vt 0.747369 0.491789
vt 0.748342 0.496878
vt 0.751755 0.498093
vt 0.751393 0.490193
vt 0.749919 0.504824
vt 0.753046 0.505574
vt 0.752767 0.498528
vt 0.735116 0.470018
vt 0.740826 0.505314
vt 0.742854 0.503866
vt 0.740076 0.498001
vt 0.736041 0.478243
vt 0.738089 0.477218
vt 0.740266 0.494209
vt 0.735509 0.480905
vt 0.737561 0.478679
vt 0.727677 0.628469
vt 0.730518 0.654874
vt 0.729371 0.627239
vt 0.731677 0.653772
vt 0.726301 0.628321
vt 0.733567 0.652515
vt 0.726174 0.642421
vt 0.731542 0.639988
vt 0.728229 0.641955
vt 0.791214 0.733468
vt 0.804198 0.765774
vt 0.793804 0.731533
vt 0.800559 0.759021
vt 0.794073 0.739534
vt 0.803082 0.756628
vt 0.795009 0.743162
vt 0.800138 0.757108
vt 0.797403 0.740830
vt 0.725503 0.625030
vt 0.730365 0.639831
vt 0.736654 0.626455
vt 0.732455 0.652071
vt 0.740539 0.659229
vt 0.725086 0.638931
vt 0.729284 0.655886
vt 0.728847 0.641404
vt 0.730041 0.636193
vt 0.799765 0.761602
vt 0.817680 0.764540
vt 0.804103 0.730473
vt 0.805441 0.733764
vt 0.790865 0.732073
vt 0.798724 0.753083
vt 0.803532 0.768874
vt 0.797172 0.750232
vt 0.792328 0.739544
vt 0.737646 0.462585
vt 0.734998 0.479646
vt 0.747539 0.489378
vt 0.743255 0.506436
vt 0.739821 0.504352
vt 0.739529 0.495328
vt 0.737796 0.487898
vt 0.734721 0.473552
vt 0.249658 0.571154
vt 0.420600 0.168931
vt 0.580725 0.197442
vt 0.218497 0.816149
vt 1.250372 0.296881
vt 1.230626 0.430928
vt 0.317231 0.171823
vt 0.325171 0.179557
vt 0.288325 0.159709
vt 0.201619 0.562235
vt 0.221684 0.579366
vt 0.215714 0.578011
vt 0.238471 0.418687
vt 0.240741 0.421867
vt 0.239613 0.412605
vt 0.217387 0.415660
vt 0.258059 0.316145
vt 0.261992 0.317435
vt 0.256911 0.321343
vt 0.262810 0.275497
vt 0.243364 0.268215
vt 0.248512 0.302040
vt 0.228141 0.212109
vt 0.428789 0.146368
vt 0.215046 0.620352
vt 0.302708 0.457489
vt 0.724918 0.594616
vt 0.732520 0.605204
vt 0.730474 0.590455
vt 0.731787 0.672493
vt 0.719519 0.677569
vt 0.734303 0.705736
vt 0.735337 0.668132
vt 0.724079 0.673158
vt 0.737807 0.698883
vt 0.738338 0.664351
vt 0.727938 0.669274
vt 0.740733 0.692936
vt 0.750767 0.672216
vt 0.748058 0.660026
vt 0.745911 0.673038
vt 0.746500 0.682082
vt 0.743362 0.667777
vt 0.739832 0.684473
vt 1.088177 0.856355
vt 0.989916 0.889037
vt 1.043066 0.873848
vt 1.103316 0.876167
vt 0.266837 0.431673
vt 0.226408 0.541630
vt 0.253136 0.451968
vt 0.243244 0.444509
vt 0.303379 0.210756
vt 0.276394 0.305581
vt 0.283527 0.312275
vt 0.735715 0.463730
vt 0.739536 0.485372
vt 0.731946 0.447753
s 1
usemtl body_skin
f 2125/2050/2509 2122/2051/2510 2123/2052/2511
f 2122/2051/2510 2130/2053/2512 2129/2054/2513
f 2123/2052/2511 2126/2055/2514 2125/2050/2509
f 2131/2056/2515 2124/2057/2516 2125/2050/2509
f 2128/2058/2517 2130/2053/2512 2124/2057/2516
f 2122/2051/2510 2129/2054/2513 2128/2058/2517
f 2128/2058/2517 2123/2052/2511 2122/2051/2510
f 2131/2056/2515 2127/2059/2518 2123/2052/2511
f 2125/2050/2509 2127/2059/2518 2131/2056/2515
f 2154/2060/2519 2142/2061/2520 2132/2062/2521
f 2150/2063/2522 2134/2064/2523 2159/2065/2524
f 2137/2066/2525 2159/2065/2524 2135/2067/2526
f 2151/2068/2527 2135/2067/2526 2136/2069/2528
f 2132/2062/2521 2144/2070/2529 2148/2071/2530
f 2140/2072/2531 2148/2071/2530 2147/2073/2532
f 2139/2074/2533 2147/2073/2532 2145/2075/2534
f 2145/2075/2534 2138/2076/2535 2139/2074/2533
f 2147/2073/2532 2149/2077/2536 2150/2063/2522
f 2145/2075/2534 2150/2063/2522 2137/2066/2525
f 2146/2078/2537 2137/2066/2525 2151/2068/2527
f 2153/2079/2538 2157/2080/2539 2154/2060/2519
f 2143/2081/2540 2153/2079/2538 2149/2077/2536
f 2143/2081/2540 2156/2082/2541 2153/2079/2538
f 2149/2077/2536 2133/2083/2542 2134/2064/2523
f 2152/2084/2543 2154/2060/2519 2133/2083/2542
f 2154/2060/2519 2158/2085/2544 2142/2061/2520
f 2142/2061/2520 2155/2086/2545 2143/2081/2540
f 2156/2082/2541 2158/2085/2544 2157/2080/2539
f 2146/2078/2537 2136/2087/2528 2138/2076/2535
f 2143/2081/2540 2141/2088/2546 2142/2061/2520
f 2135/2067/2526 2140/2072/2531 2139/2074/2533
f 2159/2065/2524 2132/2062/2521 2140/2072/2531
f 2136/2069/2528 2139/2074/2533 2138/2089/2535
f 2163/2090/2547 2164/2091/2548 2165/2092/2549
f 2161/2093/2550 2165/2092/2549 2160/2094/2551
f 2161/2093/2550 2166/2095/2552 2163/2090/2547
f 2160/2094/2551 2163/2090/2547 2166/2095/2552
f 2172/2096/2553 2173/2097/2554 2167/2098/2555
f 2172/2096/2553 2171/2099/2556 2169/2100/2557
f 2172/2096/2553 2169/2100/2557 2173/2097/2554
f 2174/2101/2558 2173/2097/2554 2171/2099/2556
f 2168/2102/2559 2173/2097/2554 2174/2101/2558
f 2174/2101/2558 2172/2096/2553 2175/2103/2560
f 2177/2104/2561 2181/2105/2562 2176/2106/2563
f 2180/2107/2564 2179/2108/2565 2178/2109/2566
f 2176/2106/2563 2180/2107/2564 2182/2110/2567
f 2182/2110/2567 2180/2107/2564 2177/2104/2561
f 2186/2111/2568 2187/2112/2569 2185/2113/2570
f 2189/2114/2571 2186/2111/2568 2188/2115/2572
f 2187/2112/2569 2184/2116/2573 2185/2113/2570
f 2187/2112/2569 2183/2117/2574 2184/2116/2573
f 2186/2111/2568 2185/2113/2570 2183/2117/2574
f 2196/2118/2575 2197/2119/2576 2190/2120/2577
f 2194/2121/2578 2193/2122/2579 2196/2118/2575
f 2195/2123/2580 2190/2120/2577 2191/2124/2581
f 2202/2125/2582 2204/2126/2583 2201/2127/2584
f 2204/2126/2583 2203/2128/2585 2205/2129/2586
f 2205/2129/2586 2202/2125/2582 2201/2127/2584
f 2201/2127/2584 2200/2130/2587 2198/2131/2588
f 2204/2126/2583 2199/2132/2589 2200/2130/2587
f 2205/2129/2586 2198/2131/2588 2199/2132/2589
f 2209/2133/2590 2207/2134/2591 2206/2135/2592
f 2207/2134/2591 2208/2136/2593 2206/2135/2592
f 2209/2133/2590 2208/2136/2593 2207/2134/2591
f 2211/2137/2594 2212/2138/2595 2210/2139/2596
f 2216/2140/2597 2214/2141/2598 2218/2142/2599
f 2215/2143/2600 2217/2144/2601 2216/2140/2597
f 2215/2145/2600 2214/2141/2598 2219/2146/2602
f 2217/2144/2601 2219/2147/2602 2214/2141/2598
f 2465/2148/2603 2477/2149/2604 2464/2150/2605
f 2464/2150/2605 2466/2151/2606 2465/2148/2603
f 2464/2150/2607 2467/2152/2608 2466/2151/2609
f 2468/2153/2610 2472/2154/2611 2470/2155/2612
f 2468/2153/2613 2469/2156/2614 2471/2157/2615
f 2469/2156/2614 2470/2155/2616 2473/2158/2617
f 2468/2153/2618 2474/2159/2618 2470/2155/2618
f 2469/2156/2614 2472/2154/2611 2471/2157/2615
f 2474/2159/2619 2475/2160/2619 2470/2155/2619
f 2476/2161/2620 2474/2159/2621 2475/2160/2622
f 2477/2149/2604 2465/2148/2603 2478/2162/2623
f 2480/2163/2624 2476/2161/2620 2479/2164/2625
f 2478/2162/2623 2481/2165/2626 2480/2163/2624
f 2480/2163/2624 2467/2152/2608 2476/2161/2620
f 2476/2161/2620 2467/2152/2608 2464/2150/2607
f 2483/2166/2627 2485/2167/2628 2484/2168/2629
f 2484/2168/2629 2485/2167/2628 2482/2169/2630
f 2486/2170/2631 2488/2171/2632 2489/2172/2633
f 2488/2171/2632 2490/2173/2634 2489/2172/2633
f 2490/2173/2634 2487/2174/2635 2486/2170/2631
f 2491/2175/2636 2492/2176/2637 2494/2177/2638
f 2491/2175/2636 2493/2178/2639 2492/2176/2637
f 2497/2179/2640 2495/2180/2641 2498/2181/2642
f 2497/2179/2640 2498/2181/2642 2496/2182/2643
f 2495/2180/2641 2496/2182/2643 2498/2181/2642
f 2500/2183/2644 2501/2184/2645 2499/2185/2646
f 2502/2186/2647 2505/2187/2648 2503/2188/2649
f 2506/2189/2650 2505/2187/2648 2504/2190/2651
f 2506/2189/2650 2503/2188/2649 2505/2187/2648
f 2507/2191/2652 2511/2192/2653 2509/2193/2654
f 2509/2193/2654 2508/2194/2655 2512/2195/2656
f 2508/2194/2655 2511/2192/2653 2512/2195/2656
f 2510/2196/2657 2512/2195/2656 2507/2191/2652
f 2515/2197/2658 2517/2198/2659 2518/2199/2660
f 2518/2199/2660 2513/2200/2661 2515/2197/2658
f 2516/2201/2662 2514/2202/2663 2517/2198/2659
f 2515/2197/2658 2513/2200/2661 2516/2201/2662
f 2519/2203/2664 2523/2204/2665 2522/2205/2666
f 2519/2203/2664 2527/2206/2667 2521/2207/2668
f 2524/2208/2669 2523/2204/2665 2520/2209/2670
f 2525/2210/2671 2523/2204/2665 2524/2208/2669
f 2525/2210/2671 2520/2209/2670 2519/2203/2664
f 2519/2203/2664 2526/2211/2672 2525/2210/2671
f 2527/2206/2667 2526/2211/2672 2521/2207/2668
f 2525/2210/2671 2527/2206/2667 2522/2205/2666
f 2534/2212/2673 2536/2213/2674 2538/2214/2675
f 2536/2213/2674 2535/2215/2676 2538/2214/2675
f 2536/2213/2674 2541/2216/2677 2540/2217/2678
f 2537/2218/2679 2539/2219/2680 2541/2216/2677
f 2541/2216/2677 2535/2215/2676 2540/2217/2678
f 2547/2220/2681 2546/2221/2682 2548/2222/2683
f 2550/2223/2684 2551/2224/2685 2549/2225/2686
f 2559/2226/2687 2558/2227/2688 2560/2228/2688
f 2566/2229/2689 2561/2230/2690 2564/2231/2691
f 2564/2231/2691 2562/2232/2692 2565/2233/2693
f 2565/2233/2693 2563/2234/2694 2566/2229/2689
f 2568/2235/2695 2567/2236/2696 2569/2237/2697
f 2569/2237/2697 2570/2238/2698 2571/2239/2699
f 2568/2235/2695 2571/2239/2699 2572/2240/2700
f 2567/2236/2696 2572/2240/2700 2570/2238/2698
f 2572/2240/2700 2571/2239/2699 2570/2238/2698
f 2575/2241/2701 2574/2242/2702 2573/2243/2702
f 2577/2244/2703 2576/2245/2688 2578/2246/2688
f 2580/2247/2704 2582/2248/2705 2581/2249/2706
f 2582/2248/2705 2585/2250/2707 2581/2249/2706
f 2579/2251/2708 2584/2252/2709 2582/2248/2705
f 2580/2247/2704 2583/2253/2710 2579/2251/2708
f 2585/2250/2707 2584/2252/2709 2581/2249/2706
f 2586/2254/2711 2582/2248/2705 2584/2252/2709
f 2584/2252/2709 2580/2247/2704 2581/2249/2706
f 2590/2255/2712 2598/2256/2713 2588/2257/2714
f 2588/2257/2714 2591/2258/2715 2590/2255/2712
f 2589/2259/2716 2596/2260/2717 2595/2261/2718
f 2600/2262/2719 2589/2259/2716 2588/2257/2714
f 2588/2257/2714 2599/2263/2720 2600/2262/2719
f 2599/2263/2720 2603/2264/2721 2600/2262/2719
f 2597/2265/2722 2601/2266/2723 2598/2256/2713
f 2603/2264/2721 2596/2260/2717 2600/2262/2719
f 2596/2260/2717 2594/2267/2724 2595/2261/2718
f 2605/2268/2725 2602/2269/2726 2604/2270/2727
f 2604/2270/2727 2601/2266/2723 2597/2265/2722
f 2604/2270/2727 2590/2255/2712 2605/2268/2725
f 2590/2255/2712 2593/2271/2728 2605/2268/2725
f 2593/2271/2728 2594/2272/2724 2603/2264/2721
f 2599/2263/2720 2601/2266/2723 2602/2269/2726
f 2607/2273/2688 2606/2274/2688 2608/2275/2688
f 2612/2276/2688 2613/2277/2729 2614/2278/2729
f 2617/2279/2730 2616/2280/2731 2615/2281/2730
f 2619/2282/2732 2620/2283/2732 2618/2284/2732
f 2621/2285/2702 2623/2286/2702 2622/2287/2702
f 2629/2288/2733 2624/2289/2734 2627/2290/2735
f 2625/2291/2736 2629/2288/2733 2626/2292/2737
f 2627/2290/2735 2625/2291/2736 2626/2292/2737
f 2632/2293/2688 2630/2294/2688 2631/2295/2688
f 2633/2296/2729 2635/2297/2729 2634/2298/2688
f 2635/2297/2729 2633/2296/2729 2634/2298/2688
f 2125/2050/2509 2124/2057/2516 2122/2051/2510
f 2122/2051/2510 2124/2057/2516 2130/2053/2512
f 2123/2052/2511 2127/2059/2518 2126/2055/2514
f 2131/2056/2515 2128/2058/2517 2124/2057/2516
f 2128/2058/2517 2129/2054/2513 2130/2053/2512
f 2128/2058/2517 2131/2056/2515 2123/2052/2511
f 2125/2050/2509 2126/2055/2514 2127/2059/2518
f 2141/2088/2546 2132/2062/2521 2142/2061/2520
f 2132/2062/2521 2134/2064/2523 2154/2060/2519
f 2134/2064/2523 2133/2083/2542 2154/2060/2519
f 2150/2063/2522 2149/2077/2536 2134/2064/2523
f 2137/2066/2525 2150/2063/2522 2159/2065/2524
f 2151/2068/2527 2137/2066/2525 2135/2067/2526
f 2132/2062/2521 2141/2088/2546 2144/2070/2529
f 2140/2072/2531 2132/2062/2521 2148/2071/2530
f 2139/2074/2533 2140/2072/2531 2147/2073/2532
f 2145/2075/2534 2146/2078/2537 2138/2076/2535
f 2147/2073/2532 2148/2071/2530 2149/2077/2536
f 2145/2075/2534 2147/2073/2532 2150/2063/2522
f 2146/2078/2537 2145/2075/2534 2137/2066/2525
f 2153/2079/2538 2156/2082/2541 2157/2080/2539
f 2152/2084/2543 2149/2077/2536 2153/2079/2538
f 2149/2077/2536 2148/2071/2530 2143/2081/2540
f 2148/2071/2530 2144/2070/2529 2143/2081/2540
f 2143/2081/2540 2155/2086/2545 2156/2082/2541
f 2149/2077/2536 2152/2084/2543 2133/2083/2542
f 2152/2084/2543 2153/2079/2538 2154/2060/2519
f 2154/2060/2519 2157/2080/2539 2158/2085/2544
f 2142/2061/2520 2158/2085/2544 2155/2086/2545
f 2156/2082/2541 2155/2086/2545 2158/2085/2544
f 2146/2078/2537 2151/2565/2527 2136/2087/2528
f 2143/2081/2540 2144/2070/2529 2141/2088/2546
f 2135/2067/2526 2159/2065/2524 2140/2072/2531
f 2159/2065/2524 2134/2064/2523 2132/2062/2521
f 2136/2069/2528 2135/2067/2526 2139/2074/2533
f 2160/2094/2551 2165/2092/2549 2162/2566/2900
f 2164/2091/2548 2163/2090/2547 2162/2566/2900
f 2160/2094/2551 2162/2566/2900 2163/2090/2547
f 2161/2093/2550 2163/2090/2547 2165/2092/2549
f 2175/2103/2560 2172/2096/2553 2167/2098/2555
f 2173/2097/2554 2169/2100/2557 2170/2567/2901
f 2171/2099/2556 2173/2097/2554 2170/2567/2901
f 2172/2096/2553 2174/2101/2558 2171/2099/2556
f 2168/2102/2559 2167/2098/2555 2173/2097/2554
f 2168/2102/2559 2174/2101/2558 2175/2103/2560
f 2176/2106/2563 2181/2105/2562 2179/2108/2565
f 2181/2105/2562 2180/2107/2564 2178/2109/2566
f 2176/2106/2563 2179/2108/2565 2180/2107/2564
f 2177/2104/2561 2180/2107/2564 2181/2105/2562
f 2187/2112/2569 2189/2114/2571 2188/2115/2572
f 2187/2112/2569 2188/2115/2572 2183/2117/2574
f 2183/2117/2574 2188/2115/2572 2186/2111/2568
f 2196/2118/2575 2192/2568/2902 2197/2119/2576
f 2193/2122/2579 2192/2568/2902 2196/2118/2575
f 2195/2123/2580 2192/2568/2902 2194/2121/2578
f 2195/2123/2580 2194/2121/2578 2196/2118/2575
f 2195/2123/2580 2196/2118/2575 2190/2120/2577
f 2192/2568/2902 2195/2123/2580 2197/2119/2576
f 2197/2119/2576 2195/2123/2580 2191/2124/2581
f 2201/2127/2584 2204/2126/2583 2200/2130/2587
f 2205/2129/2586 2203/2128/2585 2202/2125/2582
f 2205/2129/2586 2201/2127/2584 2198/2131/2588
f 2204/2126/2583 2205/2129/2586 2199/2132/2589
f 2206/2135/2592 2208/2569/2593 2209/2133/2590
f 2213/2570/2903 2211/2137/2594 2210/2139/2596
f 2212/2138/2595 2213/2570/2903 2210/2139/2596
f 2212/2138/2595 2211/2137/2594 2213/2570/2903
f 2215/2145/2600 2216/2140/2597 2218/2142/2599
f 2216/2140/2597 2217/2144/2601 2214/2141/2598
f 2215/2143/2600 2219/2147/2602 2217/2144/2601
f 2215/2145/2600 2218/2142/2599 2214/2141/2598
f 2477/2149/2604 2474/2159/2904 2464/2150/2605
f 2466/2151/2609 2467/2152/2608 2465/2148/2603
f 2464/2150/2905 2468/2153/2905 2466/2151/2905
f 2468/2153/2610 2471/2157/2615 2472/2154/2611
f 2469/2156/2614 2468/2153/2613 2470/2155/2616
f 2468/2153/2618 2464/2150/2618 2474/2159/2618
f 2469/2156/2614 2473/2158/2617 2472/2154/2611
f 2470/2155/2616 2472/2154/2611 2473/2158/2617
f 2474/2159/2904 2477/2149/2604 2475/2160/2906
f 2476/2161/2620 2475/2160/2622 2477/2149/2604
f 2478/2162/2623 2479/2164/2625 2477/2149/2604
f 2476/2161/2620 2477/2149/2604 2479/2164/2625
f 2479/2164/2625 2478/2162/2623 2480/2163/2624
f 2480/2163/2624 2481/2165/2626 2467/2152/2608
f 2464/2150/2607 2474/2159/2621 2476/2161/2620
f 2478/2162/2623 2467/2152/2608 2481/2165/2626
f 2478/2162/2623 2465/2148/2603 2467/2152/2608
f 2483/2166/2627 2484/2168/2629 2482/2169/2630
f 2483/2166/2627 2482/2169/2630 2485/2167/2628
f 2486/2170/2631 2487/2174/2635 2488/2171/2632
f 2488/2171/2632 2487/2174/2635 2490/2173/2634
f 2491/2175/2636 2494/2177/2638 2493/2178/2639
f 2494/2177/2638 2492/2176/2637 2493/2178/2639
f 2497/2179/2640 2496/2182/2643 2495/2180/2641
f 2499/2185/2646 2501/2184/2645 2500/2183/2644
f 2502/2186/2647 2504/2190/2651 2505/2187/2648
f 2506/2189/2650 2502/2186/2647 2503/2188/2649
f 2509/2193/2654 2510/2196/2657 2507/2191/2652
f 2508/2194/2655 2509/2193/2654 2511/2192/2653
f 2507/2191/2652 2512/2195/2656 2511/2192/2653
f 2509/2193/2654 2512/2195/2656 2510/2196/2657
f 2515/2197/2658 2516/2201/2662 2517/2198/2659
f 2514/2202/2663 2513/2200/2661 2518/2199/2660
f 2518/2199/2660 2517/2198/2659 2514/2202/2663
f 2516/2201/2662 2513/2200/2661 2514/2202/2663
f 2519/2203/2664 2520/2209/2670 2523/2204/2665
f 2519/2203/2664 2522/2205/2666 2527/2206/2667
f 2525/2210/2671 2522/2205/2666 2523/2204/2665
f 2525/2210/2671 2524/2208/2669 2520/2209/2670
f 2519/2203/2664 2521/2207/2668 2526/2211/2672
f 2525/2210/2671 2526/2211/2672 2527/2206/2667
f 2529/2571/2907 2530/2572/2908 2528/2573/2909
f 2528/2573/2909 2530/2572/2908 2529/2571/2907
f 2532/2574/2688 2533/2575/2910 2531/2576/2910
f 2531/2576/2910 2533/2575/2910 2532/2574/2688
f 2534/2212/2673 2537/2218/2679 2536/2213/2674
f 2536/2213/2674 2540/2217/2678 2535/2215/2676
f 2538/2214/2675 2535/2215/2676 2539/2219/2680
f 2536/2213/2674 2537/2218/2679 2541/2216/2677
f 2534/2212/2673 2538/2214/2675 2537/2218/2679
f 2537/2218/2679 2538/2214/2675 2539/2219/2680
f 2541/2216/2677 2539/2219/2680 2535/2215/2676
f 2543/2577/2688 2544/2578/2688 2542/2579/2688
f 2543/2577/2688 2542/2579/2688 2544/2578/2688
f 2548/2222/2683 2545/2580/2911 2547/2220/2681
f 2545/2580/2911 2546/2221/2682 2547/2220/2681
f 2546/2221/2682 2545/2580/2911 2548/2222/2683
f 2551/2224/2685 2550/2223/2684 2549/2225/2686
f 2552/2581/2912 2554/2582/2913 2553/2583/2914
f 2553/2583/2914 2554/2582/2913 2552/2581/2912
f 2557/2584/2915 2556/2585/2916 2555/2586/2917
f 2555/2586/2917 2556/2585/2916 2557/2584/2915
f 2560/2228/2688 2558/2227/2688 2559/2226/2687
f 2563/2234/2694 2562/2232/2692 2561/2230/2690
f 2564/2231/2691 2561/2230/2690 2562/2232/2692
f 2565/2233/2693 2562/2232/2692 2563/2234/2694
f 2566/2229/2689 2563/2234/2694 2561/2230/2690
f 2565/2233/2693 2566/2229/2689 2564/2231/2691
f 2569/2237/2697 2567/2236/2696 2570/2238/2698
f 2568/2235/2695 2569/2237/2697 2571/2239/2699
f 2567/2236/2696 2568/2235/2695 2572/2240/2700
f 2574/2242/2702 2575/2241/2701 2573/2243/2702
f 2576/2245/2688 2577/2244/2703 2578/2246/2688
f 2580/2247/2704 2579/2251/2708 2582/2248/2705
f 2582/2248/2705 2587/2587/2918 2585/2250/2707
f 2579/2251/2708 2583/2253/2710 2584/2252/2709
f 2585/2250/2707 2586/2254/2711 2584/2252/2709
f 2585/2250/2707 2587/2587/2918 2586/2254/2711
f 2586/2254/2711 2587/2587/2918 2582/2248/2705
f 2584/2252/2709 2583/2253/2710 2580/2247/2704
f 2590/2255/2712 2597/2265/2722 2598/2256/2713
f 2588/2257/2714 2589/2259/2716 2591/2258/2715
f 2593/2271/2728 2591/2258/2715 2592/2588/2919
f 2600/2262/2719 2596/2260/2717 2589/2259/2716
f 2588/2257/2714 2598/2256/2713 2599/2263/2720
f 2599/2263/2720 2602/2269/2726 2603/2264/2721
f 2596/2260/2717 2603/2264/2721 2594/2267/2724
f 2605/2268/2725 2603/2264/2721 2602/2269/2726
f 2604/2270/2727 2602/2269/2726 2601/2266/2723
f 2604/2270/2727 2597/2265/2722 2590/2255/2712
f 2590/2255/2712 2591/2258/2715 2593/2271/2728
f 2603/2264/2721 2605/2268/2725 2593/2271/2728
f 2593/2271/2728 2592/2588/2919 2594/2272/2724
f 2599/2263/2720 2598/2256/2713 2601/2266/2723
f 2592/2588/2919 2595/2589/2718 2594/2272/2724
f 2607/2273/2688 2608/2275/2688 2606/2274/2688
f 2614/2278/2729 2613/2277/2729 2612/2276/2688
f 2616/2280/2731 2617/2279/2730 2615/2281/2730
f 2618/2284/2732 2620/2283/2732 2619/2282/2732
f 2622/2287/2702 2623/2286/2702 2621/2285/2702
f 2624/2289/2734 2628/2590/2920 2625/2291/2736
f 2624/2289/2734 2629/2288/2733 2628/2590/2920
f 2628/2590/2920 2629/2288/2733 2625/2291/2736
f 2626/2292/2737 2629/2288/2733 2627/2290/2735
f 2627/2290/2735 2624/2289/2734 2625/2291/2736
f 2632/2293/2688 2631/2295/2688 2630/2294/2688
usemtl barrel_dark
f 2222/2299/2688 2221/2300/2688 2220/2301/2688
f 2225/2302/2688 2223/2303/2688 2224/2304/2688
f 2224/2304/2688 2223/2303/2688 2225/2302/2688
f 2229/2305/2688 2230/2306/2688 2231/2307/2688
f 2232/2308/2688 2233/2309/2688 2234/2310/2688
f 2235/2311/2688 2236/2312/2688 2237/2313/2688
f 2254/2314/2688 2253/2315/2688 2255/2316/2688
f 2256/2317/2688 2257/2318/2688 2258/2319/2688
f 2262/2320/2688 2263/2321/2688 2264/2322/2688
f 2266/2323/2688 2265/2324/2688 2267/2325/2688
f 2268/2326/2688 2270/2327/2688 2269/2328/2688
f 2270/2327/2688 2268/2326/2688 2269/2328/2688
f 2271/2329/2738 2273/2330/2738 2272/2331/2688
f 2273/2330/2738 2271/2329/2738 2272/2331/2688
f 2274/2332/2738 2276/2333/2738 2275/2334/2688
f 2276/2333/2738 2274/2332/2738 2275/2334/2688
f 2277/2335/2738 2279/2336/2738 2278/2337/2688
f 2279/2336/2738 2277/2335/2738 2278/2337/2688
f 2280/2338/2738 2282/2339/2738 2281/2340/2688
f 2282/2339/2738 2280/2338/2738 2281/2340/2688
f 2283/2341/2738 2285/2342/2738 2284/2343/2688
f 2285/2342/2738 2283/2341/2738 2284/2343/2688
f 2287/2344/2739 2288/2345/2739 2286/2346/2739
f 2290/2347/2740 2291/2348/2740 2289/2349/2740
f 2293/2350/2741 2294/2351/2742 2292/2352/2742
f 2295/2353/2743 2297/2354/2744 2296/2355/2745
f 2297/2354/2744 2298/2356/2746 2296/2355/2745
f 2296/2355/2745 2298/2356/2746 2295/2353/2743
f 2299/2357/2747 2301/2358/2748 2300/2359/2749
f 2307/2360/2750 2308/2361/2751 2306/2362/2752
f 2310/2363/2688 2309/2364/2688 2311/2365/2688
f 2313/2366/2753 2314/2367/2754 2312/2368/2755
f 2312/2368/2755 2314/2367/2754 2313/2366/2753
f 2316/2369/2688 2317/2370/2688 2315/2371/2688
f 2317/2370/2688 2316/2369/2688 2315/2371/2688
f 2318/2372/2738 2320/2373/2738 2319/2374/2688
f 2320/2373/2738 2318/2372/2738 2319/2374/2688
f 2325/2375/2756 2322/2376/2757 2321/2377/2758
f 2322/2376/2757 2325/2375/2756 2323/2378/2759
f 2325/2375/2760 2324/2379/2760 2323/2378/2760
f 2325/2375/2761 2327/2380/2762 2326/2381/2763
f 2325/2375/2764 2329/2382/2765 2328/2383/2766
f 2329/2382/2765 2325/2375/2764 2330/2384/2767
f 2325/2375/2768 2331/2385/2768 2330/2384/2768
s 0
f 2334/2384/2769 2331/2385/2770 2333/2385/2771
f 2332/2386/2772 2333/2385/2770 2331/2385/2773
s 1
f 2341/2387/2774 2334/2384/2775 2333/2385/2776
f 2341/2387/2777 2335/2386/2778 2336/2388/2779
s 0
f 2335/2386/2780 2338/2388/2770 2336/2388/2771
f 2321/2377/2781 2336/2388/2770 2338/2388/2771
s 1
f 2325/2375/2782 2338/2388/2783 2332/2386/2784
f 2341/2387/2785 2337/2377/2786 2339/2376/2787
s 0
f 2322/2376/2788 2337/2377/2770 2321/2377/2771
f 2323/2378/2789 2339/2376/2770 2322/2376/2771
s 1
f 2341/2387/2790 2340/2378/2790 2342/2379/2790
s 0
f 2340/2378/2791 2324/2379/2770 2342/2379/2771
s 1
f 2343/2381/2792 2341/2387/2793 2342/2379/2794
s 0
f 2326/2381/2795 2342/2379/2770 2324/2379/2771
s 1
f 2341/2387/2793 2343/2381/2792 2344/2380/2796
s 0
f 2343/2381/2797 2327/2380/2770 2344/2380/2771
s 1
f 2345/2383/2798 2341/2387/2799 2344/2380/2800
s 0
f 2328/2383/2801 2344/2380/2770 2327/2380/2771
s 1
f 2341/2387/2799 2345/2383/2798 2346/2382/2802
s 0
f 2345/2383/2788 2329/2382/2770 2346/2382/2771
f 2330/2384/2803 2346/2382/2770 2329/2382/2771
s 1
f 2349/2389/2804 2348/2390/2805 2347/2391/2806
f 2348/2390/2805 2349/2389/2804 2347/2391/2806
f 2352/2392/2688 2351/2393/2688 2350/2394/2688
f 2355/2395/2688 2354/2396/2688 2353/2397/2688
f 2358/2398/2688 2357/2399/2688 2356/2400/2688
f 2359/2401/2688 2361/2402/2688 2360/2403/2688
f 2362/2404/2688 2364/2405/2688 2363/2406/2688
f 2365/2407/2688 2367/2408/2688 2366/2409/2688
f 2368/2410/2688 2370/2411/2688 2369/2412/2688
f 2371/2413/2688 2373/2414/2688 2372/2415/2688
f 2374/2416/2688 2376/2417/2688 2375/2418/2688
f 2379/2419/2807 2378/2420/2808 2377/2421/2809
f 2378/2420/2808 2379/2419/2807 2377/2421/2809
f 2381/2422/2810 2382/2423/2811 2380/2424/2812
f 2383/2425/2813 2381/2422/2810 2380/2424/2812
f 2383/2425/2813 2380/2424/2812 2382/2423/2811
f 2384/2426/2814 2387/2427/2815 2385/2428/2816
f 2386/2429/2817 2384/2426/2814 2385/2428/2816
f 2388/2430/2818 2390/2431/2819 2389/2432/2820
f 2388/2430/2818 2389/2432/2820 2391/2433/2821
f 2397/2434/2822 2396/2435/2823 2395/2436/2824
f 2398/2437/2688 2400/2438/2688 2399/2439/2688
f 2399/2439/2688 2400/2438/2688 2398/2437/2688
f 2403/2440/2825 2402/2441/2826 2401/2442/2825
f 2406/2443/2827 2405/2444/2828 2404/2445/2829
f 2409/2446/2830 2408/2447/2830 2407/2448/2831
f 2412/2449/2832 2411/2450/2833 2410/2451/2834
f 2411/2450/2833 2412/2449/2832 2410/2451/2834
f 2415/2452/2835 2414/2453/2836 2413/2454/2837
f 2414/2453/2836 2415/2452/2835 2413/2454/2837
f 2417/2455/2838 2416/2456/2839 2418/2457/2840
f 2416/2456/2839 2417/2455/2838 2418/2457/2840
f 2419/2458/2841 2421/2459/2842 2420/2460/2843
f 2421/2459/2842 2419/2458/2841 2420/2460/2843
f 2424/2461/2844 2422/2462/2845 2423/2463/2844
f 2427/2464/2846 2426/2465/2847 2425/2466/2846
f 2429/2467/2688 2430/2468/2688 2428/2469/2688
f 2432/2470/2848 2433/2471/2849 2431/2472/2850
f 2433/2471/2849 2432/2470/2848 2431/2472/2850
f 2434/2473/2851 2435/2474/2852 2436/2475/2853
f 2435/2474/2852 2434/2473/2851 2436/2475/2853
f 2439/2476/2854 2437/2477/2855 2438/2478/2856
f 2437/2477/2855 2439/2476/2854 2438/2478/2856
f 2440/2479/2688 2442/2480/2688 2441/2481/2688
f 2444/2482/2688 2443/2483/2688 2445/2484/2688
f 2446/2485/2688 2447/2486/2688 2448/2487/2688
f 2450/2488/2688 2451/2489/2688 2449/2490/2688
f 2450/2488/2688 2449/2490/2688 2451/2489/2688
f 2452/2491/2688 2453/2492/2688 2454/2493/2688
f 2456/2494/2688 2455/2495/2688 2457/2496/2688
f 2460/2497/2688 2458/2498/2688 2459/2499/2688
f 2458/2498/2688 2460/2497/2688 2459/2499/2688
f 2611/2500/2770 2610/2501/2688 2609/2502/2770
f 2636/2503/2688 2637/2504/2688 2638/2505/2688
f 2637/2504/2688 2636/2503/2688 2638/2505/2688
f 2641/2506/2688 2640/2507/2688 2639/2508/2688
f 2644/2509/2688 2643/2510/2688 2642/2511/2688
f 2645/2512/2857 2647/2513/2858 2646/2514/2858
f 2649/2515/2859 2650/2516/2860 2648/2517/2861
f 2651/2518/2862 2653/2519/2863 2652/2520/2863
f 2656/2521/2864 2654/2522/2865 2655/2523/2864
f 2659/2524/2866 2658/2525/2867 2657/2526/2868
f 2662/2527/2770 2660/2528/2770 2661/2529/2770
f 2665/2530/2869 2663/2531/2870 2664/2532/2869
f 2668/2533/2871 2667/2534/2872 2666/2535/2873
f 2671/2536/2729 2670/2537/2729 2669/2538/2729
f 2675/2539/2874 2674/2540/2875 2672/2541/2876
f 2676/2542/2877 2672/2541/2876 2673/2543/2878
f 2674/2540/2875 2678/2544/2879 2677/2545/2880
f 2675/2539/2874 2678/2544/2879 2674/2540/2875
f 2677/2545/2880 2680/2546/2881 2679/2547/2882
f 2678/2544/2879 2680/2546/2881 2677/2545/2880
f 2689/2548/2883 2684/2549/2884 2681/2550/2885
f 2684/2549/2884 2683/2551/2886 2681/2550/2885
f 2685/2552/2887 2681/2550/2885 2683/2551/2886
f 2687/2553/2888 2683/2551/2886 2684/2549/2884
f 2686/2554/2889 2688/2555/2890 2687/2553/2888
f 2682/2556/2891 2688/2555/2890 2689/2548/2883
f 2685/2552/2887 2688/2555/2890 2682/2556/2891
f 2691/2557/2892 2692/2558/2893 2690/2559/2894
f 2690/2559/2894 2694/2560/2895 2691/2557/2892
f 2690/2559/2894 2693/2561/2896 2694/2560/2895
f 2694/2560/2895 2697/2562/2897 2691/2557/2892
f 2697/2562/2897 2696/2563/2898 2695/2564/2899
f 2695/2564/2899 2696/2563/2898 2692/2558/2893
f 2696/2563/2898 2693/2561/2896 2692/2558/2893
f 2696/2563/2898 2697/2562/2897 2693/2561/2896
f 2222/2299/2688 2220/2301/2688 2221/2300/2688
f 2227/2591/2688 2228/2592/2688 2226/2593/2688
f 2227/2591/2688 2226/2593/2688 2228/2592/2688
f 2229/2305/2688 2231/2307/2688 2230/2306/2688
f 2232/2308/2688 2234/2310/2688 2233/2309/2688
f 2235/2311/2688 2237/2313/2688 2236/2312/2688
f 2238/2594/2738 2240/2595/2738 2239/2596/2738
f 2239/2596/2738 2240/2595/2738 2238/2594/2738
f 2241/2597/2921 2243/2598/2921 2242/2599/2921
f 2242/2599/2921 2243/2598/2921 2241/2597/2921
f 2244/2600/2922 2246/2601/2923 2245/2602/2924
f 2245/2602/2924 2246/2601/2923 2244/2600/2922
f 2247/2603/2688 2249/2604/2688 2248/2605/2688
f 2249/2604/2688 2247/2603/2688 2248/2605/2688
f 2250/2606/2688 2252/2607/2688 2251/2608/2688
f 2252/2607/2688 2250/2606/2688 2251/2608/2688
f 2254/2314/2688 2255/2316/2688 2253/2315/2688
f 2256/2317/2688 2258/2319/2688 2257/2318/2688
f 2261/2609/2688 2259/2610/2688 2260/2611/2688
f 2261/2612/2688 2260/2611/2688 2259/2610/2688
f 2262/2320/2688 2264/2322/2688 2263/2321/2688
f 2266/2323/2688 2267/2325/2688 2265/2324/2688
f 2286/2346/2739 2288/2345/2739 2287/2344/2739
f 2289/2349/2740 2291/2348/2740 2290/2347/2740
f 2292/2352/2742 2294/2351/2742 2293/2350/2741
f 2297/2354/2744 2295/2353/2743 2298/2356/2746
f 2301/2358/2748 2302/2613/2925 2300/2359/2749
f 2299/2357/2747 2302/2613/2925 2301/2358/2748
f 2299/2357/2747 2300/2359/2749 2302/2613/2925
f 2304/2614/2688 2303/2615/2688 2305/2616/2688
f 2304/2614/2688 2305/2616/2688 2303/2615/2688
f 2308/2361/2751 2307/2360/2750 2306/2362/2752
f 2310/2363/2688 2311/2365/2688 2309/2364/2688
f 2321/2377/2758 2338/2388/2926 2325/2375/2756
f 2326/2381/2763 2324/2379/2927 2325/2375/2761
f 2328/2383/2766 2327/2380/2928 2325/2375/2764
f 2332/2386/2784 2331/2385/2929 2325/2375/2782
s 0
f 2334/2384/2770 2330/2384/2771 2331/2385/2791
f 2332/2386/2770 2335/2386/2771 2333/2385/2795
s 1
f 2333/2385/2776 2335/2386/2930 2341/2387/2774
s 0
f 2335/2386/2770 2332/2386/2771 2338/2388/2797
s 1
f 2336/2388/2779 2337/2377/2931 2341/2387/2777
s 0
f 2321/2377/2770 2337/2377/2771 2336/2388/2801
f 2322/2376/2770 2339/2376/2771 2337/2377/2771
s 1
f 2339/2376/2787 2340/2378/2932 2341/2387/2785
s 0
f 2323/2378/2770 2340/2378/2771 2339/2376/2803
f 2340/2378/2770 2323/2378/2771 2324/2379/2933
f 2326/2381/2770 2343/2381/2773 2342/2379/2772
f 2343/2381/2770 2326/2381/2771 2327/2380/2934
f 2328/2383/2770 2345/2383/2771 2344/2380/2781
f 2345/2383/2770 2328/2383/2771 2329/2382/2771
s 1
f 2346/2382/2802 2334/2384/2935 2341/2387/2799
s 0
f 2330/2384/2770 2334/2384/2771 2346/2382/2789
s 1
f 2352/2392/2688 2350/2394/2688 2351/2393/2688
f 2355/2395/2688 2353/2397/2688 2354/2396/2688
f 2358/2398/2688 2356/2400/2688 2357/2399/2688
f 2359/2401/2688 2360/2403/2688 2361/2402/2688
f 2362/2404/2688 2363/2406/2688 2364/2405/2688
f 2365/2407/2688 2366/2409/2688 2367/2408/2688
f 2368/2410/2688 2369/2412/2688 2370/2411/2688
f 2371/2413/2688 2372/2415/2688 2373/2414/2688
f 2374/2416/2688 2375/2418/2688 2376/2417/2688
f 2383/2425/2813 2382/2423/2811 2381/2422/2810
f 2387/2427/2815 2386/2429/2817 2385/2428/2816
f 2384/2426/2814 2386/2429/2817 2387/2427/2815
f 2388/2430/2818 2391/2433/2821 2390/2431/2819
f 2391/2433/2821 2389/2432/2820 2390/2431/2819
f 2393/2617/2936 2392/2618/2937 2394/2619/2938
f 2394/2619/2938 2392/2618/2937 2393/2617/2936
f 2395/2436/2824 2396/2435/2823 2397/2434/2822
f 2402/2441/2826 2403/2440/2825 2401/2442/2825
f 2405/2444/2828 2406/2443/2827 2404/2445/2829
f 2408/2447/2830 2409/2446/2830 2407/2448/2831
f 2422/2462/2845 2424/2461/2844 2423/2463/2844
f 2426/2465/2847 2427/2464/2846 2425/2466/2846
f 2429/2467/2688 2428/2469/2688 2430/2468/2688
f 2441/2481/2688 2442/2480/2688 2440/2479/2688
f 2444/2482/2688 2445/2484/2688 2443/2483/2688
f 2446/2485/2688 2448/2487/2688 2447/2486/2688
f 2452/2491/2688 2454/2493/2688 2453/2492/2688
f 2456/2494/2688 2457/2496/2688 2455/2495/2688
f 2462/2620/2939 2461/2621/2940 2463/2622/2941
f 2461/2621/2940 2462/2620/2939 2463/2622/2941
f 2609/2502/2770 2610/2501/2688 2611/2500/2770
f 2641/2506/2688 2639/2508/2688 2640/2507/2688
f 2644/2509/2688 2642/2511/2688 2643/2510/2688
f 2646/2514/2858 2647/2513/2858 2645/2512/2857
f 2648/2517/2861 2650/2516/2860 2649/2515/2859
f 2652/2520/2863 2653/2519/2863 2651/2518/2862
f 2654/2522/2865 2656/2521/2864 2655/2523/2864
f 2658/2525/2867 2659/2524/2866 2657/2526/2868
f 2660/2528/2770 2662/2527/2770 2661/2529/2770
f 2663/2531/2870 2665/2530/2869 2664/2532/2869
f 2667/2534/2872 2668/2533/2871 2666/2535/2873
f 2670/2537/2729 2671/2536/2729 2669/2538/2729
f 2673/2543/2878 2672/2541/2876 2674/2540/2875
f 2679/2547/2882 2675/2539/2874 2672/2541/2876
f 2676/2542/2877 2679/2547/2882 2672/2541/2876
f 2677/2545/2880 2676/2542/2877 2673/2543/2878
f 2674/2540/2875 2677/2545/2880 2673/2543/2878
f 2676/2542/2877 2677/2545/2880 2679/2547/2882
f 2678/2544/2879 2675/2539/2874 2680/2546/2881
f 2675/2539/2874 2679/2547/2882 2680/2546/2881
f 2682/2556/2891 2689/2548/2883 2681/2550/2885
f 2685/2552/2887 2682/2556/2891 2681/2550/2885
f 2687/2553/2888 2685/2552/2887 2683/2551/2886
f 2686/2554/2889 2687/2553/2888 2684/2549/2884
f 2689/2548/2883 2686/2554/2889 2684/2549/2884
f 2686/2554/2889 2689/2548/2883 2688/2555/2890
f 2685/2552/2887 2687/2553/2888 2688/2555/2890
f 2690/2559/2894 2692/2558/2893 2693/2561/2896
f 2691/2557/2892 2697/2562/2897 2695/2564/2899
f 2691/2557/2892 2695/2564/2899 2692/2558/2893
f 2694/2560/2895 2693/2561/2896 2697/2562/2897
o lightRear
v 0.000000 1.977051 2.000000
p -1
o lightPort
v -1.100000 1.137714 -0.100000
p -1
o lightStarboard
v 1.100000 1.134828 -0.100000
p -1
